mtllib material.mtl
usemtl material_0
v 0.00586663 0.02579612 -0.00243004
v 0.00635000 0.02579612 0.00000000
v 0.00553996 0.02370671 -0.00229472
v 0.00542006 0.02822616 -0.00224506
v 0.00586663 0.02822616 0.00000000
v 0.00414834 0.03028625 -0.00171830
v 0.00449013 0.03028625 0.00000000
v 0.00224506 0.03166276 -0.00092994
v 0.00243004 0.03166276 0.00000000
v 0.00000000 0.03214612 0.00000000
v 0.00449013 0.02579612 -0.00449013
v 0.00424010 0.02370671 -0.00424010
v 0.00414834 0.02822616 -0.00414834
v 0.00317500 0.03028625 -0.00317500
v 0.00171830 0.03166276 -0.00171830
v 0.00000000 0.03214612 0.00000000
v 0.00243004 0.02579612 -0.00586663
v 0.00224506 0.02822616 -0.00542006
v 0.00171830 0.03028625 -0.00414834
v 0.00092994 0.03166276 -0.00224506
v 0.00000000 0.03214612 0.00000000
v 0.00000000 0.02579612 -0.00635000
v 0.00229472 0.02370671 -0.00553996
v 0.00000000 0.02822616 -0.00586663
v 0.00000000 0.03028625 -0.00449013
v 0.00000000 0.03166276 -0.00243004
v 0.00000000 0.03214612 0.00000000
v -0.00243004 0.02579612 -0.00586663
v -0.00229472 0.02370671 -0.00553996
v -0.00224506 0.02822616 -0.00542006
v -0.00171830 0.03028625 -0.00414834
v -0.00092994 0.03166276 -0.00224506
v 0.00000000 0.03214612 0.00000000
v -0.00449013 0.02579612 -0.00449013
v -0.00424010 0.02370671 -0.00424010
v -0.00414834 0.02822616 -0.00414834
v -0.00317500 0.03028625 -0.00317500
v -0.00171830 0.03166276 -0.00171830
v 0.00000000 0.03214612 0.00000000
v -0.00586663 0.02579612 -0.00243004
v -0.00542006 0.02822616 -0.00224506
v -0.00414834 0.03028625 -0.00171830
v -0.00224506 0.03166276 -0.00092994
v 0.00000000 0.03214612 0.00000000
v -0.00635000 0.02579612 0.00000000
v -0.00553996 0.02370671 -0.00229472
v -0.00586663 0.02822616 0.00000000
v -0.00449013 0.03028625 0.00000000
v -0.00243004 0.03166276 0.00000000
v 0.00000000 0.03214612 0.00000000
v -0.00586663 0.02579612 0.00243004
v -0.00553996 0.02370671 0.00229473
v -0.00542006 0.02822616 0.00224506
v -0.00414834 0.03028625 0.00171830
v -0.00224506 0.03166276 0.00092994
v 0.00000000 0.03214612 0.00000000
v -0.00449013 0.02579612 0.00449013
v -0.00424010 0.02370671 0.00424010
v -0.00414834 0.02822616 0.00414834
v -0.00317500 0.03028625 0.00317500
v -0.00171830 0.03166276 0.00171830
v 0.00000000 0.03214612 0.00000000
v -0.00243004 0.02579612 0.00586664
v -0.00224506 0.02822616 0.00542006
v -0.00171830 0.03028625 0.00414834
v -0.00092994 0.03166276 0.00224506
v 0.00000000 0.03214612 0.00000000
v 0.00000000 0.02579612 0.00635000
v -0.00229472 0.02370671 0.00553996
v 0.00000000 0.02822616 0.00586664
v 0.00000000 0.03028625 0.00449013
v 0.00000000 0.03166276 0.00243004
v 0.00000000 0.03214612 0.00000000
v 0.00243004 0.02579612 0.00586664
v 0.00229472 0.02370671 0.00553996
v 0.00224506 0.02822616 0.00542006
v 0.00171830 0.03028625 0.00414834
v 0.00092994 0.03166276 0.00224506
v 0.00000000 0.03214612 0.00000000
v 0.00449013 0.02579612 0.00449013
v 0.00424010 0.02370671 0.00424010
v 0.00414834 0.02822616 0.00414834
v 0.00317500 0.03028625 0.00317500
v 0.00171830 0.03166276 0.00171830
v 0.00000000 0.03214612 0.00000000
v 0.00586663 0.02579612 0.00243004
v 0.00542006 0.02822616 0.00224506
v 0.00414834 0.03028625 0.00171830
v 0.00224506 0.03166276 0.00092994
v 0.00000000 0.03214612 0.00000000
v 0.00635000 0.02579612 0.00000000
v 0.00553996 0.02370671 0.00229473
v 0.00586663 0.02822616 0.00000000
v 0.00449013 0.03028625 0.00000000
v 0.00243004 0.03166276 0.00000000
v 0.00000000 0.03214612 0.00000000
v 0.00599641 0.02370671 0.00000000
v 0.00497500 0.02185000 0.00000000
v 0.00489194 0.02185000 -0.00090527
v 0.00462570 0.02185000 -0.00183127
v 0.00416405 0.02185000 -0.00272237
v 0.00351786 0.02185000 -0.00351786
v 0.00272237 0.02185000 -0.00416405
v 0.00183127 0.02185000 -0.00462570
v 0.00090527 0.02185000 -0.00489194
v 0.00000000 0.02370671 -0.00599640
v 0.00000000 0.02185000 -0.00497500
v -0.00090527 0.02185000 -0.00489194
v -0.00183127 0.02185000 -0.00462570
v -0.00272237 0.02185000 -0.00416405
v -0.00351786 0.02185000 -0.00351786
v -0.00416405 0.02185000 -0.00272237
v -0.00462570 0.02185000 -0.00183127
v -0.00599641 0.02370671 0.00000000
v -0.00489194 0.02185000 -0.00090527
v -0.00497500 0.02185000 0.00000000
v -0.00489194 0.02185000 0.00090527
v -0.00462570 0.02185000 0.00183127
v -0.00416405 0.02185000 0.00272237
v -0.00351786 0.02185000 0.00351786
v -0.00272237 0.02185000 0.00416405
v -0.00183127 0.02185000 0.00462570
v 0.00000000 0.02370671 0.00599641
v -0.00090527 0.02185000 0.00489194
v 0.00000000 0.02185000 0.00497500
v 0.00090527 0.02185000 0.00489194
v 0.00183127 0.02185000 0.00462570
v 0.00272237 0.02185000 0.00416405
v 0.00351786 0.02185000 0.00351786
v 0.00416405 0.02185000 0.00272237
v 0.00462570 0.02185000 0.00183127
v 0.00489194 0.02185000 0.00090527
v 0.00599641 0.02370671 0.00000000
v 0.00497500 0.02185000 0.00000000
v 0.00497500 0.01985000 0.00000000
v 0.00489194 0.01985000 -0.00090527
v 0.00489194 0.02185000 -0.00090527
v 0.00462570 0.01985000 -0.00183127
v 0.00416405 0.01985000 -0.00272237
v 0.00416405 0.02185000 -0.00272237
v 0.00462570 0.02185000 -0.00183127
v 0.00351786 0.01985000 -0.00351786
v 0.00272237 0.01985000 -0.00416405
v 0.00272237 0.02185000 -0.00416405
v 0.00183127 0.01985000 -0.00462570
v 0.00090527 0.01985000 -0.00489194
v 0.00090527 0.02185000 -0.00489194
v 0.00183127 0.02185000 -0.00462570
v 0.00351786 0.02185000 -0.00351786
v 0.00000000 0.01985000 -0.00497500
v -0.00090527 0.01985000 -0.00489194
v -0.00090527 0.02185000 -0.00489194
v -0.00183127 0.01985000 -0.00462570
v -0.00272237 0.01985000 -0.00416405
v -0.00272237 0.02185000 -0.00416405
v -0.00183127 0.02185000 -0.00462570
v -0.00351786 0.01985000 -0.00351786
v -0.00416405 0.01985000 -0.00272237
v -0.00416405 0.02185000 -0.00272237
v -0.00489194 0.01985000 -0.00090527
v -0.00489194 0.02185000 -0.00090527
v -0.00462570 0.02185000 -0.00183127
v -0.00462570 0.01985000 -0.00183127
v -0.00351786 0.02185000 -0.00351786
v 0.00000000 0.02185000 -0.00497500
v -0.00497500 0.01985000 0.00000000
v -0.00497500 0.02185000 0.00000000
v -0.00462570 0.01985000 0.00183127
v -0.00462570 0.02185000 0.00183127
v -0.00489194 0.02185000 0.00090527
v -0.00351786 0.01985000 0.00351786
v -0.00351786 0.02185000 0.00351786
v -0.00416405 0.02185000 0.00272237
v -0.00416405 0.01985000 0.00272237
v -0.00272237 0.01985000 0.00416405
v -0.00183127 0.01985000 0.00462570
v -0.00183127 0.02185000 0.00462570
v -0.00090527 0.01985000 0.00489194
v 0.00000000 0.01985000 0.00497500
v 0.00000000 0.02185000 0.00497500
v -0.00090527 0.02185000 0.00489194
v -0.00272237 0.02185000 0.00416405
v 0.00090527 0.01985000 0.00489194
v 0.00183127 0.01985000 0.00462570
v 0.00090527 0.02185000 0.00489194
v 0.00272237 0.01985000 0.00416405
v 0.00351786 0.01985000 0.00351786
v 0.00272237 0.02185000 0.00416405
v 0.00183127 0.02185000 0.00462570
v 0.00416405 0.01985000 0.00272237
v 0.00462570 0.01985000 0.00183127
v 0.00416405 0.02185000 0.00272237
v 0.00489194 0.01985000 0.00090527
v 0.00497500 0.01985000 0.00000000
v 0.00489194 0.02185000 0.00090527
v 0.00462570 0.02185000 0.00183127
v 0.00351786 0.02185000 0.00351786
v -0.00489194 0.01985000 0.00090527
v -0.00000000 0.00400000 -0.03912981
v -0.00000000 0.00000000 -0.03912981
v -0.00839340 0.00000000 -0.03821900
v -0.00000000 0.00800000 -0.03912981
v -0.00420902 0.00800000 -0.03890277
v -0.00839340 0.00800000 -0.03821900
v -0.01639606 0.00400000 -0.03552901
v -0.01247924 0.00800000 -0.03708652
v -0.01639606 0.00800000 -0.03552901
v -0.01639606 0.00000000 -0.03552901
v -0.01639606 0.00400000 -0.03552901
v -0.01639606 0.00000000 -0.03552901
v -0.01901864 0.00000000 -0.03475134
v -0.01901864 0.00800000 -0.03475134
v -0.02187729 0.00000000 -0.03476978
v -0.01639606 0.00800000 -0.03552901
v -0.02685560 0.00400000 -0.03718570
v -0.02460172 0.00000000 -0.03563564
v -0.02685560 0.00000000 -0.03718570
v -0.02460172 0.00800000 -0.03563564
v -0.02187729 0.00800000 -0.03476978
v -0.02685560 0.00800000 -0.03718570
v -0.02685560 0.00400000 -0.03718570
v -0.02685560 0.00000000 -0.03718570
v -0.02915415 0.00000000 -0.03862645
v -0.03181981 0.00000000 -0.03912981
v -0.03181981 0.00800000 -0.03912981
v -0.02915415 0.00800000 -0.03862645
v -0.03582178 0.00000000 -0.03793702
v -0.03582178 0.00800000 -0.03793702
v -0.03386426 0.00800000 -0.03883808
v -0.03743150 0.00000000 -0.03650435
v -0.03386426 0.00000000 -0.03883808
v -0.02685560 0.00800000 -0.03718570
v -0.03906937 0.00000000 -0.03275780
v -0.03906937 0.00800000 -0.03275780
v -0.03851773 0.00800000 -0.03474792
v -0.03902787 0.00000000 -0.03060326
v -0.03902787 0.00800000 -0.03060326
v -0.03718570 0.00400000 -0.02685560
v -0.03835995 0.00000000 -0.02855444
v -0.03718570 0.00000000 -0.02685560
v -0.03835995 0.00800000 -0.02855444
v -0.03851773 0.00000000 -0.03474792
v -0.03743150 0.00800000 -0.03650435
v -0.03718570 0.00800000 -0.02685560
v -0.03563564 0.00800000 -0.02460172
v -0.03718570 0.00000000 -0.02685560
v -0.03476978 0.00000000 -0.02187729
v -0.03718570 0.00800000 -0.02685560
v -0.03718570 0.00400000 -0.02685560
v -0.03476978 0.00800000 -0.02187729
v -0.03552901 0.00400000 -0.01639606
v -0.03475134 0.00000000 -0.01901864
v -0.03552901 0.00000000 -0.01639606
v -0.03475134 0.00800000 -0.01901864
v -0.03552901 0.00800000 -0.01639606
v -0.03819743 0.00000000 -0.00849104
v -0.03552901 0.00400000 -0.01639606
v -0.03552901 0.00000000 -0.01639606
v -0.03706275 0.00800000 -0.01254967
v -0.03912981 0.00000000 0.00000000
v -0.03889461 0.00800000 -0.00428380
v -0.03552901 0.00800000 -0.01639606
v -0.03819743 0.00800000 -0.00849104
v -0.03889461 0.00800000 0.00428380
v -0.03912981 0.00800000 0.00000000
v -0.03819743 -0.00000000 0.00849104
v -0.03552901 -0.00000000 0.01639606
v -0.03552901 0.00400000 0.01639606
v -0.03706275 0.00800000 0.01254967
v -0.03552901 0.00800000 0.01639606
v -0.03819743 0.00800000 0.00849104
v -0.03552901 0.00400000 0.01639606
v -0.03552901 -0.00000000 0.01639606
v -0.03475134 -0.00000000 0.01901864
v -0.03475134 0.00800000 0.01901864
v -0.03476978 -0.00000000 0.02187729
v -0.03552901 0.00800000 0.01639606
v -0.03718570 0.00400000 0.02685560
v -0.03563564 -0.00000000 0.02460172
v -0.03718570 -0.00000000 0.02685560
v -0.03563564 0.00800000 0.02460172
v -0.03476978 0.00800000 0.02187729
v -0.03718570 0.00800000 0.02685560
v -0.03718570 0.00400000 0.02685560
v -0.03718570 -0.00000000 0.02685560
v -0.03861342 -0.00000000 0.02912113
v -0.03850343 -0.00000000 0.03478041
v -0.03850343 0.00800000 0.03478041
v -0.03912842 0.00800000 0.03196185
v -0.03698876 -0.00000000 0.03698875
v -0.03912842 -0.00000000 0.03196185
v -0.03861342 0.00800000 0.02912113
v -0.03718570 0.00800000 0.02685560
v -0.03196185 -0.00000000 0.03912842
v -0.03196185 0.00800000 0.03912842
v -0.03478041 0.00800000 0.03850343
v -0.02685560 0.00400000 0.03718569
v -0.02912113 -0.00000000 0.03861342
v -0.02685560 -0.00000000 0.03718569
v -0.02912113 0.00800000 0.03861342
v -0.03478041 -0.00000000 0.03850343
v -0.03698876 0.00800000 0.03698875
v -0.02685560 0.00800000 0.03718569
v -0.02685560 0.00400000 0.03718569
v -0.02685560 -0.00000000 0.03718569
v -0.02386058 -0.00000000 0.03530839
v -0.02685560 0.00800000 0.03718569
v -0.02386058 0.00800000 0.03530839
v -0.02038720 -0.00000000 0.03465251
v -0.01639606 0.00400000 0.03552901
v -0.01639606 -0.00000000 0.03552901
v -0.01639606 0.00800000 0.03552901
v -0.02038720 0.00800000 0.03465251
v -0.00849104 0.00800000 0.03819743
v -0.01639606 0.00400000 0.03552901
v -0.01639606 -0.00000000 0.03552901
v -0.00000000 -0.00000000 0.03912981
v -0.01254967 0.00800000 0.03706275
v -0.01639606 0.00800000 0.03552901
v -0.00428380 0.00800000 0.03889461
v -0.00000000 0.00800000 0.03912981
v 0.00428380 0.00800000 0.03889461
v 0.00849104 -0.00000000 0.03819743
v 0.01639606 -0.00000000 0.03552901
v 0.01639606 0.00400000 0.03552901
v 0.01254967 0.00800000 0.03706275
v 0.00849104 0.00800000 0.03819743
v 0.01639606 0.00800000 0.03552901
v 0.01639606 0.00400000 0.03552901
v 0.01639606 -0.00000000 0.03552901
v 0.02038720 -0.00000000 0.03465251
v 0.01639606 0.00800000 0.03552901
v 0.02038720 0.00800000 0.03465251
v 0.02386057 -0.00000000 0.03530839
v 0.02685560 0.00400000 0.03718569
v 0.02685560 -0.00000000 0.03718569
v 0.02685560 0.00800000 0.03718569
v 0.02386057 0.00800000 0.03530839
v 0.02685560 0.00400000 0.03718569
v 0.02685560 -0.00000000 0.03718569
v 0.02912113 -0.00000000 0.03861342
v 0.03478041 -0.00000000 0.03850343
v 0.03478041 0.00800000 0.03850343
v 0.03196185 0.00800000 0.03912842
v 0.03698875 -0.00000000 0.03698875
v 0.03196185 -0.00000000 0.03912842
v 0.02912113 0.00800000 0.03861342
v 0.02685560 0.00800000 0.03718569
v 0.03912842 -0.00000000 0.03196185
v 0.03912842 0.00800000 0.03196185
v 0.03850343 0.00800000 0.03478041
v 0.03718569 0.00400000 0.02685560
v 0.03861342 -0.00000000 0.02912113
v 0.03718569 -0.00000000 0.02685560
v 0.03861342 0.00800000 0.02912113
v 0.03850343 -0.00000000 0.03478041
v 0.03698875 0.00800000 0.03698875
v 0.03718569 0.00800000 0.02685560
v 0.03563564 0.00800000 0.02460172
v 0.03718569 -0.00000000 0.02685560
v 0.03476978 -0.00000000 0.02187729
v 0.03718569 0.00800000 0.02685560
v 0.03718569 0.00400000 0.02685560
v 0.03476978 0.00800000 0.02187729
v 0.03552901 0.00400000 0.01639606
v 0.03475134 -0.00000000 0.01901864
v 0.03552901 -0.00000000 0.01639606
v 0.03475134 0.00800000 0.01901864
v 0.03552901 0.00800000 0.01639606
v 0.03819743 -0.00000000 0.00849104
v 0.03552901 0.00400000 0.01639606
v 0.03552901 -0.00000000 0.01639606
v 0.03706275 0.00800000 0.01254967
v 0.03552901 0.00800000 0.01639606
v 0.03819743 0.00800000 0.00849104
v 0.03889461 0.00800000 0.00428380
v 0.03912980 0.00000000 0.00000000
v 0.03912980 0.00800000 0.00000000
v 0.03819743 0.00000000 -0.00849104
v 0.03889461 0.00800000 -0.00428380
v 0.03552901 0.00000000 -0.01639606
v 0.03552901 0.00400000 -0.01639606
v 0.03706275 0.00800000 -0.01254967
v 0.03819743 0.00800000 -0.00849104
v 0.03552901 0.00800000 -0.01639606
v 0.03552901 0.00400000 -0.01639606
v 0.03552901 0.00000000 -0.01639606
v 0.03475134 0.00000000 -0.01901864
v 0.03552901 0.00800000 -0.01639606
v 0.03475134 0.00800000 -0.01901864
v 0.03476978 0.00000000 -0.02187729
v 0.03476978 0.00800000 -0.02187729
v 0.03563564 0.00000000 -0.02460172
v 0.03718569 0.00400000 -0.02685560
v 0.03718569 0.00000000 -0.02685560
v 0.03718569 0.00800000 -0.02685560
v 0.03718569 0.00400000 -0.02685560
v 0.03718569 0.00000000 -0.02685560
v 0.03835995 0.00000000 -0.02855444
v 0.03902786 0.00000000 -0.03060326
v 0.03902786 0.00800000 -0.03060326
v 0.03835995 0.00800000 -0.02855444
v 0.03851773 0.00000000 -0.03474792
v 0.03851773 0.00800000 -0.03474792
v 0.03906937 0.00800000 -0.03275780
v 0.03743150 0.00000000 -0.03650435
v 0.03906937 0.00000000 -0.03275780
v 0.03718569 0.00800000 -0.02685560
v 0.03386426 0.00000000 -0.03883808
v 0.03386426 0.00800000 -0.03883808
v 0.03582177 0.00800000 -0.03793702
v 0.03181981 0.00000000 -0.03912981
v 0.03181981 0.00800000 -0.03912981
v 0.02685560 0.00400000 -0.03718570
v 0.02915415 0.00000000 -0.03862645
v 0.02685560 0.00000000 -0.03718570
v 0.02915415 0.00800000 -0.03862645
v 0.03582177 0.00000000 -0.03793702
v 0.03743150 0.00800000 -0.03650435
v 0.02685560 0.00800000 -0.03718570
v 0.02685560 0.00400000 -0.03718570
v 0.02685560 0.00000000 -0.03718570
v 0.02460172 0.00000000 -0.03563564
v 0.02460172 0.00800000 -0.03563564
v 0.02187729 0.00000000 -0.03476978
v 0.02685560 0.00800000 -0.03718570
v 0.01639606 0.00400000 -0.03552901
v 0.01901864 0.00000000 -0.03475134
v 0.01639606 0.00000000 -0.03552901
v 0.01901864 0.00800000 -0.03475134
v 0.02187729 0.00800000 -0.03476978
v 0.01639606 0.00800000 -0.03552901
v 0.01639606 0.00400000 -0.03552901
v 0.01639606 0.00000000 -0.03552901
v 0.00839340 0.00000000 -0.03821900
v 0.01639606 0.00800000 -0.03552901
v 0.01247923 0.00800000 -0.03708652
v 0.00839340 0.00800000 -0.03821900
v -0.00000000 0.00400000 -0.03912981
v 0.00420902 0.00800000 -0.03890277
v -0.00000000 0.00800000 -0.03912981
v -0.00000000 0.00000000 -0.03912981
v 0.02766895 0.00800000 0.02766895
v 0.02685560 0.00800000 0.03718569
v 0.02912113 0.00800000 0.03861342
v 0.03196185 0.00800000 0.03912842
v 0.02038720 0.00800000 0.03465251
v 0.02386057 0.00800000 0.03530839
v 0.03275147 0.00800000 0.02141221
v 0.03563564 0.00800000 0.02460172
v 0.03475134 0.00800000 0.01901864
v 0.03476978 0.00800000 0.02187729
v 0.01639606 0.00800000 0.03552901
v 0.03478041 0.00800000 0.03850343
v 0.03552901 0.00800000 0.01639606
v 0.03698875 0.00800000 0.03698875
v 0.03850343 0.00800000 0.03478041
v 0.03912842 0.00800000 0.03196185
v 0.03861342 0.00800000 0.02912113
v 0.03718569 0.00800000 0.02685560
v -0.03912842 0.00800000 0.03196185
v -0.02766895 0.00800000 0.02766895
v -0.03861342 0.00800000 0.02912113
v -0.03850343 0.00800000 0.03478041
v -0.03698876 0.00800000 0.03698875
v -0.03718570 0.00800000 0.02685560
v -0.03563564 0.00800000 0.02460172
v -0.03476978 0.00800000 0.02187729
v -0.03478041 0.00800000 0.03850343
v -0.02912113 0.00800000 0.03861342
v -0.03196185 0.00800000 0.03912842
v -0.02685560 0.00800000 0.03718569
v -0.03475134 0.00800000 0.01901864
v -0.02141221 0.00800000 0.03275147
v -0.02386058 0.00800000 0.03530839
v -0.02038720 0.00800000 0.03465251
v -0.01639606 0.00800000 0.03552901
v -0.03552901 0.00800000 0.01639606
v -0.02766895 0.00800000 -0.02766895
v -0.03902787 0.00800000 -0.03060326
v -0.03835995 0.00800000 -0.02855444
v -0.03563564 0.00800000 -0.02460172
v -0.03718570 0.00800000 -0.02685560
v -0.03906937 0.00800000 -0.03275780
v -0.03851773 0.00800000 -0.03474792
v -0.03743150 0.00800000 -0.03650435
v -0.03582178 0.00800000 -0.03793702
v -0.03275147 0.00800000 -0.02141221
v -0.03476978 0.00800000 -0.02187729
v -0.02187729 0.00800000 -0.03476978
v -0.01901864 0.00800000 -0.03475134
v -0.01639606 0.00800000 -0.03552901
v -0.03386426 0.00800000 -0.03883808
v -0.03475134 0.00800000 -0.01901864
v -0.03552901 0.00800000 -0.01639606
v -0.02460172 0.00800000 -0.03563564
v -0.03181981 0.00800000 -0.03912981
v -0.02915415 0.00800000 -0.03862645
v -0.02685560 0.00800000 -0.03718570
v 0.02141221 0.00800000 -0.03275147
v 0.01901864 0.00800000 -0.03475134
v 0.01639606 0.00800000 -0.03552901
v 0.02460172 0.00800000 -0.03563564
v 0.02187729 0.00800000 -0.03476978
v 0.02766895 0.00800000 -0.02766895
v 0.02685560 0.00800000 -0.03718570
v 0.02915415 0.00800000 -0.03862645
v 0.03181981 0.00800000 -0.03912981
v 0.03386426 0.00800000 -0.03883808
v 0.03582177 0.00800000 -0.03793702
v 0.03475134 0.00800000 -0.01901864
v 0.03476978 0.00800000 -0.02187729
v 0.03835995 0.00800000 -0.02855444
v 0.03902786 0.00800000 -0.03060326
v 0.03552901 0.00800000 -0.01639606
v 0.03718569 0.00800000 -0.02685560
v 0.03743150 0.00800000 -0.03650435
v 0.03851773 0.00800000 -0.03474792
v 0.03906937 0.00800000 -0.03275780
v -0.00000000 0.00800000 -0.03912981
v -0.00420902 0.00800000 -0.03890277
v -0.00351599 0.01200000 -0.03897152
v -0.00839340 0.00800000 -0.03821900
v -0.00712018 0.01200000 -0.03847655
v -0.01247924 0.00800000 -0.03708652
v -0.01639606 0.00800000 -0.03552901
v -0.01440347 0.01200000 -0.03638243
v -0.01076689 0.01200000 -0.03761935
v -0.02766895 0.00800000 -0.02766895
v -0.03275147 0.00800000 -0.02141221
v -0.03037855 0.01200000 -0.02466344
v -0.03552901 0.00800000 -0.01639606
v -0.03475838 0.01200000 -0.01797211
v -0.02141221 0.01200000 -0.03275147
v -0.03706275 0.00800000 -0.01254967
v -0.03638243 0.01200000 -0.01440347
v -0.03819743 0.00800000 -0.00849104
v -0.03761935 0.01200000 -0.01076689
v -0.03889461 0.00800000 -0.00428380
v -0.03912981 0.00800000 0.00000000
v -0.03897152 0.01200000 -0.00351599
v -0.03889461 0.00800000 0.00428380
v -0.03819743 0.00800000 0.00849104
v -0.03847655 0.01200000 0.00712018
v -0.03897152 0.01200000 0.00351599
v -0.03847655 0.01200000 -0.00712018
v -0.03706275 0.00800000 0.01254967
v -0.03552901 0.00800000 0.01639606
v -0.03638243 0.01200000 0.01440347
v -0.02766895 0.00800000 0.02766895
v -0.03275147 0.01200000 0.02141221
v -0.02141221 0.00800000 0.03275147
v -0.01639606 0.00800000 0.03552901
v -0.01797211 0.01200000 0.03475838
v -0.01254967 0.00800000 0.03706275
v -0.00849104 0.00800000 0.03819743
v -0.01076689 0.01200000 0.03761935
v -0.01440347 0.01200000 0.03638243
v -0.02466344 0.01200000 0.03037855
v -0.03761935 0.01200000 0.01076689
v -0.00428380 0.00800000 0.03889461
v -0.00712018 0.01200000 0.03847655
v -0.01797211 0.01200000 -0.03475838
v -0.02766895 0.01200000 -0.02766895
v -0.02466344 0.01200000 -0.03037855
v -0.02766895 0.01200000 0.02766895
v -0.03037855 0.01200000 0.02466344
v -0.03475838 0.01200000 0.01797211
v -0.00000000 0.01200000 0.03912981
v -0.00351599 0.01200000 0.03897152
v -0.00000000 0.00800000 0.03912981
v 0.00428380 0.00800000 0.03889461
v 0.00351599 0.01200000 0.03897152
v 0.00849104 0.00800000 0.03819743
v 0.00712018 0.01200000 0.03847655
v 0.01254967 0.00800000 0.03706275
v 0.01639606 0.00800000 0.03552901
v 0.01440347 0.01200000 0.03638243
v 0.01076689 0.01200000 0.03761935
v 0.02766895 0.00800000 0.02766895
v 0.03275147 0.00800000 0.02141221
v 0.03037855 0.01200000 0.02466344
v 0.03552901 0.00800000 0.01639606
v 0.03706275 0.00800000 0.01254967
v 0.03638243 0.01200000 0.01440347
v 0.03475838 0.01200000 0.01797211
v 0.02141221 0.01200000 0.03275147
v 0.03819743 0.00800000 0.00849104
v 0.03761935 0.01200000 0.01076689
v 0.03889461 0.00800000 0.00428380
v 0.03847655 0.01200000 0.00712018
v 0.03912980 0.00800000 0.00000000
v 0.03889461 0.00800000 -0.00428380
v 0.03897152 0.01200000 -0.00351599
v 0.03819743 0.00800000 -0.00849104
v 0.03706275 0.00800000 -0.01254967
v 0.03761935 0.01200000 -0.01076689
v 0.03847655 0.01200000 -0.00712018
v 0.03897152 0.01200000 0.00351599
v 0.03552901 0.00800000 -0.01639606
v 0.02766895 0.00800000 -0.02766895
v 0.03275147 0.01200000 -0.02141221
v 0.02141221 0.00800000 -0.03275147
v 0.02466344 0.01200000 -0.03037855
v 0.01639606 0.00800000 -0.03552901
v 0.01247923 0.00800000 -0.03708652
v 0.01440347 0.01200000 -0.03638243
v 0.00839340 0.00800000 -0.03821900
v 0.00420902 0.00800000 -0.03890277
v 0.00712018 0.01200000 -0.03847655
v 0.01076689 0.01200000 -0.03761935
v 0.01797211 0.01200000 -0.03475838
v 0.03638243 0.01200000 -0.01440347
v -0.00000000 0.00800000 -0.03912981
v 0.00351599 0.01200000 -0.03897152
v 0.01797211 0.01200000 0.03475838
v 0.02766895 0.01200000 0.02766895
v 0.02466344 0.01200000 0.03037855
v 0.02766895 0.01200000 -0.02766895
v 0.03037855 0.01200000 -0.02466344
v 0.03475838 0.01200000 -0.01797211
v 0.02141221 0.01200000 -0.03275147
v -0.01906494 0.01300000 0.00953249
v -0.02859741 0.01300000 0.00953249
v -0.02859741 0.01300000 0.00953249
v -0.02859741 0.01300000 0.01906495
v -0.02859741 0.01300000 0.01906495
v -0.02859741 0.01300000 0.01906495
v -0.01906494 0.01300000 0.00000003
v -0.01906494 0.01300000 0.00000003
v -0.02859741 0.01300000 0.00000003
v -0.02859741 0.01300000 0.00000003
v -0.02859741 0.01300000 0.00000003
v -0.01906494 0.01300000 -0.00953243
v -0.02859741 0.01300000 -0.00953243
v -0.02859741 0.01300000 -0.00953243
v -0.01906494 0.01300000 -0.01906489
v -0.02859741 0.01300000 -0.01906489
v -0.02859741 0.01300000 -0.01906489
v -0.02859741 0.01300000 -0.01906489
v -0.00953247 0.01300000 0.01906495
v -0.01906494 0.01300000 0.01906495
v -0.01906494 0.01300000 0.02859741
v -0.00953247 0.01300000 0.00953249
v -0.00953247 0.01300000 0.00953249
v -0.00953247 0.01300000 0.00953249
v -0.00953247 0.01300000 0.00953249
v -0.00953247 0.01300000 -0.00953243
v -0.00953247 0.01300000 -0.00953243
v -0.00953247 0.01300000 -0.00953243
v -0.00953247 0.01300000 -0.00953243
v -0.00953247 0.01300000 -0.01906489
v -0.00953247 0.01300000 -0.02859735
v -0.00953247 0.01300000 -0.02859735
v -0.01906494 0.01300000 -0.02859735
v -0.01906494 0.01300000 -0.02859735
v -0.00000000 0.01300000 0.01906495
v -0.00953247 0.01300000 0.02859741
v -0.00000000 0.01300000 0.00953249
v -0.00000000 0.01300000 -0.01906489
v -0.00000000 0.01300000 -0.02859735
v 0.00953247 0.01300000 0.01906495
v -0.00000000 0.01300000 0.02859741
v 0.00953247 0.01300000 0.00953249
v 0.00953247 0.01300000 0.00953249
v 0.00953247 0.01300000 0.00953249
v 0.00953247 0.01300000 0.00953249
v 0.00953247 0.01300000 -0.01906489
v -0.00000000 0.01300000 -0.00953243
v 0.00953247 0.01300000 -0.02859735
v 0.01906494 0.01300000 0.01906495
v 0.00953247 0.01300000 0.02859741
v 0.01906494 0.01300000 0.00953249
v 0.01906494 0.01300000 0.00000003
v 0.01906494 0.01300000 0.00000003
v 0.01906494 0.01300000 -0.00953243
v 0.00953247 0.01300000 -0.00953243
v 0.00953247 0.01300000 -0.00953243
v 0.00953247 0.01300000 -0.00953243
v 0.00953247 0.01300000 -0.00953243
v 0.01906494 0.01300000 -0.01906489
v 0.01906494 0.01300000 -0.01906489
v 0.01906494 0.01300000 -0.02859735
v 0.01906494 0.01300000 -0.02859735
v 0.01906494 0.01300000 -0.02859735
v 0.02859740 0.01300000 0.00953249
v 0.02859740 0.01300000 0.00953249
v 0.02859740 0.01300000 0.00953249
v 0.02859740 0.01300000 0.00000003
v 0.02859740 0.01300000 0.00000003
v 0.02859740 0.01300000 -0.00953243
v 0.02859740 0.01300000 -0.00953243
v 0.02859740 0.01300000 -0.01906489
v 0.02859740 0.01300000 -0.01906489
v -0.02696190 0.01300000 0.02696190
v -0.02696190 0.01300000 0.02696190
v -0.03186959 0.01300000 0.02093367
v -0.03186959 0.01300000 0.02093367
v -0.02093368 0.01300000 0.03186958
v -0.01403541 0.01300000 0.03545272
v -0.03745459 0.01300000 0.00714422
v -0.03745459 0.01300000 0.00714422
v -0.03745459 0.01300000 0.00714422
v -0.03545272 0.01300000 0.01403540
v -0.03545272 0.01300000 0.01403540
v -0.03545272 0.01300000 0.01403540
v -0.03812987 0.01300000 -0.00000001
v -0.03812987 0.01300000 -0.00000001
v -0.00714422 0.01300000 0.03745459
v -0.00000001 0.01300000 0.03812987
v 0.00714422 0.01300000 0.03745459
v -0.00411362 0.01300000 0.00712500
v -0.00411362 0.01300000 0.00712500
v -0.00617043 0.01300000 0.00356250
v -0.00617043 0.01300000 0.00356250
v -0.00822724 0.01300000 0.00000000
v -0.00822724 0.01300000 0.00000000
v -0.03745459 0.01300000 -0.00714422
v -0.03745459 0.01300000 -0.00714422
v -0.03745459 0.01300000 -0.00714422
v -0.03545272 0.01300000 -0.01403541
v -0.03545272 0.01300000 -0.01403541
v -0.03545272 0.01300000 -0.01403541
v -0.02696191 0.01300000 -0.02696191
v -0.02696191 0.01300000 -0.02696191
v -0.03186958 0.01300000 -0.02093367
v -0.03186958 0.01300000 -0.02093367
v -0.02093367 0.01300000 -0.03186959
v -0.02093367 0.01300000 -0.03186959
v -0.00631477 0.01300000 -0.00331250
v -0.00631477 0.01300000 -0.00331250
v -0.00411362 0.01300000 -0.00712500
v -0.00440230 0.01300000 -0.00662500
v -0.00440230 0.01300000 -0.00662500
v -0.01403540 0.01300000 -0.03545272
v -0.01403540 0.01300000 -0.03545272
v -0.01403540 0.01300000 -0.03545272
v -0.00714421 0.01300000 -0.03745458
v -0.00714421 0.01300000 -0.03745458
v -0.00353627 0.01300000 -0.00712500
v 0.00000000 0.01300000 0.00712500
v 0.01403540 0.01300000 0.03545272
v 0.01906494 0.01300000 0.02859741
v 0.01906494 0.01300000 0.02859741
v 0.02093367 0.01300000 0.03186959
v 0.02093367 0.01300000 0.03186959
v 0.00411362 0.01300000 0.00712500
v 0.00411362 0.01300000 0.00712500
v 0.00617043 0.01300000 0.00356250
v 0.00617043 0.01300000 0.00356250
v 0.00822724 0.01300000 0.00000000
v 0.00822724 0.01300000 0.00000000
v 0.02696190 0.01300000 0.02696190
v 0.02696190 0.01300000 0.02696190
v 0.02696190 0.01300000 0.02696190
v 0.02859740 0.01300000 0.01906495
v 0.02859740 0.01300000 0.01906495
v 0.02859740 0.01300000 0.01906495
v 0.03545272 0.01300000 0.01403541
v 0.03545272 0.01300000 0.01403541
v 0.03545272 0.01300000 0.01403541
v 0.03186958 0.01300000 0.02093368
v 0.03186958 0.01300000 0.02093368
v 0.03812987 0.01300000 0.00000001
v 0.03745458 0.01300000 0.00714422
v 0.03745458 0.01300000 0.00714422
v 0.03745458 0.01300000 0.00714422
v 0.03745459 0.01300000 -0.00714422
v 0.03745459 0.01300000 -0.00714422
v 0.00411362 0.01300000 -0.00712500
v 0.00411362 0.01300000 -0.00712500
v 0.00028868 0.01300000 -0.00712500
v 0.00617043 0.01300000 -0.00356250
v 0.00617043 0.01300000 -0.00356250
v -0.00000000 0.01300000 -0.03812981
v 0.00714422 0.01300000 -0.03745458
v 0.01403541 0.01300000 -0.03545273
v 0.03545272 0.01300000 -0.01403540
v 0.03545272 0.01300000 -0.01403540
v 0.03186959 0.01300000 -0.02093367
v 0.03186959 0.01300000 -0.02093367
v 0.02696190 0.01300000 -0.02696190
v 0.02696190 0.01300000 -0.02696190
v 0.02696190 0.01300000 -0.02696190
v 0.02696190 0.01300000 -0.02696190
v 0.02093368 0.01300000 -0.03186959
v 0.02093368 0.01300000 -0.03186959
v -0.00727670 0.01270711 -0.03814916
v -0.00000000 0.01270711 -0.03883691
v -0.00000000 0.01236809 -0.03905959
v -0.00721318 0.01292979 -0.03781615
v -0.00000000 0.01292979 -0.03849790
v -0.01429569 0.01270711 -0.03611018
v -0.00731842 0.01236809 -0.03836790
v -0.01417090 0.01292979 -0.03579497
v -0.02132188 0.01270711 -0.03246060
v -0.01437766 0.01236809 -0.03631723
v -0.02113576 0.01292979 -0.03217725
v -0.02746191 0.01270711 -0.02746191
v -0.02761937 0.01236809 -0.02761937
v -0.02722219 0.01292979 -0.02722219
v -0.03246060 0.01270711 -0.02132188
v -0.03217724 0.01292979 -0.02113576
v -0.03611018 0.01270711 -0.01429569
v -0.03264672 0.01236809 -0.02144414
v -0.03579497 0.01292979 -0.01417090
v -0.03814917 0.01270711 -0.00727671
v -0.03836791 0.01236809 -0.00731843
v -0.03781616 0.01292979 -0.00721319
v -0.03883698 0.01270711 -0.00000001
v -0.03849797 0.01292979 -0.00000001
v -0.03814918 0.01270711 0.00727670
v -0.03836791 0.01236809 0.00731843
v -0.03781617 0.01292979 0.00721319
v -0.03611018 0.01270711 0.01429568
v -0.03579497 0.01292979 0.01417090
v -0.03246060 0.01270711 0.02132188
v -0.03631723 0.01236809 0.01437765
v -0.03217725 0.01292979 0.02113576
v -0.02746191 0.01270711 0.02746191
v -0.03264673 0.01236809 0.02144413
v -0.02722219 0.01292979 0.02722219
v -0.02132188 0.01270711 0.03246060
v -0.02761937 0.01236809 0.02761937
v -0.02113577 0.01292979 0.03217724
v -0.01429569 0.01270711 0.03611018
v -0.01437766 0.01236809 0.03631723
v -0.01417090 0.01292979 0.03579497
v -0.00727671 0.01270711 0.03814917
v -0.00731843 0.01236809 0.03836791
v -0.00721319 0.01292979 0.03781616
v -0.00000001 0.01270711 0.03883698
v -0.00000001 0.01292979 0.03849797
v 0.00727670 0.01270711 0.03814918
v 0.00731843 0.01236809 0.03836791
v 0.00721318 0.01292979 0.03781617
v 0.01429568 0.01270711 0.03611018
v 0.01417090 0.01292979 0.03579497
v 0.02132188 0.01270711 0.03246060
v 0.01437765 0.01236809 0.03631723
v 0.02113576 0.01292979 0.03217725
v 0.02746191 0.01270711 0.02746191
v 0.02761936 0.01236809 0.02761937
v 0.02722219 0.01292979 0.02722219
v 0.03246060 0.01270711 0.02132188
v 0.03264672 0.01236809 0.02144414
v 0.03217724 0.01292979 0.02113576
v 0.03611018 0.01270711 0.01429569
v 0.03579497 0.01292979 0.01417090
v 0.03814917 0.01270711 0.00727671
v 0.03836791 0.01236809 0.00731843
v 0.03781616 0.01292979 0.00721319
v 0.03883698 0.01270711 0.00000001
v 0.03849797 0.01292979 0.00000001
v 0.03814918 0.01270711 -0.00727670
v 0.03836791 0.01236809 -0.00731843
v 0.03781616 0.01292979 -0.00721318
v 0.03611017 0.01270711 -0.01429568
v 0.03579497 0.01292979 -0.01417090
v 0.03246060 0.01270711 -0.02132188
v 0.03631723 0.01236809 -0.01437765
v 0.03217725 0.01292979 -0.02113576
v 0.02746191 0.01270711 -0.02746191
v 0.03264673 0.01236809 -0.02144413
v 0.02722219 0.01292979 -0.02722219
v 0.02132188 0.01270711 -0.03246060
v 0.02761936 0.01236809 -0.02761937
v 0.02113576 0.01292979 -0.03217725
v 0.01429569 0.01270711 -0.03611019
v 0.01437766 0.01236809 -0.03631724
v 0.01417090 0.01292979 -0.03579498
v 0.00727670 0.01270711 -0.03814917
v 0.00731843 0.01236809 -0.03836791
v 0.00721318 0.01292979 -0.03781616
v -0.00000000 0.01270711 -0.03883691
v -0.00000000 0.01236809 -0.03905959
v -0.00000000 0.01292979 -0.03849790
v -0.00000000 0.01200000 -0.03912981
v -0.00351599 0.01200000 -0.03897152
v -0.00712018 0.01200000 -0.03847655
v -0.01076689 0.01200000 -0.03761935
v -0.01440347 0.01200000 -0.03638243
v -0.02144413 0.01236809 -0.03264672
v -0.01797211 0.01200000 -0.03475838
v -0.02141221 0.01200000 -0.03275147
v -0.02466344 0.01200000 -0.03037855
v -0.02766895 0.01200000 -0.02766895
v -0.03037855 0.01200000 -0.02466344
v -0.03275147 0.01200000 -0.02141221
v -0.03475838 0.01200000 -0.01797211
v -0.03631723 0.01236809 -0.01437766
v -0.03638243 0.01200000 -0.01440347
v -0.03761935 0.01200000 -0.01076689
v -0.03847655 0.01200000 -0.00712018
v -0.03905966 0.01236809 -0.00000001
v -0.03897152 0.01200000 -0.00351599
v -0.03912981 0.01200000 0.00000000
v -0.03897152 0.01200000 0.00351599
v -0.03847655 0.01200000 0.00712018
v -0.03638243 0.01200000 0.01440347
v -0.03761935 0.01200000 0.01076689
v -0.03475838 0.01200000 0.01797211
v -0.03037855 0.01200000 0.02466344
v -0.03275147 0.01200000 0.02141221
v -0.02766895 0.01200000 0.02766895
v -0.02466344 0.01200000 0.03037855
v -0.02141221 0.01200000 0.03275147
v -0.02144414 0.01236809 0.03264672
v -0.01797211 0.01200000 0.03475838
v -0.01076689 0.01200000 0.03761935
v -0.01440347 0.01200000 0.03638243
v -0.00712018 0.01200000 0.03847655
v -0.00351599 0.01200000 0.03897152
v -0.00714421 0.01300000 -0.03745458
v -0.02093367 0.01300000 -0.03186959
v -0.02696191 0.01300000 -0.02696191
v -0.01403540 0.01300000 -0.03545272
v -0.03745459 0.01300000 -0.00714422
v -0.03545272 0.01300000 -0.01403541
v -0.03812987 0.01300000 -0.00000001
v -0.03186958 0.01300000 -0.02093367
v -0.03745459 0.01300000 0.00714422
v -0.03186959 0.01300000 0.02093367
v -0.03545272 0.01300000 0.01403540
v -0.00000001 0.01236809 0.03905966
v -0.02696190 0.01300000 0.02696190
v -0.02093368 0.01300000 0.03186958
v -0.00714422 0.01300000 0.03745459
v -0.01403541 0.01300000 0.03545272
v -0.00000001 0.01300000 0.03812987
v -0.00000000 0.01200000 0.03912981
v 0.00351599 0.01200000 0.03897152
v 0.00712018 0.01200000 0.03847655
v 0.01076689 0.01200000 0.03761935
v 0.01440347 0.01200000 0.03638243
v 0.02144413 0.01236809 0.03264673
v 0.01797211 0.01200000 0.03475838
v 0.02141221 0.01200000 0.03275147
v 0.02466344 0.01200000 0.03037855
v 0.02766895 0.01200000 0.02766895
v 0.03037855 0.01200000 0.02466344
v 0.03631723 0.01236809 0.01437766
v 0.03475838 0.01200000 0.01797211
v 0.03761935 0.01200000 0.01076689
v 0.03638243 0.01200000 0.01440347
v 0.03275147 0.01200000 0.02141221
v 0.03847655 0.01200000 0.00712018
v 0.03897152 0.01200000 0.00351599
v 0.03905966 0.01236809 0.00000001
v 0.03912980 0.01200000 0.00000000
v 0.03897152 0.01200000 -0.00351599
v 0.03761935 0.01200000 -0.01076689
v 0.03847655 0.01200000 -0.00712018
v 0.03475838 0.01200000 -0.01797211
v 0.03638243 0.01200000 -0.01440347
v 0.03275147 0.01200000 -0.02141221
v 0.02766895 0.01200000 -0.02766895
v 0.03037855 0.01200000 -0.02466344
v 0.02466344 0.01200000 -0.03037855
v 0.02141221 0.01200000 -0.03275147
v 0.02144414 0.01236809 -0.03264672
v 0.01797211 0.01200000 -0.03475838
v 0.01440347 0.01200000 -0.03638243
v 0.00712018 0.01200000 -0.03847655
v 0.01076689 0.01200000 -0.03761935
v 0.00351599 0.01200000 -0.03897152
v -0.00000000 0.01200000 -0.03912981
v 0.01403540 0.01300000 0.03545272
v 0.02696190 0.01300000 0.02696190
v 0.03186958 0.01300000 0.02093368
v 0.02093367 0.01300000 0.03186959
v 0.03812987 0.01300000 0.00000001
v 0.03745459 0.01300000 -0.00714422
v 0.03745458 0.01300000 0.00714422
v 0.03545272 0.01300000 0.01403541
v 0.00714422 0.01300000 0.03745459
v 0.03545272 0.01300000 -0.01403540
v 0.03186959 0.01300000 -0.02093367
v 0.02696190 0.01300000 -0.02696190
v 0.02093368 0.01300000 -0.03186959
v 0.00714422 0.01300000 -0.03745458
v 0.01403541 0.01300000 -0.03545273
v -0.00000000 0.01300000 -0.03812981
v -0.01676992 -0.00000000 0.01676992
v -0.01676992 -0.00000000 0.02794986
v -0.02794986 -0.00000000 0.02794986
v -0.01676992 -0.00000000 0.00558997
v -0.02794986 -0.00000000 0.01676992
v -0.01676992 0.00000000 -0.00558997
v -0.02794986 -0.00000000 0.00558997
v -0.01676992 0.00000000 -0.01676992
v -0.02794986 0.00000000 -0.00558997
v -0.01676992 0.00000000 -0.02794986
v -0.02794986 0.00000000 -0.01676992
v -0.00558997 -0.00000000 0.01676992
v -0.00558997 -0.00000000 0.02794986
v -0.00558997 -0.00000000 0.00558997
v -0.00558997 0.00000000 -0.00558997
v -0.00558997 0.00000000 -0.01676992
v -0.00558997 0.00000000 -0.02794986
v 0.00558997 -0.00000000 0.01676992
v 0.00558997 -0.00000000 0.02794986
v 0.00558997 -0.00000000 0.00558997
v 0.00558997 0.00000000 -0.00558997
v 0.00558997 0.00000000 -0.01676992
v 0.00558997 0.00000000 -0.02794986
v 0.01676992 -0.00000000 0.01676992
v 0.01676992 -0.00000000 0.02794986
v 0.01676992 -0.00000000 0.00558997
v 0.01676992 0.00000000 -0.00558997
v 0.01676992 0.00000000 -0.01676992
v 0.01676992 0.00000000 -0.02794986
v 0.02794986 -0.00000000 0.01676992
v 0.02794986 -0.00000000 0.02794986
v 0.02794986 -0.00000000 0.00558997
v 0.02794986 0.00000000 -0.00558997
v 0.02794986 0.00000000 -0.01676992
v 0.02794986 0.00000000 -0.02794986
v -0.03912842 -0.00000000 0.03196185
v -0.03861342 -0.00000000 0.02912113
v -0.03718570 -0.00000000 0.02685560
v -0.03850343 -0.00000000 0.03478041
v -0.03698876 -0.00000000 0.03698875
v -0.03563564 -0.00000000 0.02460172
v -0.03912981 0.00000000 0.00000000
v -0.03819743 -0.00000000 0.00849104
v -0.03476978 -0.00000000 0.02187729
v -0.03475134 -0.00000000 0.01901864
v -0.03552901 -0.00000000 0.01639606
v -0.03478041 -0.00000000 0.03850343
v -0.02912113 -0.00000000 0.03861342
v -0.03196185 -0.00000000 0.03912842
v -0.02685560 -0.00000000 0.03718569
v -0.01639606 -0.00000000 0.03552901
v -0.02038720 -0.00000000 0.03465251
v -0.02386058 -0.00000000 0.03530839
v -0.00000000 -0.00000000 0.03912981
v -0.03819743 0.00000000 -0.00849104
v -0.02794986 0.00000000 -0.02794986
v -0.03835995 0.00000000 -0.02855444
v -0.03902787 0.00000000 -0.03060326
v -0.03552901 0.00000000 -0.01639606
v -0.03475134 0.00000000 -0.01901864
v -0.03476978 0.00000000 -0.02187729
v -0.03718570 0.00000000 -0.02685560
v -0.03851773 0.00000000 -0.03474792
v -0.03743150 0.00000000 -0.03650435
v -0.03906937 0.00000000 -0.03275780
v -0.03386426 0.00000000 -0.03883808
v -0.03582178 0.00000000 -0.03793702
v -0.02187729 0.00000000 -0.03476978
v -0.02460172 0.00000000 -0.03563564
v -0.03181981 0.00000000 -0.03912981
v -0.01901864 0.00000000 -0.03475134
v -0.01639606 0.00000000 -0.03552901
v -0.02915415 0.00000000 -0.03862645
v -0.02685560 0.00000000 -0.03718570
v -0.00839340 0.00000000 -0.03821900
v -0.00000000 0.00000000 -0.03912981
v 0.00849104 -0.00000000 0.03819743
v 0.01639606 -0.00000000 0.03552901
v 0.02685560 -0.00000000 0.03718569
v 0.02386057 -0.00000000 0.03530839
v 0.02038720 -0.00000000 0.03465251
v 0.03552901 -0.00000000 0.01639606
v 0.03912980 0.00000000 0.00000000
v 0.03476978 -0.00000000 0.02187729
v 0.02912113 -0.00000000 0.03861342
v 0.03478041 -0.00000000 0.03850343
v 0.03196185 -0.00000000 0.03912842
v 0.03698875 -0.00000000 0.03698875
v 0.03912842 -0.00000000 0.03196185
v 0.03850343 -0.00000000 0.03478041
v 0.03861342 -0.00000000 0.02912113
v 0.03475134 -0.00000000 0.01901864
v 0.03819743 -0.00000000 0.00849104
v 0.03718569 -0.00000000 0.02685560
v 0.03819743 0.00000000 -0.00849104
v 0.01639606 0.00000000 -0.03552901
v 0.02187729 0.00000000 -0.03476978
v 0.01901864 0.00000000 -0.03475134
v 0.03386426 0.00000000 -0.03883808
v 0.03181981 0.00000000 -0.03912981
v 0.02460172 0.00000000 -0.03563564
v 0.00839340 0.00000000 -0.03821900
v 0.02685560 0.00000000 -0.03718570
v 0.02915415 0.00000000 -0.03862645
v 0.03476978 0.00000000 -0.02187729
v 0.03475134 0.00000000 -0.01901864
v 0.03552901 0.00000000 -0.01639606
v 0.03563564 0.00000000 -0.02460172
v 0.03835995 0.00000000 -0.02855444
v 0.03718569 0.00000000 -0.02685560
v 0.03582177 0.00000000 -0.03793702
v 0.03743150 0.00000000 -0.03650435
v 0.03851773 0.00000000 -0.03474792
v 0.03906937 0.00000000 -0.03275780
v 0.03902786 0.00000000 -0.03060326
v -0.00617043 0.01300000 0.00356250
v -0.00617043 0.01300000 0.00356250
v -0.00617043 0.01300000 0.00356250
v -0.00822724 0.01592500 0.00000000
v -0.00822724 0.01592500 0.00000000
v -0.00822724 0.01592500 0.00000000
v -0.00822724 0.01300000 0.00000000
v -0.00617043 0.01885000 0.00356250
v -0.00617043 0.01885000 0.00356250
v -0.00617043 0.01885000 0.00356250
v -0.00822724 0.01885000 0.00000000
v -0.00411362 0.01300000 0.00712500
v -0.00411362 0.01885000 0.00712500
v -0.00411362 0.01885000 0.00712500
v 0.00000000 0.01885000 0.00712500
v -0.00411362 0.01885000 0.00712500
v -0.00411362 0.01300000 0.00712500
v 0.00000000 0.01300000 0.00712500
v 0.00411362 0.01300000 0.00712500
v 0.00411362 0.01885000 0.00712500
v 0.00617043 0.01885000 0.00356250
v 0.00617043 0.01885000 0.00356250
v 0.00411362 0.01885000 0.00712500
v 0.00411362 0.01300000 0.00712500
v 0.00411362 0.01300000 0.00712500
v 0.00617043 0.01300000 0.00356250
v 0.00617043 0.01300000 0.00356250
v 0.00617043 0.01300000 0.00356250
v 0.00822724 0.01300000 0.00000000
v 0.00822724 0.01885000 0.00000000
v 0.00822724 0.01885000 0.00000000
v 0.00822724 0.01885000 0.00000000
v 0.00822724 0.01885000 0.00000000
v 0.00822724 0.01300000 0.00000000
v 0.00617043 0.01300000 -0.00356250
v 0.00617043 0.01300000 -0.00356250
v 0.00617043 0.01300000 -0.00356250
v 0.00411362 0.01300000 -0.00712500
v 0.00411362 0.01300000 -0.00712500
v 0.00411362 0.01885000 -0.00712500
v 0.00617043 0.01885000 -0.00356250
v 0.00617043 0.01885000 -0.00356250
v 0.00411362 0.01300000 -0.00712500
v 0.00028868 0.01300000 -0.00712500
v 0.00028868 0.01300000 -0.00712500
v 0.00028868 0.01300000 -0.00712500
v 0.00411362 0.01885000 -0.00712500
v 0.00000000 0.01885000 -0.00712500
v 0.00000000 0.01885000 -0.00712500
v -0.00411362 0.01592500 -0.00712500
v -0.00411362 0.01592500 -0.00712500
v -0.00411362 0.01592500 -0.00712500
v -0.00353627 0.01300000 -0.00712500
v -0.00353627 0.01300000 -0.00712500
v -0.00411362 0.01300000 -0.00712500
v -0.00411362 0.01885000 -0.00712500
v -0.00411362 0.01592500 -0.00712500
v -0.00411362 0.01592500 -0.00712500
v -0.00411362 0.01592500 -0.00712500
v -0.00411362 0.01300000 -0.00712500
v -0.00440230 0.01300000 -0.00662500
v -0.00440230 0.01300000 -0.00662500
v -0.00631477 0.01300000 -0.00331250
v -0.00631477 0.01300000 -0.00331250
v -0.00631477 0.01300000 -0.00331250
v -0.00631477 0.01300000 -0.00331250
v -0.00631477 0.01300000 -0.00331250
v -0.00411362 0.01885000 -0.00712500
v -0.00411362 0.01885000 -0.00712500
v -0.00822724 0.01592500 0.00000000
v -0.00822724 0.01592500 0.00000000
v -0.00822724 0.01300000 0.00000000
v -0.00822724 0.01885000 0.00000000
v -0.00822724 0.01885000 0.00000000
v -0.00424352 0.01985000 0.00490000
v -0.00424352 0.01985000 0.00490000
v -0.00424352 0.01985000 0.00490000
v -0.00351786 0.01985000 0.00351786
v -0.00351786 0.01985000 0.00351786
v -0.00351786 0.01985000 0.00351786
v -0.00495078 0.01985000 0.00367500
v -0.00495078 0.01985000 0.00367500
v -0.00416405 0.01985000 0.00272237
v -0.00462570 0.01985000 0.00183127
v -0.00462570 0.01985000 0.00183127
v -0.00636529 0.01985000 0.00122500
v -0.00636529 0.01985000 0.00122500
v -0.00565803 0.01985000 0.00245000
v -0.00489194 0.01985000 0.00090527
v -0.00489194 0.01985000 0.00090527
v -0.00272237 0.01985000 0.00416405
v -0.00272237 0.01985000 0.00416405
v -0.00272237 0.01985000 0.00416405
v -0.00353627 0.01985000 0.00612500
v -0.00353627 0.01985000 0.00612500
v -0.00353627 0.01985000 0.00612500
v -0.00070725 0.01985000 0.00612500
v -0.00090527 0.01985000 0.00489194
v -0.00090527 0.01985000 0.00489194
v -0.00212176 0.01985000 0.00612500
v -0.00212176 0.01985000 0.00612500
v 0.00070725 0.01985000 0.00612500
v 0.00000000 0.01985000 0.00497500
v -0.00183127 0.01985000 0.00462570
v -0.00183127 0.01985000 0.00462570
v -0.00183127 0.01985000 0.00462570
v -0.00707254 0.01985000 0.00000000
v -0.00707254 0.01985000 0.00000000
v -0.00497500 0.01985000 0.00000000
v -0.00489194 0.01985000 -0.00090527
v -0.00489194 0.01985000 -0.00090527
v -0.00462570 0.01985000 -0.00183127
v -0.00462570 0.01985000 -0.00183127
v -0.00416405 0.01985000 -0.00272237
v -0.00353627 0.01985000 -0.00612500
v -0.00353627 0.01985000 -0.00612500
v -0.00353627 0.01985000 -0.00612500
v -0.00351786 0.01985000 -0.00351786
v -0.00351786 0.01985000 -0.00351786
v -0.00272237 0.01985000 -0.00416405
v -0.00272237 0.01985000 -0.00416405
v -0.00183127 0.01985000 -0.00462570
v -0.00183127 0.01985000 -0.00462570
v -0.00183127 0.01985000 -0.00462570
v -0.00212176 0.01985000 -0.00612500
v -0.00212176 0.01985000 -0.00612500
v -0.00090527 0.01985000 -0.00489194
v -0.00090527 0.01985000 -0.00489194
v -0.00090527 0.01985000 -0.00489194
v -0.00070725 0.01985000 -0.00612500
v -0.00070725 0.01985000 -0.00612500
v 0.00000000 0.01985000 -0.00497500
v 0.00000000 0.01985000 -0.00497500
v 0.00070725 0.01985000 -0.00612500
v 0.00090527 0.01985000 -0.00489194
v 0.00090527 0.01985000 -0.00489194
v 0.00090527 0.01985000 0.00489194
v 0.00090527 0.01985000 0.00489194
v 0.00212176 0.01985000 0.00612500
v 0.00212176 0.01985000 0.00612500
v 0.00183127 0.01985000 0.00462570
v 0.00183127 0.01985000 0.00462570
v 0.00353627 0.01985000 0.00612500
v 0.00272237 0.01985000 0.00416405
v 0.00272237 0.01985000 0.00416405
v 0.00351786 0.01985000 0.00351786
v 0.00351786 0.01985000 0.00351786
v 0.00351786 0.01985000 0.00351786
v 0.00495078 0.01985000 0.00367500
v 0.00495078 0.01985000 0.00367500
v 0.00495078 0.01985000 0.00367500
v 0.00416405 0.01985000 0.00272237
v 0.00416405 0.01985000 0.00272237
v 0.00416405 0.01985000 0.00272237
v 0.00424352 0.01985000 0.00490000
v 0.00424352 0.01985000 0.00490000
v 0.00424352 0.01985000 0.00490000
v 0.00565803 0.01985000 0.00245000
v 0.00565803 0.01985000 0.00245000
v 0.00565803 0.01985000 0.00245000
v 0.00462570 0.01985000 0.00183127
v 0.00462570 0.01985000 0.00183127
v 0.00462570 0.01985000 0.00183127
v 0.00462570 0.01985000 0.00183127
v 0.00636529 0.01985000 0.00122500
v 0.00636529 0.01985000 0.00122500
v 0.00636529 0.01985000 0.00122500
v 0.00505182 0.01985000 0.00087500
v 0.00505182 0.01985000 0.00087500
v 0.00505182 0.01985000 0.00087500
v 0.00505182 0.01985000 0.00087500
v 0.00497500 0.01985000 0.00000000
v 0.00497500 0.01985000 0.00000000
v 0.00489194 0.01985000 0.00090527
v 0.00489194 0.01985000 0.00090527
v 0.00707254 0.01985000 0.00000000
v 0.00707254 0.01985000 0.00000000
v 0.00636529 0.01985000 -0.00122500
v 0.00636529 0.01985000 -0.00122500
v 0.00636529 0.01985000 -0.00122500
v 0.00351786 0.01985000 -0.00351786
v 0.00351786 0.01985000 -0.00351786
v 0.00351786 0.01985000 -0.00351786
v 0.00424352 0.01985000 -0.00490000
v 0.00424352 0.01985000 -0.00490000
v 0.00424352 0.01985000 -0.00490000
v 0.00272237 0.01985000 -0.00416405
v 0.00272237 0.01985000 -0.00416405
v 0.00272237 0.01985000 -0.00416405
v 0.00353627 0.01985000 -0.00612500
v 0.00353627 0.01985000 -0.00612500
v 0.00212176 0.01985000 -0.00612500
v 0.00212176 0.01985000 -0.00612500
v 0.00183127 0.01985000 -0.00462570
v 0.00183127 0.01985000 -0.00462570
v 0.00183127 0.01985000 -0.00462570
v 0.00495078 0.01985000 -0.00367500
v 0.00495078 0.01985000 -0.00367500
v 0.00495078 0.01985000 -0.00367500
v 0.00495078 0.01985000 -0.00367500
v 0.00416405 0.01985000 -0.00272237
v 0.00416405 0.01985000 -0.00272237
v 0.00416405 0.01985000 -0.00272237
v 0.00505182 0.01985000 -0.00262500
v 0.00505182 0.01985000 -0.00262500
v 0.00505182 0.01985000 -0.00262500
v 0.00505182 0.01985000 -0.00262500
v 0.00505182 0.01985000 -0.00262500
v 0.00489194 0.01985000 -0.00090527
v 0.00489194 0.01985000 -0.00090527
v 0.00565803 0.01985000 -0.00245000
v 0.00565803 0.01985000 -0.00245000
v 0.00462570 0.01985000 -0.00183127
v -0.00403987 0.01933904 0.00699726
v -0.00796058 0.01948917 0.00000000
v -0.00807974 0.01933904 0.00000000
v -0.00816380 0.01917691 0.00000000
v -0.00408190 0.01917691 0.00707005
v -0.00398029 0.01948917 0.00689407
v -0.00781059 0.01961907 0.00000000
v -0.00390529 0.01961907 0.00676417
v -0.00763724 0.01972226 0.00000000
v -0.00821211 0.01901136 0.00000000
v -0.00410606 0.01901136 0.00711190
v -0.00565803 0.01985000 0.00245000
v -0.00725886 0.01983690 0.00000000
v -0.00362943 0.01983690 0.00628636
v -0.00745003 0.01979505 0.00000000
v -0.00636529 0.01985000 0.00122500
v -0.00707254 0.01985000 0.00000000
v -0.00381862 0.01972226 0.00661404
v -0.00617043 0.01885000 0.00356250
v -0.00822724 0.01885000 0.00000000
v -0.00411362 0.01885000 0.00712500
v -0.00424352 0.01985000 0.00490000
v -0.00495078 0.01985000 0.00367500
v -0.00353627 0.01985000 0.00612500
v -0.00372501 0.01979505 0.00645191
v 0.00398029 0.01948917 0.00689407
v -0.00398029 0.01948917 0.00689407
v -0.00403987 0.01933904 0.00699726
v -0.00408190 0.01917691 0.00707005
v 0.00403987 0.01933904 0.00699726
v -0.00390529 0.01961907 0.00676417
v 0.00390529 0.01961907 0.00676417
v -0.00381862 0.01972226 0.00661404
v -0.00410606 0.01901136 0.00711190
v 0.00408190 0.01917691 0.00707005
v -0.00070725 0.01985000 0.00612500
v -0.00362943 0.01983690 0.00628636
v 0.00362943 0.01983690 0.00628636
v -0.00372501 0.01979505 0.00645191
v -0.00212176 0.01985000 0.00612500
v -0.00353627 0.01985000 0.00612500
v 0.00381862 0.01972226 0.00661404
v 0.00000000 0.01885000 0.00712500
v -0.00411362 0.01885000 0.00712500
v 0.00410606 0.01901136 0.00711190
v 0.00411362 0.01885000 0.00712500
v 0.00212176 0.01985000 0.00612500
v 0.00070725 0.01985000 0.00612500
v 0.00353627 0.01985000 0.00612500
v 0.00372501 0.01979505 0.00645191
v 0.00796058 0.01948917 0.00000000
v 0.00398029 0.01948917 0.00689407
v 0.00403987 0.01933904 0.00699726
v 0.00408190 0.01917691 0.00707005
v 0.00807974 0.01933904 0.00000000
v 0.00781059 0.01961907 0.00000000
v 0.00390529 0.01961907 0.00676417
v 0.00381862 0.01972226 0.00661404
v 0.00410606 0.01901136 0.00711190
v 0.00816380 0.01917691 0.00000000
v 0.00495078 0.01985000 0.00367500
v 0.00362943 0.01983690 0.00628636
v 0.00565803 0.01985000 0.00245000
v 0.00372501 0.01979505 0.00645191
v 0.00725886 0.01983690 0.00000000
v 0.00424352 0.01985000 0.00490000
v 0.00353627 0.01985000 0.00612500
v 0.00745003 0.01979505 0.00000000
v 0.00617043 0.01885000 0.00356250
v 0.00411362 0.01885000 0.00712500
v 0.00821211 0.01901136 0.00000000
v 0.00822724 0.01885000 0.00000000
v 0.00636529 0.01985000 0.00122500
v 0.00707254 0.01985000 0.00000000
v 0.00763724 0.01972226 0.00000000
v 0.00403987 0.01933904 -0.00699726
v 0.00796058 0.01948917 0.00000000
v 0.00807974 0.01933904 0.00000000
v 0.00816380 0.01917691 0.00000000
v 0.00408190 0.01917691 -0.00707005
v 0.00398029 0.01948917 -0.00689407
v 0.00781059 0.01961907 0.00000000
v 0.00390529 0.01961907 -0.00676417
v 0.00763724 0.01972226 0.00000000
v 0.00821211 0.01901136 0.00000000
v 0.00410606 0.01901136 -0.00711190
v 0.00565803 0.01985000 -0.00245000
v 0.00725886 0.01983690 0.00000000
v 0.00362943 0.01983690 -0.00628636
v 0.00745003 0.01979505 0.00000000
v 0.00372501 0.01979505 -0.00645191
v 0.00636529 0.01985000 -0.00122500
v 0.00707254 0.01985000 0.00000000
v 0.00381862 0.01972226 -0.00661404
v 0.00617043 0.01885000 -0.00356250
v 0.00822724 0.01885000 0.00000000
v 0.00411362 0.01885000 -0.00712500
v 0.00424352 0.01985000 -0.00490000
v 0.00495078 0.01985000 -0.00367500
v 0.00353627 0.01985000 -0.00612500
v -0.00403987 0.01933904 -0.00699726
v 0.00398029 0.01948917 -0.00689407
v 0.00403987 0.01933904 -0.00699726
v 0.00408190 0.01917691 -0.00707005
v -0.00408190 0.01917691 -0.00707005
v -0.00398029 0.01948917 -0.00689407
v 0.00390529 0.01961907 -0.00676417
v -0.00390529 0.01961907 -0.00676417
v 0.00381862 0.01972226 -0.00661404
v 0.00410606 0.01901136 -0.00711190
v -0.00410606 0.01901136 -0.00711190
v 0.00070725 0.01985000 -0.00612500
v 0.00362943 0.01983690 -0.00628636
v -0.00362943 0.01983690 -0.00628636
v 0.00372501 0.01979505 -0.00645191
v -0.00372501 0.01979505 -0.00645191
v 0.00212176 0.01985000 -0.00612500
v 0.00353627 0.01985000 -0.00612500
v -0.00381862 0.01972226 -0.00661404
v 0.00000000 0.01885000 -0.00712500
v 0.00411362 0.01885000 -0.00712500
v -0.00411362 0.01885000 -0.00712500
v -0.00212176 0.01985000 -0.00612500
v -0.00070725 0.01985000 -0.00612500
v -0.00353627 0.01985000 -0.00612500
v -0.00408190 0.01917691 -0.00707005
v -0.00410606 0.01901136 -0.00711190
v -0.00816380 0.01917691 0.00000000
v -0.00403987 0.01933904 -0.00699726
v -0.00807974 0.01933904 0.00000000
v -0.00796058 0.01948917 0.00000000
v -0.00398029 0.01948917 -0.00689407
v -0.00390529 0.01961907 -0.00676417
v -0.00781059 0.01961907 0.00000000
v -0.00763724 0.01972226 0.00000000
v -0.00381862 0.01972226 -0.00661404
v -0.00745003 0.01979505 0.00000000
v -0.00372501 0.01979505 -0.00645191
v -0.00725886 0.01983690 0.00000000
v -0.00362943 0.01983690 -0.00628636
v -0.00353627 0.01985000 -0.00612500
v -0.00707254 0.01985000 0.00000000
v -0.00411362 0.01885000 -0.00712500
v -0.00822724 0.01885000 0.00000000
v -0.00821211 0.01901136 0.00000000
v 0.00497500 0.02185000 0.00000000
v 0.00497500 0.02185000 0.00000000
v -0.00000000 0.01200000 -0.03912981
v -0.03275147 0.01200000 -0.02141221
v -0.03912981 0.01200000 0.00000000
v -0.02141221 0.01200000 0.03275147
v 0.03275147 0.01200000 0.02141221
v 0.03912980 0.01200000 0.00000000
v -0.00000000 0.01200000 -0.03912981
v -0.00000000 0.01300000 -0.03812981
vn 0.92379000 0.38265000 0.01404000
vn 0.98070000 0.19505000 0.01376000
vn 0.87845000 0.36382000 -0.30977000
vn 0.85671000 0.35485000 0.37435000
vn 0.91190000 0.18137000 0.36815000
vn 0.66413000 0.27510000 0.69517000
vn 0.71162000 0.14155000 0.68815000
vn 0.37239000 0.15424000 0.91517000
vn 0.40178000 0.07990000 0.91224000
vn 0.19492000 0.03876000 0.98005000
vn 0.70704000 0.70704000 0.01404000
vn 0.67228000 0.67228000 -0.30996000
vn 0.65569000 0.65569000 0.37436000
vn 0.50830000 0.50830000 0.69517000
vn 0.28502000 0.28502000 0.91517000
vn 0.16526000 0.11042000 0.98005000
vn 0.38265000 0.92379000 0.01404000
vn 0.35485000 0.85671000 0.37435000
vn 0.27510000 0.66413000 0.69517000
vn 0.15424000 0.37239000 0.91517000
vn 0.11042000 0.16526000 0.98005000
vn 0.00000000 0.99990000 0.01404000
vn 0.36382000 0.87845000 -0.30977000
vn 0.00000000 0.92729000 0.37435000
vn 0.00000000 0.71885000 0.69517000
vn 0.00000000 0.40309000 0.91516000
vn 0.03876000 0.19492000 0.98005000
vn -0.38265000 0.92379000 0.01404000
vn -0.36382000 0.87845000 -0.30977000
vn -0.35485000 0.85671000 0.37435000
vn -0.27510000 0.66413000 0.69517000
vn -0.15424000 0.37239000 0.91517000
vn -0.03876000 0.19492000 0.98005000
vn -0.70704000 0.70704000 0.01404000
vn -0.67228000 0.67228000 -0.30996000
vn -0.65569000 0.65569000 0.37436000
vn -0.50830000 0.50830000 0.69517000
vn -0.28502000 0.28502000 0.91517000
vn -0.11042000 0.16526000 0.98005000
vn -0.92379000 0.38265000 0.01404000
vn -0.85671000 0.35485000 0.37435000
vn -0.66413000 0.27510000 0.69517000
vn -0.37239000 0.15424000 0.91517000
vn -0.16526000 0.11042000 0.98005000
vn -0.99990000 0.00000000 0.01404000
vn -0.87845000 0.36382000 -0.30977000
vn -0.92729000 0.00000000 0.37435000
vn -0.71885000 0.00000000 0.69517000
vn -0.40309000 0.00000000 0.91516000
vn -0.19492000 0.03876000 0.98005000
vn -0.92379000 -0.38265000 0.01404000
vn -0.87845000 -0.36382000 -0.30977000
vn -0.85671000 -0.35485000 0.37435000
vn -0.66413000 -0.27510000 0.69517000
vn -0.37239000 -0.15424000 0.91517000
vn -0.19492000 -0.03876000 0.98005000
vn -0.70704000 -0.70704000 0.01404000
vn -0.67228000 -0.67228000 -0.30996000
vn -0.65569000 -0.65569000 0.37436000
vn -0.50830000 -0.50830000 0.69517000
vn -0.28502000 -0.28502000 0.91517000
vn -0.16526000 -0.11042000 0.98005000
vn -0.38265000 -0.92379000 0.01404000
vn -0.35485000 -0.85671000 0.37435000
vn -0.27510000 -0.66413000 0.69517000
vn -0.15424000 -0.37239000 0.91517000
vn -0.11042000 -0.16526000 0.98005000
vn 0.00000000 -0.99990000 0.01404000
vn -0.36382000 -0.87845000 -0.30977000
vn 0.00000000 -0.92729000 0.37435000
vn 0.00000000 -0.71885000 0.69517000
vn 0.00000000 -0.40309000 0.91516000
vn -0.03876000 -0.19492000 0.98005000
vn 0.38265000 -0.92379000 0.01404000
vn 0.36382000 -0.87845000 -0.30977000
vn 0.35485000 -0.85671000 0.37435000
vn 0.27510000 -0.66413000 0.69517000
vn 0.15424000 -0.37239000 0.91517000
vn 0.03876000 -0.19492000 0.98005000
vn 0.70704000 -0.70704000 0.01404000
vn 0.67228000 -0.67228000 -0.30996000
vn 0.65569000 -0.65569000 0.37436000
vn 0.50830000 -0.50830000 0.69517000
vn 0.28502000 -0.28502000 0.91517000
vn 0.11042000 -0.16526000 0.98005000
vn 0.92379000 -0.38265000 0.01404000
vn 0.85671000 -0.35485000 0.37435000
vn 0.66413000 -0.27510000 0.69517000
vn 0.37239000 -0.15424000 0.91517000
vn 0.16526000 -0.11042000 0.98005000
vn 0.98070000 -0.19505000 0.01376000
vn 0.87845000 -0.36383000 -0.30977000
vn 0.91190000 -0.18137000 0.36815000
vn 0.71162000 -0.14155000 0.68815000
vn 0.40178000 -0.07990000 0.91224000
vn 0.19492000 -0.03876000 0.98005000
vn 0.93641000 0.17402000 -0.30473000
vn 0.87337000 0.08011000 -0.48043000
vn 0.86870000 0.16486000 -0.46710000
vn 0.81508000 0.32189000 -0.48169000
vn 0.73777000 0.48513000 -0.46941000
vn 0.61955000 0.61955000 -0.48200000
vn 0.48513000 0.73777000 -0.46941000
vn 0.32189000 0.81508000 -0.48169000
vn 0.16486000 0.86870000 -0.46710000
vn 0.00000000 0.95092000 -0.30944000
vn 0.00000000 0.87618000 -0.48199000
vn -0.16486000 0.86870000 -0.46710000
vn -0.32189000 0.81508000 -0.48169000
vn -0.48513000 0.73777000 -0.46941000
vn -0.61955000 0.61955000 -0.48200000
vn -0.73777000 0.48513000 -0.46941000
vn -0.81508000 0.32189000 -0.48169000
vn -0.95092000 0.00000000 -0.30944000
vn -0.86870000 0.16486000 -0.46710000
vn -0.87618000 0.00000000 -0.48199000
vn -0.86870000 -0.16486000 -0.46710000
vn -0.81508000 -0.32189000 -0.48169000
vn -0.73777000 -0.48513000 -0.46941000
vn -0.61955000 -0.61955000 -0.48200000
vn -0.48513000 -0.73777000 -0.46941000
vn -0.32189000 -0.81508000 -0.48169000
vn 0.00000000 -0.95092000 -0.30944000
vn -0.16486000 -0.86870000 -0.46710000
vn 0.00000000 -0.87618000 -0.48199000
vn 0.16486000 -0.86870000 -0.46710000
vn 0.32189000 -0.81508000 -0.48169000
vn 0.48513000 -0.73777000 -0.46941000
vn 0.61955000 -0.61955000 -0.48200000
vn 0.73777000 -0.48513000 -0.46941000
vn 0.81508000 -0.32189000 -0.48169000
vn 0.86870000 -0.16486000 -0.46710000
vn 0.93641000 -0.17402000 -0.30473000
vn 0.87337000 -0.08011000 -0.48043000
vn 0.99582000 0.09134000 0.00000000
vn 0.98281000 0.18464000 0.00000000
vn 0.98281000 0.18464000 0.00000000
vn 0.92905000 0.36996000 0.00000000
vn 0.83641000 0.54810000 0.00000000
vn 0.83641000 0.54810000 0.00000000
vn 0.92905000 0.36996000 0.00000000
vn 0.70711000 0.70711000 0.00000000
vn 0.54810000 0.83641000 0.00000000
vn 0.54810000 0.83641000 0.00000000
vn 0.36996000 0.92905000 0.00000000
vn 0.18464000 0.98281000 0.00000000
vn 0.18464000 0.98281000 0.00000000
vn 0.36996000 0.92905000 0.00000000
vn 0.70711000 0.70711000 0.00000000
vn 0.00000000 1.00000000 0.00000000
vn -0.18464000 0.98281000 0.00000000
vn -0.18464000 0.98281000 0.00000000
vn -0.36996000 0.92905000 0.00000000
vn -0.54810000 0.83641000 0.00000000
vn -0.54810000 0.83641000 0.00000000
vn -0.36996000 0.92905000 0.00000000
vn -0.70711000 0.70711000 0.00000000
vn -0.83641000 0.54810000 0.00000000
vn -0.83641000 0.54810000 0.00000000
vn -0.98281000 0.18464000 0.00000000
vn -0.98281000 0.18464000 0.00000000
vn -0.92905000 0.36996000 0.00000000
vn -0.92905000 0.36996000 0.00000000
vn -0.70711000 0.70711000 0.00000000
vn 0.00000000 1.00000000 0.00000000
vn -1.00000000 0.00000000 0.00000000
vn -1.00000000 0.00000000 0.00000000
vn -0.92905000 -0.36996000 0.00000000
vn -0.92905000 -0.36996000 0.00000000
vn -0.98281000 -0.18464000 0.00000000
vn -0.70711000 -0.70711000 0.00000000
vn -0.70711000 -0.70711000 0.00000000
vn -0.83641000 -0.54810000 0.00000000
vn -0.83641000 -0.54810000 0.00000000
vn -0.54810000 -0.83641000 0.00000000
vn -0.36996000 -0.92905000 0.00000000
vn -0.36996000 -0.92905000 0.00000000
vn -0.18464000 -0.98281000 0.00000000
vn 0.00000000 -1.00000000 0.00000000
vn 0.00000000 -1.00000000 0.00000000
vn -0.18464000 -0.98281000 0.00000000
vn -0.54810000 -0.83641000 0.00000000
vn 0.18464000 -0.98281000 0.00000000
vn 0.36996000 -0.92905000 0.00000000
vn 0.18464000 -0.98281000 0.00000000
vn 0.54810000 -0.83641000 0.00000000
vn 0.70711000 -0.70711000 0.00000000
vn 0.54810000 -0.83641000 0.00000000
vn 0.36996000 -0.92905000 0.00000000
vn 0.83641000 -0.54810000 0.00000000
vn 0.92905000 -0.36996000 0.00000000
vn 0.83641000 -0.54810000 0.00000000
vn 0.98281000 -0.18464000 0.00000000
vn 0.99582000 -0.09134000 0.00000000
vn 0.98281000 -0.18464000 0.00000000
vn 0.92905000 -0.36996000 0.00000000
vn 0.70711000 -0.70711000 0.00000000
vn -0.98281000 -0.18464000 0.00000000
vn -0.08704000 0.99610000 -0.01456000
vn -0.10786000 0.99417000 0.00000000
vn -0.21446000 0.97661000 -0.01563000
vn -0.05384000 0.99855000 0.00000000
vn -0.10590000 0.99425000 -0.01572000
vn -0.21449000 0.97673000 0.00000000
vn -0.33831000 0.94092000 -0.01456000
vn -0.32042000 0.94714000 -0.01572000
vn -0.36949000 0.92923000 0.00000000
vn -0.31862000 0.94788000 0.00000000
vn -0.28429000 0.95874000 0.00000000
vn -0.28429000 0.95874000 0.00000000
vn -0.14042000 0.99009000 0.00000000
vn -0.14042000 0.99009000 0.00000000
vn 0.15644000 0.98769000 0.00000000
vn -0.28429000 0.95874000 0.00000000
vn 0.56665000 0.82396000 0.00000000
vn 0.43953000 0.89823000 0.00000000
vn 0.56665000 0.82396000 0.00000000
vn 0.43953000 0.89823000 0.00000000
vn 0.15644000 0.98769000 0.00000000
vn 0.56665000 0.82396000 0.00000000
vn 0.53110000 0.84731000 0.00000000
vn 0.53110000 0.84731000 0.00000000
vn 0.36465000 0.93115000 0.00000000
vn 0.02243000 0.99975000 0.00000000
vn 0.02243000 0.99975000 0.00000000
vn 0.36465000 0.93115000 0.00000000
vn -0.54745000 0.83684000 0.00000000
vn -0.54745000 0.83684000 0.00000000
vn -0.28264000 0.95923000 0.00000000
vn -0.76569000 0.64321000 0.00000000
vn -0.28264000 0.95923000 0.00000000
vn 0.53110000 0.84731000 0.00000000
vn -0.99213000 0.12522000 0.00000000
vn -0.99213000 0.12522000 0.00000000
vn -0.91627000 0.40056000 0.00000000
vn -0.98606000 -0.16642000 0.00000000
vn -0.98606000 -0.16642000 0.00000000
vn -0.82261000 -0.56860000 0.00000000
vn -0.89608000 -0.44390000 0.00000000
vn -0.82261000 -0.56860000 0.00000000
vn -0.89608000 -0.44390000 0.00000000
vn -0.91627000 0.40056000 0.00000000
vn -0.76569000 0.64321000 0.00000000
vn -0.82261000 -0.56860000 0.00000000
vn -0.89820000 -0.43944000 0.01096000
vn -0.88474000 -0.46431000 0.04059000
vn -0.97712000 -0.21171000 0.02051000
vn -0.82396000 -0.56665000 0.00000000
vn -0.82396000 -0.56665000 0.00000000
vn -0.98769000 -0.15644000 0.00000000
vn -0.95874000 0.28429000 0.00000000
vn -0.99009000 0.14042000 0.00000000
vn -0.95874000 0.28429000 0.00000000
vn -0.99009000 0.14042000 0.00000000
vn -0.95874000 0.28429000 0.00000000
vn -0.97543000 0.21962000 -0.01770000
vn -0.94056000 0.33931000 -0.01440000
vn -0.94748000 0.31981000 0.00000000
vn -0.94667000 0.32185000 -0.01526000
vn -0.99980000 0.00000000 -0.02014000
vn -0.99397000 0.10929000 -0.00913000
vn -0.92888000 0.37038000 0.00000000
vn -0.97624000 0.21668000 0.00000000
vn -0.99397000 -0.10929000 -0.00913000
vn -1.00000000 0.00000000 0.00000000
vn -0.97543000 -0.21962000 -0.01770000
vn -0.94748000 -0.31981000 0.00000000
vn -0.94056000 -0.33931000 -0.01440000
vn -0.94667000 -0.32185000 -0.01526000
vn -0.92888000 -0.37038000 0.00000000
vn -0.97624000 -0.21668000 0.00000000
vn -0.95874000 -0.28429000 0.00000000
vn -0.95874000 -0.28429000 0.00000000
vn -0.99009000 -0.14042000 0.00000000
vn -0.99009000 -0.14042000 0.00000000
vn -0.98769000 0.15644000 0.00000000
vn -0.95874000 -0.28429000 0.00000000
vn -0.82396000 0.56665000 0.00000000
vn -0.89823000 0.43953000 0.00000000
vn -0.82396000 0.56665000 0.00000000
vn -0.89823000 0.43953000 0.00000000
vn -0.98769000 0.15644000 0.00000000
vn -0.82396000 0.56665000 0.00000000
vn -0.84603000 0.53314000 0.00000000
vn -0.84603000 0.53314000 0.00000000
vn -0.93203000 0.36239000 0.00000000
vn -0.91724000 -0.39833000 0.00000000
vn -0.91724000 -0.39833000 0.00000000
vn -0.99981000 -0.01941000 0.00000000
vn -0.70711000 -0.70711000 0.00000000
vn -0.99981000 -0.01941000 0.00000000
vn -0.93203000 0.36239000 0.00000000
vn -0.84603000 0.53314000 0.00000000
vn -0.01941000 -0.99981000 0.00000000
vn -0.01941000 -0.99981000 0.00000000
vn -0.39833000 -0.91724000 0.00000000
vn 0.53314000 -0.84603000 0.00000000
vn 0.36239000 -0.93203000 0.00000000
vn 0.53314000 -0.84603000 0.00000000
vn 0.36239000 -0.93203000 0.00000000
vn -0.39833000 -0.91724000 0.00000000
vn -0.70711000 -0.70711000 0.00000000
vn 0.53314000 -0.84603000 0.00000000
vn 0.53110000 -0.84731000 0.00000000
vn 0.53110000 -0.84731000 0.00000000
vn 0.36465000 -0.93115000 0.00000000
vn 0.53110000 -0.84731000 0.00000000
vn 0.36465000 -0.93115000 0.00000000
vn -0.01477000 -0.99989000 0.00000000
vn -0.21449000 -0.97673000 0.00000000
vn -0.21449000 -0.97673000 0.00000000
vn -0.21449000 -0.97673000 0.00000000
vn -0.01477000 -0.99989000 0.00000000
vn -0.22013000 -0.97148000 -0.08814000
vn -0.32768000 -0.94472000 -0.01129000
vn -0.26851000 -0.96168000 -0.05542000
vn -0.03122000 -0.99856000 -0.04373000
vn -0.29341000 -0.95238000 -0.08301000
vn -0.37038000 -0.92888000 0.00000000
vn -0.12617000 -0.99127000 -0.03839000
vn 0.00000000 -1.00000000 0.00000000
vn 0.10929000 -0.99397000 -0.00913000
vn 0.21962000 -0.97543000 -0.01770000
vn 0.31981000 -0.94748000 0.00000000
vn 0.33931000 -0.94056000 -0.01440000
vn 0.32185000 -0.94667000 -0.01526000
vn 0.21668000 -0.97624000 0.00000000
vn 0.37038000 -0.92888000 0.00000000
vn 0.21449000 -0.97673000 0.00000000
vn 0.21449000 -0.97673000 0.00000000
vn 0.01477000 -0.99989000 0.00000000
vn 0.21449000 -0.97673000 0.00000000
vn 0.01477000 -0.99989000 0.00000000
vn -0.36465000 -0.93115000 0.00000000
vn -0.53110000 -0.84731000 0.00000000
vn -0.53110000 -0.84731000 0.00000000
vn -0.53110000 -0.84731000 0.00000000
vn -0.36465000 -0.93115000 0.00000000
vn -0.53314000 -0.84603000 0.00000000
vn -0.53314000 -0.84603000 0.00000000
vn -0.36239000 -0.93203000 0.00000000
vn 0.39833000 -0.91724000 0.00000000
vn 0.39833000 -0.91724000 0.00000000
vn 0.01941000 -0.99981000 0.00000000
vn 0.70711000 -0.70711000 0.00000000
vn 0.01941000 -0.99981000 0.00000000
vn -0.36239000 -0.93203000 0.00000000
vn -0.53314000 -0.84603000 0.00000000
vn 0.99981000 -0.01941000 0.00000000
vn 0.99981000 -0.01941000 0.00000000
vn 0.91724000 -0.39833000 0.00000000
vn 0.84603000 0.53314000 0.00000000
vn 0.93203000 0.36239000 0.00000000
vn 0.84603000 0.53314000 0.00000000
vn 0.93203000 0.36239000 0.00000000
vn 0.91724000 -0.39833000 0.00000000
vn 0.70711000 -0.70711000 0.00000000
vn 0.84603000 0.53314000 0.00000000
vn 0.89820000 0.43944000 0.01096000
vn 0.88474000 0.46431000 0.04059000
vn 0.97712000 0.21171000 0.02051000
vn 0.82396000 0.56665000 0.00000000
vn 0.82396000 0.56665000 0.00000000
vn 0.98769000 0.15644000 0.00000000
vn 0.95874000 -0.28429000 0.00000000
vn 0.99009000 -0.14042000 0.00000000
vn 0.95874000 -0.28429000 0.00000000
vn 0.99009000 -0.14042000 0.00000000
vn 0.95874000 -0.28429000 0.00000000
vn 0.97543000 -0.21962000 -0.01770000
vn 0.94056000 -0.33931000 -0.01440000
vn 0.94748000 -0.31981000 0.00000000
vn 0.94667000 -0.32185000 -0.01526000
vn 0.92888000 -0.37038000 0.00000000
vn 0.97624000 -0.21668000 0.00000000
vn 0.99397000 -0.10929000 -0.00913000
vn 0.99980000 0.00000000 -0.02014000
vn 1.00000000 0.00000000 0.00000000
vn 0.97543000 0.21962000 -0.01770000
vn 0.99397000 0.10929000 -0.00913000
vn 0.94748000 0.31981000 0.00000000
vn 0.94056000 0.33931000 -0.01440000
vn 0.94667000 0.32185000 -0.01526000
vn 0.97624000 0.21668000 0.00000000
vn 0.92888000 0.37038000 0.00000000
vn 0.95874000 0.28429000 0.00000000
vn 0.95874000 0.28429000 0.00000000
vn 0.99009000 0.14042000 0.00000000
vn 0.95874000 0.28429000 0.00000000
vn 0.99009000 0.14042000 0.00000000
vn 0.98769000 -0.15644000 0.00000000
vn 0.97712000 -0.21171000 -0.02051000
vn 0.89820000 -0.43944000 -0.01096000
vn 0.82396000 -0.56665000 0.00000000
vn 0.82396000 -0.56665000 0.00000000
vn 0.88474000 -0.46431000 -0.04059000
vn 0.82261000 -0.56860000 0.00000000
vn 0.82261000 -0.56860000 0.00000000
vn 0.89608000 -0.44390000 0.00000000
vn 0.98606000 -0.16642000 0.00000000
vn 0.98606000 -0.16642000 0.00000000
vn 0.89608000 -0.44390000 0.00000000
vn 0.91627000 0.40056000 0.00000000
vn 0.91627000 0.40056000 0.00000000
vn 0.99213000 0.12522000 0.00000000
vn 0.76569000 0.64321000 0.00000000
vn 0.99213000 0.12522000 0.00000000
vn 0.82261000 -0.56860000 0.00000000
vn 0.28264000 0.95923000 0.00000000
vn 0.28264000 0.95923000 0.00000000
vn 0.54745000 0.83684000 0.00000000
vn -0.02243000 0.99975000 0.00000000
vn -0.02243000 0.99975000 0.00000000
vn -0.53110000 0.84731000 0.00000000
vn -0.36465000 0.93115000 0.00000000
vn -0.53110000 0.84731000 0.00000000
vn -0.36465000 0.93115000 0.00000000
vn 0.54745000 0.83684000 0.00000000
vn 0.76569000 0.64321000 0.00000000
vn -0.53110000 0.84731000 0.00000000
vn -0.56665000 0.82396000 0.00000000
vn -0.56665000 0.82396000 0.00000000
vn -0.43953000 0.89823000 0.00000000
vn -0.43953000 0.89823000 0.00000000
vn -0.15644000 0.98769000 0.00000000
vn -0.56665000 0.82396000 0.00000000
vn 0.28429000 0.95874000 0.00000000
vn 0.14042000 0.99009000 0.00000000
vn 0.28429000 0.95874000 0.00000000
vn 0.14042000 0.99009000 0.00000000
vn -0.15644000 0.98769000 0.00000000
vn 0.28429000 0.95874000 0.00000000
vn 0.33831000 0.94092000 -0.01456000
vn 0.31862000 0.94788000 0.00000000
vn 0.21446000 0.97661000 -0.01563000
vn 0.36949000 0.92923000 0.00000000
vn 0.32042000 0.94714000 -0.01572000
vn 0.21449000 0.97673000 0.00000000
vn 0.08704000 0.99610000 -0.01456000
vn 0.10590000 0.99425000 -0.01572000
vn 0.05384000 0.99855000 0.00000000
vn 0.10786000 0.99417000 0.00000000
vn 0.00000000 0.00000000 1.00000000
vn 0.00000000 0.00000000 1.00000000
vn 0.00000000 0.00000000 1.00000000
vn 0.00000000 0.00000000 1.00000000
vn 0.00000000 0.00000000 1.00000000
vn 0.00000000 0.00000000 1.00000000
vn 0.00000000 0.00000000 1.00000000
vn 0.00000000 0.00000000 1.00000000
vn 0.00000000 0.00000000 1.00000000
vn 0.00000000 0.00000000 1.00000000
vn 0.00000000 0.00000000 1.00000000
vn 0.00000000 0.00000000 1.00000000
vn 0.00000000 0.00000000 1.00000000
vn 0.00000000 0.00000000 1.00000000
vn 0.00000000 0.00000000 1.00000000
vn 0.00000000 0.00000000 1.00000000
vn 0.00000000 0.00000000 1.00000000
vn 0.00000000 0.00000000 1.00000000
vn 0.00000000 0.00000000 1.00000000
vn 0.00000000 0.00000000 1.00000000
vn 0.00000000 0.00000000 1.00000000
vn 0.00000000 0.00000000 1.00000000
vn 0.00000000 0.00000000 1.00000000
vn 0.00000000 0.00000000 1.00000000
vn 0.00000000 0.00000000 1.00000000
vn 0.00000000 0.00000000 1.00000000
vn 0.00000000 0.00000000 1.00000000
vn 0.00000000 0.00000000 1.00000000
vn 0.00000000 0.00000000 1.00000000
vn 0.00000000 0.00000000 1.00000000
vn 0.00000000 0.00000000 1.00000000
vn 0.00000000 0.00000000 1.00000000
vn 0.00000000 0.00000000 1.00000000
vn 0.00000000 0.00000000 1.00000000
vn 0.00000000 0.00000000 1.00000000
vn 0.00000000 0.00000000 1.00000000
vn 0.00000000 0.00000000 1.00000000
vn 0.00000000 0.00000000 1.00000000
vn 0.00000000 0.00000000 1.00000000
vn 0.00000000 0.00000000 1.00000000
vn 0.00000000 0.00000000 1.00000000
vn 0.00000000 0.00000000 1.00000000
vn 0.00000000 0.00000000 1.00000000
vn 0.00000000 0.00000000 1.00000000
vn 0.00000000 0.00000000 1.00000000
vn 0.00000000 0.00000000 1.00000000
vn 0.00000000 0.00000000 1.00000000
vn 0.00000000 0.00000000 1.00000000
vn 0.00000000 0.00000000 1.00000000
vn 0.00000000 0.00000000 1.00000000
vn 0.00000000 0.00000000 1.00000000
vn 0.00000000 0.00000000 1.00000000
vn 0.00000000 0.00000000 1.00000000
vn 0.00000000 0.00000000 1.00000000
vn 0.00000000 0.00000000 1.00000000
vn 0.00000000 0.00000000 1.00000000
vn 0.00000000 0.00000000 1.00000000
vn 0.00000000 0.00000000 1.00000000
vn 0.00000000 0.00000000 1.00000000
vn 0.00000000 0.00000000 1.00000000
vn 0.00000000 0.00000000 1.00000000
vn 0.00000000 0.00000000 1.00000000
vn 0.00000000 0.00000000 1.00000000
vn 0.00000000 0.00000000 1.00000000
vn 0.00000000 0.00000000 1.00000000
vn 0.00000000 0.00000000 1.00000000
vn 0.00000000 0.00000000 1.00000000
vn 0.00000000 0.00000000 1.00000000
vn 0.00000000 0.00000000 1.00000000
vn 0.00000000 0.00000000 1.00000000
vn 0.00000000 0.00000000 1.00000000
vn 0.00000000 0.00000000 1.00000000
vn 0.00000000 0.00000000 1.00000000
vn 0.00000000 0.00000000 1.00000000
vn 0.00000000 0.00000000 1.00000000
vn 0.00000000 0.00000000 1.00000000
vn 0.00000000 0.00000000 1.00000000
vn -0.04978000 0.99875000 -0.00421000
vn -0.10709000 0.99423000 -0.00543000
vn -0.08811000 0.99611000 0.00067000
vn -0.21446000 0.97671000 -0.00665000
vn -0.18091000 0.98350000 0.00232000
vn -0.31883000 0.94779000 -0.00674000
vn -0.44665000 0.89400000 -0.03571000
vn -0.36852000 0.92961000 0.00388000
vn -0.27495000 0.96145000 0.00327000
vn -0.69498000 0.71760000 -0.04535000
vn -0.83271000 0.55340000 -0.01859000
vn -0.77598000 0.63022000 -0.02612000
vn -0.90483000 0.42568000 -0.00937000
vn -0.88590000 0.46386000 -0.00400000
vn -0.55764000 0.82169000 -0.11777000
vn -0.94726000 0.32039000 -0.00653000
vn -0.92960000 0.36854000 0.00415000
vn -0.97620000 0.21674000 -0.00678000
vn -0.96140000 0.27513000 0.00339000
vn -0.99405000 0.10877000 -0.00586000
vn -0.99999000 0.00000000 -0.00467000
vn -0.99613000 0.08792000 0.00058000
vn -0.99405000 -0.10877000 -0.00586000
vn -0.97620000 -0.21674000 -0.00678000
vn -0.98348000 -0.18101000 0.00235000
vn -0.99613000 -0.08792000 0.00058000
vn -0.98348000 0.18101000 0.00235000
vn -0.94726000 -0.32039000 -0.00653000
vn -0.89387000 -0.44692000 -0.03552000
vn -0.92960000 -0.36854000 0.00415000
vn -0.71760000 -0.69498000 -0.04535000
vn -0.82169000 -0.55764000 -0.11777000
vn -0.55340000 -0.83271000 -0.01859000
vn -0.42568000 -0.90483000 -0.00937000
vn -0.46386000 -0.88590000 -0.00400000
vn -0.32039000 -0.94726000 -0.00653000
vn -0.21674000 -0.97620000 -0.00678000
vn -0.27513000 -0.96140000 0.00339000
vn -0.36854000 -0.92960000 0.00415000
vn -0.63022000 -0.77598000 -0.02612000
vn -0.96140000 -0.27513000 0.00339000
vn -0.10877000 -0.99405000 -0.00586000
vn -0.18101000 -0.98348000 0.00235000
vn -0.47133000 0.88181000 -0.01581000
vn -0.70711000 0.70711000 0.00000000
vn -0.60827000 0.78989000 -0.07801000
vn -0.70711000 -0.70711000 0.00000000
vn -0.78989000 -0.60827000 -0.07801000
vn -0.88181000 -0.47133000 -0.01581000
vn 0.00000000 -1.00000000 0.00000000
vn -0.08792000 -0.99613000 0.00058000
vn 0.00000000 -0.99999000 -0.00467000
vn 0.10877000 -0.99405000 -0.00586000
vn 0.08792000 -0.99613000 0.00058000
vn 0.21674000 -0.97620000 -0.00678000
vn 0.18101000 -0.98348000 0.00235000
vn 0.32039000 -0.94726000 -0.00653000
vn 0.44692000 -0.89387000 -0.03552000
vn 0.36854000 -0.92960000 0.00415000
vn 0.27513000 -0.96140000 0.00342000
vn 0.69498000 -0.71760000 -0.04535000
vn 0.83271000 -0.55340000 -0.01859000
vn 0.77598000 -0.63022000 -0.02612000
vn 0.90483000 -0.42568000 -0.00937000
vn 0.94726000 -0.32039000 -0.00653000
vn 0.92960000 -0.36854000 0.00415000
vn 0.88590000 -0.46386000 -0.00400000
vn 0.55764000 -0.82169000 -0.11777000
vn 0.97620000 -0.21674000 -0.00678000
vn 0.96140000 -0.27513000 0.00339000
vn 0.99405000 -0.10877000 -0.00586000
vn 0.98348000 -0.18101000 0.00235000
vn 0.99999000 0.00000000 -0.00467000
vn 0.99405000 0.10877000 -0.00586000
vn 0.99613000 0.08792000 0.00058000
vn 0.97620000 0.21674000 -0.00678000
vn 0.94726000 0.32039000 -0.00653000
vn 0.96140000 0.27513000 0.00339000
vn 0.98348000 0.18101000 0.00235000
vn 0.99613000 -0.08792000 0.00058000
vn 0.89387000 0.44692000 -0.03552000
vn 0.71760000 0.69498000 -0.04535000
vn 0.82169000 0.55764000 -0.11777000
vn 0.55340000 0.83271000 -0.01859000
vn 0.63022000 0.77598000 -0.02612000
vn 0.42541000 0.90495000 -0.00955000
vn 0.31883000 0.94779000 -0.00674000
vn 0.36852000 0.92961000 0.00388000
vn 0.21446000 0.97671000 -0.00665000
vn 0.10709000 0.99423000 -0.00543000
vn 0.18091000 0.98350000 0.00232000
vn 0.27495000 0.96145000 0.00327000
vn 0.46386000 0.88590000 -0.00400000
vn 0.92960000 0.36854000 0.00415000
vn 0.04978000 0.99875000 -0.00421000
vn 0.08811000 0.99611000 0.00067000
vn 0.47133000 -0.88181000 -0.01581000
vn 0.70711000 -0.70711000 0.00000000
vn 0.60827000 -0.78989000 -0.07801000
vn 0.70711000 0.70711000 0.00000000
vn 0.78989000 0.60827000 -0.07801000
vn 0.88181000 0.47133000 -0.01581000
vn 0.54743000 0.83685000 0.00000000
vn 0.00000000 0.00000000 1.00000000
vn 0.00000000 0.00000000 1.00000000
vn 0.00000000 0.00000000 1.00000000
vn 0.00000000 0.00000000 1.00000000
vn -0.00000000 0.00000000 1.00000000
vn -0.00000000 0.00000000 1.00000000
vn 0.00000000 0.00000000 1.00000000
vn 0.00000000 0.00000000 1.00000000
vn 0.00000000 0.00000000 1.00000000
vn 0.00000000 0.00000000 1.00000000
vn -0.00000000 0.00000000 1.00000000
vn 0.00000000 0.00000000 1.00000000
vn 0.00000000 0.00000000 1.00000000
vn 0.00000000 0.00000000 1.00000000
vn 0.00000000 0.00000000 1.00000000
vn -0.00000000 0.00000000 1.00000000
vn 0.00000000 0.00000000 1.00000000
vn 0.00000000 0.00000000 1.00000000
vn 0.00000000 0.00000000 1.00000000
vn 0.00000000 0.00000000 1.00000000
vn 0.00000000 0.00000000 1.00000000
vn -0.00000000 0.00000000 1.00000000
vn 0.00000000 0.00000000 1.00000000
vn 0.00000000 0.00000000 1.00000000
vn -0.00000000 0.00000000 1.00000000
vn 0.00000000 0.00000000 1.00000000
vn 0.00000000 0.00000000 1.00000000
vn -0.00000000 0.00000000 1.00000000
vn -0.00000000 0.00000000 1.00000000
vn 0.00000000 0.00000000 1.00000000
vn 0.00000000 0.00000000 1.00000000
vn -0.00000000 0.00000000 1.00000000
vn 0.00000000 0.00000000 1.00000000
vn 0.00000000 0.00000000 1.00000000
vn 0.00000000 0.00000000 1.00000000
vn 0.00000000 0.00000000 1.00000000
vn 0.00000000 0.00000000 1.00000000
vn 0.00000000 0.00000000 1.00000000
vn 0.00000000 0.00000000 1.00000000
vn 0.00000000 0.00000000 1.00000000
vn 0.00000000 0.00000000 1.00000000
vn 0.00000000 0.00000000 1.00000000
vn 0.00000000 0.00000000 1.00000000
vn -0.00000000 0.00000000 1.00000000
vn 0.00000000 0.00000000 1.00000000
vn 0.00000000 0.00000000 1.00000000
vn 0.00000000 0.00000000 1.00000000
vn 0.00000000 0.00000000 1.00000000
vn 0.00000000 0.00000000 1.00000000
vn 0.00000000 0.00000000 1.00000000
vn 0.00000000 0.00000000 1.00000000
vn -0.00000000 0.00000000 1.00000000
vn 0.00000000 0.00000000 1.00000000
vn 0.00000000 0.00000000 1.00000000
vn 0.00000000 0.00000000 1.00000000
vn -0.00000000 0.00000000 1.00000000
vn 0.00000000 0.00000000 1.00000000
vn 0.00000000 0.00000000 1.00000000
vn -0.00000000 0.00000000 1.00000000
vn 0.00000000 0.00000000 1.00000000
vn 0.00000000 0.00000000 1.00000000
vn 0.00000000 0.00000000 1.00000000
vn -0.00000000 0.00000000 1.00000000
vn 0.00000000 0.00000000 1.00000000
vn 0.00000000 0.00000000 1.00000000
vn -0.00000000 0.00000000 1.00000000
vn -0.00000000 0.00000000 1.00000000
vn 0.00000000 0.00000000 1.00000000
vn 0.00000000 0.00000000 1.00000000
vn -0.00000000 0.00000000 1.00000000
vn 0.00000000 0.00000000 1.00000000
vn 0.00000000 0.00000000 1.00000000
vn -0.00000000 0.00000000 1.00000000
vn 0.00000000 0.00000000 1.00000000
vn -0.00000000 0.00000000 1.00000000
vn -0.00000000 0.00000000 1.00000000
vn 0.00000000 0.00000000 1.00000000
vn 0.00000000 0.00000000 1.00000000
vn 0.00000000 0.00000000 1.00000000
vn 0.00000000 0.00000000 1.00000000
vn 0.00000000 0.00000000 1.00000000
vn -0.00000000 0.00000000 1.00000000
vn 0.00000000 0.00000000 1.00000000
vn 0.00000000 0.00000000 1.00000000
vn 0.00000000 0.00000000 1.00000000
vn -0.00000000 0.00000000 1.00000000
vn 0.00000000 0.00000000 1.00000000
vn 0.00000000 0.00000000 1.00000000
vn 0.00000000 0.00000000 1.00000000
vn -0.00000000 0.00000000 1.00000000
vn 0.00000000 0.00000000 1.00000000
vn 0.00000000 0.00000000 1.00000000
vn -0.00000000 0.00000000 1.00000000
vn -0.00000000 0.00000000 1.00000000
vn 0.00000000 0.00000000 1.00000000
vn 0.00000000 0.00000000 1.00000000
vn 0.00000000 0.00000000 1.00000000
vn -0.00000000 0.00000000 1.00000000
vn 0.00000000 0.00000000 1.00000000
vn 0.00000000 0.00000000 1.00000000
vn 0.00000000 0.00000000 1.00000000
vn 0.00000000 0.00000000 1.00000000
vn -0.00000000 0.00000000 1.00000000
vn 0.00000000 0.00000000 1.00000000
vn -0.00000000 0.00000000 1.00000000
vn 0.00000000 0.00000000 1.00000000
vn 0.00000000 0.00000000 1.00000000
vn 0.00000000 0.00000000 1.00000000
vn -0.00000000 0.00000000 1.00000000
vn 0.00000000 0.00000000 1.00000000
vn -0.00000000 0.00000000 1.00000000
vn 0.00000000 0.00000000 1.00000000
vn -0.00000000 0.00000000 1.00000000
vn 0.00000000 0.00000000 1.00000000
vn 0.00000000 0.00000000 1.00000000
vn 0.00000000 0.00000000 1.00000000
vn -0.00000000 0.00000000 1.00000000
vn 0.00000000 0.00000000 1.00000000
vn 0.00000000 0.00000000 1.00000000
vn 0.00000000 0.00000000 1.00000000
vn -0.00000000 0.00000000 1.00000000
vn 0.00000000 0.00000000 1.00000000
vn -0.00000000 0.00000000 1.00000000
vn 0.00000000 0.00000000 1.00000000
vn 0.00000000 0.00000000 1.00000000
vn 0.00000000 0.00000000 1.00000000
vn 0.00000000 0.00000000 1.00000000
vn 0.00000000 0.00000000 1.00000000
vn 0.00000000 0.00000000 1.00000000
vn 0.00000000 0.00000000 1.00000000
vn -0.00000000 0.00000000 1.00000000
vn 0.00000000 0.00000000 1.00000000
vn -0.00000000 0.00000000 1.00000000
vn 0.00000000 0.00000000 1.00000000
vn -0.00000000 0.00000000 1.00000000
vn -0.00000000 0.00000000 1.00000000
vn 0.00000000 0.00000000 1.00000000
vn -0.00000000 0.00000000 1.00000000
vn 0.00000000 0.00000000 1.00000000
vn -0.00000000 0.00000000 1.00000000
vn -0.00000000 0.00000000 1.00000000
vn 0.00000000 0.00000000 1.00000000
vn -0.00000000 0.00000000 1.00000000
vn 0.00000000 0.00000000 1.00000000
vn 0.00000000 0.00000000 1.00000000
vn 0.00000000 0.00000000 1.00000000
vn -0.00000000 0.00000000 1.00000000
vn 0.00000000 0.00000000 1.00000000
vn 0.00000000 0.00000000 1.00000000
vn 0.00000000 0.00000000 1.00000000
vn 0.00000000 0.00000000 1.00000000
vn 0.00000000 0.00000000 1.00000000
vn 0.00000000 0.00000000 1.00000000
vn 0.00000000 0.00000000 1.00000000
vn 0.00000000 0.00000000 1.00000000
vn -0.00000000 0.00000000 1.00000000
vn 0.00000000 0.00000000 1.00000000
vn 0.00000000 0.00000000 1.00000000
vn 0.00000000 0.00000000 1.00000000
vn -0.00000000 0.00000000 1.00000000
vn 0.00000000 0.00000000 1.00000000
vn 0.00000000 0.00000000 1.00000000
vn 0.00000000 0.00000000 1.00000000
vn 0.00000000 0.00000000 1.00000000
vn 0.00000000 0.00000000 1.00000000
vn -0.13358000 0.70045000 0.70109000
vn -0.06723000 0.71146000 0.69950000
vn -0.06360000 0.92085000 0.38469000
vn -0.07218000 0.37853000 0.92277000
vn -0.03638000 0.38511000 0.92215000
vn -0.26518000 0.66221000 0.70082000
vn -0.17890000 0.90702000 0.38118000
vn -0.14344000 0.35811000 0.92259000
vn -0.39175000 0.59642000 0.70058000
vn -0.34151000 0.85740000 0.38503000
vn -0.21202000 0.32277000 0.92242000
vn -0.50458000 0.50458000 0.70057000
vn -0.65249000 0.65249000 0.38536000
vn -0.27306000 0.27306000 0.92243000
vn -0.59642000 0.39175000 0.70058000
vn -0.32277000 0.21202000 0.92242000
vn -0.66220000 0.26518000 0.70084000
vn -0.76990000 0.50906000 0.38485000
vn -0.35811000 0.14344000 0.92259000
vn -0.70045000 0.13358000 0.70109000
vn -0.90702000 0.17890000 0.38118000
vn -0.37853000 0.07218000 0.92277000
vn -0.71308000 0.00000000 0.70108000
vn -0.38536000 0.00000000 0.92277000
vn -0.70045000 -0.13358000 0.70109000
vn -0.90702000 -0.17890000 0.38118000
vn -0.37853000 -0.07218000 0.92277000
vn -0.66220000 -0.26518000 0.70084000
vn -0.35811000 -0.14344000 0.92259000
vn -0.59642000 -0.39175000 0.70058000
vn -0.85740000 -0.34151000 0.38503000
vn -0.32277000 -0.21202000 0.92242000
vn -0.50458000 -0.50458000 0.70057000
vn -0.76990000 -0.50906000 0.38485000
vn -0.27306000 -0.27306000 0.92243000
vn -0.39174000 -0.59641000 0.70060000
vn -0.65249000 -0.65249000 0.38536000
vn -0.21202000 -0.32277000 0.92242000
vn -0.26518000 -0.66221000 0.70082000
vn -0.34151000 -0.85741000 0.38500000
vn -0.14344000 -0.35811000 0.92259000
vn -0.13358000 -0.70045000 0.70109000
vn -0.17890000 -0.90702000 0.38118000
vn -0.07218000 -0.37853000 0.92277000
vn 0.00000000 -0.71308000 0.70108000
vn 0.00000000 -0.38536000 0.92277000
vn 0.13358000 -0.70045000 0.70109000
vn 0.17890000 -0.90702000 0.38118000
vn 0.07218000 -0.37853000 0.92277000
vn 0.26518000 -0.66221000 0.70082000
vn 0.14344000 -0.35811000 0.92259000
vn 0.39175000 -0.59642000 0.70058000
vn 0.34151000 -0.85741000 0.38500000
vn 0.21202000 -0.32277000 0.92242000
vn 0.50458000 -0.50458000 0.70057000
vn 0.65249000 -0.65249000 0.38536000
vn 0.27306000 -0.27306000 0.92243000
vn 0.59642000 -0.39175000 0.70058000
vn 0.76990000 -0.50906000 0.38485000
vn 0.32277000 -0.21202000 0.92242000
vn 0.66220000 -0.26518000 0.70084000
vn 0.35811000 -0.14344000 0.92259000
vn 0.70045000 -0.13358000 0.70109000
vn 0.90702000 -0.17890000 0.38118000
vn 0.37853000 -0.07218000 0.92277000
vn 0.71308000 0.00000000 0.70108000
vn 0.38536000 0.00000000 0.92277000
vn 0.70045000 0.13358000 0.70109000
vn 0.90702000 0.17890000 0.38118000
vn 0.37853000 0.07218000 0.92277000
vn 0.66220000 0.26518000 0.70084000
vn 0.35811000 0.14344000 0.92259000
vn 0.59642000 0.39175000 0.70058000
vn 0.85740000 0.34151000 0.38503000
vn 0.32277000 0.21202000 0.92242000
vn 0.50458000 0.50458000 0.70057000
vn 0.76990000 0.50906000 0.38485000
vn 0.27306000 0.27306000 0.92243000
vn 0.39175000 0.59642000 0.70058000
vn 0.65249000 0.65249000 0.38536000
vn 0.21202000 0.32277000 0.92242000
vn 0.26518000 0.66221000 0.70082000
vn 0.34151000 0.85741000 0.38500000
vn 0.14344000 0.35811000 0.92259000
vn 0.13358000 0.70045000 0.70109000
vn 0.17890000 0.90702000 0.38118000
vn 0.07218000 0.37853000 0.92277000
vn 0.06723000 0.71146000 0.69950000
vn 0.06360000 0.92085000 0.38469000
vn 0.03638000 0.38509000 0.92216000
vn -0.04416000 0.98133000 0.18717000
vn -0.07938000 0.84395000 0.53052000
vn -0.16410000 0.96659000 0.19691000
vn -0.23634000 0.81487000 0.52927000
vn -0.36205000 0.91318000 0.18715000
vn -0.50906000 0.76990000 0.38485000
vn -0.37694000 0.72599000 0.57520000
vn -0.53171000 0.82561000 0.18882000
vn -0.51654000 0.63468000 0.57477000
vn -0.69462000 0.69462000 0.18711000
vn -0.63468000 0.51654000 0.57477000
vn -0.82561000 0.53171000 0.18882000
vn -0.72599000 0.37694000 0.57520000
vn -0.85741000 0.34151000 0.38500000
vn -0.91318000 0.36204000 0.18714000
vn -0.81487000 0.23634000 0.52927000
vn -0.96660000 0.16410000 0.19688000
vn -0.92275000 0.00000000 0.38540000
vn -0.84398000 0.07941000 0.53046000
vn -0.98233000 0.00000000 0.18718000
vn -0.84398000 -0.07941000 0.53046000
vn -0.96660000 -0.16410000 0.19688000
vn -0.91318000 -0.36205000 0.18715000
vn -0.81487000 -0.23634000 0.52927000
vn -0.72599000 -0.37694000 0.57520000
vn -0.63468000 -0.51654000 0.57477000
vn -0.82561000 -0.53171000 0.18879000
vn -0.69462000 -0.69462000 0.18711000
vn -0.51654000 -0.63468000 0.57477000
vn -0.53173000 -0.82560000 0.18879000
vn -0.50906000 -0.76990000 0.38485000
vn -0.37694000 -0.72599000 0.57520000
vn -0.23634000 -0.81487000 0.52927000
vn -0.36204000 -0.91318000 0.18714000
vn -0.16410000 -0.96660000 0.19688000
vn -0.07941000 -0.84398000 0.53046000
vn -0.03510000 0.18403000 0.98229000
vn -0.10285000 0.15659000 0.98229000
vn -0.13248000 0.13248000 0.98229000
vn -0.06968000 0.17390000 0.98230000
vn -0.18403000 0.03510000 0.98229000
vn -0.17390000 0.06968000 0.98230000
vn -0.18736000 0.00000000 0.98229000
vn -0.15659000 0.10285000 0.98229000
vn -0.18403000 -0.03510000 0.98229000
vn -0.15659000 -0.10285000 0.98229000
vn -0.17390000 -0.06968000 0.98230000
vn 0.00000000 -0.92275000 0.38540000
vn -0.13248000 -0.13248000 0.98229000
vn -0.10285000 -0.15659000 0.98229000
vn -0.03510000 -0.18403000 0.98229000
vn -0.06968000 -0.17390000 0.98230000
vn 0.00000000 -0.18736000 0.98229000
vn 0.00000000 -0.98233000 0.18718000
vn 0.07941000 -0.84398000 0.53046000
vn 0.16410000 -0.96660000 0.19688000
vn 0.23634000 -0.81487000 0.52927000
vn 0.36204000 -0.91318000 0.18714000
vn 0.50906000 -0.76990000 0.38485000
vn 0.37694000 -0.72599000 0.57520000
vn 0.53171000 -0.82561000 0.18879000
vn 0.51654000 -0.63468000 0.57477000
vn 0.69461000 -0.69461000 0.18714000
vn 0.63468000 -0.51654000 0.57477000
vn 0.85741000 -0.34151000 0.38500000
vn 0.72599000 -0.37694000 0.57520000
vn 0.81487000 -0.23634000 0.52927000
vn 0.91318000 -0.36204000 0.18714000
vn 0.82561000 -0.53171000 0.18882000
vn 0.96660000 -0.16410000 0.19688000
vn 0.84398000 -0.07941000 0.53046000
vn 0.92275000 0.00000000 0.38540000
vn 0.98233000 0.00000000 0.18718000
vn 0.84398000 0.07941000 0.53046000
vn 0.81487000 0.23634000 0.52927000
vn 0.96660000 0.16410000 0.19685000
vn 0.72599000 0.37694000 0.57520000
vn 0.91318000 0.36205000 0.18715000
vn 0.82561000 0.53171000 0.18879000
vn 0.69461000 0.69461000 0.18714000
vn 0.63468000 0.51654000 0.57477000
vn 0.51654000 0.63468000 0.57477000
vn 0.53171000 0.82561000 0.18879000
vn 0.50906000 0.76991000 0.38482000
vn 0.37694000 0.72599000 0.57520000
vn 0.36205000 0.91319000 0.18711000
vn 0.16410000 0.96659000 0.19691000
vn 0.23634000 0.81488000 0.52926000
vn 0.07938000 0.84395000 0.53052000
vn 0.04416000 0.98133000 0.18717000
vn 0.06968000 -0.17390000 0.98230000
vn 0.13248000 -0.13248000 0.98229000
vn 0.15659000 -0.10285000 0.98229000
vn 0.10285000 -0.15659000 0.98229000
vn 0.18736000 0.00000000 0.98229000
vn 0.18403000 0.03510000 0.98229000
vn 0.18403000 -0.03510000 0.98229000
vn 0.17390000 -0.06968000 0.98230000
vn 0.03510000 -0.18403000 0.98229000
vn 0.17390000 0.06968000 0.98230000
vn 0.15659000 0.10285000 0.98229000
vn 0.13248000 0.13248000 0.98229000
vn 0.10285000 0.15659000 0.98229000
vn 0.03510000 0.18403000 0.98229000
vn 0.06968000 0.17390000 0.98230000
vn 0.01770000 0.18733000 0.98214000
vn 0.00000000 0.00000000 -1.00000000
vn 0.00000000 0.00000000 -1.00000000
vn 0.00000000 0.00000000 -1.00000000
vn 0.00000000 0.00000000 -1.00000000
vn 0.00000000 0.00000000 -1.00000000
vn 0.00000000 0.00000000 -1.00000000
vn 0.00000000 0.00000000 -1.00000000
vn 0.00000000 0.00000000 -1.00000000
vn 0.00000000 0.00000000 -1.00000000
vn 0.00000000 0.00000000 -1.00000000
vn 0.00000000 0.00000000 -1.00000000
vn 0.00000000 0.00000000 -1.00000000
vn 0.00000000 0.00000000 -1.00000000
vn 0.00000000 0.00000000 -1.00000000
vn 0.00000000 0.00000000 -1.00000000
vn 0.00000000 0.00000000 -1.00000000
vn 0.00000000 0.00000000 -1.00000000
vn 0.00000000 0.00000000 -1.00000000
vn 0.00000000 0.00000000 -1.00000000
vn 0.00000000 0.00000000 -1.00000000
vn 0.00000000 0.00000000 -1.00000000
vn 0.00000000 0.00000000 -1.00000000
vn 0.00000000 0.00000000 -1.00000000
vn 0.00000000 0.00000000 -1.00000000
vn 0.00000000 0.00000000 -1.00000000
vn 0.00000000 0.00000000 -1.00000000
vn 0.00000000 0.00000000 -1.00000000
vn 0.00000000 0.00000000 -1.00000000
vn 0.00000000 0.00000000 -1.00000000
vn 0.00000000 0.00000000 -1.00000000
vn 0.00000000 0.00000000 -1.00000000
vn 0.00000000 0.00000000 -1.00000000
vn 0.00000000 0.00000000 -1.00000000
vn 0.00000000 0.00000000 -1.00000000
vn 0.00000000 0.00000000 -1.00000000
vn 0.00000000 0.00000000 -1.00000000
vn 0.00000000 0.00000000 -1.00000000
vn 0.00000000 0.00000000 -1.00000000
vn 0.00000000 0.00000000 -1.00000000
vn 0.00000000 0.00000000 -1.00000000
vn 0.00000000 0.00000000 -1.00000000
vn 0.00000000 0.00000000 -1.00000000
vn 0.00000000 0.00000000 -1.00000000
vn 0.00000000 0.00000000 -1.00000000
vn 0.00000000 0.00000000 -1.00000000
vn 0.00000000 0.00000000 -1.00000000
vn 0.00000000 0.00000000 -1.00000000
vn 0.00000000 0.00000000 -1.00000000
vn 0.00000000 0.00000000 -1.00000000
vn 0.00000000 0.00000000 -1.00000000
vn 0.00000000 0.00000000 -1.00000000
vn 0.00000000 0.00000000 -1.00000000
vn 0.00000000 0.00000000 -1.00000000
vn 0.00000000 0.00000000 -1.00000000
vn 0.00000000 0.00000000 -1.00000000
vn 0.00000000 0.00000000 -1.00000000
vn 0.00000000 0.00000000 -1.00000000
vn 0.00000000 0.00000000 -1.00000000
vn 0.00000000 0.00000000 -1.00000000
vn 0.00000000 0.00000000 -1.00000000
vn 0.00000000 0.00000000 -1.00000000
vn 0.00000000 0.00000000 -1.00000000
vn 0.00000000 0.00000000 -1.00000000
vn 0.00000000 0.00000000 -1.00000000
vn 0.00000000 0.00000000 -1.00000000
vn 0.00000000 0.00000000 -1.00000000
vn 0.00000000 0.00000000 -1.00000000
vn 0.00000000 0.00000000 -1.00000000
vn 0.00000000 0.00000000 -1.00000000
vn 0.00000000 0.00000000 -1.00000000
vn 0.00000000 0.00000000 -1.00000000
vn 0.00000000 0.00000000 -1.00000000
vn 0.00000000 0.00000000 -1.00000000
vn 0.00000000 0.00000000 -1.00000000
vn 0.00000000 0.00000000 -1.00000000
vn 0.00000000 0.00000000 -1.00000000
vn 0.00000000 0.00000000 -1.00000000
vn 0.00000000 0.00000000 -1.00000000
vn 0.00000000 0.00000000 -1.00000000
vn 0.00000000 0.00000000 -1.00000000
vn 0.00000000 0.00000000 -1.00000000
vn 0.00000000 0.00000000 -1.00000000
vn 0.00000000 0.00000000 -1.00000000
vn 0.00000000 0.00000000 -1.00000000
vn 0.00000000 0.00000000 -1.00000000
vn 0.00000000 0.00000000 -1.00000000
vn 0.00000000 0.00000000 -1.00000000
vn 0.00000000 0.00000000 -1.00000000
vn 0.00000000 0.00000000 -1.00000000
vn 0.00000000 0.00000000 -1.00000000
vn 0.00000000 0.00000000 -1.00000000
vn 0.00000000 0.00000000 -1.00000000
vn 0.00000000 0.00000000 -1.00000000
vn 0.00000000 0.00000000 -1.00000000
vn 0.00000000 0.00000000 -1.00000000
vn 0.00000000 0.00000000 -1.00000000
vn 0.00000000 0.00000000 -1.00000000
vn 0.00000000 0.00000000 -1.00000000
vn 0.00000000 0.00000000 -1.00000000
vn 0.00000000 0.00000000 -1.00000000
vn 0.00000000 0.00000000 -1.00000000
vn 0.00000000 0.00000000 -1.00000000
vn 0.00000000 0.00000000 -1.00000000
vn 0.00000000 0.00000000 -1.00000000
vn 0.00000000 0.00000000 -1.00000000
vn 0.00000000 0.00000000 -1.00000000
vn 0.00000000 0.00000000 -1.00000000
vn 0.00000000 0.00000000 -1.00000000
vn 0.00000000 0.00000000 -1.00000000
vn 0.00000000 0.00000000 -1.00000000
vn 0.00000000 0.00000000 -1.00000000
vn 0.00000000 0.00000000 -1.00000000
vn 0.00000000 0.00000000 -1.00000000
vn 0.00000000 0.00000000 -1.00000000
vn 0.00000000 0.00000000 -1.00000000
vn -0.86603000 -0.50000000 0.00000000
vn -0.86603000 -0.50000000 0.00000000
vn -0.86603000 -0.50000000 0.00000000
vn -0.86603000 -0.50000000 0.00000000
vn -0.86603000 -0.50000000 0.00000000
vn -0.86603000 -0.50000000 0.00000000
vn -0.86603000 -0.50000000 0.00000000
vn -0.86603000 -0.50000000 0.00000000
vn -0.86603000 -0.50000000 0.00000000
vn -0.86603000 -0.50000000 0.00000000
vn -0.86603000 -0.50000000 0.00000000
vn -0.86603000 -0.50000000 0.00000000
vn -0.86603000 -0.50000000 0.00000000
vn -0.86603000 -0.50000000 0.00000000
vn 0.00000000 -1.00000000 0.00000000
vn 0.00000000 -1.00000000 0.00000000
vn 0.00000000 -1.00000000 0.00000000
vn 0.00000000 -1.00000000 0.00000000
vn 0.00000000 -1.00000000 0.00000000
vn 0.00000000 -1.00000000 0.00000000
vn 0.86603000 -0.50000000 0.00000000
vn 0.86603000 -0.50000000 0.00000000
vn 0.86603000 -0.50000000 0.00000000
vn 0.86603000 -0.50000000 0.00000000
vn 0.86603000 -0.50000000 0.00000000
vn 0.86603000 -0.50000000 0.00000000
vn 0.86603000 -0.50000000 0.00000000
vn 0.86603000 -0.50000000 0.00000000
vn 0.86603000 -0.50000000 0.00000000
vn 0.86603000 -0.50000000 0.00000000
vn 0.86603000 -0.50000000 0.00000000
vn 0.86603000 0.50000000 0.00000000
vn 0.86603000 0.50000000 0.00000000
vn 0.86603000 0.50000000 0.00000000
vn 0.86603000 0.50000000 0.00000000
vn 0.86603000 0.50000000 0.00000000
vn 0.86603000 0.50000000 0.00000000
vn 0.86603000 0.50000000 0.00000000
vn 0.86603000 0.50000000 0.00000000
vn 0.86603000 0.50000000 0.00000000
vn 0.86603000 0.50000000 0.00000000
vn 0.86603000 0.50000000 0.00000000
vn 0.00000000 1.00000000 0.00000000
vn 0.00000000 1.00000000 0.00000000
vn 0.00000000 1.00000000 0.00000000
vn 0.00000000 1.00000000 -0.00000000
vn 0.00000000 1.00000000 0.00000000
vn 0.00000000 1.00000000 0.00000000
vn 0.00000000 1.00000000 0.00000000
vn 0.00000000 1.00000000 0.00000000
vn 0.00000000 1.00000000 0.00000000
vn 0.00000000 1.00000000 -0.00000000
vn 0.00000000 1.00000000 -0.00000000
vn 0.00000000 1.00000000 0.00000000
vn 0.00000000 1.00000000 0.00000000
vn 0.00000000 1.00000000 0.00000000
vn -0.86603000 0.50000000 0.00000000
vn -0.86603000 0.50000000 0.00000000
vn -0.86603000 0.50000000 0.00000000
vn -0.86603000 0.50000000 0.00000000
vn -0.86603000 0.50000000 0.00000000
vn -0.86603000 0.50000000 0.00000000
vn -0.86603000 0.50000000 0.00000000
vn -0.86603000 0.50000000 0.00000000
vn -0.86603000 0.50000000 0.00000000
vn -0.86603000 0.50000000 0.00000000
vn -0.86603000 0.50000000 0.00000000
vn -0.86603000 0.50000000 0.00000000
vn -0.86603000 0.50000000 0.00000000
vn -0.86603000 0.50000000 0.00000000
vn -0.86603000 0.50000000 0.00000000
vn -0.86603000 0.50000000 0.00000000
vn -0.86603000 0.50000000 0.00000000
vn -0.86603000 0.50000000 0.00000000
vn -0.00000000 0.00000000 1.00000000
vn -0.00000000 0.00000000 1.00000000
vn 0.00000000 0.00000000 1.00000000
vn 0.00000000 0.00000000 1.00000000
vn 0.00000000 0.00000000 1.00000000
vn -0.00000000 0.00000000 1.00000000
vn 0.00000000 0.00000000 1.00000000
vn -0.00000000 0.00000000 1.00000000
vn 0.00000000 0.00000000 1.00000000
vn 0.00000000 0.00000000 1.00000000
vn 0.00000000 0.00000000 1.00000000
vn 0.00000000 0.00000000 1.00000000
vn 0.00000000 0.00000000 1.00000000
vn 0.00000000 0.00000000 1.00000000
vn 0.00000000 0.00000000 1.00000000
vn 0.00000000 0.00000000 1.00000000
vn -0.00000000 0.00000000 1.00000000
vn 0.00000000 0.00000000 1.00000000
vn 0.00000000 0.00000000 1.00000000
vn -0.00000000 0.00000000 1.00000000
vn 0.00000000 0.00000000 1.00000000
vn 0.00000000 0.00000000 1.00000000
vn 0.00000000 0.00000000 1.00000000
vn 0.00000000 0.00000000 1.00000000
vn -0.00000000 0.00000000 1.00000000
vn 0.00000000 0.00000000 1.00000000
vn -0.00000000 0.00000000 1.00000000
vn 0.00000000 0.00000000 1.00000000
vn 0.00000000 0.00000000 1.00000000
vn 0.00000000 0.00000000 1.00000000
vn 0.00000000 0.00000000 1.00000000
vn -0.00000000 0.00000000 1.00000000
vn 0.00000000 0.00000000 1.00000000
vn 0.00000000 0.00000000 1.00000000
vn 0.00000000 0.00000000 1.00000000
vn 0.00000000 0.00000000 1.00000000
vn 0.00000000 0.00000000 1.00000000
vn 0.00000000 0.00000000 1.00000000
vn 0.00000000 0.00000000 1.00000000
vn 0.00000000 0.00000000 1.00000000
vn -0.00000000 0.00000000 1.00000000
vn 0.00000000 0.00000000 1.00000000
vn 0.00000000 0.00000000 1.00000000
vn -0.00000000 0.00000000 1.00000000
vn 0.00000000 0.00000000 1.00000000
vn 0.00000000 0.00000000 1.00000000
vn -0.00000000 0.00000000 1.00000000
vn 0.00000000 0.00000000 1.00000000
vn 0.00000000 0.00000000 1.00000000
vn -0.00000000 0.00000000 1.00000000
vn -0.00000000 0.00000000 1.00000000
vn 0.00000000 0.00000000 1.00000000
vn 0.00000000 0.00000000 1.00000000
vn -0.00000000 0.00000000 1.00000000
vn -0.00000000 0.00000000 1.00000000
vn 0.00000000 0.00000000 1.00000000
vn -0.00000000 0.00000000 1.00000000
vn 0.00000000 0.00000000 1.00000000
vn -0.00000000 0.00000000 1.00000000
vn 0.00000000 0.00000000 1.00000000
vn 0.00000000 0.00000000 1.00000000
vn 0.00000000 0.00000000 1.00000000
vn 0.00000000 0.00000000 1.00000000
vn 0.00000000 0.00000000 1.00000000
vn 0.00000000 0.00000000 1.00000000
vn 0.00000000 0.00000000 1.00000000
vn 0.00000000 0.00000000 1.00000000
vn 0.00000000 0.00000000 1.00000000
vn 0.00000000 0.00000000 1.00000000
vn 0.00000000 0.00000000 1.00000000
vn -0.00000000 0.00000000 1.00000000
vn -0.00000000 0.00000000 1.00000000
vn 0.00000000 0.00000000 1.00000000
vn 0.00000000 0.00000000 1.00000000
vn 0.00000000 0.00000000 1.00000000
vn -0.00000000 0.00000000 1.00000000
vn 0.00000000 0.00000000 1.00000000
vn 0.00000000 0.00000000 1.00000000
vn 0.00000000 0.00000000 1.00000000
vn -0.00000000 0.00000000 1.00000000
vn 0.00000000 0.00000000 1.00000000
vn -0.00000000 0.00000000 1.00000000
vn 0.00000000 0.00000000 1.00000000
vn -0.00000000 0.00000000 1.00000000
vn -0.00000000 0.00000000 1.00000000
vn 0.00000000 0.00000000 1.00000000
vn 0.00000000 0.00000000 1.00000000
vn -0.00000000 0.00000000 1.00000000
vn -0.00001000 0.00000000 1.00000000
vn 0.00000000 0.00000000 1.00000000
vn 0.00000000 0.00000000 1.00000000
vn -0.00000000 0.00000000 1.00000000
vn -0.00000000 0.00000000 1.00000000
vn -0.00000000 0.00000000 1.00000000
vn 0.00000000 0.00000000 1.00000000
vn -0.00001000 0.00000000 1.00000000
vn 0.00000000 0.00000000 1.00000000
vn 0.00000000 0.00000000 1.00000000
vn 0.00003000 0.00000000 1.00000000
vn 0.00000000 0.00000000 1.00000000
vn -0.00001000 0.00000000 1.00000000
vn 0.00000000 0.00000000 1.00000000
vn -0.00000000 0.00000000 1.00000000
vn 0.00000000 0.00000000 1.00000000
vn 0.00000000 0.00000000 1.00000000
vn -0.00001000 0.00000000 1.00000000
vn -0.00000000 0.00000000 1.00000000
vn 0.00000000 0.00000000 1.00000000
vn -0.00000000 0.00000000 1.00000000
vn 0.00000000 0.00000000 1.00000000
vn 0.00000000 0.00000000 1.00000000
vn -0.00000000 0.00000000 1.00000000
vn 0.00000000 0.00000000 1.00000000
vn -0.00000000 0.00000000 1.00000000
vn -0.00000000 0.00000000 1.00000000
vn 0.00000000 0.00000000 1.00000000
vn -0.00000000 0.00000000 1.00000000
vn 0.00000000 0.00000000 1.00000000
vn 0.00000000 0.00000000 1.00000000
vn 0.00000000 0.00000000 1.00000000
vn -0.00000000 0.00000000 1.00000000
vn 0.00000000 0.00000000 1.00000000
vn 0.00000000 0.00000000 1.00000000
vn -0.00000000 0.00000000 1.00000000
vn 0.00000000 0.00000000 1.00000000
vn -0.00000000 0.00000000 1.00000000
vn -0.00000000 0.00000000 1.00000000
vn 0.00000000 0.00000000 1.00000000
vn 0.00000000 0.00000000 1.00000000
vn 0.00003000 0.00000000 1.00000000
vn -0.00000000 0.00000000 1.00000000
vn 0.00000000 0.00000000 1.00000000
vn -0.00001000 0.00000000 1.00000000
vn 0.00000000 0.00000000 1.00000000
vn 0.00003000 0.00000000 1.00000000
vn 0.00000000 0.00000000 1.00000000
vn -0.00000000 0.00000000 1.00000000
vn -0.00001000 0.00000000 1.00000000
vn 0.00000000 0.00000000 1.00000000
vn -0.76171000 -0.43976000 0.47583000
vn -0.67734000 -0.39104000 0.62314000
vn -0.76171000 -0.43976000 0.47583000
vn -0.82094000 -0.47397000 0.31844000
vn -0.82094000 -0.47397000 0.31844000
vn -0.67732000 -0.39105000 0.62315000
vn -0.57010000 -0.32915000 0.75276000
vn -0.57010000 -0.32915000 0.75276000
vn -0.44464000 -0.25670000 0.85814000
vn -0.85508000 -0.49368000 0.15849000
vn -0.85508000 -0.49368000 0.15849000
vn -0.07010000 -0.04047000 0.99672000
vn -0.16511000 -0.09531000 0.98166000
vn -0.16508000 -0.09531000 0.98166000
vn -0.30726000 -0.17738000 0.93495000
vn -0.07007000 -0.04047000 0.99672000
vn -0.07007000 -0.04047000 0.99672000
vn -0.44461000 -0.25670000 0.85815000
vn -0.86319000 -0.49836000 0.08094000
vn -0.86319000 -0.49836000 0.08094000
vn -0.86319000 -0.49834000 0.08094000
vn -0.07007000 -0.04047000 0.99672000
vn -0.07010000 -0.04047000 0.99672000
vn -0.07007000 -0.04047000 0.99672000
vn -0.30726000 -0.17738000 0.93495000
vn 0.00000000 -0.78211000 0.62314000
vn 0.00000000 -0.78211000 0.62314000
vn 0.00000000 -0.87954000 0.47583000
vn 0.00000000 -0.94795000 0.31843000
vn 0.00000000 -0.87954000 0.47583000
vn 0.00000000 -0.65830000 0.75276000
vn 0.00000000 -0.65830000 0.75276000
vn 0.00000000 -0.51342000 0.85814000
vn 0.00000000 -0.98736000 0.15849000
vn 0.00000000 -0.94795000 0.31843000
vn 0.00000000 -0.08094000 0.99672000
vn 0.00000000 -0.19062000 0.98166000
vn 0.00000000 -0.19062000 0.98166000
vn 0.00000000 -0.35478000 0.93495000
vn 0.00000000 -0.08094000 0.99672000
vn 0.00000000 -0.08094000 0.99672000
vn 0.00000000 -0.51342000 0.85814000
vn 0.00000000 -0.99672000 0.08094000
vn 0.00000000 -0.99672000 0.08094000
vn 0.00000000 -0.98736000 0.15849000
vn 0.00000000 -0.99672000 0.08094000
vn 0.00000000 -0.08094000 0.99672000
vn 0.00000000 -0.08094000 0.99672000
vn 0.00000000 -0.08094000 0.99672000
vn 0.00000000 -0.35478000 0.93495000
vn 0.67734000 -0.39104000 0.62314000
vn 0.67732000 -0.39105000 0.62315000
vn 0.76171000 -0.43976000 0.47583000
vn 0.82094000 -0.47397000 0.31844000
vn 0.76171000 -0.43976000 0.47583000
vn 0.57010000 -0.32915000 0.75276000
vn 0.57010000 -0.32915000 0.75276000
vn 0.44464000 -0.25670000 0.85814000
vn 0.85508000 -0.49368000 0.15849000
vn 0.82094000 -0.47397000 0.31844000
vn 0.07007000 -0.04047000 0.99672000
vn 0.16508000 -0.09531000 0.98166000
vn 0.07007000 -0.04047000 0.99672000
vn 0.30726000 -0.17738000 0.93495000
vn 0.16511000 -0.09531000 0.98166000
vn 0.07007000 -0.04047000 0.99672000
vn 0.07007000 -0.04047000 0.99672000
vn 0.30726000 -0.17738000 0.93495000
vn 0.86319000 -0.49836000 0.08094000
vn 0.86319000 -0.49836000 0.08094000
vn 0.85508000 -0.49368000 0.15849000
vn 0.86319000 -0.49836000 0.08094000
vn 0.07007000 -0.04047000 0.99672000
vn 0.07007000 -0.04047000 0.99672000
vn 0.44464000 -0.25670000 0.85814000
vn 0.76171000 0.43976000 0.47583000
vn 0.67734000 0.39104000 0.62314000
vn 0.76171000 0.43976000 0.47583000
vn 0.82094000 0.47397000 0.31844000
vn 0.82094000 0.47397000 0.31844000
vn 0.67732000 0.39105000 0.62315000
vn 0.57010000 0.32915000 0.75276000
vn 0.57010000 0.32915000 0.75276000
vn 0.44464000 0.25670000 0.85814000
vn 0.85508000 0.49368000 0.15849000
vn 0.85508000 0.49368000 0.15849000
vn 0.07010000 0.04047000 0.99672000
vn 0.16511000 0.09531000 0.98166000
vn 0.16508000 0.09531000 0.98166000
vn 0.30726000 0.17738000 0.93495000
vn 0.30726000 0.17738000 0.93495000
vn 0.07007000 0.04047000 0.99672000
vn 0.07007000 0.04047000 0.99672000
vn 0.44461000 0.25670000 0.85815000
vn 0.86319000 0.49836000 0.08094000
vn 0.86319000 0.49836000 0.08094000
vn 0.86319000 0.49834000 0.08094000
vn 0.07007000 0.04047000 0.99672000
vn 0.07010000 0.04047000 0.99672000
vn 0.07007000 0.04047000 0.99672000
vn 0.00000000 0.87954000 0.47583000
vn 0.00000000 0.78211000 0.62314000
vn 0.00000000 0.87954000 0.47583000
vn 0.00000000 0.94795000 0.31843000
vn 0.00000000 0.94795000 0.31843000
vn 0.00000000 0.78211000 0.62314000
vn 0.00000000 0.65830000 0.75276000
vn 0.00000000 0.65830000 0.75276000
vn 0.00000000 0.51342000 0.85814000
vn 0.00000000 0.98736000 0.15849000
vn 0.00000000 0.98736000 0.15849000
vn 0.00000000 0.08094000 0.99672000
vn 0.00000000 0.19062000 0.98166000
vn 0.00000000 0.19062000 0.98166000
vn 0.00000000 0.35478000 0.93495000
vn 0.00000000 0.35478000 0.93495000
vn 0.00000000 0.08094000 0.99672000
vn 0.00000000 0.08094000 0.99672000
vn 0.00000000 0.51342000 0.85814000
vn 0.00000000 0.99672000 0.08094000
vn 0.00000000 0.99672000 0.08094000
vn 0.00000000 0.99672000 0.08094000
vn 0.00000000 0.08094000 0.99672000
vn 0.00000000 0.08094000 0.99672000
vn 0.00000000 0.08094000 0.99672000
vn -0.82094000 0.47397000 0.31844000
vn -0.85508000 0.49368000 0.15849000
vn -0.82094000 0.47397000 0.31844000
vn -0.76171000 0.43976000 0.47583000
vn -0.76171000 0.43976000 0.47583000
vn -0.67734000 0.39104000 0.62314000
vn -0.67732000 0.39105000 0.62315000
vn -0.57010000 0.32915000 0.75276000
vn -0.57010000 0.32915000 0.75276000
vn -0.44464000 0.25670000 0.85814000
vn -0.44461000 0.25670000 0.85815000
vn -0.30726000 0.17738000 0.93495000
vn -0.30726000 0.17738000 0.93495000
vn -0.16508000 0.09531000 0.98166000
vn -0.16508000 0.09531000 0.98166000
vn -0.07007000 0.04047000 0.99672000
vn -0.07007000 0.04047000 0.99672000
vn -0.86319000 0.49836000 0.08094000
vn -0.86319000 0.49836000 0.08094000
vn -0.85508000 0.49368000 0.15849000
vn 0.99582000 0.09134000 0.00000000
vn 0.99582000 -0.09134000 0.00000000
vn -0.04495000 0.99899000 0.00000000
vn -0.83685000 0.54743000 0.00000000
vn -1.00000000 0.00000000 0.00000000
vn -0.54743000 -0.83685000 0.00000000
vn 0.83685000 -0.54743000 0.00000000
vn 1.00000000 0.00000000 0.00000000
vn 0.04495000 0.99899000 0.00000000
vn -0.01770000 0.18733000 0.98214000
vt 0.51665000 0.50881000
vt 0.51665000 0.49972000
vt 0.52450000 0.50881000
vt 0.50746000 0.50881000
vt 0.50746000 0.49972000
vt 0.49827000 0.50881000
vt 0.49827000 0.49972000
vt 0.48908000 0.50881000
vt 0.48908000 0.49972000
vt 0.47989000 0.50881000
vt 0.51665000 0.51791000
vt 0.52450000 0.51791000
vt 0.50746000 0.51791000
vt 0.49827000 0.51791000
vt 0.48908000 0.51791000
vt 0.47989000 0.51791000
vt 0.51665000 0.52700000
vt 0.50746000 0.52700000
vt 0.49827000 0.52700000
vt 0.48908000 0.52700000
vt 0.47989000 0.52700000
vt 0.51665000 0.53610000
vt 0.52450000 0.52700000
vt 0.50746000 0.53610000
vt 0.49827000 0.53610000
vt 0.48908000 0.53610000
vt 0.47989000 0.53610000
vt 0.51665000 0.54520000
vt 0.52450000 0.54520000
vt 0.50746000 0.54520000
vt 0.49827000 0.54520000
vt 0.48908000 0.54520000
vt 0.47989000 0.54520000
vt 0.51665000 0.55429000
vt 0.52450000 0.55429000
vt 0.50746000 0.55429000
vt 0.49827000 0.55429000
vt 0.48908000 0.55429000
vt 0.47989000 0.55429000
vt 0.51665000 0.56339000
vt 0.50746000 0.56339000
vt 0.49827000 0.56339000
vt 0.48908000 0.56339000
vt 0.47989000 0.56339000
vt 0.51665000 0.57248000
vt 0.52450000 0.56339000
vt 0.50746000 0.57248000
vt 0.49827000 0.57248000
vt 0.48908000 0.57248000
vt 0.47989000 0.57248000
vt 0.51665000 0.58158000
vt 0.52450000 0.58158000
vt 0.50746000 0.58158000
vt 0.49827000 0.58158000
vt 0.48908000 0.58158000
vt 0.47989000 0.58158000
vt 0.51665000 0.59067000
vt 0.52450000 0.59067000
vt 0.50746000 0.59067000
vt 0.49827000 0.59067000
vt 0.48908000 0.59067000
vt 0.47989000 0.59067000
vt 0.51665000 0.59977000
vt 0.50746000 0.59977000
vt 0.49827000 0.59977000
vt 0.48908000 0.59977000
vt 0.47989000 0.59977000
vt 0.51665000 0.60887000
vt 0.52450000 0.59977000
vt 0.50746000 0.60887000
vt 0.49827000 0.60887000
vt 0.48908000 0.60887000
vt 0.47989000 0.60887000
vt 0.51665000 0.61796000
vt 0.52450000 0.61796000
vt 0.50746000 0.61796000
vt 0.49827000 0.61796000
vt 0.48908000 0.61796000
vt 0.47989000 0.61796000
vt 0.51665000 0.62706000
vt 0.52450000 0.62706000
vt 0.50746000 0.62706000
vt 0.49827000 0.62706000
vt 0.48908000 0.62706000
vt 0.47989000 0.62706000
vt 0.51665000 0.63616000
vt 0.50746000 0.63616000
vt 0.49827000 0.63616000
vt 0.48908000 0.63616000
vt 0.47989000 0.63616000
vt 0.51665000 0.64525000
vt 0.52450000 0.63616000
vt 0.50746000 0.64525000
vt 0.49827000 0.64525000
vt 0.48908000 0.64525000
vt 0.47989000 0.64525000
vt 0.52450000 0.49972000
vt 0.53234000 0.49972000
vt 0.53234000 0.50395000
vt 0.53234000 0.50845000
vt 0.53234000 0.51313000
vt 0.53234000 0.51791000
vt 0.53234000 0.52269000
vt 0.53234000 0.52737000
vt 0.53234000 0.53186000
vt 0.52450000 0.53610000
vt 0.53234000 0.53610000
vt 0.53234000 0.54034000
vt 0.53234000 0.54483000
vt 0.53234000 0.54951000
vt 0.53234000 0.55429000
vt 0.53234000 0.55907000
vt 0.53234000 0.56375000
vt 0.52450000 0.57248000
vt 0.53234000 0.56824000
vt 0.53234000 0.57248000
vt 0.53234000 0.57672000
vt 0.53234000 0.58122000
vt 0.53234000 0.58590000
vt 0.53234000 0.59067000
vt 0.53234000 0.59546000
vt 0.53234000 0.60014000
vt 0.52450000 0.60887000
vt 0.53234000 0.60463000
vt 0.53234000 0.60887000
vt 0.53234000 0.61311000
vt 0.53234000 0.61760000
vt 0.53234000 0.62228000
vt 0.53234000 0.62706000
vt 0.53234000 0.63184000
vt 0.53234000 0.63652000
vt 0.53234000 0.64101000
vt 0.52450000 0.64525000
vt 0.53234000 0.64525000
vt 0.51096000 0.26777000
vt 0.51452000 0.26777000
vt 0.51452000 0.27521000
vt 0.51808000 0.26777000
vt 0.52165000 0.26777000
vt 0.52165000 0.27521000
vt 0.51808000 0.27521000
vt 0.52521000 0.26777000
vt 0.52877000 0.26777000
vt 0.52877000 0.27521000
vt 0.53233000 0.26777000
vt 0.53590000 0.26777000
vt 0.53590000 0.27521000
vt 0.53233000 0.27521000
vt 0.52521000 0.27521000
vt 0.53946000 0.26777000
vt 0.54302000 0.26777000
vt 0.54302000 0.27521000
vt 0.54658000 0.26777000
vt 0.55014000 0.26777000
vt 0.55014000 0.27521000
vt 0.54658000 0.27521000
vt 0.55371000 0.26777000
vt 0.55727000 0.26777000
vt 0.55727000 0.27521000
vt 0.56439000 0.26777000
vt 0.56439000 0.27521000
vt 0.56083000 0.27521000
vt 0.56083000 0.26777000
vt 0.55371000 0.27521000
vt 0.53946000 0.27521000
vt 0.56796000 0.26777000
vt 0.56796000 0.27521000
vt 0.57508000 0.26777000
vt 0.57508000 0.27521000
vt 0.57152000 0.27521000
vt 0.58220000 0.26777000
vt 0.58220000 0.27521000
vt 0.57864000 0.27521000
vt 0.57864000 0.26777000
vt 0.58577000 0.26777000
vt 0.58933000 0.26777000
vt 0.58933000 0.27521000
vt 0.59289000 0.26777000
vt 0.59645000 0.26777000
vt 0.59645000 0.27521000
vt 0.59289000 0.27521000
vt 0.58577000 0.27521000
vt 0.60002000 0.26777000
vt 0.60358000 0.26777000
vt 0.60002000 0.27521000
vt 0.60714000 0.26777000
vt 0.61070000 0.26777000
vt 0.60714000 0.27521000
vt 0.60358000 0.27521000
vt 0.61426000 0.26777000
vt 0.61783000 0.26777000
vt 0.61426000 0.27521000
vt 0.62139000 0.26777000
vt 0.62495000 0.26777000
vt 0.62139000 0.27521000
vt 0.61783000 0.27521000
vt 0.61070000 0.27521000
vt 0.57152000 0.26777000
vt 0.53655000 0.43023000
vt 0.53655000 0.41536000
vt 0.56794000 0.41536000
vt 0.53655000 0.44510000
vt 0.55225000 0.44510000
vt 0.56794000 0.44510000
vt 0.59932000 0.43023000
vt 0.58363000 0.44510000
vt 0.59932000 0.44510000
vt 0.59932000 0.41536000
vt 0.58148000 0.76166000
vt 0.58148000 0.74679000
vt 0.59188000 0.74679000
vt 0.59188000 0.77653000
vt 0.60228000 0.74679000
vt 0.58148000 0.77653000
vt 0.62308000 0.76166000
vt 0.61268000 0.74679000
vt 0.62308000 0.74679000
vt 0.61268000 0.77653000
vt 0.60228000 0.77653000
vt 0.62308000 0.77653000
vt 0.39031000 0.82418000
vt 0.39031000 0.80931000
vt 0.40041000 0.80931000
vt 0.41052000 0.80931000
vt 0.41052000 0.83905000
vt 0.40041000 0.83905000
vt 0.42620000 0.80931000
vt 0.42620000 0.83905000
vt 0.41836000 0.83905000
vt 0.43404000 0.80931000
vt 0.41836000 0.80931000
vt 0.39031000 0.83905000
vt 0.44971000 0.80931000
vt 0.44971000 0.83905000
vt 0.44188000 0.83905000
vt 0.45755000 0.80931000
vt 0.45755000 0.83905000
vt 0.47323000 0.82418000
vt 0.46539000 0.80931000
vt 0.47323000 0.80931000
vt 0.46539000 0.83905000
vt 0.44188000 0.80931000
vt 0.43404000 0.83905000
vt 0.47323000 0.83905000
vt 0.59182000 0.69368000
vt 0.58142000 0.66394000
vt 0.60222000 0.66394000
vt 0.58142000 0.69368000
vt 0.58142000 0.67880000
vt 0.60222000 0.69368000
vt 0.62301000 0.67880000
vt 0.61261000 0.66394000
vt 0.62301000 0.66394000
vt 0.61261000 0.69368000
vt 0.62301000 0.69368000
vt 0.50950000 0.03139000
vt 0.49536000 0.00000000
vt 0.50950000 0.00000000
vt 0.48122000 0.01569000
vt 0.50950000 0.06277000
vt 0.48122000 0.04708000
vt 0.48122000 0.00000000
vt 0.48122000 0.03139000
vt 0.48122000 0.07846000
vt 0.48122000 0.06277000
vt 0.50950000 0.09416000
vt 0.50950000 0.12554000
vt 0.49536000 0.12554000
vt 0.48122000 0.10985000
vt 0.48122000 0.12554000
vt 0.48122000 0.09416000
vt 0.53655000 0.76166000
vt 0.53655000 0.74679000
vt 0.54695000 0.74679000
vt 0.54695000 0.77653000
vt 0.55735000 0.74679000
vt 0.53655000 0.77653000
vt 0.57815000 0.76166000
vt 0.56775000 0.74679000
vt 0.57815000 0.74679000
vt 0.56775000 0.77653000
vt 0.55735000 0.77653000
vt 0.57815000 0.77653000
vt 0.39031000 0.51458000
vt 0.39031000 0.49972000
vt 0.40066000 0.49972000
vt 0.42134000 0.49972000
vt 0.42134000 0.52946000
vt 0.41100000 0.52946000
vt 0.43169000 0.49972000
vt 0.41100000 0.49972000
vt 0.40066000 0.52946000
vt 0.39031000 0.52946000
vt 0.45237000 0.49972000
vt 0.45237000 0.52946000
vt 0.44203000 0.52946000
vt 0.47306000 0.51458000
vt 0.46272000 0.49972000
vt 0.47306000 0.49972000
vt 0.46272000 0.52946000
vt 0.44203000 0.49972000
vt 0.43169000 0.52946000
vt 0.47306000 0.52946000
vt 0.53655000 0.67880000
vt 0.53655000 0.66394000
vt 0.54968000 0.66394000
vt 0.53655000 0.69368000
vt 0.54968000 0.69368000
vt 0.56282000 0.66394000
vt 0.57802000 0.67880000
vt 0.57802000 0.66394000
vt 0.57802000 0.69368000
vt 0.56282000 0.69368000
vt 0.42170000 0.44510000
vt 0.39031000 0.43023000
vt 0.39031000 0.41536000
vt 0.45308000 0.41536000
vt 0.40600000 0.44510000
vt 0.39031000 0.44510000
vt 0.43739000 0.44510000
vt 0.45308000 0.44510000
vt 0.46878000 0.44510000
vt 0.48447000 0.41536000
vt 0.51585000 0.41536000
vt 0.51585000 0.43023000
vt 0.50016000 0.44510000
vt 0.48447000 0.44510000
vt 0.51585000 0.44510000
vt 0.53655000 0.59595000
vt 0.53655000 0.58108000
vt 0.55176000 0.58108000
vt 0.53655000 0.61082000
vt 0.55176000 0.61082000
vt 0.56489000 0.58108000
vt 0.57802000 0.59595000
vt 0.57802000 0.58108000
vt 0.57802000 0.61082000
vt 0.56489000 0.61082000
vt 0.39031000 0.61778000
vt 0.39031000 0.60291000
vt 0.40066000 0.60291000
vt 0.42134000 0.60291000
vt 0.42134000 0.63265000
vt 0.41100000 0.63265000
vt 0.43169000 0.60291000
vt 0.41100000 0.60291000
vt 0.40066000 0.63265000
vt 0.39031000 0.63265000
vt 0.45237000 0.60291000
vt 0.45237000 0.63265000
vt 0.44203000 0.63265000
vt 0.47306000 0.61778000
vt 0.46272000 0.60291000
vt 0.47306000 0.60291000
vt 0.46272000 0.63265000
vt 0.44203000 0.60291000
vt 0.43169000 0.63265000
vt 0.47306000 0.63265000
vt 0.59188000 0.85939000
vt 0.58148000 0.82965000
vt 0.60228000 0.82965000
vt 0.58148000 0.85939000
vt 0.58148000 0.84452000
vt 0.60228000 0.85939000
vt 0.62308000 0.84452000
vt 0.61268000 0.82965000
vt 0.62308000 0.82965000
vt 0.61268000 0.85939000
vt 0.62308000 0.85939000
vt 0.47976000 0.03139000
vt 0.46562000 0.00000000
vt 0.47976000 0.00000000
vt 0.45148000 0.01569000
vt 0.45148000 0.00000000
vt 0.45148000 0.03139000
vt 0.45148000 0.04708000
vt 0.47976000 0.06277000
vt 0.45148000 0.06277000
vt 0.47976000 0.09416000
vt 0.45148000 0.07846000
vt 0.47976000 0.12554000
vt 0.46562000 0.12554000
vt 0.45148000 0.10985000
vt 0.45148000 0.09416000
vt 0.45148000 0.12554000
vt 0.58142000 0.59595000
vt 0.58142000 0.58108000
vt 0.59182000 0.58108000
vt 0.58142000 0.61082000
vt 0.59182000 0.61082000
vt 0.60222000 0.58108000
vt 0.60222000 0.61082000
vt 0.61261000 0.58108000
vt 0.62301000 0.59595000
vt 0.62301000 0.58108000
vt 0.62301000 0.61082000
vt 0.39031000 0.72098000
vt 0.39031000 0.70611000
vt 0.39815000 0.70611000
vt 0.40599000 0.70611000
vt 0.40599000 0.73585000
vt 0.39815000 0.73585000
vt 0.42167000 0.70611000
vt 0.42167000 0.73585000
vt 0.41383000 0.73585000
vt 0.42951000 0.70611000
vt 0.41383000 0.70611000
vt 0.39031000 0.73585000
vt 0.44519000 0.70611000
vt 0.44519000 0.73585000
vt 0.43735000 0.73585000
vt 0.45303000 0.70611000
vt 0.45303000 0.73585000
vt 0.47323000 0.72098000
vt 0.46313000 0.70611000
vt 0.47323000 0.70611000
vt 0.46313000 0.73585000
vt 0.43735000 0.70611000
vt 0.42951000 0.73585000
vt 0.47323000 0.73585000
vt 0.53655000 0.84452000
vt 0.53655000 0.82965000
vt 0.54695000 0.82965000
vt 0.54695000 0.85939000
vt 0.55735000 0.82965000
vt 0.53655000 0.85939000
vt 0.57815000 0.84452000
vt 0.56775000 0.82965000
vt 0.57815000 0.82965000
vt 0.56775000 0.85939000
vt 0.55735000 0.85939000
vt 0.57815000 0.85939000
vt 0.53655000 0.51309000
vt 0.53655000 0.49822000
vt 0.56794000 0.49822000
vt 0.53655000 0.52796000
vt 0.55225000 0.52796000
vt 0.56794000 0.52796000
vt 0.59932000 0.51309000
vt 0.58363000 0.52796000
vt 0.59932000 0.52796000
vt 0.59932000 0.49822000
vt 0.55287000 0.04191000
vt 0.58825000 0.03888000
vt 0.59355000 0.04730000
vt 0.59547000 0.05787000
vt 0.57883000 0.01484000
vt 0.58127000 0.02775000
vt 0.52961000 0.06080000
vt 0.54146000 0.07152000
vt 0.52071000 0.06824000
vt 0.53134000 0.06830000
vt 0.58209000 0.00000000
vt 0.59314000 0.06834000
vt 0.51096000 0.07113000
vt 0.58751000 0.07655000
vt 0.57930000 0.08218000
vt 0.56883000 0.08451000
vt 0.55827000 0.08259000
vt 0.54984000 0.07728000
vt 0.36266000 0.45566000
vt 0.34698000 0.49826000
vt 0.35229000 0.45758000
vt 0.37296000 0.45798000
vt 0.38103000 0.46362000
vt 0.34401000 0.46288000
vt 0.33578000 0.46864000
vt 0.32582000 0.47186000
vt 0.38656000 0.47182000
vt 0.38696000 0.49286000
vt 0.38885000 0.48230000
vt 0.38175000 0.50128000
vt 0.31538000 0.47193000
vt 0.36555000 0.52152000
vt 0.37489000 0.51242000
vt 0.37250000 0.52533000
vt 0.37570000 0.54017000
vt 0.30580000 0.46904000
vt 0.34767000 0.04238000
vt 0.33695000 0.00015000
vt 0.34443000 0.00264000
vt 0.35887000 0.01276000
vt 0.35064000 0.00700000
vt 0.32908000 0.00000000
vt 0.32181000 0.00205000
vt 0.31539000 0.00609000
vt 0.31016000 0.01207000
vt 0.37052000 0.02349000
vt 0.36882000 0.01598000
vt 0.32173000 0.06391000
vt 0.32179000 0.07454000
vt 0.31895000 0.08429000
vt 0.30686000 0.01935000
vt 0.37927000 0.01605000
vt 0.38885000 0.01316000
vt 0.31856000 0.05378000
vt 0.30580000 0.02695000
vt 0.30764000 0.03686000
vt 0.31290000 0.04540000
vt 0.93404000 0.06080000
vt 0.92529000 0.06824000
vt 0.91571000 0.07113000
vt 0.94569000 0.07152000
vt 0.93574000 0.06830000
vt 0.95689000 0.04191000
vt 0.95392000 0.07728000
vt 0.96232000 0.08264000
vt 0.97205000 0.08451000
vt 0.97952000 0.08343000
vt 0.98667000 0.08008000
vt 0.98276000 0.00975000
vt 0.98283000 0.02038000
vt 0.99594000 0.04520000
vt 0.99838000 0.05281000
vt 0.98560000 0.00000000
vt 0.99165000 0.03888000
vt 0.99255000 0.07475000
vt 0.99652000 0.06822000
vt 0.99854000 0.06082000
vt 0.30433000 0.00000000
vt 0.30433000 0.01699000
vt 0.29093000 0.01423000
vt 0.30433000 0.03345000
vt 0.29093000 0.02847000
vt 0.30433000 0.04939000
vt 0.30433000 0.06484000
vt 0.29093000 0.05694000
vt 0.29093000 0.04270000
vt 0.30433000 0.11388000
vt 0.30433000 0.14235000
vt 0.29093000 0.12811000
vt 0.30433000 0.16292000
vt 0.29093000 0.15659000
vt 0.29093000 0.08541000
vt 0.30433000 0.17810000
vt 0.29093000 0.17082000
vt 0.30433000 0.19393000
vt 0.29093000 0.18506000
vt 0.30433000 0.21047000
vt 0.30433000 0.22776000
vt 0.29093000 0.21353000
vt 0.30433000 0.24505000
vt 0.30433000 0.26159000
vt 0.29093000 0.25623000
vt 0.29093000 0.24200000
vt 0.29093000 0.19929000
vt 0.30433000 0.27743000
vt 0.30433000 0.29260000
vt 0.29093000 0.28470000
vt 0.30433000 0.34164000
vt 0.29093000 0.31317000
vt 0.30433000 0.37011000
vt 0.30433000 0.39068000
vt 0.29093000 0.38435000
vt 0.30433000 0.40586000
vt 0.30433000 0.42169000
vt 0.29093000 0.41282000
vt 0.29093000 0.39858000
vt 0.29093000 0.35588000
vt 0.29093000 0.27047000
vt 0.30433000 0.43823000
vt 0.29093000 0.42705000
vt 0.29093000 0.07117000
vt 0.29093000 0.11388000
vt 0.29093000 0.09964000
vt 0.29093000 0.34164000
vt 0.29093000 0.32741000
vt 0.29093000 0.29894000
vt 0.29093000 0.45552000
vt 0.29093000 0.44129000
vt 0.30433000 0.45552000
vt 0.30433000 0.47281000
vt 0.29093000 0.46976000
vt 0.30433000 0.48935000
vt 0.29093000 0.48399000
vt 0.30433000 0.50519000
vt 0.30433000 0.52036000
vt 0.29093000 0.51246000
vt 0.29093000 0.49823000
vt 0.30433000 0.56940000
vt 0.30433000 0.59787000
vt 0.29093000 0.58364000
vt 0.30433000 0.61844000
vt 0.30433000 0.63362000
vt 0.29093000 0.62634000
vt 0.29093000 0.61211000
vt 0.29093000 0.54093000
vt 0.30433000 0.64945000
vt 0.29093000 0.64058000
vt 0.30433000 0.66599000
vt 0.29093000 0.65481000
vt 0.30433000 0.68328000
vt 0.30433000 0.70057000
vt 0.29093000 0.69752000
vt 0.30433000 0.71711000
vt 0.30433000 0.73295000
vt 0.29093000 0.72599000
vt 0.29093000 0.71175000
vt 0.29093000 0.66905000
vt 0.30433000 0.74812000
vt 0.30433000 0.79716000
vt 0.29093000 0.76869000
vt 0.30433000 0.82563000
vt 0.29093000 0.81140000
vt 0.30433000 0.84620000
vt 0.30433000 0.86165000
vt 0.29093000 0.85410000
vt 0.30433000 0.87759000
vt 0.30433000 0.89405000
vt 0.29093000 0.88257000
vt 0.29093000 0.86834000
vt 0.29093000 0.83987000
vt 0.29093000 0.74022000
vt 0.30433000 0.91104000
vt 0.29093000 0.89681000
vt 0.29093000 0.52670000
vt 0.29093000 0.56940000
vt 0.29093000 0.55517000
vt 0.29093000 0.79716000
vt 0.29093000 0.78293000
vt 0.29093000 0.75446000
vt 0.29093000 0.82563000
vt 0.80268000 0.07087000
vt 0.80268000 0.03544000
vt 0.80268000 0.03544000
vt 0.83794000 0.03544000
vt 0.83794000 0.03544000
vt 0.83794000 0.03544000
vt 0.76743000 0.07087000
vt 0.76743000 0.07087000
vt 0.76743000 0.03544000
vt 0.76743000 0.03544000
vt 0.76743000 0.03544000
vt 0.73218000 0.07087000
vt 0.73218000 0.03544000
vt 0.73218000 0.03544000
vt 0.69692000 0.07087000
vt 0.69692000 0.03544000
vt 0.69692000 0.03544000
vt 0.69692000 0.03544000
vt 0.83794000 0.10631000
vt 0.83794000 0.07087000
vt 0.87319000 0.07087000
vt 0.80268000 0.10631000
vt 0.80268000 0.10631000
vt 0.80268000 0.10631000
vt 0.80268000 0.10631000
vt 0.73218000 0.10631000
vt 0.73218000 0.10631000
vt 0.73218000 0.10631000
vt 0.73218000 0.10631000
vt 0.69692000 0.10631000
vt 0.66167000 0.10631000
vt 0.66167000 0.10631000
vt 0.66167000 0.07087000
vt 0.66167000 0.07087000
vt 0.83794000 0.14175000
vt 0.87319000 0.10631000
vt 0.80268000 0.14175000
vt 0.69692000 0.14175000
vt 0.66167000 0.14175000
vt 0.83794000 0.17718000
vt 0.87319000 0.14175000
vt 0.80268000 0.17718000
vt 0.80268000 0.17718000
vt 0.80268000 0.17718000
vt 0.80268000 0.17718000
vt 0.69692000 0.17718000
vt 0.73218000 0.14175000
vt 0.66167000 0.17718000
vt 0.83794000 0.21262000
vt 0.87319000 0.17718000
vt 0.80268000 0.21262000
vt 0.76743000 0.21262000
vt 0.76743000 0.21262000
vt 0.73218000 0.21262000
vt 0.73218000 0.17718000
vt 0.73218000 0.17718000
vt 0.73218000 0.17718000
vt 0.73218000 0.17718000
vt 0.69692000 0.21262000
vt 0.69692000 0.21262000
vt 0.66167000 0.21262000
vt 0.66167000 0.21262000
vt 0.66167000 0.21262000
vt 0.80268000 0.24806000
vt 0.80268000 0.24806000
vt 0.80268000 0.24806000
vt 0.76743000 0.24806000
vt 0.76743000 0.24806000
vt 0.73218000 0.24806000
vt 0.73218000 0.24806000
vt 0.69692000 0.24806000
vt 0.69692000 0.24806000
vt 0.86714000 0.04152000
vt 0.86714000 0.04152000
vt 0.84485000 0.02327000
vt 0.84485000 0.02327000
vt 0.88529000 0.06393000
vt 0.89854000 0.08957000
vt 0.79385000 0.00251000
vt 0.79385000 0.00251000
vt 0.79385000 0.00251000
vt 0.81934000 0.00995000
vt 0.81934000 0.00995000
vt 0.81934000 0.00995000
vt 0.76743000 0.00000000
vt 0.76743000 0.00000000
vt 0.90595000 0.11519000
vt 0.90845000 0.14175000
vt 0.90595000 0.16831000
vt 0.79378000 0.12646000
vt 0.79378000 0.12646000
vt 0.78061000 0.11881000
vt 0.78061000 0.11881000
vt 0.76743000 0.11116000
vt 0.76743000 0.11116000
vt 0.74101000 0.00251000
vt 0.74101000 0.00251000
vt 0.74101000 0.00251000
vt 0.71552000 0.00995000
vt 0.71552000 0.00995000
vt 0.71552000 0.00995000
vt 0.66772000 0.04152000
vt 0.66772000 0.04152000
vt 0.69001000 0.02327000
vt 0.69001000 0.02327000
vt 0.64957000 0.06393000
vt 0.64957000 0.06393000
vt 0.75518000 0.11827000
vt 0.75518000 0.11827000
vt 0.74108000 0.12646000
vt 0.74293000 0.12538000
vt 0.74293000 0.12538000
vt 0.63632000 0.08957000
vt 0.63632000 0.08957000
vt 0.63632000 0.08957000
vt 0.62891000 0.11519000
vt 0.62891000 0.11519000
vt 0.74108000 0.12860000
vt 0.79378000 0.14175000
vt 0.89854000 0.19392000
vt 0.87319000 0.21262000
vt 0.87319000 0.21262000
vt 0.88529000 0.21957000
vt 0.88529000 0.21957000
vt 0.79378000 0.15704000
vt 0.79378000 0.15704000
vt 0.78061000 0.16469000
vt 0.78061000 0.16469000
vt 0.76743000 0.17233000
vt 0.76743000 0.17233000
vt 0.86714000 0.24198000
vt 0.86714000 0.24198000
vt 0.86714000 0.24198000
vt 0.83794000 0.24806000
vt 0.83794000 0.24806000
vt 0.83794000 0.24806000
vt 0.81934000 0.27354000
vt 0.81934000 0.27354000
vt 0.81934000 0.27354000
vt 0.84485000 0.26022000
vt 0.84485000 0.26022000
vt 0.76743000 0.28350000
vt 0.79385000 0.28098000
vt 0.79385000 0.28098000
vt 0.79385000 0.28098000
vt 0.74101000 0.28098000
vt 0.74101000 0.28098000
vt 0.74108000 0.15704000
vt 0.74108000 0.15704000
vt 0.74108000 0.14282000
vt 0.75426000 0.16469000
vt 0.75426000 0.16469000
vt 0.62642000 0.14175000
vt 0.62891000 0.16831000
vt 0.63632000 0.19392000
vt 0.71552000 0.27354000
vt 0.71552000 0.27354000
vt 0.69001000 0.26022000
vt 0.69001000 0.26022000
vt 0.66772000 0.24198000
vt 0.66772000 0.24198000
vt 0.66772000 0.24198000
vt 0.66772000 0.24198000
vt 0.64957000 0.21957000
vt 0.64957000 0.21957000
vt 0.91281000 0.02733000
vt 0.91281000 0.00000000
vt 0.91426000 0.00000000
vt 0.91136000 0.02733000
vt 0.91136000 0.00000000
vt 0.91281000 0.05466000
vt 0.91426000 0.02733000
vt 0.91136000 0.05466000
vt 0.91281000 0.08427000
vt 0.91426000 0.05466000
vt 0.91136000 0.08427000
vt 0.91281000 0.11388000
vt 0.91426000 0.11388000
vt 0.91136000 0.11388000
vt 0.91281000 0.14349000
vt 0.91136000 0.14349000
vt 0.91281000 0.17310000
vt 0.91426000 0.14349000
vt 0.91136000 0.17310000
vt 0.91281000 0.20043000
vt 0.91426000 0.20043000
vt 0.91136000 0.20043000
vt 0.91281000 0.22776000
vt 0.91136000 0.22776000
vt 0.91281000 0.25509000
vt 0.91426000 0.25509000
vt 0.91136000 0.25509000
vt 0.91281000 0.28242000
vt 0.91136000 0.28242000
vt 0.91281000 0.31203000
vt 0.91426000 0.28242000
vt 0.91136000 0.31203000
vt 0.91281000 0.34164000
vt 0.91426000 0.31203000
vt 0.91136000 0.34164000
vt 0.91281000 0.37125000
vt 0.91426000 0.34164000
vt 0.91136000 0.37125000
vt 0.91281000 0.40086000
vt 0.91426000 0.40086000
vt 0.91136000 0.40086000
vt 0.91281000 0.42819000
vt 0.91426000 0.42819000
vt 0.91136000 0.42819000
vt 0.91281000 0.45552000
vt 0.91136000 0.45552000
vt 0.91281000 0.48285000
vt 0.91426000 0.48285000
vt 0.91136000 0.48285000
vt 0.91281000 0.51018000
vt 0.91136000 0.51018000
vt 0.91281000 0.53979000
vt 0.91426000 0.51018000
vt 0.91136000 0.53979000
vt 0.91281000 0.56940000
vt 0.91426000 0.56940000
vt 0.91136000 0.56940000
vt 0.91281000 0.59901000
vt 0.91426000 0.59901000
vt 0.91136000 0.59901000
vt 0.91281000 0.62862000
vt 0.91136000 0.62862000
vt 0.91281000 0.65595000
vt 0.91426000 0.65595000
vt 0.91136000 0.65595000
vt 0.91281000 0.68328000
vt 0.91136000 0.68328000
vt 0.91281000 0.71061000
vt 0.91426000 0.71061000
vt 0.91136000 0.71061000
vt 0.91281000 0.73794000
vt 0.91136000 0.73794000
vt 0.91281000 0.76755000
vt 0.91426000 0.73794000
vt 0.91136000 0.76755000
vt 0.91281000 0.79716000
vt 0.91426000 0.76755000
vt 0.91136000 0.79716000
vt 0.91281000 0.82677000
vt 0.91426000 0.79716000
vt 0.91136000 0.82677000
vt 0.91281000 0.85638000
vt 0.91426000 0.85638000
vt 0.91136000 0.85638000
vt 0.91281000 0.88371000
vt 0.91426000 0.88371000
vt 0.91136000 0.88371000
vt 0.91281000 0.91104000
vt 0.91426000 0.91104000
vt 0.91136000 0.91104000
vt 0.91571000 0.00000000
vt 0.91571000 0.01305000
vt 0.91571000 0.02653000
vt 0.91571000 0.04042000
vt 0.91571000 0.05466000
vt 0.91426000 0.08427000
vt 0.91571000 0.06919000
vt 0.91571000 0.08396000
vt 0.91571000 0.09888000
vt 0.91571000 0.11388000
vt 0.91571000 0.12888000
vt 0.91571000 0.14380000
vt 0.91571000 0.15857000
vt 0.91426000 0.17310000
vt 0.91571000 0.17310000
vt 0.91571000 0.18734000
vt 0.91571000 0.20123000
vt 0.91426000 0.22776000
vt 0.91571000 0.21472000
vt 0.91571000 0.22776000
vt 0.91571000 0.24081000
vt 0.91571000 0.25429000
vt 0.91571000 0.28242000
vt 0.91571000 0.26818000
vt 0.91571000 0.29695000
vt 0.91571000 0.32664000
vt 0.91571000 0.31172000
vt 0.91571000 0.34164000
vt 0.91571000 0.35664000
vt 0.91571000 0.37156000
vt 0.91426000 0.37125000
vt 0.91571000 0.38633000
vt 0.91571000 0.41510000
vt 0.91571000 0.40086000
vt 0.91571000 0.42899000
vt 0.91571000 0.44248000
vt 0.90991000 0.02733000
vt 0.90991000 0.08427000
vt 0.90991000 0.11388000
vt 0.90991000 0.05466000
vt 0.90991000 0.20043000
vt 0.90991000 0.17310000
vt 0.90991000 0.22776000
vt 0.90991000 0.14349000
vt 0.90991000 0.25509000
vt 0.90991000 0.31203000
vt 0.90991000 0.28242000
vt 0.91426000 0.45552000
vt 0.90991000 0.34164000
vt 0.90991000 0.37125000
vt 0.90991000 0.42819000
vt 0.90991000 0.40086000
vt 0.90991000 0.45552000
vt 0.91571000 0.45552000
vt 0.91571000 0.46857000
vt 0.91571000 0.48205000
vt 0.91571000 0.49594000
vt 0.91571000 0.51018000
vt 0.91426000 0.53979000
vt 0.91571000 0.52471000
vt 0.91571000 0.53948000
vt 0.91571000 0.55440000
vt 0.91571000 0.56940000
vt 0.91571000 0.58440000
vt 0.91426000 0.62862000
vt 0.91571000 0.61409000
vt 0.91571000 0.64286000
vt 0.91571000 0.62862000
vt 0.91571000 0.59932000
vt 0.91571000 0.65675000
vt 0.91571000 0.67024000
vt 0.91426000 0.68328000
vt 0.91571000 0.68328000
vt 0.91571000 0.69633000
vt 0.91571000 0.72370000
vt 0.91571000 0.70981000
vt 0.91571000 0.75248000
vt 0.91571000 0.73794000
vt 0.91571000 0.76724000
vt 0.91571000 0.79716000
vt 0.91571000 0.78216000
vt 0.91571000 0.81216000
vt 0.91571000 0.82709000
vt 0.91426000 0.82677000
vt 0.91571000 0.84185000
vt 0.91571000 0.85638000
vt 0.91571000 0.88451000
vt 0.91571000 0.87062000
vt 0.91571000 0.89800000
vt 0.91571000 0.91104000
vt 0.90991000 0.51018000
vt 0.90991000 0.56940000
vt 0.90991000 0.59901000
vt 0.90991000 0.53979000
vt 0.90991000 0.68328000
vt 0.90991000 0.71061000
vt 0.90991000 0.65595000
vt 0.90991000 0.62862000
vt 0.90991000 0.48285000
vt 0.90991000 0.73794000
vt 0.90991000 0.76755000
vt 0.90991000 0.79716000
vt 0.90991000 0.82677000
vt 0.90991000 0.88371000
vt 0.90991000 0.85638000
vt 0.90991000 0.91104000
vt 0.20676000 0.08312000
vt 0.24811000 0.08312000
vt 0.24811000 0.04156000
vt 0.16541000 0.08312000
vt 0.20676000 0.04156000
vt 0.12406000 0.08312000
vt 0.16541000 0.04156000
vt 0.08270000 0.08312000
vt 0.12406000 0.04156000
vt 0.04135000 0.08312000
vt 0.08270000 0.04156000
vt 0.20676000 0.12468000
vt 0.24811000 0.12468000
vt 0.16541000 0.12468000
vt 0.12406000 0.12468000
vt 0.08270000 0.12468000
vt 0.04135000 0.12468000
vt 0.20676000 0.16624000
vt 0.24811000 0.16624000
vt 0.16541000 0.16624000
vt 0.12406000 0.16624000
vt 0.08270000 0.16624000
vt 0.04135000 0.16624000
vt 0.20676000 0.20781000
vt 0.24811000 0.20781000
vt 0.16541000 0.20781000
vt 0.12406000 0.20781000
vt 0.08270000 0.20781000
vt 0.04135000 0.20781000
vt 0.20676000 0.24937000
vt 0.24811000 0.24937000
vt 0.16541000 0.24937000
vt 0.12406000 0.24937000
vt 0.08270000 0.24937000
vt 0.04135000 0.24937000
vt 0.26295000 0.00000000
vt 0.25244000 0.00192000
vt 0.24406000 0.00723000
vt 0.27338000 0.00233000
vt 0.28154000 0.00796000
vt 0.23573000 0.01299000
vt 0.14473000 0.00000000
vt 0.17614000 0.00347000
vt 0.22565000 0.01621000
vt 0.21508000 0.01628000
vt 0.20538000 0.01339000
vt 0.28715000 0.01617000
vt 0.28755000 0.03721000
vt 0.28946000 0.02665000
vt 0.28227000 0.04563000
vt 0.27615000 0.08451000
vt 0.27290000 0.06967000
vt 0.27533000 0.05676000
vt 0.28946000 0.14547000
vt 0.11333000 0.00347000
vt 0.04135000 0.04156000
vt 0.03912000 0.00286000
vt 0.03154000 0.00038000
vt 0.08409000 0.01339000
vt 0.07439000 0.01628000
vt 0.06381000 0.01621000
vt 0.04540000 0.00723000
vt 0.01621000 0.00227000
vt 0.00971000 0.00631000
vt 0.02357000 0.00022000
vt 0.00108000 0.01957000
vt 0.00441000 0.01230000
vt 0.01613000 0.06414000
vt 0.01292000 0.05401000
vt 0.00000000 0.02717000
vt 0.01619000 0.07476000
vt 0.01332000 0.08451000
vt 0.00186000 0.03708000
vt 0.00719000 0.04563000
vt 0.00337000 0.11426000
vt 0.00000000 0.14547000
vt 0.28602000 0.17703000
vt 0.27615000 0.20642000
vt 0.28227000 0.24530000
vt 0.27533000 0.23417000
vt 0.27290000 0.22125000
vt 0.20538000 0.27754000
vt 0.14473000 0.29093000
vt 0.22565000 0.27472000
vt 0.28755000 0.25372000
vt 0.28715000 0.27476000
vt 0.28946000 0.26428000
vt 0.28154000 0.28297000
vt 0.26295000 0.29092000
vt 0.27338000 0.28860000
vt 0.25244000 0.28901000
vt 0.21508000 0.27465000
vt 0.17614000 0.28746000
vt 0.24406000 0.28370000
vt 0.11333000 0.28746000
vt 0.01332000 0.20642000
vt 0.01613000 0.22679000
vt 0.01619000 0.21617000
vt 0.00108000 0.27136000
vt 0.00000000 0.26375000
vt 0.01292000 0.23692000
vt 0.00337000 0.17667000
vt 0.00719000 0.24530000
vt 0.00186000 0.25384000
vt 0.06381000 0.27472000
vt 0.07439000 0.27465000
vt 0.08409000 0.27754000
vt 0.05374000 0.27794000
vt 0.03912000 0.28807000
vt 0.04540000 0.28370000
vt 0.00441000 0.27863000
vt 0.00971000 0.28462000
vt 0.01621000 0.28865000
vt 0.02357000 0.29070000
vt 0.03154000 0.29055000
vt 0.43546000 0.20768000
vt 0.43546000 0.20768000
vt 0.43546000 0.20768000
vt 0.42090000 0.21856000
vt 0.42090000 0.21856000
vt 0.42090000 0.21856000
vt 0.42090000 0.20768000
vt 0.43546000 0.22943000
vt 0.43546000 0.22943000
vt 0.43546000 0.22943000
vt 0.42090000 0.22943000
vt 0.45002000 0.20768000
vt 0.45002000 0.22943000
vt 0.45002000 0.22943000
vt 0.40487000 0.33327000
vt 0.39031000 0.33327000
vt 0.39031000 0.31152000
vt 0.40487000 0.31152000
vt 0.41943000 0.31152000
vt 0.41943000 0.33327000
vt 0.40487000 0.22943000
vt 0.40487000 0.22943000
vt 0.39031000 0.22943000
vt 0.39031000 0.20768000
vt 0.39031000 0.20768000
vt 0.40487000 0.20768000
vt 0.40487000 0.20768000
vt 0.40487000 0.20768000
vt 0.41943000 0.20768000
vt 0.41943000 0.22943000
vt 0.41943000 0.22943000
vt 0.41670000 0.12559000
vt 0.41670000 0.12559000
vt 0.41670000 0.10384000
vt 0.43199000 0.10384000
vt 0.43199000 0.10384000
vt 0.43199000 0.10384000
vt 0.44729000 0.10384000
vt 0.44729000 0.10384000
vt 0.44729000 0.12559000
vt 0.43199000 0.12559000
vt 0.43199000 0.12559000
vt 0.41670000 0.00000000
vt 0.43092000 0.00000000
vt 0.43092000 0.00000000
vt 0.43092000 0.00000000
vt 0.41670000 0.02175000
vt 0.43199000 0.02175000
vt 0.43199000 0.02175000
vt 0.44729000 0.01087000
vt 0.44729000 0.01087000
vt 0.44729000 0.01087000
vt 0.44514000 0.00000000
vt 0.44514000 0.00000000
vt 0.44729000 0.00000000
vt 0.44729000 0.02175000
vt 0.42090000 0.32240000
vt 0.42090000 0.32240000
vt 0.42090000 0.32240000
vt 0.42090000 0.31152000
vt 0.42294000 0.31152000
vt 0.42294000 0.31152000
vt 0.43648000 0.31152000
vt 0.43648000 0.31152000
vt 0.43648000 0.31152000
vt 0.43648000 0.31152000
vt 0.43648000 0.31152000
vt 0.42090000 0.33327000
vt 0.42090000 0.33327000
vt 0.45002000 0.32240000
vt 0.45002000 0.32240000
vt 0.45002000 0.31152000
vt 0.45002000 0.33327000
vt 0.45002000 0.33327000
vt 0.52148000 0.29304000
vt 0.52148000 0.29304000
vt 0.52148000 0.29304000
vt 0.52417000 0.29818000
vt 0.52417000 0.29818000
vt 0.52417000 0.29818000
vt 0.51885000 0.29759000
vt 0.51885000 0.29759000
vt 0.52177000 0.30114000
vt 0.52006000 0.30445000
vt 0.52006000 0.30445000
vt 0.51359000 0.30670000
vt 0.51359000 0.30670000
vt 0.51622000 0.30215000
vt 0.51907000 0.30789000
vt 0.51907000 0.30789000
vt 0.52713000 0.29578000
vt 0.52713000 0.29578000
vt 0.52713000 0.29578000
vt 0.52411000 0.28849000
vt 0.52411000 0.28849000
vt 0.52411000 0.28849000
vt 0.53462000 0.28849000
vt 0.53389000 0.29307000
vt 0.53389000 0.29307000
vt 0.52936000 0.28849000
vt 0.52936000 0.28849000
vt 0.53988000 0.28849000
vt 0.53725000 0.29276000
vt 0.53045000 0.29406000
vt 0.53045000 0.29406000
vt 0.53045000 0.29406000
vt 0.51096000 0.31126000
vt 0.51096000 0.31126000
vt 0.51876000 0.31126000
vt 0.51907000 0.31462000
vt 0.51907000 0.31462000
vt 0.52006000 0.31806000
vt 0.52006000 0.31806000
vt 0.52177000 0.32138000
vt 0.52411000 0.33403000
vt 0.52411000 0.33403000
vt 0.52411000 0.33403000
vt 0.52417000 0.32433000
vt 0.52417000 0.32433000
vt 0.52713000 0.32674000
vt 0.52713000 0.32674000
vt 0.53045000 0.32845000
vt 0.53045000 0.32845000
vt 0.53045000 0.32845000
vt 0.52936000 0.33403000
vt 0.52936000 0.33403000
vt 0.53389000 0.32944000
vt 0.53389000 0.32944000
vt 0.53389000 0.32944000
vt 0.53462000 0.33403000
vt 0.53462000 0.33403000
vt 0.53725000 0.32975000
vt 0.53725000 0.32975000
vt 0.53988000 0.33403000
vt 0.54062000 0.32944000
vt 0.54062000 0.32944000
vt 0.54062000 0.29307000
vt 0.54062000 0.29307000
vt 0.54514000 0.28849000
vt 0.54514000 0.28849000
vt 0.54406000 0.29406000
vt 0.54406000 0.29406000
vt 0.55040000 0.28849000
vt 0.54737000 0.29578000
vt 0.54737000 0.29578000
vt 0.55033000 0.29818000
vt 0.55033000 0.29818000
vt 0.55033000 0.29818000
vt 0.55566000 0.29759000
vt 0.55566000 0.29759000
vt 0.55566000 0.29759000
vt 0.55273000 0.30114000
vt 0.55273000 0.30114000
vt 0.55273000 0.30114000
vt 0.55303000 0.29304000
vt 0.55303000 0.29304000
vt 0.55303000 0.29304000
vt 0.55829000 0.30215000
vt 0.55829000 0.30215000
vt 0.55829000 0.30215000
vt 0.55445000 0.30445000
vt 0.55445000 0.30445000
vt 0.55445000 0.30445000
vt 0.55445000 0.30445000
vt 0.56092000 0.30670000
vt 0.56092000 0.30670000
vt 0.56092000 0.30670000
vt 0.55603000 0.30800000
vt 0.55603000 0.30800000
vt 0.55603000 0.30800000
vt 0.55603000 0.30800000
vt 0.55575000 0.31126000
vt 0.55575000 0.31126000
vt 0.55544000 0.30789000
vt 0.55544000 0.30789000
vt 0.56354000 0.31126000
vt 0.56354000 0.31126000
vt 0.56092000 0.31581000
vt 0.56092000 0.31581000
vt 0.56092000 0.31581000
vt 0.55033000 0.32433000
vt 0.55033000 0.32433000
vt 0.55033000 0.32433000
vt 0.55303000 0.32947000
vt 0.55303000 0.32947000
vt 0.55303000 0.32947000
vt 0.54737000 0.32674000
vt 0.54737000 0.32674000
vt 0.54737000 0.32674000
vt 0.55040000 0.33403000
vt 0.55040000 0.33403000
vt 0.54514000 0.33403000
vt 0.54514000 0.33403000
vt 0.54406000 0.32845000
vt 0.54406000 0.32845000
vt 0.54406000 0.32845000
vt 0.55566000 0.32492000
vt 0.55566000 0.32492000
vt 0.55566000 0.32492000
vt 0.55566000 0.32492000
vt 0.55273000 0.32138000
vt 0.55273000 0.32138000
vt 0.55273000 0.32138000
vt 0.55603000 0.32102000
vt 0.55603000 0.32102000
vt 0.55603000 0.32102000
vt 0.55603000 0.32102000
vt 0.55603000 0.32102000
vt 0.55544000 0.31462000
vt 0.55544000 0.31462000
vt 0.55829000 0.32036000
vt 0.55829000 0.32036000
vt 0.55445000 0.31806000
vt 0.40737000 0.03031000
vt 0.40673000 0.00050000
vt 0.40737000 0.00027000
vt 0.40802000 0.00012000
vt 0.40802000 0.03047000
vt 0.40673000 0.03009000
vt 0.40608000 0.00077000
vt 0.40608000 0.02981000
vt 0.40544000 0.00110000
vt 0.40866000 0.00003000
vt 0.40866000 0.03056000
vt 0.40351000 0.01266000
vt 0.40415000 0.00180000
vt 0.40415000 0.02878000
vt 0.40480000 0.00144000
vt 0.40351000 0.00740000
vt 0.40351000 0.00215000
vt 0.40544000 0.02949000
vt 0.40931000 0.01529000
vt 0.40931000 0.00000000
vt 0.40931000 0.03058000
vt 0.40351000 0.02318000
vt 0.40351000 0.01792000
vt 0.40351000 0.02844000
vt 0.40480000 0.02914000
vt 0.40013000 0.03009000
vt 0.40013000 0.00050000
vt 0.40078000 0.00027000
vt 0.40142000 0.00012000
vt 0.40078000 0.03031000
vt 0.39949000 0.00077000
vt 0.39949000 0.02981000
vt 0.39884000 0.00110000
vt 0.40207000 0.00003000
vt 0.40142000 0.03047000
vt 0.39691000 0.01266000
vt 0.39755000 0.00180000
vt 0.39755000 0.02878000
vt 0.39820000 0.00144000
vt 0.39691000 0.00740000
vt 0.39691000 0.00215000
vt 0.39884000 0.02949000
vt 0.40271000 0.01529000
vt 0.40271000 0.00000000
vt 0.40207000 0.03056000
vt 0.40271000 0.03058000
vt 0.39691000 0.02318000
vt 0.39691000 0.01792000
vt 0.39691000 0.02844000
vt 0.39820000 0.02914000
vt 0.41333000 0.03009000
vt 0.41333000 0.00050000
vt 0.41397000 0.00027000
vt 0.41462000 0.00012000
vt 0.41397000 0.03031000
vt 0.41268000 0.02981000
vt 0.41268000 0.00077000
vt 0.41204000 0.00110000
vt 0.41526000 0.00003000
vt 0.41462000 0.03047000
vt 0.41010000 0.01266000
vt 0.41075000 0.00180000
vt 0.41010000 0.01792000
vt 0.41139000 0.00144000
vt 0.41075000 0.02878000
vt 0.41010000 0.00740000
vt 0.41010000 0.00215000
vt 0.41139000 0.02914000
vt 0.41591000 0.01529000
vt 0.41591000 0.00000000
vt 0.41526000 0.03056000
vt 0.41591000 0.03058000
vt 0.41010000 0.02318000
vt 0.41010000 0.02844000
vt 0.41204000 0.02949000
vt 0.54127000 0.25354000
vt 0.51146000 0.25419000
vt 0.51124000 0.25354000
vt 0.51108000 0.25290000
vt 0.54143000 0.25290000
vt 0.54105000 0.25419000
vt 0.51174000 0.25483000
vt 0.54077000 0.25483000
vt 0.51206000 0.25548000
vt 0.51099000 0.25225000
vt 0.54152000 0.25225000
vt 0.52362000 0.25741000
vt 0.51276000 0.25677000
vt 0.53974000 0.25677000
vt 0.51240000 0.25612000
vt 0.54010000 0.25612000
vt 0.51836000 0.25741000
vt 0.51311000 0.25741000
vt 0.54045000 0.25548000
vt 0.52625000 0.25161000
vt 0.51096000 0.25161000
vt 0.54155000 0.25161000
vt 0.53414000 0.25741000
vt 0.52888000 0.25741000
vt 0.53940000 0.25741000
vt 0.39418000 0.03031000
vt 0.39354000 0.00050000
vt 0.39418000 0.00027000
vt 0.39482000 0.00012000
vt 0.39482000 0.03047000
vt 0.39354000 0.03009000
vt 0.39289000 0.00077000
vt 0.39289000 0.02981000
vt 0.39224000 0.00110000
vt 0.39547000 0.00003000
vt 0.39547000 0.03056000
vt 0.39031000 0.01266000
vt 0.39096000 0.00180000
vt 0.39096000 0.02878000
vt 0.39160000 0.00144000
vt 0.39160000 0.02914000
vt 0.39031000 0.00740000
vt 0.39031000 0.00215000
vt 0.39224000 0.02949000
vt 0.39611000 0.01529000
vt 0.39611000 0.00000000
vt 0.39611000 0.03058000
vt 0.39031000 0.02318000
vt 0.39031000 0.01792000
vt 0.39031000 0.02844000
vt 0.51108000 0.23673000
vt 0.51099000 0.23609000
vt 0.54143000 0.23673000
vt 0.51124000 0.23738000
vt 0.54127000 0.23738000
vt 0.54105000 0.23802000
vt 0.51146000 0.23802000
vt 0.51174000 0.23867000
vt 0.54077000 0.23867000
vt 0.54045000 0.23931000
vt 0.51206000 0.23931000
vt 0.54010000 0.23996000
vt 0.51240000 0.23996000
vt 0.53974000 0.24060000
vt 0.51276000 0.24060000
vt 0.51311000 0.24124000
vt 0.53940000 0.24124000
vt 0.51096000 0.23544000
vt 0.54155000 0.23544000
vt 0.54152000 0.23609000
vt 0.51096000 0.27521000
vt 0.62495000 0.27521000
vt 0.29093000 0.00000000
vt 0.29093000 0.14235000
vt 0.29093000 0.22776000
vt 0.29093000 0.37011000
vt 0.29093000 0.59787000
vt 0.29093000 0.68328000
vt 0.29093000 0.91104000
vt 0.90991000 0.00000000
f 1/1/1 2/2/2 3/3/3
f 4/4/4 5/5/5 2/2/2
f 6/6/6 7/7/7 5/5/5
f 8/8/8 9/9/9 6/6/6
f 10/10/10 9/9/9 8/8/8
f 11/11/11 1/1/1 12/12/12
f 13/13/13 4/4/4 1/1/1
f 14/14/14 6/6/6 4/4/4
f 15/15/15 8/8/8 14/14/14
f 16/16/16 8/8/8 15/15/15
f 17/17/17 11/11/11 12/12/12
f 18/18/18 13/13/13 17/17/17
f 19/19/19 14/14/14 18/18/18
f 20/20/20 15/15/15 14/14/14
f 21/21/21 15/15/15 20/20/20
f 22/22/22 17/17/17 23/23/23
f 24/24/24 18/18/18 22/22/22
f 25/25/25 19/19/19 24/24/24
f 26/26/26 20/20/20 19/19/19
f 27/27/27 20/20/20 26/26/26
f 28/28/28 22/22/22 29/29/29
f 30/30/30 24/24/24 22/22/22
f 31/31/31 25/25/25 24/24/24
f 32/32/32 26/26/26 31/31/31
f 33/33/33 26/26/26 32/32/32
f 34/34/34 28/28/28 35/35/35
f 36/36/36 30/30/30 28/28/28
f 37/37/37 31/31/31 30/30/30
f 38/38/38 32/32/32 37/37/37
f 39/39/39 32/32/32 38/38/38
f 40/40/40 34/34/34 35/35/35
f 41/41/41 36/36/36 40/40/40
f 42/42/42 37/37/37 41/41/41
f 43/43/43 38/38/38 37/37/37
f 44/44/44 38/38/38 43/43/43
f 45/45/45 40/40/40 46/46/46
f 47/47/47 41/41/41 45/45/45
f 48/48/48 42/42/42 47/47/47
f 49/49/49 43/43/43 42/42/42
f 50/50/50 43/43/43 49/49/49
f 51/51/51 45/45/45 52/52/52
f 53/53/53 47/47/47 45/45/45
f 54/54/54 48/48/48 47/47/47
f 55/55/55 49/49/49 54/54/54
f 56/56/56 49/49/49 55/55/55
f 57/57/57 51/51/51 58/58/58
f 59/59/59 53/53/53 51/51/51
f 60/60/60 54/54/54 53/53/53
f 61/61/61 55/55/55 60/60/60
f 62/62/62 55/55/55 61/61/61
f 63/63/63 57/57/57 58/58/58
f 64/64/64 59/59/59 63/63/63
f 65/65/65 60/60/60 64/64/64
f 66/66/66 61/61/61 60/60/60
f 67/67/67 61/61/61 66/66/66
f 68/68/68 63/63/63 69/69/69
f 70/70/70 64/64/64 68/68/68
f 71/71/71 65/65/65 70/70/70
f 72/72/72 66/66/66 65/65/65
f 73/73/73 66/66/66 72/72/72
f 74/74/74 68/68/68 75/75/75
f 76/76/76 70/70/70 68/68/68
f 77/77/77 71/71/71 70/70/70
f 78/78/78 72/72/72 77/77/77
f 79/79/79 72/72/72 78/78/78
f 80/80/80 74/74/74 81/81/81
f 82/82/82 76/76/76 74/74/74
f 83/83/83 77/77/77 76/76/76
f 84/84/84 78/78/78 83/83/83
f 85/85/85 78/78/78 84/84/84
f 86/86/86 80/80/80 81/81/81
f 87/87/87 82/82/82 86/86/86
f 88/88/88 83/83/83 87/87/87
f 89/89/89 84/84/84 83/83/83
f 90/90/90 84/84/84 89/89/89
f 91/91/91 86/86/86 92/92/92
f 93/93/93 87/87/87 91/91/91
f 94/94/94 88/88/88 93/93/93
f 95/95/95 89/89/89 88/88/88
f 96/96/96 89/89/89 95/95/95
f 97/97/97 98/98/98 99/99/99
f 3/3/3 99/99/99 100/100/100
f 12/12/12 101/101/101 102/102/102
f 12/12/12 102/102/102 103/103/103
f 3/3/3 100/100/100 101/101/101
f 23/23/23 104/104/104 105/105/105
f 106/106/106 105/105/105 107/107/107
f 29/29/29 108/108/108 109/109/109
f 29/29/29 109/109/109 110/110/110
f 106/106/106 107/107/107 108/108/108
f 23/23/23 103/103/103 104/104/104
f 3/3/3 97/97/97 99/99/99
f 12/12/12 3/3/3 101/101/101
f 106/106/106 23/23/23 105/105/105
f 29/29/29 106/106/106 108/108/108
f 12/12/12 103/103/103 23/23/23
f 35/35/35 111/111/111 112/112/112
f 46/46/46 112/112/112 113/113/113
f 46/46/46 35/35/35 112/112/112
f 114/114/114 46/46/46 115/115/115
f 116/116/116 114/114/114 115/115/115
f 35/35/35 29/29/29 110/110/110
f 52/52/52 117/117/117 118/118/118
f 52/52/52 118/118/118 119/119/119
f 58/58/58 120/120/120 121/121/121
f 69/69/69 121/121/121 122/122/122
f 58/58/58 119/119/119 120/120/120
f 123/123/123 124/124/124 125/125/125
f 123/123/123 125/125/125 126/126/126
f 75/75/75 127/127/127 128/128/128
f 81/81/81 128/128/128 129/129/129
f 75/75/75 126/126/126 127/127/127
f 69/69/69 122/122/122 124/124/124
f 52/52/52 114/114/114 117/117/117
f 58/58/58 52/52/52 119/119/119
f 123/123/123 69/69/69 124/124/124
f 75/75/75 123/123/123 126/126/126
f 58/58/58 121/121/121 69/69/69
f 92/92/92 130/130/130 131/131/131
f 92/92/92 131/131/131 132/132/132
f 92/92/92 81/81/81 130/130/130
f 132/132/132 133/133/133 92/92/92
f 132/132/132 134/134/134 133/133/133
f 128/128/128 81/81/81 75/75/75
f 116/116/116 117/117/117 114/114/114
f 135/135/135 136/136/136 137/137/137
f 138/138/138 139/139/139 140/140/140
f 136/136/136 138/138/138 141/141/141
f 142/142/142 143/143/143 144/144/144
f 145/145/145 146/146/146 147/147/147
f 143/143/143 145/145/145 148/148/148
f 139/139/139 142/142/142 149/149/149
f 150/150/150 151/151/151 152/152/152
f 153/153/153 154/154/154 155/155/155
f 153/153/153 156/156/156 152/152/152
f 157/157/157 158/158/158 159/159/159
f 160/160/160 161/161/161 162/162/162
f 158/158/158 163/163/163 162/162/162
f 154/154/154 157/157/157 164/164/164
f 146/146/146 150/150/150 165/165/165
f 166/166/166 167/167/167 161/161/161
f 168/168/168 169/169/169 170/170/170
f 171/171/171 172/172/172 173/173/173
f 174/174/174 173/173/173 169/169/169
f 175/175/175 176/176/176 177/177/177
f 178/178/178 179/179/179 180/180/180
f 176/176/176 178/178/178 181/181/181
f 171/171/171 175/175/175 182/182/182
f 183/183/183 184/184/184 185/185/185
f 186/186/186 187/187/187 188/188/188
f 184/184/184 186/186/186 189/189/189
f 190/190/190 191/191/191 192/192/192
f 193/193/193 194/194/194 195/195/195
f 191/191/191 193/193/193 196/196/196
f 187/187/187 190/190/190 197/197/197
f 179/179/179 183/183/183 180/180/180
f 198/198/198 170/170/170 167/167/167
f 199/199/199 200/200/200 201/201/201
f 202/202/202 199/199/199 203/203/203
f 201/201/201 203/203/203 199/199/199
f 203/203/203 201/201/201 204/204/204
f 201/201/201 205/205/205 206/206/206
f 206/206/206 204/204/204 201/201/201
f 205/205/205 207/207/207 206/206/206
f 205/205/205 201/201/201 208/208/208
f 209/209/209 210/210/210 211/211/211
f 212/212/212 211/211/211 213/213/213
f 214/214/214 209/209/209 212/212/212
f 211/211/211 212/212/212 209/209/209
f 215/215/215 216/216/216 217/217/217
f 218/218/218 216/216/216 215/215/215
f 216/216/216 218/218/218 219/219/219
f 215/215/215 220/220/220 218/218/218
f 221/221/221 222/222/222 223/223/223
f 224/224/224 225/225/225 226/226/226
f 227/227/227 228/228/228 229/229/229
f 228/228/228 227/227/227 230/230/230
f 231/231/231 229/229/229 225/225/225
f 232/232/232 221/221/221 226/226/226
f 226/226/226 221/221/221 223/223/223
f 233/233/233 234/234/234 235/235/235
f 236/236/236 237/237/237 234/234/234
f 238/238/238 239/239/239 240/240/240
f 239/239/239 241/241/241 237/237/237
f 241/241/241 239/239/239 238/238/238
f 242/242/242 235/235/235 243/243/243
f 238/238/238 244/244/244 241/241/241
f 245/245/245 246/246/246 247/247/247
f 248/248/248 249/249/249 245/245/245
f 246/246/246 245/245/245 249/249/249
f 245/245/245 247/247/247 250/250/250
f 251/251/251 252/252/252 253/253/253
f 254/254/254 252/252/252 251/251/251
f 252/252/252 254/254/254 250/250/250
f 251/251/251 255/255/255 254/254/254
f 256/256/256 257/257/257 258/258/258
f 259/259/259 257/257/257 256/256/256
f 256/256/256 260/260/260 261/261/261
f 257/257/257 259/259/259 262/262/262
f 256/256/256 261/261/261 263/263/263
f 263/263/263 259/259/259 256/256/256
f 264/264/264 265/265/265 260/260/260
f 260/260/260 266/266/266 264/264/264
f 266/266/266 267/267/267 268/268/268
f 268/268/268 269/269/269 266/266/266
f 268/268/268 270/270/270 269/269/269
f 269/269/269 271/271/271 266/266/266
f 272/272/272 273/273/273 274/274/274
f 275/275/275 274/274/274 276/276/276
f 277/277/277 272/272/272 275/275/275
f 274/274/274 275/275/275 272/272/272
f 278/278/278 279/279/279 280/280/280
f 281/281/281 279/279/279 278/278/278
f 279/279/279 281/281/281 282/282/282
f 278/278/278 283/283/283 281/281/281
f 284/284/284 285/285/285 286/286/286
f 287/287/287 288/288/288 289/289/289
f 288/288/288 287/287/287 290/290/290
f 291/291/291 289/289/289 292/292/292
f 292/292/292 293/293/293 284/284/284
f 286/286/286 292/292/292 284/284/284
f 294/294/294 295/295/295 296/296/296
f 297/297/297 298/298/298 299/299/299
f 298/298/298 300/300/300 295/295/295
f 298/298/298 297/297/297 300/300/300
f 301/301/301 296/296/296 302/302/302
f 297/297/297 303/303/303 300/300/300
f 304/304/304 305/305/305 306/306/306
f 307/307/307 304/304/304 308/308/308
f 306/306/306 308/308/308 304/304/304
f 308/308/308 306/306/306 309/309/309
f 310/310/310 309/309/309 311/311/311
f 312/312/312 313/313/313 310/310/310
f 309/309/309 310/310/310 313/313/313
f 314/314/314 315/315/315 316/316/316
f 317/317/317 314/314/314 316/316/316
f 315/315/315 318/318/318 319/319/319
f 317/317/317 320/320/320 314/314/314
f 314/314/314 318/318/318 315/315/315
f 320/320/320 317/317/317 321/321/321
f 322/322/322 321/321/321 317/317/317
f 323/323/323 322/322/322 317/317/317
f 323/323/323 324/324/324 325/325/325
f 325/325/325 326/326/326 323/323/323
f 323/323/323 327/327/327 322/322/322
f 325/325/325 328/328/328 326/326/326
f 326/326/326 327/327/327 323/323/323
f 329/329/329 330/330/330 331/331/331
f 332/332/332 329/329/329 333/333/333
f 331/331/331 333/333/333 329/329/329
f 333/333/333 331/331/331 334/334/334
f 335/335/335 334/334/334 336/336/336
f 337/337/337 338/338/338 335/335/335
f 334/334/334 335/335/335 338/338/338
f 339/339/339 340/340/340 341/341/341
f 342/342/342 343/343/343 344/344/344
f 343/343/343 342/342/342 345/345/345
f 346/346/346 344/344/344 347/347/347
f 347/347/347 348/348/348 339/339/339
f 341/341/341 347/347/347 339/339/339
f 349/349/349 350/350/350 351/351/351
f 352/352/352 353/353/353 354/354/354
f 353/353/353 355/355/355 350/350/350
f 353/353/353 352/352/352 355/355/355
f 356/356/356 351/351/351 357/357/357
f 352/352/352 358/358/358 355/355/355
f 359/359/359 360/360/360 361/361/361
f 362/362/362 363/363/363 359/359/359
f 360/360/360 359/359/359 363/363/363
f 359/359/359 361/361/361 364/364/364
f 365/365/365 366/366/366 367/367/367
f 368/368/368 366/366/366 365/365/365
f 366/366/366 368/368/368 364/364/364
f 365/365/365 369/369/369 368/368/368
f 370/370/370 371/371/371 372/372/372
f 370/370/370 373/373/373 371/371/371
f 374/374/374 371/371/371 373/373/373
f 370/370/370 375/375/375 373/373/373
f 376/376/376 377/377/377 378/378/378
f 376/376/376 375/375/375 370/370/370
f 377/377/377 376/376/376 370/370/370
f 379/379/379 380/380/380 377/377/377
f 379/379/379 381/381/381 382/382/382
f 382/382/382 383/383/383 379/379/379
f 379/379/379 384/384/384 380/380/380
f 382/382/382 385/385/385 383/383/383
f 383/383/383 384/384/384 379/379/379
f 378/378/378 377/377/377 380/380/380
f 386/386/386 387/387/387 388/388/388
f 389/389/389 386/386/386 390/390/390
f 388/388/388 390/390/390 386/386/386
f 390/390/390 388/388/388 391/391/391
f 392/392/392 391/391/391 393/393/393
f 394/394/394 393/393/393 395/395/395
f 392/392/392 393/393/393 396/396/396
f 394/394/394 396/396/396 393/393/393
f 397/397/397 398/398/398 399/399/399
f 400/400/400 401/401/401 402/402/402
f 403/403/403 404/404/404 405/405/405
f 404/404/404 403/403/403 406/406/406
f 407/407/407 405/405/405 401/401/401
f 408/408/408 397/397/397 402/402/402
f 402/402/402 397/397/397 399/399/399
f 409/409/409 410/410/410 411/411/411
f 412/412/412 413/413/413 410/410/410
f 414/414/414 415/415/415 416/416/416
f 415/415/415 417/417/417 413/413/413
f 417/417/417 415/415/415 414/414/414
f 418/418/418 411/411/411 419/419/419
f 414/414/414 420/420/420 417/417/417
f 421/421/421 422/422/422 423/423/423
f 424/424/424 423/423/423 425/425/425
f 426/426/426 421/421/421 424/424/424
f 423/423/423 424/424/424 421/421/421
f 427/427/427 428/428/428 429/429/429
f 430/430/430 428/428/428 427/427/427
f 428/428/428 430/430/430 431/431/431
f 427/427/427 432/432/432 430/430/430
f 433/433/433 434/434/434 435/435/435
f 436/436/436 433/433/433 437/437/437
f 435/435/435 437/437/437 433/433/433
f 437/437/437 435/435/435 438/438/438
f 435/435/435 439/439/439 440/440/440
f 440/440/440 438/438/438 435/435/435
f 439/439/439 441/441/441 440/440/440
f 439/439/439 435/435/435 442/442/442
f 443/443/443 444/444/444 445/445/445
f 446/446/446 443/443/443 445/445/445
f 443/443/443 447/447/447 448/448/448
f 448/448/448 444/444/444 443/443/443
f 449/449/449 443/443/443 450/450/450
f 451/451/451 449/449/449 452/452/452
f 443/443/443 453/453/453 447/447/447
f 446/446/446 454/454/454 443/443/443
f 451/451/451 455/455/455 449/449/449
f 456/456/456 457/457/457 443/443/443
f 457/457/457 458/458/458 443/443/443
f 459/459/459 443/443/443 458/458/458
f 443/443/443 460/460/460 450/450/450
f 460/460/460 443/443/443 459/459/459
f 452/452/452 449/449/449 450/450/450
f 454/454/454 456/456/456 443/443/443
f 461/461/461 462/462/462 463/463/463
f 461/461/461 464/464/464 462/462/462
f 462/462/462 464/464/464 465/465/465
f 462/462/462 466/466/466 463/463/463
f 467/467/467 462/462/462 468/468/468
f 467/467/467 466/466/466 462/462/462
f 465/465/465 469/469/469 462/462/462
f 470/470/470 462/462/462 471/471/471
f 472/472/472 462/462/462 470/470/470
f 473/473/473 468/468/468 462/462/462
f 474/474/474 475/475/475 476/476/476
f 477/477/477 474/474/474 476/476/476
f 462/462/462 475/475/475 474/474/474
f 462/462/462 472/472/472 475/475/475
f 462/462/462 478/478/478 473/473/473
f 471/471/471 462/462/462 469/469/469
f 479/479/479 480/480/480 481/481/481
f 482/482/482 479/479/479 483/483/483
f 481/481/481 483/483/483 479/479/479
f 484/484/484 479/479/479 485/485/485
f 486/486/486 485/485/485 479/479/479
f 479/479/479 487/487/487 486/486/486
f 484/484/484 480/480/480 479/479/479
f 488/488/488 482/482/482 489/489/489
f 482/482/482 488/488/488 479/479/479
f 490/490/490 479/479/479 491/491/491
f 479/479/479 492/492/492 491/491/491
f 493/493/493 487/487/487 479/479/479
f 488/488/488 494/494/494 495/495/495
f 490/490/490 496/496/496 479/479/479
f 493/493/493 479/479/479 497/497/497
f 497/497/497 479/479/479 498/498/498
f 499/499/499 498/498/498 479/479/479
f 499/499/499 479/479/479 496/496/496
f 494/494/494 488/488/488 489/489/489
f 500/500/500 501/501/501 502/502/502
f 503/503/503 504/504/504 500/500/500
f 505/505/505 503/503/503 500/500/500
f 501/501/501 500/500/500 504/504/504
f 506/506/506 503/503/503 505/505/505
f 506/506/506 505/505/505 507/507/507
f 507/507/507 505/505/505 508/508/508
f 505/505/505 509/509/509 508/508/508
f 509/509/509 505/505/505 510/510/510
f 505/505/505 511/511/511 512/512/512
f 513/513/513 514/514/514 505/505/505
f 515/515/515 511/511/511 505/505/505
f 516/516/516 513/513/513 505/505/505
f 510/510/510 505/505/505 517/517/517
f 505/505/505 518/518/518 517/517/517
f 505/505/505 519/519/519 518/518/518
f 514/514/514 519/519/519 505/505/505
f 512/512/512 516/516/516 505/505/505
f 520/520/520 521/521/521 522/522/522
f 521/521/521 523/523/523 524/524/524
f 525/525/525 526/526/526 527/527/527
f 523/523/523 525/525/525 528/528/528
f 529/529/529 530/530/530 531/531/531
f 527/527/527 528/528/528 525/525/525
f 530/530/530 532/532/532 533/533/533
f 526/526/526 529/529/529 534/534/534
f 532/532/532 535/535/535 536/536/536
f 535/535/535 537/537/537 538/538/538
f 539/539/539 540/540/540 541/541/541
f 542/542/542 543/543/543 544/544/544
f 540/540/540 542/542/542 545/545/545
f 537/537/537 539/539/539 546/546/546
f 547/547/547 548/548/548 549/549/549
f 548/548/548 550/550/550 551/551/551
f 552/552/552 553/553/553 554/554/554
f 555/555/555 556/556/556 557/557/557
f 553/553/553 555/555/555 558/558/558
f 550/550/550 552/552/552 559/559/559
f 543/543/543 547/547/547 560/560/560
f 556/556/556 561/561/561 562/562/562
f 526/526/526 534/534/534 563/563/563
f 529/529/529 531/531/531 564/564/564
f 564/564/564 565/565/565 529/529/529
f 535/535/535 538/538/538 536/536/536
f 547/547/547 549/549/549 560/560/560
f 550/550/550 559/559/559 566/566/566
f 566/566/566 567/567/567 550/550/550
f 551/551/551 568/568/568 548/548/548
f 569/569/569 570/570/570 571/571/571
f 557/557/557 558/558/558 555/555/555
f 571/571/571 572/572/572 573/573/573
f 572/572/572 574/574/574 575/575/575
f 576/576/576 577/577/577 578/578/578
f 574/574/574 576/576/576 579/579/579
f 580/580/580 581/581/581 582/582/582
f 583/583/583 584/584/584 585/585/585
f 581/581/581 583/583/583 586/586/586
f 576/576/576 578/578/578 579/579/579
f 577/577/577 580/580/580 587/587/587
f 584/584/584 588/588/588 589/589/589
f 588/588/588 590/590/590 591/591/591
f 592/592/592 593/593/593 594/594/594
f 595/595/595 596/596/596 597/597/597
f 593/593/593 595/595/595 598/598/598
f 590/590/590 592/592/592 599/599/599
f 600/600/600 601/601/601 602/602/602
f 603/603/603 604/604/604 601/601/601
f 605/605/605 606/606/606 607/607/607
f 608/608/608 609/609/609 610/610/610
f 606/606/606 608/608/608 611/611/611
f 603/603/603 605/605/605 612/612/612
f 596/596/596 600/600/600 613/613/613
f 609/609/609 614/614/614 615/615/615
f 577/577/577 587/587/587 616/616/616
f 580/580/580 582/582/582 617/617/617
f 617/617/617 618/618/618 580/580/580
f 584/584/584 589/589/589 585/585/585
f 596/596/596 613/613/613 597/597/597
f 601/601/601 604/604/604 619/619/619
f 619/619/619 620/620/620 601/601/601
f 602/602/602 621/621/621 600/600/600
f 611/611/611 607/607/607 606/606/606
f 622/622/622 604/604/604 603/603/603
f 623/623/623 625/625/625 626/626/626
f 629/629/629 632/632/632 625/625/625
f 634/634/634 635/635/635 632/632/632
f 637/637/637 640/640/640 635/635/635
f 641/641/641 642/642/642 643/643/643
f 646/646/646 623/623/623 642/642/642
f 629/629/629 623/623/623 646/646/646
f 649/649/649 634/634/634 629/629/629
f 652/652/652 637/637/637 634/634/634
f 653/653/653 656/656/656 637/637/637
f 657/657/657 641/641/641 658/658/658
f 659/659/659 646/646/646 641/641/641
f 660/660/660 652/652/652 649/649/649
f 661/661/661 653/653/653 652/652/652
f 662/662/662 657/657/657 663/663/663
f 665/665/665 659/659/659 657/657/657
f 668/668/668 660/660/660 669/669/669
f 670/670/670 661/661/661 660/660/660
f 671/671/671 662/662/662 672/672/672
f 673/673/673 665/665/665 662/662/662
f 665/665/665 673/673/673 675/675/675
f 675/675/675 676/676/676 680/680/680
f 682/682/682 668/668/668 680/680/680
f 683/683/683 670/670/670 668/668/668
f 687/687/687 673/673/673 671/671/671
f 690/690/690 675/675/675 673/673/673
f 691/691/691 676/676/676 675/675/675
f 693/693/693 682/682/682 676/676/676
f 695/695/695 628/628/628 697/697/697
f 696/696/696 699/699/699 643/643/643
f 700/700/700 643/643/643 699/699/699
f 696/696/696 642/642/642 626/626/626
f 624/624/624 703/703/703 705/705/705
f 706/706/706 626/626/626 625/625/625
f 702/702/702 625/625/625 632/632/632
f 627/627/627 704/704/704 698/698/698
f 707/707/707 701/701/701 631/631/631
f 696/696/696 643/643/643 642/642/642
f 709/709/709 658/658/658 700/700/700
f 663/663/663 709/709/709 710/710/710
f 711/711/711 663/663/663 710/710/710
f 658/658/658 709/709/709 663/663/663
f 647/647/647 712/712/712 715/715/715
f 646/646/646 659/659/659 713/713/713
f 700/700/700 658/658/658 643/643/643
f 714/714/714 717/717/717 646/646/646
f 720/720/720 708/708/708 633/633/633
f 723/723/723 718/718/718 636/636/636
f 719/719/719 632/632/632 635/635/635
f 640/640/640 722/722/722 635/635/635
f 725/725/725 727/727/727 638/638/638
f 721/721/721 639/639/639 726/726/726
f 656/656/656 728/728/728 724/724/724
f 640/640/640 637/637/637 724/724/724
f 637/637/637 656/656/656 724/724/724
f 649/649/649 717/717/717 730/730/730
f 669/669/669 649/649/649 732/732/732
f 651/651/651 731/731/731 733/733/733
f 732/732/732 649/649/649 734/734/734
f 729/729/729 655/655/655 737/737/737
f 653/653/653 736/736/736 656/656/656
f 661/661/661 738/738/738 653/653/653
f 735/735/735 654/654/654 739/739/739
f 669/669/669 732/732/732 740/740/740
f 648/648/648 630/630/630 645/645/645
f 650/650/650 644/644/644 716/716/716
f 713/713/713 659/659/659 741/741/741
f 742/742/742 672/672/672 711/711/711
f 672/672/672 742/742/742 744/744/744
f 746/746/746 744/744/744 742/742/742
f 747/747/747 741/741/741 659/659/659
f 750/750/750 665/665/665 751/751/751
f 748/748/748 664/664/664 749/749/749
f 747/747/747 659/659/659 665/665/665
f 671/671/671 744/744/744 754/754/754
f 711/711/711 672/672/672 663/663/663
f 671/671/671 754/754/754 756/756/756
f 760/760/760 757/757/757 762/762/762
f 753/753/753 763/763/763 758/758/758
f 687/687/687 756/756/756 761/761/761
f 764/764/764 690/690/690 766/766/766
f 688/688/688 765/765/765 689/689/689
f 767/767/767 686/686/686 759/759/759
f 764/764/764 768/768/768 690/690/690
f 755/755/755 743/743/743 745/745/745
f 678/678/678 666/666/666 674/674/674
f 771/771/771 669/669/669 772/772/772
f 772/772/772 669/669/669 740/740/740
f 680/680/680 774/774/774 751/751/751
f 679/679/679 770/770/770 773/773/773
f 680/680/680 669/669/669 771/771/771
f 738/738/738 661/661/661 775/775/775
f 776/776/776 775/775/775 661/661/661
f 776/776/776 661/661/661 670/670/670
f 777/777/777 776/776/776 670/670/670
f 667/667/667 677/677/677 752/752/752
f 693/693/693 691/691/691 779/779/779
f 769/769/769 778/778/778 692/692/692
f 780/780/780 693/693/693 779/779/779
f 783/783/783 682/682/682 693/693/693
f 786/786/786 777/777/777 683/683/683
f 683/683/683 777/777/777 670/670/670
f 787/787/787 684/684/684 785/785/785
f 782/782/782 685/685/685 681/681/681
f 784/784/784 694/694/694 781/781/781
f 691/691/691 690/690/690 768/768/768
f 788/788/788 789/789/789 790/790/790
f 791/791/791 792/792/792 789/789/789
f 793/793/793 788/788/788 794/794/794
f 795/795/795 791/791/791 788/788/788
f 796/796/796 793/793/793 797/797/797
f 798/798/798 795/795/795 793/793/793
f 799/799/799 796/796/796 800/800/800
f 801/801/801 798/798/798 799/799/799
f 802/802/802 799/799/799 800/800/800
f 803/803/803 801/801/801 802/802/802
f 804/804/804 802/802/802 805/805/805
f 806/806/806 803/803/803 804/804/804
f 807/807/807 804/804/804 808/808/808
f 809/809/809 806/806/806 807/807/807
f 810/810/810 807/807/807 808/808/808
f 811/811/811 809/809/809 807/807/807
f 812/812/812 810/810/810 813/813/813
f 814/814/814 811/811/811 812/812/812
f 815/815/815 812/812/812 813/813/813
f 816/816/816 814/814/814 812/812/812
f 817/817/817 815/815/815 818/818/818
f 819/819/819 816/816/816 815/815/815
f 820/820/820 817/817/817 821/821/821
f 822/822/822 819/819/819 820/820/820
f 823/823/823 820/820/820 824/824/824
f 825/825/825 822/822/822 823/823/823
f 826/826/826 823/823/823 827/827/827
f 828/828/828 825/825/825 826/826/826
f 829/829/829 826/826/826 830/830/830
f 831/831/831 828/828/828 829/829/829
f 832/832/832 829/829/829 830/830/830
f 833/833/833 831/831/831 829/829/829
f 834/834/834 832/832/832 835/835/835
f 836/836/836 833/833/833 834/834/834
f 837/837/837 834/834/834 835/835/835
f 838/838/838 836/836/836 834/834/834
f 839/839/839 837/837/837 840/840/840
f 841/841/841 838/838/838 837/837/837
f 842/842/842 839/839/839 843/843/843
f 844/844/844 841/841/841 839/839/839
f 845/845/845 842/842/842 846/846/846
f 847/847/847 844/844/844 845/845/845
f 848/848/848 845/845/845 846/846/846
f 849/849/849 847/847/847 848/848/848
f 850/850/850 848/848/848 851/851/851
f 852/852/852 849/849/849 850/850/850
f 853/853/853 850/850/850 851/851/851
f 854/854/854 852/852/852 850/850/850
f 855/855/855 853/853/853 856/856/856
f 857/857/857 854/854/854 855/855/855
f 858/858/858 855/855/855 856/856/856
f 859/859/859 857/857/857 855/855/855
f 860/860/860 858/858/858 861/861/861
f 862/862/862 859/859/859 858/858/858
f 863/863/863 860/860/860 864/864/864
f 865/865/865 862/862/862 863/863/863
f 866/866/866 863/863/863 867/867/867
f 868/868/868 865/865/865 863/863/863
f 869/869/869 866/866/866 870/870/870
f 871/871/871 868/868/868 866/866/866
f 872/872/872 869/869/869 873/873/873
f 874/874/874 871/871/871 872/872/872
f 875/875/875 872/872/872 876/876/876
f 877/877/877 874/874/874 875/875/875
f 790/790/790 878/878/878 879/879/879
f 794/794/794 880/880/880 881/881/881
f 797/797/797 881/881/881 882/882/882
f 794/794/794 879/879/879 880/880/880
f 883/883/883 884/884/884 885/885/885
f 800/800/800 886/886/886 887/887/887
f 800/800/800 887/887/887 888/888/888
f 883/883/883 885/885/885 886/886/886
f 797/797/797 882/882/882 884/884/884
f 794/794/794 790/790/790 879/879/879
f 883/883/883 797/797/797 884/884/884
f 800/800/800 883/883/883 886/886/886
f 794/794/794 881/881/881 797/797/797
f 805/805/805 889/889/889 890/890/890
f 805/805/805 890/890/890 891/891/891
f 892/892/892 891/891/891 890/890/890
f 893/893/893 891/891/891 892/892/892
f 888/888/888 805/805/805 800/800/800
f 888/888/888 889/889/889 805/805/805
f 808/808/808 893/893/893 894/894/894
f 895/895/895 896/896/896 897/897/897
f 895/895/895 897/897/897 898/898/898
f 808/808/808 894/894/894 896/896/896
f 899/899/899 813/813/813 898/898/898
f 900/900/900 818/818/818 901/901/901
f 902/902/902 818/818/818 900/900/900
f 901/901/901 813/813/813 899/899/899
f 813/813/813 895/895/895 898/898/898
f 903/903/903 821/821/821 904/904/904
f 896/896/896 895/895/895 808/808/808
f 903/903/903 905/905/905 824/824/824
f 905/905/905 906/906/906 824/824/824
f 902/902/902 904/904/904 821/821/821
f 907/907/907 908/908/908 906/906/906
f 909/909/909 908/908/908 907/907/907
f 910/910/910 827/827/827 911/911/911
f 912/912/912 830/830/830 910/910/910
f 911/911/911 827/827/827 909/909/909
f 913/913/913 830/830/830 912/912/912
f 891/891/891 893/893/893 808/808/808
f 791/791/791 914/914/914 792/792/792
f 798/798/798 915/915/915 795/795/795
f 801/801/801 916/916/916 915/915/915
f 795/795/795 917/917/917 791/791/791
f 809/809/809 918/918/918 919/919/919
f 811/811/811 920/920/920 809/809/809
f 806/806/806 919/919/919 921/921/921
f 803/803/803 921/921/921 801/801/801
f 814/814/814 922/922/922 920/920/920
f 902/902/902 821/821/821 818/818/818
f 819/819/819 923/923/923 816/816/816
f 824/824/824 821/821/821 903/903/903
f 922/922/922 814/814/814 924/924/924
f 909/909/909 827/827/827 908/908/908
f 913/913/913 925/925/925 830/830/830
f 830/830/830 827/827/827 910/910/910
f 908/908/908 824/824/824 906/906/906
f 822/822/822 926/926/926 923/923/923
f 926/926/926 822/822/822 927/927/927
f 831/831/831 928/928/928 929/929/929
f 928/928/928 831/831/831 930/930/930
f 828/828/828 929/929/929 927/927/927
f 818/818/818 813/813/813 901/901/901
f 925/925/925 913/913/913 931/931/931
f 835/835/835 925/925/925 932/932/932
f 835/835/835 933/933/933 934/934/934
f 840/840/840 934/934/934 935/935/935
f 936/936/936 937/937/937 938/938/938
f 843/843/843 939/939/939 940/940/940
f 843/843/843 940/940/940 941/941/941
f 936/936/936 938/938/938 939/939/939
f 840/840/840 935/935/935 937/937/937
f 840/840/840 835/835/835 934/934/934
f 843/843/843 936/936/936 939/939/939
f 846/846/846 843/843/843 941/941/941
f 840/840/840 937/937/937 936/936/936
f 942/942/942 846/846/846 943/943/943
f 944/944/944 942/942/942 945/945/945
f 943/943/943 945/945/945 942/942/942
f 851/851/851 942/942/942 944/944/944
f 846/846/846 941/941/941 946/946/946
f 851/851/851 947/947/947 948/948/948
f 949/949/949 950/950/950 951/951/951
f 856/856/856 949/949/949 951/951/951
f 949/949/949 948/948/948 950/950/950
f 952/952/952 856/856/856 953/953/953
f 954/954/954 861/861/861 955/955/955
f 956/956/956 864/864/864 954/954/954
f 955/955/955 861/861/861 952/952/952
f 957/957/957 867/867/867 958/958/958
f 948/948/948 949/949/949 851/851/851
f 957/957/957 959/959/959 867/867/867
f 959/959/959 960/960/960 961/961/961
f 956/956/956 958/958/958 864/864/864
f 962/962/962 961/961/961 960/960/960
f 963/963/963 870/870/870 962/962/962
f 964/964/964 873/873/873 965/965/965
f 966/966/966 873/873/873 964/964/964
f 965/965/965 870/870/870 963/963/963
f 967/967/967 876/876/876 966/966/966
f 944/944/944 947/947/947 851/851/851
f 838/838/838 968/968/968 836/836/836
f 844/844/844 969/969/969 841/841/841
f 847/847/847 970/970/970 844/844/844
f 841/841/841 971/971/971 838/838/838
f 854/854/854 972/972/972 852/852/852
f 857/857/857 973/973/973 972/972/972
f 852/852/852 974/974/974 975/975/975
f 849/849/849 975/975/975 970/970/970
f 836/836/836 976/976/976 930/930/930
f 973/973/973 857/857/857 977/977/977
f 954/954/954 864/864/864 861/861/861
f 862/862/862 978/978/978 859/859/859
f 867/867/867 864/864/864 958/958/958
f 962/962/962 870/870/870 961/961/961
f 966/966/966 876/876/876 873/873/873
f 873/873/873 870/870/870 965/965/965
f 961/961/961 867/867/867 959/959/959
f 865/865/865 979/979/979 978/978/978
f 979/979/979 865/865/865 980/980/980
f 980/980/980 868/868/868 871/871/871
f 874/874/874 981/981/981 982/982/982
f 877/877/877 983/983/983 981/981/981
f 861/861/861 856/856/856 952/952/952
f 932/932/932 925/925/925 931/931/931
f 984/984/984 985/985/985 986/986/986
f 987/987/987 984/984/984 988/988/988
f 989/989/989 987/987/987 990/990/990
f 991/991/991 989/989/989 992/992/992
f 993/993/993 991/991/991 994/994/994
f 995/995/995 996/996/996 985/985/985
f 997/997/997 995/995/995 984/984/984
f 998/998/998 997/997/997 987/987/987
f 999/999/999 998/998/998 989/989/989
f 1000/1000/1000 999/999/999 991/991/991
f 1001/1001/1001 1002/1002/1002 996/996/996
f 1003/1003/1003 1001/1001/1001 995/995/995
f 1004/1004/1004 1003/1003/1003 997/997/997
f 1005/1005/1005 1004/1004/1004 998/998/998
f 1006/1006/1006 1005/1005/1005 999/999/999
f 1007/1007/1007 1008/1008/1008 1002/1002/1002
f 1009/1009/1009 1007/1007/1007 1001/1001/1001
f 1010/1010/1010 1009/1009/1009 1003/1003/1003
f 1011/1011/1011 1010/1010/1010 1004/1004/1004
f 1012/1012/1012 1011/1011/1011 1005/1005/1005
f 1013/1013/1013 1014/1014/1014 1008/1008/1008
f 1015/1015/1015 1013/1013/1013 1007/1007/1007
f 1016/1016/1016 1015/1015/1015 1009/1009/1009
f 1017/1017/1017 1016/1016/1016 1010/1010/1010
f 1018/1018/1018 1017/1017/1017 1011/1011/1011
f 986/986/986 1019/1019/1019 1020/1020/1020
f 986/986/986 1020/1020/1020 1021/1021/1021
f 1022/1022/1022 986/986/986 1023/1023/1023
f 1022/1022/1022 1019/1019/1019 986/986/986
f 986/986/986 1021/1021/1021 1024/1024/1024
f 1025/1025/1025 990/990/990 1026/1026/1026
f 1027/1027/1027 1028/1028/1028 988/988/988
f 1029/1029/1029 1026/1026/1026 990/990/990
f 986/986/986 1024/1024/1024 1027/1027/1027
f 1028/1028/1028 1029/1029/1029 988/988/988
f 986/986/986 1030/1030/1030 1023/1023/1023
f 1031/1031/1031 1032/1032/1032 986/986/986
f 1031/1031/1031 986/986/986 1033/1033/1033
f 985/985/985 1034/1034/1034 1035/1035/1035
f 986/986/986 1035/1035/1035 1036/1036/1036
f 1036/1036/1036 1033/1033/1033 986/986/986
f 986/986/986 1027/1027/1027 988/988/988
f 988/988/988 1029/1029/1029 990/990/990
f 1034/1034/1034 985/985/985 996/996/996
f 985/985/985 1035/1035/1035 986/986/986
f 990/990/990 1025/1025/1025 992/992/992
f 996/996/996 1037/1037/1037 1034/1034/1034
f 1030/1030/1030 986/986/986 1032/1032/1032
f 1038/1038/1038 992/992/992 1025/1025/1025
f 1039/1039/1039 1040/1040/1040 1041/1041/1041
f 994/994/994 1042/1042/1042 1043/1043/1043
f 1044/1044/1044 1045/1045/1045 1039/1039/1039
f 1038/1038/1038 1042/1042/1042 992/992/992
f 1040/1040/1040 1039/1039/1039 1045/1045/1045
f 1039/1039/1039 1046/1046/1046 1047/1047/1047
f 1046/1046/1046 1039/1039/1039 1048/1048/1048
f 1049/1049/1049 1039/1039/1039 1050/1050/1050
f 1050/1050/1050 1039/1039/1039 1047/1047/1047
f 1048/1048/1048 1039/1039/1039 1041/1041/1041
f 994/994/994 1043/1043/1043 1044/1044/1044
f 1051/1051/1051 993/993/993 1039/1039/1039
f 1052/1052/1052 1051/1051/1051 1039/1039/1039
f 1049/1049/1049 1053/1053/1053 1039/1039/1039
f 993/993/993 1054/1054/1054 1055/1055/1055
f 1051/1051/1051 1054/1054/1054 993/993/993
f 1000/1000/1000 993/993/993 1055/1055/1055
f 1042/1042/1042 994/994/994 992/992/992
f 1053/1053/1053 1056/1056/1056 1039/1039/1039
f 1056/1056/1056 1057/1057/1057 1039/1039/1039
f 1000/1000/1000 1055/1055/1055 1058/1058/1058
f 1058/1058/1058 1059/1059/1059 1000/1000/1000
f 1057/1057/1057 1052/1052/1052 1039/1039/1039
f 1006/1006/1006 1000/1000/1000 1059/1059/1059
f 994/994/994 1044/1044/1044 1039/1039/1039
f 1060/1060/1060 1037/1037/1037 1002/1002/1002
f 1061/1061/1061 1060/1060/1060 1002/1002/1002
f 1014/1014/1014 1062/1062/1062 1063/1063/1063
f 1014/1014/1014 1063/1063/1063 1064/1064/1064
f 1008/1008/1008 1064/1064/1064 1061/1061/1061
f 1061/1061/1061 1002/1002/1002 1008/1008/1008
f 1064/1064/1064 1008/1008/1008 1014/1014/1014
f 1065/1065/1065 1013/1013/1013 1015/1015/1015
f 1066/1066/1066 1015/1015/1015 1016/1016/1016
f 1013/1013/1013 1067/1067/1067 1014/1014/1014
f 1014/1014/1014 1068/1068/1068 1062/1062/1062
f 1014/1014/1014 1069/1069/1069 1070/1070/1070
f 1069/1069/1069 1014/1014/1014 1071/1071/1071
f 1014/1014/1014 1072/1072/1072 1073/1073/1073
f 1073/1073/1073 1071/1071/1071 1014/1014/1014
f 1072/1072/1072 1014/1014/1014 1074/1074/1074
f 1067/1067/1067 1013/1013/1013 1075/1075/1075
f 1065/1065/1065 1015/1015/1015 1076/1076/1076
f 1074/1074/1074 1014/1014/1014 1077/1077/1077
f 1076/1076/1076 1015/1015/1015 1066/1066/1066
f 1067/1067/1067 1077/1077/1077 1014/1014/1014
f 1065/1065/1065 1075/1075/1075 1013/1013/1013
f 1070/1070/1070 1068/1068/1068 1014/1014/1014
f 1078/1078/1078 1066/1066/1066 1016/1016/1016
f 1012/1012/1012 1006/1006/1006 1079/1079/1079
f 1080/1080/1080 1012/1012/1012 1081/1081/1081
f 1081/1081/1081 1012/1012/1012 1079/1079/1079
f 1080/1080/1080 1018/1018/1018 1012/1012/1012
f 1082/1082/1082 1018/1018/1018 1083/1083/1083
f 1084/1084/1084 1018/1018/1018 1080/1080/1080
f 1006/1006/1006 1085/1085/1085 1079/1079/1079
f 1086/1086/1086 1087/1087/1087 1018/1018/1018
f 1018/1018/1018 1084/1084/1084 1086/1086/1086
f 1018/1018/1018 1087/1087/1087 1083/1083/1083
f 1088/1088/1088 1017/1017/1017 1018/1018/1018
f 1059/1059/1059 1085/1085/1085 1006/1006/1006
f 1017/1017/1017 1089/1089/1089 1090/1090/1090
f 1088/1088/1088 1018/1018/1018 1091/1091/1091
f 1092/1092/1092 1093/1093/1093 1018/1018/1018
f 1090/1090/1090 1016/1016/1016 1017/1017/1017
f 1091/1091/1091 1018/1018/1018 1093/1093/1093
f 1082/1082/1082 1094/1094/1094 1018/1018/1018
f 1094/1094/1094 1095/1095/1095 1018/1018/1018
f 1096/1096/1096 1018/1018/1018 1095/1095/1095
f 1097/1097/1097 1018/1018/1018 1096/1096/1096
f 1098/1098/1098 1018/1018/1018 1097/1097/1097
f 1018/1018/1018 1098/1098/1098 1092/1092/1092
f 1089/1089/1089 1017/1017/1017 1088/1088/1088
f 1016/1016/1016 1090/1090/1090 1078/1078/1078
f 1037/1037/1037 996/996/996 1002/1002/1002
f 1100/1100/1100 1103/1103/1103 1105/1105/1105
f 1106/1106/1106 1109/1109/1109 1104/1104/1104
f 1099/1099/1099 1110/1110/1110 1112/1112/1112
f 1102/1102/1102 1099/1099/1099 1107/1107/1107
f 1113/1113/1113 1114/1114/1114 1115/1115/1115
f 1116/1116/1116 1117/1117/1117 1118/1118/1118
f 1119/1119/1119 1121/1121/1121 1122/1122/1122
f 1124/1124/1124 1127/1127/1127 1129/1129/1129
f 1131/1131/1131 1132/1132/1132 1133/1133/1133
f 1137/1137/1137 1138/1138/1138 1139/1139/1139
f 1141/1141/1141 1142/1142/1142 1145/1145/1145
f 1146/1146/1146 1143/1143/1143 1149/1149/1149
f 1148/1148/1148 1152/1152/1152 1153/1153/1153
f 1148/1148/1148 1154/1154/1154 1147/1147/1147
f 1151/1151/1151 1150/1150/1150 1144/1144/1144
f 1155/1155/1155 1158/1158/1158 1159/1159/1159
f 1156/1156/1156 1162/1162/1162 1166/1166/1166
f 1163/1163/1163 1157/1157/1157 1160/1160/1160
f 1168/1168/1168 1165/1165/1165 1170/1170/1170
f 1164/1164/1164 1169/1169/1169 1171/1171/1171
f 1167/1167/1167 1161/1161/1161 1172/1172/1172
f 1174/1174/1174 1178/1178/1178 1180/1180/1180
f 1176/1176/1176 1181/1181/1181 1179/1179/1179
f 1182/1182/1182 1185/1185/1185 1186/1186/1186
f 1186/1186/1186 1181/1181/1181 1182/1182/1182
f 1181/1181/1181 1186/1186/1186 1179/1179/1179
f 1187/1187/1187 1184/1184/1184 1183/1183/1183
f 1189/1189/1189 1173/1173/1173 1192/1192/1192
f 1195/1195/1195 1196/1196/1196 1198/1198/1198
f 1195/1195/1195 1200/1200/1200 1201/1201/1201
f 1201/1201/1201 1196/1196/1196 1195/1195/1195
f 1191/1191/1191 1177/1177/1177 1175/1175/1175
f 1199/1199/1199 1197/1197/1197 1204/1204/1204
f 1190/1190/1190 1194/1194/1194 1202/1202/1202
f 1203/1203/1203 1193/1193/1193 1198/1198/1198
f 1205/1205/1205 1185/1185/1185 1207/1207/1207
f 1188/1188/1188 1207/1207/1207 1185/1185/1185
f 1208/1208/1208 1205/1205/1205 1207/1207/1207
f 1210/1210/1210 1212/1212/1212 1205/1205/1205
f 1212/1212/1212 1214/1214/1214 1205/1205/1205
f 1217/1217/1217 1214/1214/1214 1212/1212/1212
f 1209/1209/1209 1211/1211/1211 1206/1206/1206
f 1218/1218/1218 1221/1221/1221 1215/1215/1215
f 1223/1223/1223 1222/1222/1222 1226/1226/1226
f 1214/1214/1214 1220/1220/1220 1224/1224/1224
f 1228/1228/1228 1224/1224/1224 1225/1225/1225
f 1228/1228/1228 1230/1230/1230 1232/1232/1232
f 1230/1230/1230 1234/1234/1234 1232/1232/1232
f 1229/1229/1229 1227/1227/1227 1231/1231/1231
f 1216/1216/1216 1219/1219/1219 1213/1213/1213
f 1235/1235/1235 1201/1201/1201 1200/1200/1200
f 1237/1237/1237 1240/1240/1240 1236/1236/1236
f 1200/1200/1200 1238/1238/1238 1235/1235/1235
f 1241/1241/1241 1239/1239/1239 1238/1238/1238
f 1241/1241/1241 1242/1242/1242 1239/1239/1239
f 1245/1245/1245 1249/1249/1249 1250/1250/1250
f 1254/1254/1254 1244/1244/1244 1243/1243/1243
f 1241/1241/1241 1255/1255/1255 1242/1242/1242
f 1253/1253/1253 1247/1247/1247 1246/1246/1246
f 1252/1252/1252 1248/1248/1248 1256/1256/1256
f 1251/1251/1251 1258/1258/1258 1259/1259/1259
f 1265/1265/1265 1260/1260/1260 1257/1257/1257
f 1269/1269/1269 1270/1270/1270 1272/1272/1272
f 1266/1266/1266 1264/1264/1264 1275/1275/1275
f 1261/1261/1261 1268/1268/1268 1273/1273/1273
f 1269/1269/1269 1262/1262/1262 1263/1263/1263
f 1267/1267/1267 1274/1274/1274 1276/1276/1276
f 1279/1279/1279 1284/1284/1284 1286/1286/1286
f 1283/1283/1283 1288/1288/1288 1285/1285/1285
f 1290/1290/1290 1233/1233/1233 1294/1294/1294
f 1292/1292/1292 1288/1288/1288 1291/1291/1291
f 1289/1289/1289 1293/1293/1293 1287/1287/1287
f 1232/1232/1232 1234/1234/1234 1291/1291/1291
f 1296/1296/1296 1281/1281/1281 1299/1299/1299
f 1271/1271/1271 1302/1302/1302 1307/1307/1307
f 1306/1306/1306 1270/1270/1270 1269/1269/1269
f 1305/1305/1305 1278/1278/1278 1310/1310/1310
f 1277/1277/1277 1306/1306/1306 1269/1269/1269
f 1282/1282/1282 1280/1280/1280 1295/1295/1295
f 1298/1298/1298 1303/1303/1303 1309/1309/1309
f 1306/1306/1306 1311/1311/1311 1308/1308/1308
f 1300/1300/1300 1304/1304/1304 1297/1297/1297
f 1306/1306/1306 1301/1301/1301 1311/1311/1311
f 1312/1312/1312 1313/1313/1313 1314/1314/1314
f 1315/1315/1315 1316/1316/1316 1314/1314/1314
f 1317/1317/1317 1318/1318/1318 1313/1313/1313
f 1318/1318/1318 1319/1319/1319 1320/1320/1320
f 1315/1315/1315 1321/1321/1321 1322/1322/1322
f 1323/1323/1323 1324/1324/1324 1325/1325/1325
f 1324/1324/1324 1326/1326/1326 1325/1325/1325
f 1324/1324/1324 1327/1327/1327 1328/1328/1328
f 1324/1324/1324 1323/1323/1323 1327/1327/1327
f 1320/1320/1320 1329/1329/1329 1326/1326/1326
f 1330/1330/1330 1321/1321/1321 1331/1331/1331
f 1313/1313/1313 1312/1312/1312 1317/1317/1317
f 1312/1312/1312 1314/1314/1314 1316/1316/1316
f 1318/1318/1318 1317/1317/1317 1319/1319/1319
f 1315/1315/1315 1322/1322/1322 1316/1316/1316
f 1332/1332/1332 1322/1322/1322 1330/1330/1330
f 1325/1325/1325 1333/1333/1333 1334/1334/1334
f 1325/1325/1325 1335/1335/1335 1333/1333/1333
f 1336/1336/1336 1325/1325/1325 1326/1326/1326
f 1325/1325/1325 1334/1334/1334 1323/1323/1323
f 1326/1326/1326 1329/1329/1329 1336/1336/1336
f 1320/1320/1320 1319/1319/1319 1329/1329/1329
f 1322/1322/1322 1321/1321/1321 1330/1330/1330
f 1337/1337/1337 1338/1338/1338 1339/1339/1339
f 1340/1340/1340 1341/1341/1341 1339/1339/1339
f 1337/1337/1337 1342/1342/1342 1338/1338/1338
f 1342/1342/1342 1343/1343/1343 1344/1344/1344
f 1340/1340/1340 1345/1345/1345 1346/1346/1346
f 1347/1347/1347 1348/1348/1348 1349/1349/1349
f 1348/1348/1348 1350/1350/1350 1349/1349/1349
f 1348/1348/1348 1351/1351/1351 1352/1352/1352
f 1348/1348/1348 1347/1347/1347 1351/1351/1351
f 1344/1344/1344 1353/1353/1353 1350/1350/1350
f 1354/1354/1354 1345/1345/1345 1355/1355/1355
f 1339/1339/1339 1341/1341/1341 1337/1337/1337
f 1341/1341/1341 1340/1340/1340 1346/1346/1346
f 1342/1342/1342 1337/1337/1337 1343/1343/1343
f 1345/1345/1345 1356/1356/1356 1346/1346/1346
f 1357/1357/1357 1356/1356/1356 1354/1354/1354
f 1349/1349/1349 1358/1358/1358 1359/1359/1359
f 1349/1349/1349 1360/1360/1360 1358/1358/1358
f 1361/1361/1361 1349/1349/1349 1350/1350/1350
f 1349/1349/1349 1359/1359/1359 1347/1347/1347
f 1350/1350/1350 1353/1353/1353 1361/1361/1361
f 1344/1344/1344 1343/1343/1343 1353/1353/1353
f 1356/1356/1356 1345/1345/1345 1354/1354/1354
f 1362/1362/1362 1363/1363/1363 1364/1364/1364
f 1365/1365/1365 1366/1366/1366 1364/1364/1364
f 1367/1367/1367 1368/1368/1368 1363/1363/1363
f 1368/1368/1368 1367/1367/1367 1369/1369/1369
f 1365/1365/1365 1370/1370/1370 1371/1371/1371
f 1372/1372/1372 1373/1373/1373 1374/1374/1374
f 1373/1373/1373 1375/1375/1375 1376/1376/1376
f 1373/1373/1373 1377/1377/1377 1378/1378/1378
f 1373/1373/1373 1372/1372/1372 1377/1377/1377
f 1369/1369/1369 1379/1379/1379 1375/1375/1375
f 1380/1380/1380 1370/1370/1370 1381/1381/1381
f 1364/1364/1364 1366/1366/1366 1362/1362/1362
f 1366/1366/1366 1365/1365/1365 1371/1371/1371
f 1363/1363/1363 1362/1362/1362 1367/1367/1367
f 1370/1370/1370 1382/1382/1382 1371/1371/1371
f 1383/1383/1383 1382/1382/1382 1380/1380/1380
f 1376/1376/1376 1384/1384/1384 1374/1374/1374
f 1376/1376/1376 1385/1385/1385 1384/1384/1384
f 1379/1379/1379 1376/1376/1376 1375/1375/1375
f 1376/1376/1376 1374/1374/1374 1373/1373/1373
f 1369/1369/1369 1386/1386/1386 1379/1379/1379
f 1369/1369/1369 1367/1367/1367 1386/1386/1386
f 1382/1382/1382 1370/1370/1370 1380/1380/1380
f 1387/1387/1387 1388/1388/1388 1389/1389/1389
f 1390/1390/1390 1391/1391/1391 1389/1389/1389
f 1392/1392/1392 1393/1393/1393 1388/1388/1388
f 1393/1393/1393 1394/1394/1394 1395/1395/1395
f 1390/1390/1390 1396/1396/1396 1397/1397/1397
f 1398/1398/1398 1399/1399/1399 1400/1400/1400
f 1399/1399/1399 1401/1401/1401 1402/1402/1402
f 1399/1399/1399 1403/1403/1403 1404/1404/1404
f 1399/1399/1399 1398/1398/1398 1403/1403/1403
f 1395/1395/1395 1405/1405/1405 1401/1401/1401
f 1406/1406/1406 1396/1396/1396 1407/1407/1407
f 1388/1388/1388 1387/1387/1387 1392/1392/1392
f 1387/1387/1387 1389/1389/1389 1391/1391/1391
f 1393/1393/1393 1392/1392/1392 1394/1394/1394
f 1390/1390/1390 1397/1397/1397 1391/1391/1391
f 1408/1408/1408 1397/1397/1397 1406/1406/1406
f 1400/1400/1400 1409/1409/1409 1410/1410/1410
f 1400/1400/1400 1411/1411/1411 1409/1409/1409
f 1402/1402/1402 1400/1400/1400 1399/1399/1399
f 1400/1400/1400 1410/1410/1410 1398/1398/1398
f 1401/1401/1401 1405/1405/1405 1402/1402/1402
f 1395/1395/1395 1394/1394/1394 1405/1405/1405
f 1397/1397/1397 1396/1396/1396 1406/1406/1406
f 1412/1412/1412 1413/1413/1413 1414/1414/1414
f 1415/1415/1415 1416/1416/1416 1414/1414/1414
f 1417/1417/1417 1418/1418/1418 1413/1413/1413
f 1418/1418/1418 1419/1419/1419 1420/1420/1420
f 1415/1415/1415 1421/1421/1421 1422/1422/1422
f 1423/1423/1423 1424/1424/1424 1425/1425/1425
f 1424/1424/1424 1426/1426/1426 1427/1427/1427
f 1424/1424/1424 1428/1428/1428 1429/1429/1429
f 1424/1424/1424 1423/1423/1423 1428/1428/1428
f 1420/1420/1420 1430/1430/1430 1426/1426/1426
f 1431/1431/1431 1421/1421/1421 1432/1432/1432
f 1413/1413/1413 1412/1412/1412 1417/1417/1417
f 1412/1412/1412 1414/1414/1414 1416/1416/1416
f 1418/1418/1418 1417/1417/1417 1419/1419/1419
f 1415/1415/1415 1422/1422/1422 1416/1416/1416
f 1433/1433/1433 1422/1422/1422 1431/1431/1431
f 1425/1425/1425 1434/1434/1434 1435/1435/1435
f 1425/1425/1425 1436/1436/1436 1434/1434/1434
f 1427/1427/1427 1425/1425/1425 1424/1424/1424
f 1425/1425/1425 1435/1435/1435 1423/1423/1423
f 1426/1426/1426 1430/1430/1430 1427/1427/1427
f 1420/1420/1420 1419/1419/1419 1430/1430/1430
f 1422/1422/1422 1421/1421/1421 1431/1431/1431
f 1437/1437/1437 1438/1438/1438 1439/1439/1439
f 1440/1440/1440 1437/1437/1437 1441/1441/1441
f 1442/1442/1442 1443/1443/1443 1440/1440/1440
f 1444/1444/1444 1443/1443/1443 1445/1445/1445
f 1446/1446/1446 1447/1447/1447 1444/1444/1444
f 1448/1448/1448 1449/1449/1449 1447/1447/1447
f 1450/1450/1450 1451/1451/1451 1449/1449/1449
f 1452/1452/1452 1451/1451/1451 1453/1453/1453
f 1438/1438/1438 1454/1454/1454 1455/1455/1455
f 1441/1441/1441 1442/1442/1442 1440/1440/1440
f 1441/1441/1441 1437/1437/1437 1439/1439/1439
f 1438/1438/1438 1456/1456/1456 1439/1439/1439
f 1442/1442/1442 1445/1445/1445 1443/1443/1443
f 1453/1453/1453 1451/1451/1451 1450/1450/1450
f 1447/1447/1447 1446/1446/1446 1448/1448/1448
f 1448/1448/1448 1450/1450/1450 1449/1449/1449
f 1446/1446/1446 1444/1444/1444 1445/1445/1445
f 1438/1438/1438 1455/1455/1455 1456/1456/1456
f 2/2/2 97/97/97 3/3/3
f 4/4/4 2/2/2 1/1/1
f 6/6/6 5/5/5 4/4/4
f 9/9/9 7/7/7 6/6/6
f 1/1/1 3/3/3 12/12/12
f 13/13/13 1/1/1 11/11/11
f 14/14/14 4/4/4 13/13/13
f 8/8/8 6/6/6 14/14/14
f 17/17/17 12/12/12 23/23/23
f 13/13/13 11/11/11 17/17/17
f 14/14/14 13/13/13 18/18/18
f 20/20/20 14/14/14 19/19/19
f 22/22/22 23/23/23 106/106/106
f 18/18/18 17/17/17 22/22/22
f 19/19/19 18/18/18 24/24/24
f 26/26/26 19/19/19 25/25/25
f 22/22/22 106/106/106 29/29/29
f 30/30/30 22/22/22 28/28/28
f 31/31/31 24/24/24 30/30/30
f 26/26/26 25/25/25 31/31/31
f 28/28/28 29/29/29 35/35/35
f 36/36/36 28/28/28 34/34/34
f 37/37/37 30/30/30 36/36/36
f 32/32/32 31/31/31 37/37/37
f 40/40/40 35/35/35 46/46/46
f 36/36/36 34/34/34 40/40/40
f 37/37/37 36/36/36 41/41/41
f 43/43/43 37/37/37 42/42/42
f 45/45/45 46/46/46 114/114/114
f 41/41/41 40/40/40 45/45/45
f 42/42/42 41/41/41 47/47/47
f 49/49/49 42/42/42 48/48/48
f 45/45/45 114/114/114 52/52/52
f 53/53/53 45/45/45 51/51/51
f 54/54/54 47/47/47 53/53/53
f 49/49/49 48/48/48 54/54/54
f 51/51/51 52/52/52 58/58/58
f 59/59/59 51/51/51 57/57/57
f 60/60/60 53/53/53 59/59/59
f 55/55/55 54/54/54 60/60/60
f 63/63/63 58/58/58 69/69/69
f 59/59/59 57/57/57 63/63/63
f 60/60/60 59/59/59 64/64/64
f 66/66/66 60/60/60 65/65/65
f 68/68/68 69/69/69 123/123/123
f 64/64/64 63/63/63 68/68/68
f 65/65/65 64/64/64 70/70/70
f 72/72/72 65/65/65 71/71/71
f 68/68/68 123/123/123 75/75/75
f 76/76/76 68/68/68 74/74/74
f 77/77/77 70/70/70 76/76/76
f 72/72/72 71/71/71 77/77/77
f 74/74/74 75/75/75 81/81/81
f 82/82/82 74/74/74 80/80/80
f 83/83/83 76/76/76 82/82/82
f 78/78/78 77/77/77 83/83/83
f 86/86/86 81/81/81 92/92/92
f 82/82/82 80/80/80 86/86/86
f 83/83/83 82/82/82 87/87/87
f 89/89/89 83/83/83 88/88/88
f 91/91/91 92/92/92 133/133/133
f 87/87/87 86/86/86 91/91/91
f 88/88/88 87/87/87 93/93/93
f 95/95/95 88/88/88 94/94/94
f 46/46/46 113/113/113 115/115/115
f 35/35/35 110/110/110 111/111/111
f 81/81/81 129/129/129 130/130/130
f 135/135/135 137/137/137 1457/1457/1457
f 138/138/138 140/140/140 141/141/141
f 136/136/136 141/141/141 137/137/137
f 142/142/142 144/144/144 149/149/149
f 145/145/145 147/147/147 148/148/148
f 143/143/143 148/148/148 144/144/144
f 139/139/139 149/149/149 140/140/140
f 150/150/150 152/152/152 165/165/165
f 153/153/153 155/155/155 156/156/156
f 153/153/153 152/152/152 151/151/151
f 157/157/157 159/159/159 164/164/164
f 160/160/160 162/162/162 163/163/163
f 158/158/158 162/162/162 159/159/159
f 154/154/154 164/164/164 155/155/155
f 146/146/146 165/165/165 147/147/147
f 166/166/166 161/161/161 160/160/160
f 168/168/168 170/170/170 198/198/198
f 171/171/171 173/173/173 174/174/174
f 174/174/174 169/169/169 168/168/168
f 175/175/175 177/177/177 182/182/182
f 178/178/178 180/180/180 181/181/181
f 176/176/176 181/181/181 177/177/177
f 171/171/171 182/182/182 172/172/172
f 184/184/184 189/189/189 185/185/185
f 187/187/187 197/197/197 188/188/188
f 186/186/186 188/188/188 189/189/189
f 191/191/191 196/196/196 192/192/192
f 194/194/194 1458/1458/1458 195/195/195
f 193/193/193 195/195/195 196/196/196
f 190/190/190 192/192/192 197/197/197
f 183/183/183 185/185/185 180/180/180
f 198/198/198 167/167/167 166/166/166
f 212/212/212 213/213/213 219/219/219
f 216/216/216 219/219/219 213/213/213
f 224/224/224 226/226/226 223/223/223
f 227/227/227 229/229/229 231/231/231
f 228/228/228 230/230/230 243/243/243
f 231/231/231 225/225/225 224/224/224
f 233/233/233 235/235/235 242/242/242
f 236/236/236 234/234/234 233/233/233
f 239/239/239 237/237/237 236/236/236
f 242/242/242 243/243/243 230/230/230
f 252/252/252 250/250/250 247/247/247
f 260/260/260 265/265/265 261/261/261
f 266/266/266 271/271/271 264/264/264
f 275/275/275 276/276/276 282/282/282
f 279/279/279 282/282/282 276/276/276
f 287/287/287 289/289/289 291/291/291
f 288/288/288 290/290/290 302/302/302
f 291/291/291 292/292/292 286/286/286
f 294/294/294 296/296/296 301/301/301
f 298/298/298 295/295/295 294/294/294
f 301/301/301 302/302/302 290/290/290
f 308/308/308 309/309/309 313/313/313
f 333/333/333 334/334/334 338/338/338
f 342/342/342 344/344/344 346/346/346
f 343/343/343 345/345/345 357/357/357
f 346/346/346 347/347/347 341/341/341
f 349/349/349 351/351/351 356/356/356
f 353/353/353 350/350/350 349/349/349
f 356/356/356 357/357/357 345/345/345
f 366/366/366 364/364/364 361/361/361
f 390/390/390 391/391/391 392/392/392
f 400/400/400 402/402/402 399/399/399
f 403/403/403 405/405/405 407/407/407
f 404/404/404 406/406/406 419/419/419
f 407/407/407 401/401/401 400/400/400
f 409/409/409 411/411/411 418/418/418
f 412/412/412 410/410/410 409/409/409
f 415/415/415 413/413/413 412/412/412
f 418/418/418 419/419/419 406/406/406
f 424/424/424 425/425/425 431/431/431
f 428/428/428 431/431/431 425/425/425
f 520/520/520 522/522/522 1459/1459/1459
f 521/521/521 524/524/524 522/522/522
f 526/526/526 563/563/563 527/527/527
f 523/523/523 528/528/528 524/524/524
f 530/530/530 1460/1460/1460 531/531/531
f 530/530/530 533/533/533 1460/1460/1460
f 529/529/529 565/565/565 534/534/534
f 532/532/532 536/536/536 533/533/533
f 537/537/537 546/546/546 538/538/538
f 540/540/540 1461/1461/1461 541/541/541
f 542/542/542 544/544/544 545/545/545
f 540/540/540 545/545/545 1461/1461/1461
f 539/539/539 541/541/541 546/546/546
f 548/548/548 568/568/568 549/549/549
f 550/550/550 567/567/567 551/551/551
f 552/552/552 554/554/554 1462/1462/1462
f 556/556/556 562/562/562 557/557/557
f 553/553/553 558/558/558 554/554/554
f 552/552/552 1462/1462/1462 559/559/559
f 543/543/543 560/560/560 544/544/544
f 561/561/561 570/570/570 562/562/562
f 570/570/570 561/561/561 571/571/571
f 571/571/571 573/573/573 569/569/569
f 572/572/572 575/575/575 573/573/573
f 577/577/577 616/616/616 578/578/578
f 574/574/574 579/579/579 575/575/575
f 581/581/581 1463/1463/1463 582/582/582
f 583/583/583 585/585/585 586/586/586
f 581/581/581 586/586/586 1463/1463/1463
f 580/580/580 618/618/618 587/587/587
f 588/588/588 591/591/591 589/589/589
f 590/590/590 599/599/599 591/591/591
f 592/592/592 594/594/594 1464/1464/1464
f 595/595/595 597/597/597 598/598/598
f 593/593/593 598/598/598 594/594/594
f 592/592/592 1464/1464/1464 599/599/599
f 601/601/601 620/620/620 602/602/602
f 605/605/605 607/607/607 612/612/612
f 609/609/609 615/615/615 610/610/610
f 608/608/608 610/610/610 611/611/611
f 603/603/603 612/612/612 622/622/622
f 600/600/600 621/621/621 613/613/613
f 614/614/614 1465/1465/1465 615/615/615
f 623/623/623 626/626/626 642/642/642
f 629/629/629 625/625/625 623/623/623
f 634/634/634 632/632/632 629/629/629
f 637/637/637 635/635/635 634/634/634
f 641/641/641 643/643/643 658/658/658
f 646/646/646 642/642/642 641/641/641
f 652/652/652 634/634/634 649/649/649
f 653/653/653 637/637/637 652/652/652
f 657/657/657 658/658/658 663/663/663
f 659/659/659 641/641/641 657/657/657
f 660/660/660 649/649/649 669/669/669
f 661/661/661 652/652/652 660/660/660
f 662/662/662 663/663/663 672/672/672
f 665/665/665 657/657/657 662/662/662
f 668/668/668 669/669/669 680/680/680
f 670/670/670 660/660/660 668/668/668
f 671/671/671 672/672/672 744/744/744
f 673/673/673 662/662/662 671/671/671
f 682/682/682 680/680/680 676/676/676
f 683/683/683 668/668/668 682/682/682
f 687/687/687 671/671/671 756/756/756
f 690/690/690 673/673/673 687/687/687
f 691/691/691 675/675/675 690/690/690
f 693/693/693 676/676/676 691/691/691
f 788/788/788 790/790/790 794/794/794
f 791/791/791 789/789/789 788/788/788
f 793/793/793 794/794/794 797/797/797
f 795/795/795 788/788/788 793/793/793
f 796/796/796 797/797/797 883/883/883
f 798/798/798 793/793/793 796/796/796
f 796/796/796 883/883/883 800/800/800
f 798/798/798 796/796/796 799/799/799
f 802/802/802 800/800/800 805/805/805
f 801/801/801 799/799/799 802/802/802
f 804/804/804 805/805/805 891/891/891
f 803/803/803 802/802/802 804/804/804
f 804/804/804 891/891/891 808/808/808
f 806/806/806 804/804/804 807/807/807
f 810/810/810 808/808/808 895/895/895
f 811/811/811 807/807/807 810/810/810
f 810/810/810 895/895/895 813/813/813
f 811/811/811 810/810/810 812/812/812
f 815/815/815 813/813/813 818/818/818
f 816/816/816 812/812/812 815/815/815
f 817/817/817 818/818/818 821/821/821
f 819/819/819 815/815/815 817/817/817
f 820/820/820 821/821/821 824/824/824
f 819/819/819 817/817/817 820/820/820
f 823/823/823 824/824/824 908/908/908
f 822/822/822 820/820/820 823/823/823
f 823/823/823 908/908/908 827/827/827
f 825/825/825 823/823/823 826/826/826
f 826/826/826 827/827/827 830/830/830
f 828/828/828 826/826/826 829/829/829
f 832/832/832 830/830/830 925/925/925
f 833/833/833 829/829/829 832/832/832
f 832/832/832 925/925/925 835/835/835
f 833/833/833 832/832/832 834/834/834
f 837/837/837 835/835/835 840/840/840
f 838/838/838 834/834/834 837/837/837
f 839/839/839 840/840/840 936/936/936
f 841/841/841 837/837/837 839/839/839
f 839/839/839 936/936/936 843/843/843
f 844/844/844 839/839/839 842/842/842
f 842/842/842 843/843/843 846/846/846
f 844/844/844 842/842/842 845/845/845
f 848/848/848 846/846/846 942/942/942
f 847/847/847 845/845/845 848/848/848
f 848/848/848 942/942/942 851/851/851
f 849/849/849 848/848/848 850/850/850
f 853/853/853 851/851/851 949/949/949
f 854/854/854 850/850/850 853/853/853
f 853/853/853 949/949/949 856/856/856
f 854/854/854 853/853/853 855/855/855
f 858/858/858 856/856/856 861/861/861
f 859/859/859 855/855/855 858/858/858
f 860/860/860 861/861/861 864/864/864
f 862/862/862 858/858/858 860/860/860
f 863/863/863 864/864/864 867/867/867
f 862/862/862 860/860/860 863/863/863
f 866/866/866 867/867/867 961/961/961
f 868/868/868 863/863/863 866/866/866
f 866/866/866 961/961/961 870/870/870
f 871/871/871 866/866/866 869/869/869
f 869/869/869 870/870/870 873/873/873
f 871/871/871 869/869/869 872/872/872
f 872/872/872 873/873/873 876/876/876
f 874/874/874 872/872/872 875/875/875
f 914/914/914 1466/1466/1466 792/792/792
f 915/915/915 917/917/917 795/795/795
f 801/801/801 915/915/915 798/798/798
f 917/917/917 914/914/914 791/791/791
f 809/809/809 919/919/919 806/806/806
f 920/920/920 918/918/918 809/809/809
f 806/806/806 921/921/921 803/803/803
f 921/921/921 916/916/916 801/801/801
f 814/814/814 920/920/920 811/811/811
f 923/923/923 924/924/924 816/816/816
f 814/814/814 816/816/816 924/924/924
f 822/822/822 923/923/923 819/819/819
f 822/822/822 825/825/825 927/927/927
f 831/831/831 929/929/929 828/828/828
f 831/831/831 833/833/833 930/930/930
f 828/828/828 927/927/927 825/825/825
f 835/835/835 932/932/932 933/933/933
f 846/846/846 946/946/946 943/943/943
f 856/856/856 951/951/951 953/953/953
f 968/968/968 976/976/976 836/836/836
f 969/969/969 971/971/971 841/841/841
f 970/970/970 969/969/969 844/844/844
f 971/971/971 968/968/968 838/838/838
f 972/972/972 974/974/974 852/852/852
f 857/857/857 972/972/972 854/854/854
f 852/852/852 975/975/975 849/849/849
f 849/849/849 970/970/970 847/847/847
f 836/836/836 930/930/930 833/833/833
f 857/857/857 859/859/859 977/977/977
f 978/978/978 977/977/977 859/859/859
f 865/865/865 978/978/978 862/862/862
f 865/865/865 868/868/868 980/980/980
f 980/980/980 871/871/871 982/982/982
f 874/874/874 982/982/982 871/871/871
f 877/877/877 981/981/981 874/874/874
f 984/984/984 986/986/986 988/988/988
f 987/987/987 988/988/988 990/990/990
f 989/989/989 990/990/990 992/992/992
f 991/991/991 992/992/992 994/994/994
f 993/993/993 994/994/994 1039/1039/1039
f 995/995/995 985/985/985 984/984/984
f 997/997/997 984/984/984 987/987/987
f 998/998/998 987/987/987 989/989/989
f 999/999/999 989/989/989 991/991/991
f 1000/1000/1000 991/991/991 993/993/993
f 1001/1001/1001 996/996/996 995/995/995
f 1003/1003/1003 995/995/995 997/997/997
f 1004/1004/1004 997/997/997 998/998/998
f 1005/1005/1005 998/998/998 999/999/999
f 1006/1006/1006 999/999/999 1000/1000/1000
f 1007/1007/1007 1002/1002/1002 1001/1001/1001
f 1009/1009/1009 1001/1001/1001 1003/1003/1003
f 1010/1010/1010 1003/1003/1003 1004/1004/1004
f 1011/1011/1011 1004/1004/1004 1005/1005/1005
f 1012/1012/1012 1005/1005/1005 1006/1006/1006
f 1013/1013/1013 1008/1008/1008 1007/1007/1007
f 1015/1015/1015 1007/1007/1007 1009/1009/1009
f 1016/1016/1016 1009/1009/1009 1010/1010/1010
f 1017/1017/1017 1010/1010/1010 1011/1011/1011
f 1018/1018/1018 1011/1011/1011 1012/1012/1012
f 1101/1101/1101 1111/1111/1111 1108/1108/1108
f 1113/1113/1113 1115/1115/1115 1116/1116/1116
f 1116/1116/1116 1118/1118/1118 1113/1113/1113
f 1120/1120/1120 1123/1123/1123 1126/1126/1126
f 1125/1125/1125 1128/1128/1128 1119/1119/1119
f 1130/1130/1130 1134/1134/1134 1139/1139/1139
f 1136/1136/1136 1140/1140/1140 1135/1135/1135
f 1142/1142/1142 1147/1147/1147 1145/1145/1145

