####
#
# OBJ File Generated by Meshlab
#
####
# Object table_cube_vis_0.obj
#
# Vertices: 5059
# Faces: 3200
#
####
mtllib ./table_cube_vis_0.obj.mtl

vn -0.2225119 0.9749300 0.0000000
v 0.1397001 0.3393312 0.0150876
vn -0.2225119 0.9749299 0.0000000
v 0.1397001 0.3393312 0.0174752
vn -0.4338524 0.9009840 0.0000000
v 0.1412485 0.3396846 0.0174752
vn -0.9749303 0.2225105 0.0000000
v 0.1431794 0.3421058 0.0174752
vn -0.9749303 0.2225105 0.0000000
v 0.1431794 0.3421058 0.0127000
vn -0.7818193 0.6235051 0.0000000
v 0.1424903 0.3406748 0.0127000
vn -0.7818193 0.6235051 0.0000000
v 0.1424903 0.3406748 0.0174752
vn -0.4338523 0.9009840 0.0000000
v 0.1412485 0.3396846 0.0127000
vn -0.2225119 0.9749299 0.0000000
v 0.1397001 0.3393312 0.0127000
vn -0.9749267 -0.2225264 0.0000000
v 0.1431794 0.3436940 0.0174752
vn -0.7818138 -0.6235121 0.0000000
v 0.1424903 0.3451249 0.0174752
vn -0.7818137 -0.6235121 0.0000000
v 0.1424903 0.3451249 0.0127000
vn -0.9749267 -0.2225263 0.0000000
v 0.1431794 0.3436940 0.0127000
vn -0.2225119 -0.9749300 0.0000000
v 0.1397001 0.3464685 0.0150876
vn -0.4338590 -0.9009808 0.0000000
v 0.1412485 0.3461151 0.0174752
vn -0.2225119 -0.9749299 0.0000000
v 0.1397001 0.3464685 0.0174752
vn -0.4338589 -0.9009808 0.0000000
v 0.1412485 0.3461151 0.0127000
vn -0.2225119 -0.9749299 0.0000000
v 0.1397001 0.3464685 0.0127000
vn 0.0000000 -0.9749305 0.2225099
v 0.1500125 0.3464685 0.0254000
vn 0.0000000 -0.9749305 0.2225099
v 0.1476249 0.3464685 0.0254000
vn 0.0000000 -0.9009767 0.4338676
v 0.1476249 0.3461151 0.0238516
vn 0.0000000 -0.6234984 0.7818246
v 0.1476249 0.3451249 0.0226098
vn 0.0000000 -0.2225197 0.9749282
v 0.1476249 0.3436940 0.0219207
vn 0.0000000 -0.2225197 0.9749282
v 0.1524001 0.3436940 0.0219207
vn 0.0000000 -0.6234984 0.7818246
v 0.1524001 0.3451249 0.0226098
vn 0.0000000 -0.9009767 0.4338676
v 0.1524001 0.3461151 0.0238516
vn 0.0000000 -0.9749305 0.2225099
v 0.1524001 0.3464685 0.0254000
vn 0.0000000 0.2225038 0.9749319
v 0.1476249 0.3421058 0.0219207
vn 0.0000000 0.6234914 0.7818302
v 0.1476249 0.3406748 0.0226098
vn 0.0000000 0.6234914 0.7818302
v 0.1524001 0.3406748 0.0226098
vn 0.0000000 0.9749305 0.2225099
v 0.1500125 0.3393312 0.0254000
vn 0.0000000 0.9009799 0.4338610
v 0.1476249 0.3396846 0.0238516
vn 0.0000000 0.9749305 0.2225099
v 0.1476249 0.3393312 0.0254000
vn 0.0000000 0.9009799 0.4338610
v 0.1524001 0.3396846 0.0238516
vn 0.0000000 0.9749305 0.2225099
v 0.1524001 0.3393312 0.0254000
vn 0.0000000 0.0000000 1.0000000
v 0.1317753 0.3428998 0.0174752
vn 0.0000000 0.0000000 1.0000000
v 0.1317753 0.3317874 0.0174752
vn 0.0000000 0.0000000 1.0000000
v 0.1317753 0.3317874 0.0174752
vn 0.0000000 0.0000000 1.0000000
v 0.1362209 0.3421058 0.0174752
vn 0.0000000 0.0000000 1.0000000
v 0.1369100 0.3406748 0.0174752
vn 0.0000000 0.0000000 1.0000000
v 0.1381517 0.3396846 0.0174752
vn 0.0000000 0.0000000 1.0000000
v 0.1381517 0.3396846 0.0174752
vn 0.0000000 0.0000000 1.0000000
v 0.1397001 0.3393312 0.0174752
vn 0.0000000 0.0000000 1.0000000
v 0.1397001 0.3393312 0.0174752
vn 0.0000000 0.0000000 1.0000000
v 0.1444499 0.3317874 0.0174752
vn 0.0000000 0.0000000 1.0000000
v 0.1444499 0.3317874 0.0174752
vn 0.0000000 0.0000000 1.0000000
v 0.1362209 0.3436940 0.0174752
vn 0.0000000 0.0000000 1.0000000
v 0.1362209 0.3436940 0.0174752
vn 0.0000000 0.0000000 1.0000000
v 0.1317753 0.3540124 0.0174752
vn 0.0000000 0.0000000 1.0000000
v 0.1317753 0.3540124 0.0174752
vn 0.0000000 0.0000000 1.0000000
v 0.1369100 0.3451249 0.0174752
vn 0.0000000 0.0000000 1.0000000
v 0.1369100 0.3451249 0.0174752
vn 0.0000000 0.0000000 1.0000000
v 0.1381517 0.3461151 0.0174752
vn 0.0000000 0.0000000 1.0000000
v 0.1397001 0.3464685 0.0174752
vn 0.0000000 0.0000000 1.0000000
v 0.1424903 0.3406748 0.0174752
vn 0.0000000 0.0000000 1.0000000
v 0.1424903 0.3406748 0.0174752
vn 0.0000000 0.0000000 1.0000000
v 0.1412485 0.3396846 0.0174752
vn 0.0000000 0.0000000 1.0000000
v 0.1412485 0.3396846 0.0174752
vn 0.0000000 0.0000000 1.0000000
v 0.1431794 0.3421058 0.0174752
vn 0.0000000 0.0000000 1.0000000
v 0.1444499 0.3428998 0.0174752
vn 0.0000000 0.0000000 1.0000000
v 0.1431794 0.3436940 0.0174752
vn 0.0000000 0.0000000 1.0000000
v 0.1444499 0.3540124 0.0174752
vn 0.0000000 0.0000000 1.0000000
v 0.1412485 0.3461151 0.0174752
vn 0.0000000 0.0000000 1.0000000
v 0.1424903 0.3451249 0.0174752
vn 0.0000000 0.0000000 -1.0000000
v 0.1397001 0.3464685 0.0127000
vn 0.0000000 0.0000000 -1.0000000
v 0.1397001 0.3464685 0.0127000
vn 0.0000000 0.0000000 -1.0000000
v 0.1524001 0.3540124 0.0127000
vn 0.0000000 0.0000000 -1.0000000
v 0.1524001 0.3540124 0.0127000
vn 0.0000000 0.0000000 -1.0000000
v 0.1412485 0.3461151 0.0127000
vn 0.0000000 0.0000000 -1.0000000
v 0.1424903 0.3451249 0.0127000
vn 0.0000000 0.0000000 -1.0000000
v 0.1431794 0.3436940 0.0127000
vn 0.0000000 0.0000000 -1.0000000
v 0.1524001 0.3317874 0.0127000
vn 0.0000000 0.0000000 -1.0000000
v 0.1524001 0.3317874 0.0127000
vn 0.0000000 0.0000000 -1.0000000
v 0.1381517 0.3461151 0.0127000
vn 0.0000000 0.0000000 -1.0000000
v 0.1270001 0.3540124 0.0127000
vn 0.0000000 0.0000000 -1.0000000
v 0.1270001 0.3540124 0.0127000
vn 0.0000000 0.0000000 -1.0000000
v 0.1270001 0.3428998 0.0127000
vn 0.0000000 0.0000000 -1.0000000
v 0.1369100 0.3451249 0.0127000
vn 0.0000000 0.0000000 -1.0000000
v 0.1362209 0.3436940 0.0127000
vn 0.0000000 0.0000000 -1.0000000
v 0.1424903 0.3406748 0.0127000
vn 0.0000000 0.0000000 -1.0000000
v 0.1431794 0.3421058 0.0127000
vn 0.0000000 0.0000000 -1.0000000
v 0.1397001 0.3393312 0.0127000
vn 0.0000000 0.0000000 -1.0000000
v 0.1397001 0.3393312 0.0127000
vn 0.0000000 0.0000000 -1.0000000
v 0.1412485 0.3396846 0.0127000
vn 0.0000000 0.0000000 -1.0000000
v 0.1270001 0.3317874 0.0127000
vn 0.0000000 0.0000000 -1.0000000
v 0.1270001 0.3317874 0.0127000
vn 0.0000000 0.0000000 -1.0000000
v 0.1369100 0.3406748 0.0127000
vn 0.0000000 0.0000000 -1.0000000
v 0.1362209 0.3421058 0.0127000
vn 0.0000000 0.0000000 -1.0000000
v 0.1381517 0.3396846 0.0127000
vn 1.0000000 0.0000000 0.0000000
v 0.1524001 0.3421058 0.0288792
vn 1.0000000 0.0000000 0.0000000
v 0.1524001 0.3421058 0.0288792
vn 1.0000000 0.0000000 0.0000000
v 0.1524001 0.3428998 0.0380999
vn 1.0000000 0.0000000 0.0000000
v 0.1524001 0.3428998 0.0380999
vn 1.0000000 0.0000000 0.0000000
v 0.1524001 0.3406748 0.0281901
vn 1.0000000 0.0000000 0.0000000
v 0.1524001 0.3406748 0.0281901
vn 1.0000000 0.0000000 0.0000000
v 0.1524001 0.3317874 0.0380999
vn 1.0000000 0.0000000 0.0000000
v 0.1524001 0.3317874 0.0380999
vn 1.0000000 0.0000000 0.0000000
v 0.1524001 0.3396846 0.0269484
vn 1.0000000 0.0000000 0.0000000
v 0.1524001 0.3396846 0.0269484
vn 1.0000000 0.0000000 0.0000000
v 0.1524001 0.3393312 0.0254000
vn 1.0000000 0.0000000 0.0000000
v 0.1524001 0.3393312 0.0254000
vn 1.0000000 0.0000000 0.0000000
v 0.1524001 0.3451249 0.0281901
vn 1.0000000 0.0000000 0.0000000
v 0.1524001 0.3451249 0.0281901
vn 1.0000000 0.0000000 0.0000000
v 0.1524001 0.3540124 0.0380999
vn 1.0000000 0.0000000 0.0000000
v 0.1524001 0.3540124 0.0380999
vn 1.0000000 0.0000000 0.0000000
v 0.1524001 0.3461151 0.0269484
vn 1.0000000 0.0000000 0.0000000
v 0.1524001 0.3461151 0.0269484
vn 1.0000000 0.0000000 0.0000000
v 0.1524001 0.3436940 0.0288792
vn 1.0000000 0.0000000 0.0000000
v 0.1524001 0.3436940 0.0288792
vn 1.0000000 0.0000000 0.0000000
v 0.1524001 0.3464685 0.0254000
vn 1.0000000 0.0000000 0.0000000
v 0.1524001 0.3464685 0.0254000
vn 1.0000000 0.0000000 0.0000000
v 0.1524001 0.3317874 0.0127000
vn 1.0000000 0.0000000 0.0000000
v 0.1524001 0.3317874 0.0127000
vn 1.0000000 0.0000000 0.0000000
v 0.1524001 0.3317874 0.0127000
vn 1.0000000 0.0000000 0.0000000
v 0.1524001 0.3396846 0.0238516
vn 1.0000000 0.0000000 0.0000000
v 0.1524001 0.3396846 0.0238516
vn 1.0000000 0.0000000 0.0000000
v 0.1524001 0.3421058 0.0219207
vn 1.0000000 0.0000000 0.0000000
v 0.1524001 0.3406748 0.0226098
vn 1.0000000 0.0000000 0.0000000
v 0.1524001 0.3436940 0.0219207
vn 1.0000000 0.0000000 0.0000000
v 0.1524001 0.3436940 0.0219207
vn 1.0000000 0.0000000 0.0000000
v 0.1524001 0.3436940 0.0219207
vn 1.0000000 0.0000000 0.0000000
v 0.1524001 0.3540124 0.0127000
vn 1.0000000 0.0000000 0.0000000
v 0.1524001 0.3540124 0.0127000
vn 1.0000000 0.0000000 0.0000000
v 0.1524001 0.3540124 0.0127000
vn 1.0000000 0.0000000 0.0000000
v 0.1524001 0.3540124 0.0127000
vn 1.0000000 0.0000000 0.0000000
v 0.1524001 0.3461151 0.0238516
vn 1.0000000 0.0000000 0.0000000
v 0.1524001 0.3461151 0.0238516
vn 1.0000000 0.0000000 0.0000000
v 0.1524001 0.3451249 0.0226098
vn 1.0000000 0.0000000 0.0000000
v 0.1524001 0.3451249 0.0226098
vn -1.0000000 0.0000000 0.0000000
v 0.1476249 0.3421058 0.0219207
vn -1.0000000 0.0000000 0.0000000
v 0.1476249 0.3428998 0.0206501
vn -1.0000000 0.0000000 0.0000000
v 0.1476249 0.3428998 0.0206501
vn -1.0000000 0.0000000 0.0000000
v 0.1476249 0.3406748 0.0226098
vn -1.0000000 0.0000000 0.0000000
v 0.1476249 0.3406748 0.0226098
vn -1.0000000 0.0000000 0.0000000
v 0.1476249 0.3317874 0.0206501
vn -1.0000000 0.0000000 0.0000000
v 0.1476249 0.3317874 0.0206501
vn -1.0000000 0.0000000 0.0000000
v 0.1476249 0.3317874 0.0206501
vn -1.0000000 0.0000000 0.0000000
v 0.1476249 0.3396846 0.0238516
vn -1.0000000 0.0000000 0.0000000
v 0.1476249 0.3396846 0.0238516
vn -1.0000000 0.0000000 0.0000000
v 0.1476249 0.3393312 0.0254000
vn -1.0000000 0.0000000 0.0000000
v 0.1476249 0.3393312 0.0254000
vn -1.0000000 0.0000000 0.0000000
v 0.1476249 0.3393312 0.0254000
vn -1.0000000 0.0000000 0.0000000
v 0.1476249 0.3317874 0.0333248
vn -1.0000000 0.0000000 0.0000000
v 0.1476249 0.3317874 0.0333248
vn -1.0000000 0.0000000 0.0000000
v 0.1476249 0.3317874 0.0333248
vn -1.0000000 0.0000000 0.0000000
v 0.1476249 0.3317874 0.0333248
vn -1.0000000 0.0000000 0.0000000
v 0.1476249 0.3317874 0.0333248
vn -1.0000000 0.0000000 0.0000000
v 0.1476249 0.3451249 0.0226098
vn -1.0000000 0.0000000 0.0000000
v 0.1476249 0.3451249 0.0226098
vn -1.0000000 0.0000000 0.0000000
v 0.1476249 0.3451249 0.0226098
vn -1.0000000 0.0000000 0.0000000
v 0.1476249 0.3540124 0.0206501
vn -1.0000000 0.0000000 0.0000000
v 0.1476249 0.3540124 0.0206501
vn -1.0000000 0.0000000 0.0000000
v 0.1476249 0.3540124 0.0206501
vn -1.0000000 0.0000000 0.0000000
v 0.1476249 0.3461151 0.0238516
vn -1.0000000 0.0000000 0.0000000
v 0.1476249 0.3461151 0.0238516
vn -1.0000000 0.0000000 0.0000000
v 0.1476249 0.3436940 0.0219207
vn -1.0000000 0.0000000 0.0000000
v 0.1476249 0.3436940 0.0219207
vn -1.0000000 0.0000000 0.0000000
v 0.1476249 0.3464685 0.0254000
vn -1.0000000 0.0000000 0.0000000
v 0.1476249 0.3464685 0.0254000
vn -1.0000000 0.0000000 0.0000000
v 0.1476249 0.3464685 0.0254000
vn -1.0000000 0.0000000 0.0000000
v 0.1476249 0.3406748 0.0281901
vn -1.0000000 0.0000000 0.0000000
v 0.1476249 0.3406748 0.0281901
vn -1.0000000 0.0000000 0.0000000
v 0.1476249 0.3396846 0.0269484
vn -1.0000000 0.0000000 0.0000000
v 0.1476249 0.3396846 0.0269484
vn -1.0000000 0.0000000 0.0000000
v 0.1476249 0.3428998 0.0333248
vn -1.0000000 0.0000000 0.0000000
v 0.1476249 0.3428998 0.0333248
vn -1.0000000 0.0000000 0.0000000
v 0.1476249 0.3421058 0.0288792
vn -1.0000000 0.0000000 0.0000000
v 0.1476249 0.3421058 0.0288792
vn -1.0000000 0.0000000 0.0000000
v 0.1476249 0.3421058 0.0288792
vn -1.0000000 0.0000000 0.0000000
v 0.1476249 0.3436940 0.0288792
vn -1.0000000 0.0000000 0.0000000
v 0.1476249 0.3436940 0.0288792
vn -1.0000000 0.0000000 0.0000000
v 0.1476249 0.3540124 0.0333248
vn -1.0000000 0.0000000 0.0000000
v 0.1476249 0.3540124 0.0333248
vn -1.0000000 0.0000000 0.0000000
v 0.1476249 0.3540124 0.0333248
vn -1.0000000 0.0000000 0.0000000
v 0.1476249 0.3540124 0.0333248
vn -1.0000000 0.0000000 0.0000000
v 0.1476249 0.3461151 0.0269484
vn -1.0000000 0.0000000 0.0000000
v 0.1476249 0.3461151 0.0269484
vn -1.0000000 0.0000000 0.0000000
v 0.1476249 0.3451249 0.0281901
vn -1.0000000 0.0000000 0.0000000
v 0.1476249 0.3451249 0.0281901
vn -0.9807838 0.0000000 0.1950979
v 0.1476249 0.3428998 0.0333248
vn -0.9238839 0.0000000 0.3826730
v 0.1479884 0.3540124 0.0351521
vn -0.9807838 0.0000000 0.1950979
v 0.1476249 0.3540124 0.0333248
vn -0.9238839 0.0000000 0.3826731
v 0.1479884 0.3317874 0.0351521
vn -0.7071093 0.0000000 0.7071042
v 0.1490235 0.3317874 0.0367014
vn -0.7071093 0.0000000 0.7071043
v 0.1490235 0.3540124 0.0367014
vn -0.9807838 0.0000000 0.1950979
v 0.1476249 0.3317874 0.0333248
vn -0.1950779 0.0000000 0.9807878
v 0.1524001 0.3428998 0.0380999
vn -0.1950779 0.0000000 0.9807878
v 0.1524001 0.3540124 0.0380999
vn -0.3826670 0.0000000 0.9238864
v 0.1505727 0.3540124 0.0377365
vn -0.3826670 0.0000000 0.9238864
v 0.1505727 0.3317874 0.0377365
vn -0.1950779 0.0000000 0.9807878
v 0.1524001 0.3317874 0.0380999
vn -0.9807819 0.0000000 0.1951078
v 0.1476249 0.3428998 0.0206501
vn -0.9807818 0.0000000 0.1951077
v 0.1476249 0.3540124 0.0206501
vn -0.9238824 0.0000000 0.3826766
v 0.1473832 0.3540124 0.0194352
vn -0.9238824 0.0000000 0.3826765
v 0.1473832 0.3317874 0.0194352
vn -0.7071081 0.0000000 0.7071055
v 0.1466950 0.3540124 0.0184051
vn -0.9807818 0.0000000 0.1951077
v 0.1476249 0.3317874 0.0206501
vn -0.1951081 0.0000000 0.9807817
v 0.1444499 0.3428998 0.0174752
vn -0.3826784 0.0000000 0.9238816
v 0.1456649 0.3540124 0.0177169
vn -0.1951080 0.0000000 0.9807817
v 0.1444499 0.3540124 0.0174752
vn -0.3826784 0.0000000 0.9238816
v 0.1456649 0.3317874 0.0177169
vn -0.7071081 0.0000000 0.7071055
v 0.1466950 0.3317874 0.0184051
vn -0.9807835 0.0000000 0.1950994
v 0.1270001 0.3428998 0.0127000
vn -0.9238808 0.0000000 0.3826805
v 0.1273636 0.3540124 0.0145274
vn -0.9807835 0.0000000 0.1950993
v 0.1270001 0.3540124 0.0127000
vn -0.9238808 0.0000000 0.3826805
v 0.1273636 0.3317874 0.0145274
vn -0.7071041 0.0000000 0.7071094
v 0.1283987 0.3317874 0.0160766
vn -0.7071041 0.0000000 0.7071094
v 0.1283987 0.3540124 0.0160766
vn -0.9807835 0.0000000 0.1950993
v 0.1270001 0.3317874 0.0127000
vn -0.1951096 0.0000000 0.9807815
v 0.1317753 0.3428998 0.0174752
vn -0.1951096 0.0000000 0.9807814
v 0.1317753 0.3540124 0.0174752
vn -0.3826819 0.0000000 0.9238802
v 0.1299479 0.3540124 0.0171116
vn -0.3826820 0.0000000 0.9238802
v 0.1299479 0.3317874 0.0171116
vn -0.1951096 0.0000000 0.9807815
v 0.1317753 0.3317874 0.0174752
vn 0.0000000 1.0000000 0.0000000
v 0.1444499 0.3540124 0.0174752
vn 0.0000000 1.0000000 0.0000000
v 0.1524001 0.3540124 0.0127000
vn 0.0000000 1.0000000 0.0000000
v 0.1524001 0.3540124 0.0127000
vn 0.0000000 1.0000000 0.0000000
v 0.1524001 0.3540124 0.0127000
vn 0.0000000 1.0000000 0.0000000
v 0.1270001 0.3540124 0.0127000
vn 0.0000000 1.0000000 0.0000000
v 0.1270001 0.3540124 0.0127000
vn 0.0000000 1.0000000 0.0000000
v 0.1456649 0.3540124 0.0177169
vn 0.0000000 1.0000000 0.0000000
v 0.1466950 0.3540124 0.0184051
vn 0.0000000 1.0000000 0.0000000
v 0.1466950 0.3540124 0.0184051
vn 0.0000000 1.0000000 0.0000000
v 0.1317753 0.3540124 0.0174752
vn 0.0000000 1.0000000 0.0000000
v 0.1317753 0.3540124 0.0174752
vn 0.0000000 1.0000000 0.0000000
v 0.1317753 0.3540124 0.0174752
vn 0.0000000 1.0000000 0.0000000
v 0.1273636 0.3540124 0.0145274
vn 0.0000000 1.0000000 0.0000000
v 0.1273636 0.3540124 0.0145274
vn 0.0000000 1.0000000 0.0000000
v 0.1273636 0.3540124 0.0145274
vn 0.0000000 1.0000000 0.0000000
v 0.1283987 0.3540124 0.0160766
vn 0.0000000 1.0000000 0.0000000
v 0.1299479 0.3540124 0.0171116
vn 0.0000000 1.0000000 0.0000000
v 0.1299479 0.3540124 0.0171116
vn 0.0000000 1.0000000 0.0000000
v 0.1505727 0.3540124 0.0377365
vn 0.0000000 1.0000000 0.0000000
v 0.1505727 0.3540124 0.0377365
vn 0.0000000 1.0000000 0.0000000
v 0.1479884 0.3540124 0.0351521
vn 0.0000000 1.0000000 0.0000000
v 0.1479884 0.3540124 0.0351521
vn 0.0000000 1.0000000 0.0000000
v 0.1490235 0.3540124 0.0367014
vn 0.0000000 1.0000000 0.0000000
v 0.1524001 0.3540124 0.0380999
vn 0.0000000 1.0000000 0.0000000
v 0.1524001 0.3540124 0.0380999
vn 0.0000000 1.0000000 0.0000000
v 0.1476249 0.3540124 0.0333248
vn 0.0000000 1.0000000 0.0000000
v 0.1473832 0.3540124 0.0194352
vn 0.0000000 1.0000000 0.0000000
v 0.1473832 0.3540124 0.0194352
vn 0.0000000 1.0000000 0.0000000
v 0.1476249 0.3540124 0.0206501
vn 0.0000000 1.0000000 0.0000000
v 0.1476249 0.3540124 0.0206501
vn 0.0000000 -1.0000000 0.0000000
v 0.1444499 0.3317874 0.0174752
vn 0.0000000 -1.0000000 0.0000000
v 0.1270001 0.3317874 0.0127000
vn 0.0000000 -1.0000000 0.0000000
v 0.1270001 0.3317874 0.0127000
vn 0.0000000 -1.0000000 0.0000000
v 0.1524001 0.3317874 0.0127000
vn 0.0000000 -1.0000000 0.0000000
v 0.1524001 0.3317874 0.0127000
vn 0.0000000 -1.0000000 0.0000000
v 0.1524001 0.3317874 0.0127000
vn 0.0000000 -1.0000000 0.0000000
v 0.1456649 0.3317874 0.0177169
vn 0.0000000 -1.0000000 0.0000000
v 0.1466950 0.3317874 0.0184051
vn 0.0000000 -1.0000000 0.0000000
v 0.1466950 0.3317874 0.0184051
vn 0.0000000 -1.0000000 0.0000000
v 0.1317753 0.3317874 0.0174752
vn 0.0000000 -1.0000000 0.0000000
v 0.1317753 0.3317874 0.0174752
vn 0.0000000 -1.0000000 0.0000000
v 0.1317753 0.3317874 0.0174752
vn 0.0000000 -1.0000000 0.0000000
v 0.1273636 0.3317874 0.0145274
vn 0.0000000 -1.0000000 0.0000000
v 0.1273636 0.3317874 0.0145274
vn 0.0000000 -1.0000000 0.0000000
v 0.1273636 0.3317874 0.0145274
vn 0.0000000 -1.0000000 0.0000000
v 0.1299479 0.3317874 0.0171116
vn 0.0000000 -1.0000000 0.0000000
v 0.1299479 0.3317874 0.0171116
vn 0.0000000 -1.0000000 0.0000000
v 0.1283987 0.3317874 0.0160766
vn 0.0000000 -1.0000000 0.0000000
v 0.1505727 0.3317874 0.0377365
vn 0.0000000 -1.0000000 0.0000000
v 0.1505727 0.3317874 0.0377365
vn 0.0000000 -1.0000000 0.0000000
v 0.1505727 0.3317874 0.0377365
vn 0.0000000 -1.0000000 0.0000000
v 0.1490235 0.3317874 0.0367014
vn 0.0000000 -1.0000000 0.0000000
v 0.1479884 0.3317874 0.0351521
vn 0.0000000 -1.0000000 0.0000000
v 0.1479884 0.3317874 0.0351521
vn 0.0000000 -1.0000000 0.0000000
v 0.1476249 0.3317874 0.0333248
vn 0.0000000 -1.0000000 0.0000000
v 0.1476249 0.3317874 0.0333248
vn 0.0000000 -1.0000000 0.0000000
v 0.1476249 0.3317874 0.0333248
vn 0.0000000 -1.0000000 0.0000000
v 0.1524001 0.3317874 0.0380999
vn 0.0000000 -1.0000000 0.0000000
v 0.1524001 0.3317874 0.0380999
vn 0.0000000 -1.0000000 0.0000000
v 0.1524001 0.3317874 0.0380999
vn 0.0000000 -1.0000000 0.0000000
v 0.1473832 0.3317874 0.0194352
vn 0.0000000 -1.0000000 0.0000000
v 0.1473832 0.3317874 0.0194352
vn 0.0000000 -1.0000000 0.0000000
v 0.1476249 0.3317874 0.0206501
vn 0.0000000 -1.0000000 0.0000000
v 0.1476249 0.3317874 0.0206501
vn 0.0000000 -1.0000000 0.0000000
v 0.1476249 0.3317874 0.0206501
vn 0.0000000 0.9749305 -0.2225097
v 0.1500125 0.3393312 0.0254000
vn 0.0000000 0.9749305 -0.2225097
v 0.1476249 0.3393312 0.0254000
vn 0.0000000 0.9009740 -0.4338731
v 0.1476249 0.3396846 0.0269484
vn 0.0000000 0.2225228 -0.9749275
v 0.1476249 0.3421058 0.0288792
vn 0.0000000 0.2225228 -0.9749275
v 0.1524001 0.3421058 0.0288792
vn 0.0000000 0.6234961 -0.7818265
v 0.1524001 0.3406748 0.0281901
vn 0.0000000 0.6234961 -0.7818265
v 0.1476249 0.3406748 0.0281901
vn 0.0000000 0.9009740 -0.4338731
v 0.1524001 0.3396846 0.0269484
vn 0.0000000 0.9749305 -0.2225097
v 0.1524001 0.3393312 0.0254000
vn 0.0000000 -0.2225387 -0.9749239
v 0.1476249 0.3436940 0.0288792
vn 0.0000000 -0.6235031 -0.7818209
v 0.1476249 0.3451249 0.0281901
vn 0.0000000 -0.6235031 -0.7818209
v 0.1524001 0.3451249 0.0281901
vn 0.0000000 -0.2225387 -0.9749239
v 0.1524001 0.3436940 0.0288792
vn 0.0000000 -0.9749305 -0.2225097
v 0.1500125 0.3464685 0.0254000
vn 0.0000000 -0.9009709 -0.4338797
v 0.1476249 0.3461151 0.0269484
vn 0.0000000 -0.9749305 -0.2225097
v 0.1476249 0.3464685 0.0254000
vn 0.0000000 -0.9009709 -0.4338797
v 0.1524001 0.3461151 0.0269484
vn 0.0000000 -0.9749305 -0.2225097
v 0.1524001 0.3464685 0.0254000
vn 0.2225119 -0.9749300 0.0000000
v 0.1397001 0.3464685 0.0150876
vn 0.2225119 -0.9749299 0.0000000
v 0.1397001 0.3464685 0.0174752
vn 0.4338774 -0.9009719 0.0000000
v 0.1381517 0.3461151 0.0174752
vn 0.7818265 -0.6234961 0.0000000
v 0.1369100 0.3451249 0.0174752
vn 0.9749267 -0.2225264 0.0000000
v 0.1362209 0.3436940 0.0174752
vn 0.9749267 -0.2225263 0.0000000
v 0.1362209 0.3436940 0.0127000
vn 0.7818266 -0.6234961 0.0000000
v 0.1369100 0.3451249 0.0127000
vn 0.4338774 -0.9009719 0.0000000
v 0.1381517 0.3461151 0.0127000
vn 0.2225119 -0.9749299 0.0000000
v 0.1397001 0.3464685 0.0127000
vn 0.9749303 0.2225105 0.0000000
v 0.1362209 0.3421058 0.0174752
vn 0.7818322 0.6234890 0.0000000
v 0.1369100 0.3406748 0.0174752
vn 0.7818321 0.6234890 0.0000000
v 0.1369100 0.3406748 0.0127000
vn 0.9749303 0.2225105 0.0000000
v 0.1362209 0.3421058 0.0127000
vn 0.2225119 0.9749300 0.0000000
v 0.1397001 0.3393312 0.0150876
vn 0.4338708 0.9009751 0.0000000
v 0.1381517 0.3396846 0.0174752
vn 0.2225119 0.9749299 0.0000000
v 0.1397001 0.3393312 0.0174752
vn 0.4338708 0.9009751 0.0000000
v 0.1381517 0.3396846 0.0127000
vn 0.2225119 0.9749299 0.0000000
v 0.1397001 0.3393312 0.0127000
vn 0.0000000 0.2225038 0.9749319
v 0.1524001 0.3421058 0.0219207
vn -0.1951080 0.0000000 0.9807817
v 0.1444499 0.3317874 0.0174752
vn -0.2225119 0.9749300 0.0000000
v 0.1397001 0.3393312 -0.0150876
vn -0.4338524 0.9009840 0.0000000
v 0.1412485 0.3396846 -0.0174752
vn -0.2225119 0.9749299 0.0000000
v 0.1397001 0.3393312 -0.0174752
vn -0.7818193 0.6235051 0.0000000
v 0.1424903 0.3406748 -0.0174752
vn -0.7818193 0.6235051 0.0000000
v 0.1424903 0.3406748 -0.0127000
vn -0.9749303 0.2225105 0.0000000
v 0.1431794 0.3421058 -0.0127000
vn -0.4338523 0.9009840 0.0000000
v 0.1412485 0.3396846 -0.0127000
vn -0.2225119 0.9749299 0.0000000
v 0.1397001 0.3393312 -0.0127000
vn -0.9749303 0.2225105 0.0000000
v 0.1431794 0.3421058 -0.0174752
vn -0.9749267 -0.2225264 0.0000000
v 0.1431794 0.3436940 -0.0127000
vn -0.9749267 -0.2225263 0.0000000
v 0.1431794 0.3436940 -0.0174752
vn -0.7818138 -0.6235121 0.0000000
v 0.1424903 0.3451249 -0.0127000
vn -0.2225119 -0.9749300 0.0000000
v 0.1397001 0.3464685 -0.0150876
vn -0.2225119 -0.9749299 0.0000000
v 0.1397001 0.3464685 -0.0174752
vn -0.4338590 -0.9009808 0.0000000
v 0.1412485 0.3461151 -0.0174752
vn -0.7818137 -0.6235121 0.0000000
v 0.1424903 0.3451249 -0.0174752
vn -0.4338590 -0.9009808 0.0000000
v 0.1412485 0.3461151 -0.0127000
vn -0.2225119 -0.9749299 0.0000000
v 0.1397001 0.3464685 -0.0127000
vn 0.0000000 -0.9749305 -0.2225099
v 0.1500125 0.3464685 -0.0254000
vn 0.0000000 -0.9009767 -0.4338676
v 0.1476249 0.3461151 -0.0238516
vn 0.0000000 -0.9749305 -0.2225099
v 0.1476249 0.3464685 -0.0254000
vn 0.0000000 -0.6234984 -0.7818246
v 0.1476249 0.3451249 -0.0226098
vn 0.0000000 -0.6234984 -0.7818246
v 0.1524001 0.3451249 -0.0226098
vn 0.0000000 -0.2225197 -0.9749282
v 0.1524001 0.3436940 -0.0219207
vn 0.0000000 -0.9009767 -0.4338675
v 0.1524001 0.3461151 -0.0238516
vn 0.0000000 -0.9749305 -0.2225099
v 0.1524001 0.3464685 -0.0254000
vn 0.0000000 0.2225038 -0.9749319
v 0.1524001 0.3421058 -0.0219207
vn 0.0000000 0.2225038 -0.9749318
v 0.1476249 0.3421058 -0.0219207
vn 0.0000000 0.6234915 -0.7818302
v 0.1524001 0.3406748 -0.0226098
vn 0.0000000 0.9749305 -0.2225099
v 0.1500125 0.3393312 -0.0254000
vn 0.0000000 0.9749305 -0.2225099
v 0.1476249 0.3393312 -0.0254000
vn 0.0000000 0.9009799 -0.4338610
v 0.1476249 0.3396846 -0.0238516
vn 0.0000000 0.6234914 -0.7818302
v 0.1476249 0.3406748 -0.0226098
vn 0.0000000 0.9009798 -0.4338610
v 0.1524001 0.3396846 -0.0238516
vn 0.0000000 0.9749305 -0.2225099
v 0.1524001 0.3393312 -0.0254000
vn 0.0000000 0.0000000 -1.0000000
v 0.1317753 0.3428998 -0.0174752
vn 0.0000000 0.0000000 -1.0000000
v 0.1362209 0.3421058 -0.0174752
vn 0.0000000 0.0000000 -1.0000000
v 0.1317753 0.3317874 -0.0174752
vn 0.0000000 0.0000000 -1.0000000
v 0.1317753 0.3317874 -0.0174752
vn 0.0000000 0.0000000 -1.0000000
v 0.1369100 0.3406748 -0.0174752
vn 0.0000000 0.0000000 -1.0000000
v 0.1381517 0.3396846 -0.0174752
vn 0.0000000 0.0000000 -1.0000000
v 0.1381517 0.3396846 -0.0174752
vn 0.0000000 0.0000000 -1.0000000
v 0.1397001 0.3393312 -0.0174752
vn 0.0000000 0.0000000 -1.0000000
v 0.1397001 0.3393312 -0.0174752
vn 0.0000000 0.0000000 -1.0000000
v 0.1444499 0.3317874 -0.0174752
vn 0.0000000 0.0000000 -1.0000000
v 0.1444499 0.3317874 -0.0174752
vn 0.0000000 0.0000000 -1.0000000
v 0.1362209 0.3436940 -0.0174752
vn 0.0000000 0.0000000 -1.0000000
v 0.1362209 0.3436940 -0.0174752
vn 0.0000000 0.0000000 -1.0000000
v 0.1317753 0.3540124 -0.0174752
vn 0.0000000 0.0000000 -1.0000000
v 0.1317753 0.3540124 -0.0174752
vn 0.0000000 0.0000000 -1.0000000
v 0.1381517 0.3461151 -0.0174752
vn 0.0000000 0.0000000 -1.0000000
v 0.1369100 0.3451249 -0.0174752
vn 0.0000000 0.0000000 -1.0000000
v 0.1369100 0.3451249 -0.0174752
vn 0.0000000 0.0000000 -1.0000000
v 0.1397001 0.3464685 -0.0174752
vn 0.0000000 0.0000000 -1.0000000
v 0.1412485 0.3396846 -0.0174752
vn 0.0000000 0.0000000 -1.0000000
v 0.1412485 0.3396846 -0.0174752
vn 0.0000000 0.0000000 -1.0000000
v 0.1424903 0.3406748 -0.0174752
vn 0.0000000 0.0000000 -1.0000000
v 0.1424903 0.3406748 -0.0174752
vn 0.0000000 0.0000000 -1.0000000
v 0.1431794 0.3421058 -0.0174752
vn 0.0000000 0.0000000 -1.0000000
v 0.1444499 0.3428998 -0.0174752
vn 0.0000000 0.0000000 -1.0000000
v 0.1431794 0.3436940 -0.0174752
vn 0.0000000 0.0000000 -1.0000000
v 0.1444499 0.3540124 -0.0174752
vn 0.0000000 0.0000000 -1.0000000
v 0.1412485 0.3461151 -0.0174752
vn 0.0000000 0.0000000 -1.0000000
v 0.1424903 0.3451249 -0.0174752
vn 0.0000000 0.0000000 1.0000000
v 0.1397001 0.3464685 -0.0127000
vn 0.0000000 0.0000000 1.0000000
v 0.1397001 0.3464685 -0.0127000
vn 0.0000000 0.0000000 1.0000000
v 0.1412485 0.3461151 -0.0127000
vn 0.0000000 0.0000000 1.0000000
v 0.1524001 0.3540124 -0.0127000
vn 0.0000000 0.0000000 1.0000000
v 0.1524001 0.3540124 -0.0127000
vn 0.0000000 0.0000000 1.0000000
v 0.1424903 0.3451249 -0.0127000
vn 0.0000000 0.0000000 1.0000000
v 0.1431794 0.3436940 -0.0127000
vn 0.0000000 0.0000000 1.0000000
v 0.1524001 0.3317874 -0.0127000
vn 0.0000000 0.0000000 1.0000000
v 0.1524001 0.3317874 -0.0127000
vn 0.0000000 0.0000000 1.0000000
v 0.1381517 0.3461151 -0.0127000
vn 0.0000000 0.0000000 1.0000000
v 0.1270001 0.3540124 -0.0127000
vn 0.0000000 0.0000000 1.0000000
v 0.1270001 0.3540124 -0.0127000
vn 0.0000000 0.0000000 1.0000000
v 0.1270001 0.3428998 -0.0127000
vn 0.0000000 0.0000000 1.0000000
v 0.1369100 0.3451249 -0.0127000
vn 0.0000000 0.0000000 1.0000000
v 0.1362209 0.3436940 -0.0127000
vn 0.0000000 0.0000000 1.0000000
v 0.1431794 0.3421058 -0.0127000
vn 0.0000000 0.0000000 1.0000000
v 0.1424903 0.3406748 -0.0127000
vn 0.0000000 0.0000000 1.0000000
v 0.1397001 0.3393312 -0.0127000
vn 0.0000000 0.0000000 1.0000000
v 0.1397001 0.3393312 -0.0127000
vn 0.0000000 0.0000000 1.0000000
v 0.1412485 0.3396846 -0.0127000
vn 0.0000000 0.0000000 1.0000000
v 0.1270001 0.3317874 -0.0127000
vn 0.0000000 0.0000000 1.0000000
v 0.1270001 0.3317874 -0.0127000
vn 0.0000000 0.0000000 1.0000000
v 0.1369100 0.3406748 -0.0127000
vn 0.0000000 0.0000000 1.0000000
v 0.1362209 0.3421058 -0.0127000
vn 0.0000000 0.0000000 1.0000000
v 0.1381517 0.3396846 -0.0127000
vn 1.0000000 0.0000000 0.0000000
v 0.1524001 0.3421058 -0.0288792
vn 1.0000000 0.0000000 0.0000000
v 0.1524001 0.3421058 -0.0288792
vn 1.0000000 0.0000000 0.0000000
v 0.1524001 0.3406748 -0.0281901
vn 1.0000000 0.0000000 0.0000000
v 0.1524001 0.3406748 -0.0281901
vn 1.0000000 0.0000000 0.0000000
v 0.1524001 0.3428998 -0.0380999
vn 1.0000000 0.0000000 0.0000000
v 0.1524001 0.3428998 -0.0380999
vn 1.0000000 0.0000000 0.0000000
v 0.1524001 0.3317874 -0.0380999
vn 1.0000000 0.0000000 0.0000000
v 0.1524001 0.3317874 -0.0380999
vn 1.0000000 0.0000000 0.0000000
v 0.1524001 0.3396846 -0.0269484
vn 1.0000000 0.0000000 0.0000000
v 0.1524001 0.3396846 -0.0269484
vn 1.0000000 0.0000000 0.0000000
v 0.1524001 0.3393312 -0.0254000
vn 1.0000000 0.0000000 0.0000000
v 0.1524001 0.3393312 -0.0254000
vn 1.0000000 0.0000000 0.0000000
v 0.1524001 0.3451249 -0.0281901
vn 1.0000000 0.0000000 0.0000000
v 0.1524001 0.3451249 -0.0281901
vn 1.0000000 0.0000000 0.0000000
v 0.1524001 0.3540124 -0.0380999
vn 1.0000000 0.0000000 0.0000000
v 0.1524001 0.3540124 -0.0380999
vn 1.0000000 0.0000000 0.0000000
v 0.1524001 0.3461151 -0.0269484
vn 1.0000000 0.0000000 0.0000000
v 0.1524001 0.3461151 -0.0269484
vn 1.0000000 0.0000000 0.0000000
v 0.1524001 0.3436940 -0.0288792
vn 1.0000000 0.0000000 0.0000000
v 0.1524001 0.3436940 -0.0288792
vn 1.0000000 0.0000000 0.0000000
v 0.1524001 0.3464685 -0.0254000
vn 1.0000000 0.0000000 0.0000000
v 0.1524001 0.3464685 -0.0254000
vn 1.0000000 0.0000000 0.0000000
v 0.1524001 0.3317874 -0.0127000
vn 1.0000000 0.0000000 0.0000000
v 0.1524001 0.3317874 -0.0127000
vn 1.0000000 0.0000000 0.0000000
v 0.1524001 0.3317874 -0.0127000
vn 1.0000000 0.0000000 0.0000000
v 0.1524001 0.3396846 -0.0238516
vn 1.0000000 0.0000000 0.0000000
v 0.1524001 0.3396846 -0.0238516
vn 1.0000000 0.0000000 0.0000000
v 0.1524001 0.3421058 -0.0219207
vn 1.0000000 0.0000000 0.0000000
v 0.1524001 0.3406748 -0.0226098
vn 1.0000000 0.0000000 0.0000000
v 0.1524001 0.3436940 -0.0219207
vn 1.0000000 0.0000000 0.0000000
v 0.1524001 0.3436940 -0.0219207
vn 1.0000000 0.0000000 0.0000000
v 0.1524001 0.3436940 -0.0219207
vn 1.0000000 0.0000000 0.0000000
v 0.1524001 0.3540124 -0.0127000
vn 1.0000000 0.0000000 0.0000000
v 0.1524001 0.3540124 -0.0127000
vn 1.0000000 0.0000000 0.0000000
v 0.1524001 0.3540124 -0.0127000
vn 1.0000000 0.0000000 0.0000000
v 0.1524001 0.3540124 -0.0127000
vn 1.0000000 0.0000000 0.0000000
v 0.1524001 0.3461151 -0.0238516
vn 1.0000000 0.0000000 0.0000000
v 0.1524001 0.3461151 -0.0238516
vn 1.0000000 0.0000000 0.0000000
v 0.1524001 0.3451249 -0.0226098
vn 1.0000000 0.0000000 0.0000000
v 0.1524001 0.3451249 -0.0226098
vn -1.0000000 0.0000000 0.0000000
v 0.1476249 0.3421058 -0.0219207
vn -1.0000000 0.0000000 0.0000000
v 0.1476249 0.3406748 -0.0226098
vn -1.0000000 0.0000000 0.0000000
v 0.1476249 0.3406748 -0.0226098
vn -1.0000000 0.0000000 0.0000000
v 0.1476249 0.3428998 -0.0206501
vn -1.0000000 0.0000000 0.0000000
v 0.1476249 0.3428998 -0.0206501
vn -1.0000000 0.0000000 0.0000000
v 0.1476249 0.3317874 -0.0206501
vn -1.0000000 0.0000000 0.0000000
v 0.1476249 0.3317874 -0.0206501
vn -1.0000000 0.0000000 0.0000000
v 0.1476249 0.3317874 -0.0206501
vn -1.0000000 0.0000000 0.0000000
v 0.1476249 0.3396846 -0.0238516
vn -1.0000000 0.0000000 0.0000000
v 0.1476249 0.3396846 -0.0238516
vn -1.0000000 0.0000000 0.0000000
v 0.1476249 0.3393312 -0.0254000
vn -1.0000000 0.0000000 0.0000000
v 0.1476249 0.3393312 -0.0254000
vn -1.0000000 0.0000000 0.0000000
v 0.1476249 0.3393312 -0.0254000
vn -1.0000000 0.0000000 0.0000000
v 0.1476249 0.3317874 -0.0333248
vn -1.0000000 0.0000000 0.0000000
v 0.1476249 0.3317874 -0.0333248
vn -1.0000000 0.0000000 0.0000000
v 0.1476249 0.3317874 -0.0333248
vn -1.0000000 0.0000000 0.0000000
v 0.1476249 0.3317874 -0.0333248
vn -1.0000000 0.0000000 0.0000000
v 0.1476249 0.3317874 -0.0333248
vn -1.0000000 0.0000000 0.0000000
v 0.1476249 0.3451249 -0.0226098
vn -1.0000000 0.0000000 0.0000000
v 0.1476249 0.3451249 -0.0226098
vn -1.0000000 0.0000000 0.0000000
v 0.1476249 0.3451249 -0.0226098
vn -1.0000000 0.0000000 0.0000000
v 0.1476249 0.3540124 -0.0206501
vn -1.0000000 0.0000000 0.0000000
v 0.1476249 0.3540124 -0.0206501
vn -1.0000000 0.0000000 0.0000000
v 0.1476249 0.3540124 -0.0206501
vn -1.0000000 0.0000000 0.0000000
v 0.1476249 0.3461151 -0.0238516
vn -1.0000000 0.0000000 0.0000000
v 0.1476249 0.3461151 -0.0238516
vn -1.0000000 0.0000000 0.0000000
v 0.1476249 0.3436940 -0.0219207
vn -1.0000000 0.0000000 0.0000000
v 0.1476249 0.3436940 -0.0219207
vn -1.0000000 0.0000000 0.0000000
v 0.1476249 0.3464685 -0.0254000
vn -1.0000000 0.0000000 0.0000000
v 0.1476249 0.3464685 -0.0254000
vn -1.0000000 0.0000000 0.0000000
v 0.1476249 0.3464685 -0.0254000
vn -1.0000000 0.0000000 0.0000000
v 0.1476249 0.3396846 -0.0269484
vn -1.0000000 0.0000000 0.0000000
v 0.1476249 0.3396846 -0.0269484
vn -1.0000000 0.0000000 0.0000000
v 0.1476249 0.3406748 -0.0281901
vn -1.0000000 0.0000000 0.0000000
v 0.1476249 0.3406748 -0.0281901
vn -1.0000000 0.0000000 0.0000000
v 0.1476249 0.3428998 -0.0333248
vn -1.0000000 0.0000000 0.0000000
v 0.1476249 0.3428998 -0.0333248
vn -1.0000000 0.0000000 0.0000000
v 0.1476249 0.3421058 -0.0288792
vn -1.0000000 0.0000000 0.0000000
v 0.1476249 0.3421058 -0.0288792
vn -1.0000000 0.0000000 0.0000000
v 0.1476249 0.3421058 -0.0288792
vn -1.0000000 0.0000000 0.0000000
v 0.1476249 0.3436940 -0.0288792
vn -1.0000000 0.0000000 0.0000000
v 0.1476249 0.3436940 -0.0288792
vn -1.0000000 0.0000000 0.0000000
v 0.1476249 0.3540124 -0.0333248
vn -1.0000000 0.0000000 0.0000000
v 0.1476249 0.3540124 -0.0333248
vn -1.0000000 0.0000000 0.0000000
v 0.1476249 0.3540124 -0.0333248
vn -1.0000000 0.0000000 0.0000000
v 0.1476249 0.3540124 -0.0333248
vn -1.0000000 0.0000000 0.0000000
v 0.1476249 0.3461151 -0.0269484
vn -1.0000000 0.0000000 0.0000000
v 0.1476249 0.3461151 -0.0269484
vn -1.0000000 0.0000000 0.0000000
v 0.1476249 0.3451249 -0.0281901
vn -1.0000000 0.0000000 0.0000000
v 0.1476249 0.3451249 -0.0281901
vn -0.9807838 0.0000000 -0.1950979
v 0.1476249 0.3428998 -0.0333248
vn -0.9807838 0.0000000 -0.1950979
v 0.1476249 0.3540124 -0.0333248
vn -0.9238839 0.0000000 -0.3826730
v 0.1479884 0.3540124 -0.0351521
vn -0.9238839 0.0000000 -0.3826731
v 0.1479884 0.3317874 -0.0351521
vn -0.9807838 0.0000000 -0.1950979
v 0.1476249 0.3317874 -0.0333248
vn -0.7071093 0.0000000 -0.7071043
v 0.1490235 0.3317874 -0.0367014
vn -0.7071093 0.0000000 -0.7071043
v 0.1490235 0.3540124 -0.0367014
vn -0.3826669 0.0000000 -0.9238864
v 0.1505727 0.3540124 -0.0377365
vn -0.3826670 0.0000000 -0.9238864
v 0.1505727 0.3317874 -0.0377365
vn -0.1950779 0.0000000 -0.9807878
v 0.1524001 0.3428998 -0.0380999
vn -0.1950779 0.0000000 -0.9807878
v 0.1524001 0.3540124 -0.0380999
vn -0.1950779 0.0000000 -0.9807878
v 0.1524001 0.3317874 -0.0380999
vn -0.9807819 0.0000000 -0.1951078
v 0.1476249 0.3428998 -0.0206501
vn -0.9238824 0.0000000 -0.3826766
v 0.1473832 0.3540124 -0.0194352
vn -0.9807818 0.0000000 -0.1951077
v 0.1476249 0.3540124 -0.0206501
vn -0.9238824 0.0000000 -0.3826765
v 0.1473832 0.3317874 -0.0194352
vn -0.7071081 0.0000000 -0.7071055
v 0.1466950 0.3317874 -0.0184051
vn -0.7071081 0.0000000 -0.7071055
v 0.1466950 0.3540124 -0.0184051
vn -0.9807818 0.0000000 -0.1951077
v 0.1476249 0.3317874 -0.0206501
vn -0.1951080 0.0000000 -0.9807817
v 0.1444499 0.3428998 -0.0174752
vn -0.1951080 0.0000000 -0.9807817
v 0.1444499 0.3540124 -0.0174752
vn -0.3826784 0.0000000 -0.9238816
v 0.1456649 0.3540124 -0.0177169
vn -0.3826784 0.0000000 -0.9238816
v 0.1456649 0.3317874 -0.0177169
vn -0.1951080 0.0000000 -0.9807817
v 0.1444499 0.3317874 -0.0174752
vn -0.9807835 0.0000000 -0.1950994
v 0.1270001 0.3428998 -0.0127000
vn -0.9807835 0.0000000 -0.1950993
v 0.1270001 0.3540124 -0.0127000
vn -0.9238808 0.0000000 -0.3826805
v 0.1273636 0.3540124 -0.0145274
vn -0.9238808 0.0000000 -0.3826805
v 0.1273636 0.3317874 -0.0145274
vn -0.7071041 0.0000000 -0.7071094
v 0.1283987 0.3540124 -0.0160766
vn -0.9807835 0.0000000 -0.1950993
v 0.1270001 0.3317874 -0.0127000
vn -0.1951096 0.0000000 -0.9807815
v 0.1317753 0.3428998 -0.0174752
vn -0.3826820 0.0000000 -0.9238802
v 0.1299479 0.3540124 -0.0171116
vn -0.1951096 0.0000000 -0.9807814
v 0.1317753 0.3540124 -0.0174752
vn -0.3826820 0.0000000 -0.9238802
v 0.1299479 0.3317874 -0.0171116
vn -0.7071041 0.0000000 -0.7071095
v 0.1283987 0.3317874 -0.0160766
vn 0.0000000 1.0000000 0.0000000
v 0.1444499 0.3540124 -0.0174752
vn 0.0000000 1.0000000 0.0000000
v 0.1270001 0.3540124 -0.0127000
vn 0.0000000 1.0000000 0.0000000
v 0.1270001 0.3540124 -0.0127000
vn 0.0000000 1.0000000 0.0000000
v 0.1524001 0.3540124 -0.0127000
vn 0.0000000 1.0000000 0.0000000
v 0.1524001 0.3540124 -0.0127000
vn 0.0000000 1.0000000 0.0000000
v 0.1524001 0.3540124 -0.0127000
vn 0.0000000 1.0000000 0.0000000
v 0.1456649 0.3540124 -0.0177169
vn 0.0000000 1.0000000 0.0000000
v 0.1466950 0.3540124 -0.0184051
vn 0.0000000 1.0000000 0.0000000
v 0.1466950 0.3540124 -0.0184051
vn 0.0000000 1.0000000 0.0000000
v 0.1317753 0.3540124 -0.0174752
vn 0.0000000 1.0000000 0.0000000
v 0.1299479 0.3540124 -0.0171116
vn 0.0000000 1.0000000 0.0000000
v 0.1299479 0.3540124 -0.0171116
vn 0.0000000 1.0000000 0.0000000
v 0.1299479 0.3540124 -0.0171116
vn 0.0000000 1.0000000 0.0000000
v 0.1273636 0.3540124 -0.0145274
vn 0.0000000 1.0000000 0.0000000
v 0.1273636 0.3540124 -0.0145274
vn 0.0000000 1.0000000 0.0000000
v 0.1283987 0.3540124 -0.0160766
vn 0.0000000 1.0000000 0.0000000
v 0.1476249 0.3540124 -0.0333248
vn 0.0000000 1.0000000 0.0000000
v 0.1476249 0.3540124 -0.0333248
vn 0.0000000 1.0000000 0.0000000
v 0.1476249 0.3540124 -0.0333248
vn 0.0000000 1.0000000 0.0000000
v 0.1505727 0.3540124 -0.0377365
vn 0.0000000 1.0000000 0.0000000
v 0.1505727 0.3540124 -0.0377365
vn 0.0000000 1.0000000 0.0000000
v 0.1490235 0.3540124 -0.0367014
vn 0.0000000 1.0000000 0.0000000
v 0.1490235 0.3540124 -0.0367014
vn 0.0000000 1.0000000 0.0000000
v 0.1524001 0.3540124 -0.0380999
vn 0.0000000 1.0000000 0.0000000
v 0.1524001 0.3540124 -0.0380999
vn 0.0000000 1.0000000 0.0000000
v 0.1479884 0.3540124 -0.0351521
vn 0.0000000 1.0000000 0.0000000
v 0.1473832 0.3540124 -0.0194352
vn 0.0000000 1.0000000 0.0000000
v 0.1473832 0.3540124 -0.0194352
vn 0.0000000 1.0000000 0.0000000
v 0.1476249 0.3540124 -0.0206501
vn 0.0000000 1.0000000 0.0000000
v 0.1476249 0.3540124 -0.0206501
vn 0.0000000 -1.0000000 0.0000000
v 0.1444499 0.3317874 -0.0174752
vn 0.0000000 -1.0000000 0.0000000
v 0.1524001 0.3317874 -0.0127000
vn 0.0000000 -1.0000000 0.0000000
v 0.1524001 0.3317874 -0.0127000
vn 0.0000000 -1.0000000 0.0000000
v 0.1524001 0.3317874 -0.0127000
vn 0.0000000 -1.0000000 0.0000000
v 0.1270001 0.3317874 -0.0127000
vn 0.0000000 -1.0000000 0.0000000
v 0.1456649 0.3317874 -0.0177169
vn 0.0000000 -1.0000000 0.0000000
v 0.1466950 0.3317874 -0.0184051
vn 0.0000000 -1.0000000 0.0000000
v 0.1466950 0.3317874 -0.0184051
vn 0.0000000 -1.0000000 0.0000000
v 0.1317753 0.3317874 -0.0174752
vn 0.0000000 -1.0000000 0.0000000
v 0.1299479 0.3317874 -0.0171116
vn 0.0000000 -1.0000000 0.0000000
v 0.1273636 0.3317874 -0.0145274
vn 0.0000000 -1.0000000 0.0000000
v 0.1283987 0.3317874 -0.0160766
vn 0.0000000 -1.0000000 0.0000000
v 0.1476249 0.3317874 -0.0333248
vn 0.0000000 -1.0000000 0.0000000
v 0.1476249 0.3317874 -0.0333248
vn 0.0000000 -1.0000000 0.0000000
v 0.1476249 0.3317874 -0.0333248
vn 0.0000000 -1.0000000 0.0000000
v 0.1490235 0.3317874 -0.0367014
vn 0.0000000 -1.0000000 0.0000000
v 0.1490235 0.3317874 -0.0367014
vn 0.0000000 -1.0000000 0.0000000
v 0.1490235 0.3317874 -0.0367014
vn 0.0000000 -1.0000000 0.0000000
v 0.1524001 0.3317874 -0.0380999
vn 0.0000000 -1.0000000 0.0000000
v 0.1524001 0.3317874 -0.0380999
vn 0.0000000 -1.0000000 0.0000000
v 0.1524001 0.3317874 -0.0380999
vn 0.0000000 -1.0000000 0.0000000
v 0.1524001 0.3317874 -0.0380999
vn 0.0000000 -1.0000000 0.0000000
v 0.1505727 0.3317874 -0.0377365
vn 0.0000000 -1.0000000 0.0000000
v 0.1479884 0.3317874 -0.0351521
vn 0.0000000 -1.0000000 0.0000000
v 0.1473832 0.3317874 -0.0194352
vn 0.0000000 -1.0000000 0.0000000
v 0.1473832 0.3317874 -0.0194352
vn 0.0000000 -1.0000000 0.0000000
v 0.1476249 0.3317874 -0.0206501
vn 0.0000000 -1.0000000 0.0000000
v 0.1476249 0.3317874 -0.0206501
vn 0.0000000 -1.0000000 0.0000000
v 0.1476249 0.3317874 -0.0206501
vn 0.0000000 0.9749305 0.2225097
v 0.1500125 0.3393312 -0.0254000
vn 0.0000000 0.9009740 0.4338731
v 0.1476249 0.3396846 -0.0269484
vn 0.0000000 0.9749305 0.2225097
v 0.1476249 0.3393312 -0.0254000
vn 0.0000000 0.6234961 0.7818265
v 0.1476249 0.3406748 -0.0281901
vn 0.0000000 0.6234961 0.7818265
v 0.1524001 0.3406748 -0.0281901
vn 0.0000000 0.2225228 0.9749275
v 0.1524001 0.3421058 -0.0288792
vn 0.0000000 0.9009740 0.4338731
v 0.1524001 0.3396846 -0.0269484
vn 0.0000000 0.9749305 0.2225097
v 0.1524001 0.3393312 -0.0254000
vn 0.0000000 0.2225228 0.9749275
v 0.1476249 0.3421058 -0.0288792
vn 0.0000000 -0.2225387 0.9749239
v 0.1524001 0.3436940 -0.0288792
vn 0.0000000 -0.2225387 0.9749239
v 0.1476249 0.3436940 -0.0288792
vn 0.0000000 -0.6235031 0.7818209
v 0.1524001 0.3451249 -0.0281901
vn 0.0000000 -0.9749305 0.2225097
v 0.1500125 0.3464685 -0.0254000
vn 0.0000000 -0.9749305 0.2225097
v 0.1476249 0.3464685 -0.0254000
vn 0.0000000 -0.9009709 0.4338797
v 0.1476249 0.3461151 -0.0269484
vn 0.0000000 -0.6235031 0.7818209
v 0.1476249 0.3451249 -0.0281901
vn 0.0000000 -0.9009709 0.4338797
v 0.1524001 0.3461151 -0.0269484
vn 0.0000000 -0.9749305 0.2225097
v 0.1524001 0.3464685 -0.0254000
vn 0.2225119 -0.9749300 0.0000000
v 0.1397001 0.3464685 -0.0150876
vn 0.4338774 -0.9009719 0.0000000
v 0.1381517 0.3461151 -0.0174752
vn 0.2225119 -0.9749299 0.0000000
v 0.1397001 0.3464685 -0.0174752
vn 0.7818265 -0.6234961 0.0000000
v 0.1369100 0.3451249 -0.0174752
vn 0.7818265 -0.6234961 0.0000000
v 0.1369100 0.3451249 -0.0127000
vn 0.9749267 -0.2225263 0.0000000
v 0.1362209 0.3436940 -0.0127000
vn 0.4338774 -0.9009719 0.0000000
v 0.1381517 0.3461151 -0.0127000
vn 0.2225119 -0.9749299 0.0000000
v 0.1397001 0.3464685 -0.0127000
vn 0.9749303 0.2225105 0.0000000
v 0.1362209 0.3421058 -0.0127000
vn 0.9749303 0.2225105 0.0000000
v 0.1362209 0.3421058 -0.0174752
vn 0.9749267 -0.2225264 0.0000000
v 0.1362209 0.3436940 -0.0174752
vn 0.7818321 0.6234890 0.0000000
v 0.1369100 0.3406748 -0.0127000
vn 0.2225119 0.9749300 0.0000000
v 0.1397001 0.3393312 -0.0150876
vn 0.2225119 0.9749299 0.0000000
v 0.1397001 0.3393312 -0.0174752
vn 0.4338709 0.9009751 0.0000000
v 0.1381517 0.3396846 -0.0174752
vn 0.7818321 0.6234890 0.0000000
v 0.1369100 0.3406748 -0.0174752
vn 0.4338708 0.9009751 0.0000000
v 0.1381517 0.3396846 -0.0127000
vn 0.2225119 0.9749299 0.0000000
v 0.1397001 0.3393312 -0.0127000
vn 0.0000000 -0.2225197 -0.9749282
v 0.1476249 0.3436940 -0.0219207
vn -0.1951096 0.0000000 -0.9807815
v 0.1317753 0.3317874 -0.0174752
vn 0.2225119 0.9749300 0.0000000
v -0.1397001 0.3393312 -0.0150876
vn 0.2225119 0.9749299 0.0000000
v -0.1397001 0.3393312 -0.0174752
vn 0.4338524 0.9009840 0.0000000
v -0.1412485 0.3396846 -0.0174752
vn 0.7818193 0.6235051 0.0000000
v -0.1424903 0.3406748 -0.0174752
vn 0.9749303 0.2225105 0.0000000
v -0.1431794 0.3421058 -0.0174752
vn 0.9749303 0.2225105 0.0000000
v -0.1431794 0.3421058 -0.0127000
vn 0.7818193 0.6235051 0.0000000
v -0.1424903 0.3406748 -0.0127000
vn 0.4338524 0.9009840 0.0000000
v -0.1412485 0.3396846 -0.0127000
vn 0.2225119 0.9749299 0.0000000
v -0.1397001 0.3393312 -0.0127000
vn 0.9749267 -0.2225264 0.0000000
v -0.1431794 0.3436940 -0.0127000
vn 0.9749267 -0.2225263 0.0000000
v -0.1431794 0.3436940 -0.0174752
vn 0.7818137 -0.6235121 0.0000000
v -0.1424903 0.3451249 -0.0174752
vn 0.7818138 -0.6235121 0.0000000
v -0.1424903 0.3451249 -0.0127000
vn 0.2225119 -0.9749300 0.0000000
v -0.1397001 0.3464685 -0.0150876
vn 0.4338590 -0.9009808 0.0000000
v -0.1412485 0.3461151 -0.0174752
vn 0.2225119 -0.9749299 0.0000000
v -0.1397001 0.3464685 -0.0174752
vn 0.4338590 -0.9009808 0.0000000
v -0.1412485 0.3461151 -0.0127000
vn 0.2225119 -0.9749299 0.0000000
v -0.1397001 0.3464685 -0.0127000
vn 0.0000000 -0.9749305 -0.2225099
v -0.1500125 0.3464685 -0.0254000
vn 0.0000000 -0.9749305 -0.2225099
v -0.1476249 0.3464685 -0.0254000
vn 0.0000000 -0.9009767 -0.4338676
v -0.1476249 0.3461151 -0.0238516
vn 0.0000000 -0.6234984 -0.7818246
v -0.1476249 0.3451249 -0.0226098
vn 0.0000000 -0.2225197 -0.9749282
v -0.1476249 0.3436940 -0.0219207
vn 0.0000000 -0.2225197 -0.9749282
v -0.1524001 0.3436940 -0.0219207
vn 0.0000000 -0.6234984 -0.7818246
v -0.1524001 0.3451249 -0.0226098
vn 0.0000000 -0.9009767 -0.4338676
v -0.1524001 0.3461151 -0.0238516
vn 0.0000000 -0.9749305 -0.2225099
v -0.1524001 0.3464685 -0.0254000
vn 0.0000000 0.2225038 -0.9749319
v -0.1476249 0.3421058 -0.0219207
vn 0.0000000 0.6234914 -0.7818302
v -0.1476249 0.3406748 -0.0226098
vn 0.0000000 0.6234914 -0.7818302
v -0.1524001 0.3406748 -0.0226098
vn 0.0000000 0.9749305 -0.2225099
v -0.1500125 0.3393312 -0.0254000
vn 0.0000000 0.9009799 -0.4338610
v -0.1476249 0.3396846 -0.0238516
vn 0.0000000 0.9749305 -0.2225099
v -0.1476249 0.3393312 -0.0254000
vn 0.0000000 0.9009799 -0.4338610
v -0.1524001 0.3396846 -0.0238516
vn 0.0000000 0.9749305 -0.2225099
v -0.1524001 0.3393312 -0.0254000
vn 0.0000000 0.0000000 -1.0000000
v -0.1317753 0.3428998 -0.0174752
vn 0.0000000 0.0000000 -1.0000000
v -0.1317753 0.3317874 -0.0174752
vn 0.0000000 0.0000000 -1.0000000
v -0.1317753 0.3317874 -0.0174752
vn 0.0000000 0.0000000 -1.0000000
v -0.1362209 0.3421058 -0.0174752
vn 0.0000000 0.0000000 -1.0000000
v -0.1369100 0.3406748 -0.0174752
vn 0.0000000 0.0000000 -1.0000000
v -0.1381517 0.3396846 -0.0174752
vn 0.0000000 0.0000000 -1.0000000
v -0.1381517 0.3396846 -0.0174752
vn 0.0000000 0.0000000 -1.0000000
v -0.1397001 0.3393312 -0.0174752
vn 0.0000000 0.0000000 -1.0000000
v -0.1397001 0.3393312 -0.0174752
vn 0.0000000 0.0000000 -1.0000000
v -0.1444499 0.3317874 -0.0174752
vn 0.0000000 0.0000000 -1.0000000
v -0.1444499 0.3317874 -0.0174752
vn 0.0000000 0.0000000 -1.0000000
v -0.1362209 0.3436940 -0.0174752
vn 0.0000000 0.0000000 -1.0000000
v -0.1362209 0.3436940 -0.0174752
vn 0.0000000 0.0000000 -1.0000000
v -0.1317753 0.3540124 -0.0174752
vn 0.0000000 0.0000000 -1.0000000
v -0.1317753 0.3540124 -0.0174752
vn 0.0000000 0.0000000 -1.0000000
v -0.1369100 0.3451249 -0.0174752
vn 0.0000000 0.0000000 -1.0000000
v -0.1369100 0.3451249 -0.0174752
vn 0.0000000 0.0000000 -1.0000000
v -0.1381517 0.3461151 -0.0174752
vn 0.0000000 0.0000000 -1.0000000
v -0.1397001 0.3464685 -0.0174752
vn 0.0000000 0.0000000 -1.0000000
v -0.1424903 0.3406748 -0.0174752
vn 0.0000000 0.0000000 -1.0000000
v -0.1424903 0.3406748 -0.0174752
vn 0.0000000 0.0000000 -1.0000000
v -0.1412485 0.3396846 -0.0174752
vn 0.0000000 0.0000000 -1.0000000
v -0.1412485 0.3396846 -0.0174752
vn 0.0000000 0.0000000 -1.0000000
v -0.1431794 0.3421058 -0.0174752
vn 0.0000000 0.0000000 -1.0000000
v -0.1444499 0.3428998 -0.0174752
vn 0.0000000 0.0000000 -1.0000000
v -0.1431794 0.3436940 -0.0174752
vn 0.0000000 0.0000000 -1.0000000
v -0.1444499 0.3540124 -0.0174752
vn 0.0000000 0.0000000 -1.0000000
v -0.1412485 0.3461151 -0.0174752
vn 0.0000000 0.0000000 -1.0000000
v -0.1424903 0.3451249 -0.0174752
vn 0.0000000 0.0000000 1.0000000
v -0.1397001 0.3464685 -0.0127000
vn 0.0000000 0.0000000 1.0000000
v -0.1397001 0.3464685 -0.0127000
vn 0.0000000 0.0000000 1.0000000
v -0.1524001 0.3540124 -0.0127000
vn 0.0000000 0.0000000 1.0000000
v -0.1524001 0.3540124 -0.0127000
vn 0.0000000 0.0000000 1.0000000
v -0.1412485 0.3461151 -0.0127000
vn 0.0000000 0.0000000 1.0000000
v -0.1424903 0.3451249 -0.0127000
vn 0.0000000 0.0000000 1.0000000
v -0.1431794 0.3436940 -0.0127000
vn 0.0000000 0.0000000 1.0000000
v -0.1524001 0.3317874 -0.0127000
vn 0.0000000 0.0000000 1.0000000
v -0.1524001 0.3317874 -0.0127000
vn 0.0000000 0.0000000 1.0000000
v -0.1381517 0.3461151 -0.0127000
vn 0.0000000 0.0000000 1.0000000
v -0.1270001 0.3540124 -0.0127000
vn 0.0000000 0.0000000 1.0000000
v -0.1270001 0.3540124 -0.0127000
vn 0.0000000 0.0000000 1.0000000
v -0.1270001 0.3428998 -0.0127000
vn 0.0000000 0.0000000 1.0000000
v -0.1369100 0.3451249 -0.0127000
vn 0.0000000 0.0000000 1.0000000
v -0.1362209 0.3436940 -0.0127000
vn 0.0000000 0.0000000 1.0000000
v -0.1424903 0.3406748 -0.0127000
vn 0.0000000 0.0000000 1.0000000
v -0.1431794 0.3421058 -0.0127000
vn 0.0000000 0.0000000 1.0000000
v -0.1397001 0.3393312 -0.0127000
vn 0.0000000 0.0000000 1.0000000
v -0.1397001 0.3393312 -0.0127000
vn 0.0000000 0.0000000 1.0000000
v -0.1412485 0.3396846 -0.0127000
vn 0.0000000 0.0000000 1.0000000
v -0.1270001 0.3317874 -0.0127000
vn 0.0000000 0.0000000 1.0000000
v -0.1270001 0.3317874 -0.0127000
vn 0.0000000 0.0000000 1.0000000
v -0.1369100 0.3406748 -0.0127000
vn 0.0000000 0.0000000 1.0000000
v -0.1362209 0.3421058 -0.0127000
vn 0.0000000 0.0000000 1.0000000
v -0.1381517 0.3396846 -0.0127000
vn -1.0000000 0.0000000 0.0000000
v -0.1524001 0.3421058 -0.0288792
vn -1.0000000 0.0000000 0.0000000
v -0.1524001 0.3421058 -0.0288792
vn -1.0000000 0.0000000 0.0000000
v -0.1524001 0.3428998 -0.0380999
vn -1.0000000 0.0000000 0.0000000
v -0.1524001 0.3428998 -0.0380999
vn -1.0000000 0.0000000 0.0000000
v -0.1524001 0.3406748 -0.0281901
vn -1.0000000 0.0000000 0.0000000
v -0.1524001 0.3406748 -0.0281901
vn -1.0000000 0.0000000 0.0000000
v -0.1524001 0.3317874 -0.0380999
vn -1.0000000 0.0000000 0.0000000
v -0.1524001 0.3317874 -0.0380999
vn -1.0000000 0.0000000 0.0000000
v -0.1524001 0.3396846 -0.0269484
vn -1.0000000 0.0000000 0.0000000
v -0.1524001 0.3396846 -0.0269484
vn -1.0000000 0.0000000 0.0000000
v -0.1524001 0.3393312 -0.0254000
vn -1.0000000 0.0000000 0.0000000
v -0.1524001 0.3393312 -0.0254000
vn -1.0000000 0.0000000 0.0000000
v -0.1524001 0.3451249 -0.0281901
vn -1.0000000 0.0000000 0.0000000
v -0.1524001 0.3451249 -0.0281901
vn -1.0000000 0.0000000 0.0000000
v -0.1524001 0.3540124 -0.0380999
vn -1.0000000 0.0000000 0.0000000
v -0.1524001 0.3540124 -0.0380999
vn -1.0000000 0.0000000 0.0000000
v -0.1524001 0.3461151 -0.0269484
vn -1.0000000 0.0000000 0.0000000
v -0.1524001 0.3461151 -0.0269484
vn -1.0000000 0.0000000 0.0000000
v -0.1524001 0.3436940 -0.0288792
vn -1.0000000 0.0000000 0.0000000
v -0.1524001 0.3436940 -0.0288792
vn -1.0000000 0.0000000 0.0000000
v -0.1524001 0.3464685 -0.0254000
vn -1.0000000 0.0000000 0.0000000
v -0.1524001 0.3464685 -0.0254000
vn -1.0000000 0.0000000 0.0000000
v -0.1524001 0.3317874 -0.0127000
vn -1.0000000 0.0000000 0.0000000
v -0.1524001 0.3317874 -0.0127000
vn -1.0000000 0.0000000 0.0000000
v -0.1524001 0.3317874 -0.0127000
vn -1.0000000 0.0000000 0.0000000
v -0.1524001 0.3396846 -0.0238516
vn -1.0000000 0.0000000 0.0000000
v -0.1524001 0.3396846 -0.0238516
vn -1.0000000 0.0000000 0.0000000
v -0.1524001 0.3421058 -0.0219207
vn -1.0000000 0.0000000 0.0000000
v -0.1524001 0.3406748 -0.0226098
vn -1.0000000 0.0000000 0.0000000
v -0.1524001 0.3436940 -0.0219207
vn -1.0000000 0.0000000 0.0000000
v -0.1524001 0.3436940 -0.0219207
vn -1.0000000 0.0000000 0.0000000
v -0.1524001 0.3436940 -0.0219207
vn -1.0000000 0.0000000 0.0000000
v -0.1524001 0.3540124 -0.0127000
vn -1.0000000 0.0000000 0.0000000
v -0.1524001 0.3540124 -0.0127000
vn -1.0000000 0.0000000 0.0000000
v -0.1524001 0.3540124 -0.0127000
vn -1.0000000 0.0000000 0.0000000
v -0.1524001 0.3540124 -0.0127000
vn -1.0000000 0.0000000 0.0000000
v -0.1524001 0.3461151 -0.0238516
vn -1.0000000 0.0000000 0.0000000
v -0.1524001 0.3461151 -0.0238516
vn -1.0000000 0.0000000 0.0000000
v -0.1524001 0.3451249 -0.0226098
vn -1.0000000 0.0000000 0.0000000
v -0.1524001 0.3451249 -0.0226098
vn 1.0000000 0.0000000 0.0000000
v -0.1476249 0.3421058 -0.0219207
vn 1.0000000 0.0000000 0.0000000
v -0.1476249 0.3428998 -0.0206501
vn 1.0000000 0.0000000 0.0000000
v -0.1476249 0.3428998 -0.0206501
vn 1.0000000 0.0000000 0.0000000
v -0.1476249 0.3406748 -0.0226098
vn 1.0000000 0.0000000 0.0000000
v -0.1476249 0.3406748 -0.0226098
vn 1.0000000 0.0000000 0.0000000
v -0.1476249 0.3317874 -0.0206501
vn 1.0000000 0.0000000 0.0000000
v -0.1476249 0.3317874 -0.0206501
vn 1.0000000 0.0000000 0.0000000
v -0.1476249 0.3317874 -0.0206501
vn 1.0000000 0.0000000 0.0000000
v -0.1476249 0.3396846 -0.0238516
vn 1.0000000 0.0000000 0.0000000
v -0.1476249 0.3396846 -0.0238516
vn 1.0000000 0.0000000 0.0000000
v -0.1476249 0.3393312 -0.0254000
vn 1.0000000 0.0000000 0.0000000
v -0.1476249 0.3393312 -0.0254000
vn 1.0000000 0.0000000 0.0000000
v -0.1476249 0.3393312 -0.0254000
vn 1.0000000 0.0000000 0.0000000
v -0.1476249 0.3317874 -0.0333248
vn 1.0000000 0.0000000 0.0000000
v -0.1476249 0.3317874 -0.0333248
vn 1.0000000 0.0000000 0.0000000
v -0.1476249 0.3317874 -0.0333248
vn 1.0000000 0.0000000 0.0000000
v -0.1476249 0.3317874 -0.0333248
vn 1.0000000 0.0000000 0.0000000
v -0.1476249 0.3317874 -0.0333248
vn 1.0000000 0.0000000 0.0000000
v -0.1476249 0.3451249 -0.0226098
vn 1.0000000 0.0000000 0.0000000
v -0.1476249 0.3451249 -0.0226098
vn 1.0000000 0.0000000 0.0000000
v -0.1476249 0.3451249 -0.0226098
vn 1.0000000 0.0000000 0.0000000
v -0.1476249 0.3540124 -0.0206501
vn 1.0000000 0.0000000 0.0000000
v -0.1476249 0.3540124 -0.0206501
vn 1.0000000 0.0000000 0.0000000
v -0.1476249 0.3540124 -0.0206501
vn 1.0000000 0.0000000 0.0000000
v -0.1476249 0.3461151 -0.0238516
vn 1.0000000 0.0000000 0.0000000
v -0.1476249 0.3461151 -0.0238516
vn 1.0000000 0.0000000 0.0000000
v -0.1476249 0.3436940 -0.0219207
vn 1.0000000 0.0000000 0.0000000
v -0.1476249 0.3436940 -0.0219207
vn 1.0000000 0.0000000 0.0000000
v -0.1476249 0.3464685 -0.0254000
vn 1.0000000 0.0000000 0.0000000
v -0.1476249 0.3464685 -0.0254000
vn 1.0000000 0.0000000 0.0000000
v -0.1476249 0.3464685 -0.0254000
vn 1.0000000 0.0000000 0.0000000
v -0.1476249 0.3406748 -0.0281901
vn 1.0000000 0.0000000 0.0000000
v -0.1476249 0.3406748 -0.0281901
vn 1.0000000 0.0000000 0.0000000
v -0.1476249 0.3396846 -0.0269484
vn 1.0000000 0.0000000 0.0000000
v -0.1476249 0.3396846 -0.0269484
vn 1.0000000 0.0000000 0.0000000
v -0.1476249 0.3428998 -0.0333248
vn 1.0000000 0.0000000 0.0000000
v -0.1476249 0.3428998 -0.0333248
vn 1.0000000 0.0000000 0.0000000
v -0.1476249 0.3421058 -0.0288792
vn 1.0000000 0.0000000 0.0000000
v -0.1476249 0.3421058 -0.0288792
vn 1.0000000 0.0000000 0.0000000
v -0.1476249 0.3421058 -0.0288792
vn 1.0000000 0.0000000 0.0000000
v -0.1476249 0.3436940 -0.0288792
vn 1.0000000 0.0000000 0.0000000
v -0.1476249 0.3436940 -0.0288792
vn 1.0000000 0.0000000 0.0000000
v -0.1476249 0.3540124 -0.0333248
vn 1.0000000 0.0000000 0.0000000
v -0.1476249 0.3540124 -0.0333248
vn 1.0000000 0.0000000 0.0000000
v -0.1476249 0.3540124 -0.0333248
vn 1.0000000 0.0000000 0.0000000
v -0.1476249 0.3540124 -0.0333248
vn 1.0000000 0.0000000 0.0000000
v -0.1476249 0.3461151 -0.0269484
vn 1.0000000 0.0000000 0.0000000
v -0.1476249 0.3461151 -0.0269484
vn 1.0000000 0.0000000 0.0000000
v -0.1476249 0.3451249 -0.0281901
vn 1.0000000 0.0000000 0.0000000
v -0.1476249 0.3451249 -0.0281901
vn 0.9807838 0.0000000 -0.1950979
v -0.1476249 0.3428998 -0.0333248
vn 0.9238839 0.0000000 -0.3826731
v -0.1479884 0.3540124 -0.0351521
vn 0.9807838 0.0000000 -0.1950979
v -0.1476249 0.3540124 -0.0333248
vn 0.9238839 0.0000000 -0.3826731
v -0.1479884 0.3317874 -0.0351521
vn 0.9807838 0.0000000 -0.1950979
v -0.1476249 0.3317874 -0.0333248
vn 0.7071093 0.0000000 -0.7071043
v -0.1490235 0.3317874 -0.0367014
vn 0.7071093 0.0000000 -0.7071043
v -0.1490235 0.3540124 -0.0367014
vn 0.3826670 0.0000000 -0.9238864
v -0.1505727 0.3317874 -0.0377365
vn 0.3826669 0.0000000 -0.9238864
v -0.1505727 0.3540124 -0.0377365
vn 0.1950779 0.0000000 -0.9807878
v -0.1524001 0.3428998 -0.0380999
vn 0.1950779 0.0000000 -0.9807878
v -0.1524001 0.3540124 -0.0380999
vn 0.1950779 0.0000000 -0.9807878
v -0.1524001 0.3317874 -0.0380999
vn 0.9807819 0.0000000 -0.1951078
v -0.1476249 0.3428998 -0.0206501
vn 0.9807818 0.0000000 -0.1951077
v -0.1476249 0.3540124 -0.0206501
vn 0.9238824 0.0000000 -0.3826766
v -0.1473832 0.3540124 -0.0194352
vn 0.9238824 0.0000000 -0.3826765
v -0.1473832 0.3317874 -0.0194352
vn 0.7071081 0.0000000 -0.7071055
v -0.1466950 0.3540124 -0.0184051
vn 0.9807818 0.0000000 -0.1951077
v -0.1476249 0.3317874 -0.0206501
vn 0.1951081 0.0000000 -0.9807817
v -0.1444499 0.3428998 -0.0174752
vn 0.3826784 0.0000000 -0.9238816
v -0.1456649 0.3540124 -0.0177169
vn 0.1951080 0.0000000 -0.9807817
v -0.1444499 0.3540124 -0.0174752
vn 0.3826784 0.0000000 -0.9238816
v -0.1456649 0.3317874 -0.0177169
vn 0.7071081 0.0000000 -0.7071055
v -0.1466950 0.3317874 -0.0184051
vn 0.9807835 0.0000000 -0.1950994
v -0.1270001 0.3428998 -0.0127000
vn 0.9238808 0.0000000 -0.3826805
v -0.1273636 0.3540124 -0.0145274
vn 0.9807835 0.0000000 -0.1950993
v -0.1270001 0.3540124 -0.0127000
vn 0.9238808 0.0000000 -0.3826805
v -0.1273636 0.3317874 -0.0145274
vn 0.7071041 0.0000000 -0.7071094
v -0.1283987 0.3317874 -0.0160766
vn 0.7071041 0.0000000 -0.7071094
v -0.1283987 0.3540124 -0.0160766
vn 0.9807835 0.0000000 -0.1950993
v -0.1270001 0.3317874 -0.0127000
vn 0.1951096 0.0000000 -0.9807815
v -0.1317753 0.3428998 -0.0174752
vn 0.1951096 0.0000000 -0.9807814
v -0.1317753 0.3540124 -0.0174752
vn 0.3826819 0.0000000 -0.9238802
v -0.1299479 0.3540124 -0.0171116
vn 0.3826820 0.0000000 -0.9238802
v -0.1299479 0.3317874 -0.0171116
vn 0.1951096 0.0000000 -0.9807815
v -0.1317753 0.3317874 -0.0174752
vn 0.0000000 1.0000000 0.0000000
v -0.1444499 0.3540124 -0.0174752
vn 0.0000000 1.0000000 0.0000000
v -0.1524001 0.3540124 -0.0127000
vn 0.0000000 1.0000000 0.0000000
v -0.1524001 0.3540124 -0.0127000
vn 0.0000000 1.0000000 0.0000000
v -0.1524001 0.3540124 -0.0127000
vn 0.0000000 1.0000000 0.0000000
v -0.1270001 0.3540124 -0.0127000
vn 0.0000000 1.0000000 0.0000000
v -0.1270001 0.3540124 -0.0127000
vn 0.0000000 1.0000000 0.0000000
v -0.1456649 0.3540124 -0.0177169
vn 0.0000000 1.0000000 0.0000000
v -0.1466950 0.3540124 -0.0184051
vn 0.0000000 1.0000000 0.0000000
v -0.1466950 0.3540124 -0.0184051
vn 0.0000000 1.0000000 0.0000000
v -0.1317753 0.3540124 -0.0174752
vn 0.0000000 1.0000000 0.0000000
v -0.1283987 0.3540124 -0.0160766
vn 0.0000000 1.0000000 0.0000000
v -0.1283987 0.3540124 -0.0160766
vn 0.0000000 1.0000000 0.0000000
v -0.1273636 0.3540124 -0.0145274
vn 0.0000000 1.0000000 0.0000000
v -0.1299479 0.3540124 -0.0171116
vn 0.0000000 1.0000000 0.0000000
v -0.1299479 0.3540124 -0.0171116
vn 0.0000000 1.0000000 0.0000000
v -0.1505727 0.3540124 -0.0377365
vn 0.0000000 1.0000000 0.0000000
v -0.1505727 0.3540124 -0.0377365
vn 0.0000000 1.0000000 0.0000000
v -0.1479884 0.3540124 -0.0351521
vn 0.0000000 1.0000000 0.0000000
v -0.1479884 0.3540124 -0.0351521
vn 0.0000000 1.0000000 0.0000000
v -0.1490235 0.3540124 -0.0367014
vn 0.0000000 1.0000000 0.0000000
v -0.1524001 0.3540124 -0.0380999
vn 0.0000000 1.0000000 0.0000000
v -0.1524001 0.3540124 -0.0380999
vn 0.0000000 1.0000000 0.0000000
v -0.1476249 0.3540124 -0.0333248
vn 0.0000000 1.0000000 0.0000000
v -0.1473832 0.3540124 -0.0194352
vn 0.0000000 1.0000000 0.0000000
v -0.1473832 0.3540124 -0.0194352
vn 0.0000000 1.0000000 0.0000000
v -0.1476249 0.3540124 -0.0206501
vn 0.0000000 1.0000000 0.0000000
v -0.1476249 0.3540124 -0.0206501
vn 0.0000000 -1.0000000 0.0000000
v -0.1444499 0.3317874 -0.0174752
vn 0.0000000 -1.0000000 0.0000000
v -0.1270001 0.3317874 -0.0127000
vn 0.0000000 -1.0000000 0.0000000
v -0.1270001 0.3317874 -0.0127000
vn 0.0000000 -1.0000000 0.0000000
v -0.1270001 0.3317874 -0.0127000
vn 0.0000000 -1.0000000 0.0000000
v -0.1524001 0.3317874 -0.0127000
vn 0.0000000 -1.0000000 0.0000000
v -0.1524001 0.3317874 -0.0127000
vn 0.0000000 -1.0000000 0.0000000
v -0.1524001 0.3317874 -0.0127000
vn 0.0000000 -1.0000000 0.0000000
v -0.1456649 0.3317874 -0.0177169
vn 0.0000000 -1.0000000 0.0000000
v -0.1466950 0.3317874 -0.0184051
vn 0.0000000 -1.0000000 0.0000000
v -0.1466950 0.3317874 -0.0184051
vn 0.0000000 -1.0000000 0.0000000
v -0.1317753 0.3317874 -0.0174752
vn 0.0000000 -1.0000000 0.0000000
v -0.1283987 0.3317874 -0.0160766
vn 0.0000000 -1.0000000 0.0000000
v -0.1283987 0.3317874 -0.0160766
vn 0.0000000 -1.0000000 0.0000000
v -0.1273636 0.3317874 -0.0145274
vn 0.0000000 -1.0000000 0.0000000
v -0.1299479 0.3317874 -0.0171116
vn 0.0000000 -1.0000000 0.0000000
v -0.1299479 0.3317874 -0.0171116
vn 0.0000000 -1.0000000 0.0000000
v -0.1524001 0.3317874 -0.0380999
vn 0.0000000 -1.0000000 0.0000000
v -0.1524001 0.3317874 -0.0380999
vn 0.0000000 -1.0000000 0.0000000
v -0.1524001 0.3317874 -0.0380999
vn 0.0000000 -1.0000000 0.0000000
v -0.1524001 0.3317874 -0.0380999
vn 0.0000000 -1.0000000 0.0000000
v -0.1490235 0.3317874 -0.0367014
vn 0.0000000 -1.0000000 0.0000000
v -0.1490235 0.3317874 -0.0367014
vn 0.0000000 -1.0000000 0.0000000
v -0.1479884 0.3317874 -0.0351521
vn 0.0000000 -1.0000000 0.0000000
v -0.1505727 0.3317874 -0.0377365
vn 0.0000000 -1.0000000 0.0000000
v -0.1476249 0.3317874 -0.0333248
vn 0.0000000 -1.0000000 0.0000000
v -0.1476249 0.3317874 -0.0333248
vn 0.0000000 -1.0000000 0.0000000
v -0.1473832 0.3317874 -0.0194352
vn 0.0000000 -1.0000000 0.0000000
v -0.1473832 0.3317874 -0.0194352
vn 0.0000000 -1.0000000 0.0000000
v -0.1476249 0.3317874 -0.0206501
vn 0.0000000 -1.0000000 0.0000000
v -0.1476249 0.3317874 -0.0206501
vn 0.0000000 -1.0000000 0.0000000
v -0.1476249 0.3317874 -0.0206501
vn 0.0000000 0.9749305 0.2225097
v -0.1500125 0.3393312 -0.0254000
vn 0.0000000 0.9749305 0.2225097
v -0.1476249 0.3393312 -0.0254000
vn 0.0000000 0.9009740 0.4338731
v -0.1476249 0.3396846 -0.0269484
vn 0.0000000 0.2225228 0.9749275
v -0.1476249 0.3421058 -0.0288792
vn 0.0000000 0.2225228 0.9749275
v -0.1524001 0.3421058 -0.0288792
vn 0.0000000 0.6234961 0.7818265
v -0.1524001 0.3406748 -0.0281901
vn 0.0000000 0.6234961 0.7818265
v -0.1476249 0.3406748 -0.0281901
vn 0.0000000 0.9009740 0.4338731
v -0.1524001 0.3396846 -0.0269484
vn 0.0000000 0.9749305 0.2225097
v -0.1524001 0.3393312 -0.0254000
vn 0.0000000 -0.2225387 0.9749239
v -0.1476249 0.3436940 -0.0288792
vn 0.0000000 -0.6235031 0.7818209
v -0.1476249 0.3451249 -0.0281901
vn 0.0000000 -0.6235031 0.7818209
v -0.1524001 0.3451249 -0.0281901
vn 0.0000000 -0.9749305 0.2225097
v -0.1500125 0.3464685 -0.0254000
vn 0.0000000 -0.9009709 0.4338797
v -0.1476249 0.3461151 -0.0269484
vn 0.0000000 -0.9749305 0.2225097
v -0.1476249 0.3464685 -0.0254000
vn 0.0000000 -0.9009709 0.4338797
v -0.1524001 0.3461151 -0.0269484
vn 0.0000000 -0.9749305 0.2225097
v -0.1524001 0.3464685 -0.0254000
vn -0.2225119 -0.9749300 0.0000000
v -0.1397001 0.3464685 -0.0150876
vn -0.2225119 -0.9749299 0.0000000
v -0.1397001 0.3464685 -0.0174752
vn -0.4338774 -0.9009719 0.0000000
v -0.1381517 0.3461151 -0.0174752
vn -0.7818265 -0.6234961 0.0000000
v -0.1369100 0.3451249 -0.0174752
vn -0.9749267 -0.2225264 0.0000000
v -0.1362209 0.3436940 -0.0174752
vn -0.9749267 -0.2225263 0.0000000
v -0.1362209 0.3436940 -0.0127000
vn -0.7818266 -0.6234961 0.0000000
v -0.1369100 0.3451249 -0.0127000
vn -0.4338774 -0.9009719 0.0000000
v -0.1381517 0.3461151 -0.0127000
vn -0.2225119 -0.9749299 0.0000000
v -0.1397001 0.3464685 -0.0127000
vn -0.9749303 0.2225105 0.0000000
v -0.1362209 0.3421058 -0.0127000
vn -0.9749303 0.2225105 0.0000000
v -0.1362209 0.3421058 -0.0174752
vn -0.7818321 0.6234890 0.0000000
v -0.1369100 0.3406748 -0.0174752
vn -0.7818322 0.6234890 0.0000000
v -0.1369100 0.3406748 -0.0127000
vn -0.2225119 0.9749300 0.0000000
v -0.1397001 0.3393312 -0.0150876
vn -0.4338709 0.9009751 0.0000000
v -0.1381517 0.3396846 -0.0174752
vn -0.2225119 0.9749299 0.0000000
v -0.1397001 0.3393312 -0.0174752
vn -0.4338709 0.9009751 0.0000000
v -0.1381517 0.3396846 -0.0127000
vn -0.2225119 0.9749299 0.0000000
v -0.1397001 0.3393312 -0.0127000
vn 0.0000000 0.2225038 -0.9749319
v -0.1524001 0.3421058 -0.0219207
vn 0.1951080 0.0000000 -0.9807817
v -0.1444499 0.3317874 -0.0174752
vn 0.0000000 -0.2225387 0.9749239
v -0.1524001 0.3436940 -0.0288792
vn 0.2225119 0.9749300 0.0000000
v -0.1397001 0.3393312 0.0150876
vn 0.4338524 0.9009840 0.0000000
v -0.1412485 0.3396846 0.0174752
vn 0.2225119 0.9749299 0.0000000
v -0.1397001 0.3393312 0.0174752
vn 0.7818193 0.6235051 0.0000000
v -0.1424903 0.3406748 0.0174752
vn 0.7818193 0.6235051 0.0000000
v -0.1424903 0.3406748 0.0127000
vn 0.9749303 0.2225105 0.0000000
v -0.1431794 0.3421058 0.0127000
vn 0.4338523 0.9009840 0.0000000
v -0.1412485 0.3396846 0.0127000
vn 0.2225119 0.9749299 0.0000000
v -0.1397001 0.3393312 0.0127000
vn 0.9749267 -0.2225263 0.0000000
v -0.1431794 0.3436940 0.0127000
vn 0.9749267 -0.2225264 0.0000000
v -0.1431794 0.3436940 0.0174752
vn 0.7818138 -0.6235121 0.0000000
v -0.1424903 0.3451249 0.0174752
vn 0.2225119 -0.9749300 0.0000000
v -0.1397001 0.3464685 0.0150876
vn 0.2225119 -0.9749299 0.0000000
v -0.1397001 0.3464685 0.0174752
vn 0.4338591 -0.9009808 0.0000000
v -0.1412485 0.3461151 0.0174752
vn 0.7818137 -0.6235121 0.0000000
v -0.1424903 0.3451249 0.0127000
vn 0.2225119 -0.9749299 0.0000000
v -0.1397001 0.3464685 0.0127000
vn 0.4338590 -0.9009808 0.0000000
v -0.1412485 0.3461151 0.0127000
vn 0.0000000 -0.9749305 0.2225099
v -0.1500125 0.3464685 0.0254000
vn 0.0000000 -0.9009767 0.4338676
v -0.1476249 0.3461151 0.0238516
vn 0.0000000 -0.9749305 0.2225099
v -0.1476249 0.3464685 0.0254000
vn 0.0000000 -0.6234984 0.7818246
v -0.1476249 0.3451249 0.0226098
vn 0.0000000 -0.6234984 0.7818246
v -0.1524001 0.3451249 0.0226098
vn 0.0000000 -0.2225197 0.9749282
v -0.1524001 0.3436940 0.0219207
vn 0.0000000 -0.9009767 0.4338675
v -0.1524001 0.3461151 0.0238516
vn 0.0000000 -0.9749305 0.2225099
v -0.1524001 0.3464685 0.0254000
vn 0.0000000 -0.2225197 0.9749282
v -0.1476249 0.3436940 0.0219207
vn 0.0000000 0.2225038 0.9749318
v -0.1524001 0.3421058 0.0219207
vn 0.0000000 0.2225038 0.9749318
v -0.1476249 0.3421058 0.0219207
vn 0.0000000 0.6234915 0.7818302
v -0.1524001 0.3406748 0.0226098
vn 0.0000000 0.9749305 0.2225099
v -0.1500125 0.3393312 0.0254000
vn 0.0000000 0.9749305 0.2225099
v -0.1476249 0.3393312 0.0254000
vn 0.0000000 0.9009799 0.4338610
v -0.1476249 0.3396846 0.0238516
vn 0.0000000 0.6234914 0.7818302
v -0.1476249 0.3406748 0.0226098
vn 0.0000000 0.9009798 0.4338610
v -0.1524001 0.3396846 0.0238516
vn 0.0000000 0.9749305 0.2225099
v -0.1524001 0.3393312 0.0254000
vn 0.0000000 0.0000000 1.0000000
v -0.1317753 0.3428998 0.0174752
vn 0.0000000 0.0000000 1.0000000
v -0.1362209 0.3421058 0.0174752
vn 0.0000000 0.0000000 1.0000000
v -0.1317753 0.3317874 0.0174752
vn 0.0000000 0.0000000 1.0000000
v -0.1317753 0.3317874 0.0174752
vn 0.0000000 0.0000000 1.0000000
v -0.1369100 0.3406748 0.0174752
vn 0.0000000 0.0000000 1.0000000
v -0.1381517 0.3396846 0.0174752
vn 0.0000000 0.0000000 1.0000000
v -0.1381517 0.3396846 0.0174752
vn 0.0000000 0.0000000 1.0000000
v -0.1397001 0.3393312 0.0174752
vn 0.0000000 0.0000000 1.0000000
v -0.1397001 0.3393312 0.0174752
vn 0.0000000 0.0000000 1.0000000
v -0.1444499 0.3317874 0.0174752
vn 0.0000000 0.0000000 1.0000000
v -0.1444499 0.3317874 0.0174752
vn 0.0000000 0.0000000 1.0000000
v -0.1362209 0.3436940 0.0174752
vn 0.0000000 0.0000000 1.0000000
v -0.1362209 0.3436940 0.0174752
vn 0.0000000 0.0000000 1.0000000
v -0.1317753 0.3540124 0.0174752
vn 0.0000000 0.0000000 1.0000000
v -0.1317753 0.3540124 0.0174752
vn 0.0000000 0.0000000 1.0000000
v -0.1381517 0.3461151 0.0174752
vn 0.0000000 0.0000000 1.0000000
v -0.1369100 0.3451249 0.0174752
vn 0.0000000 0.0000000 1.0000000
v -0.1369100 0.3451249 0.0174752
vn 0.0000000 0.0000000 1.0000000
v -0.1397001 0.3464685 0.0174752
vn 0.0000000 0.0000000 1.0000000
v -0.1412485 0.3396846 0.0174752
vn 0.0000000 0.0000000 1.0000000
v -0.1412485 0.3396846 0.0174752
vn 0.0000000 0.0000000 1.0000000
v -0.1424903 0.3406748 0.0174752
vn 0.0000000 0.0000000 1.0000000
v -0.1424903 0.3406748 0.0174752
vn 0.0000000 0.0000000 1.0000000
v -0.1431794 0.3421058 0.0174752
vn 0.0000000 0.0000000 1.0000000
v -0.1444499 0.3428998 0.0174752
vn 0.0000000 0.0000000 1.0000000
v -0.1431794 0.3436940 0.0174752
vn 0.0000000 0.0000000 1.0000000
v -0.1444499 0.3540124 0.0174752
vn 0.0000000 0.0000000 1.0000000
v -0.1412485 0.3461151 0.0174752
vn 0.0000000 0.0000000 1.0000000
v -0.1424903 0.3451249 0.0174752
vn 0.0000000 0.0000000 -1.0000000
v -0.1397001 0.3464685 0.0127000
vn 0.0000000 0.0000000 -1.0000000
v -0.1397001 0.3464685 0.0127000
vn 0.0000000 0.0000000 -1.0000000
v -0.1412485 0.3461151 0.0127000
vn 0.0000000 0.0000000 -1.0000000
v -0.1524001 0.3540124 0.0127000
vn 0.0000000 0.0000000 -1.0000000
v -0.1524001 0.3540124 0.0127000
vn 0.0000000 0.0000000 -1.0000000
v -0.1424903 0.3451249 0.0127000
vn 0.0000000 0.0000000 -1.0000000
v -0.1431794 0.3436940 0.0127000
vn 0.0000000 0.0000000 -1.0000000
v -0.1524001 0.3317874 0.0127000
vn 0.0000000 0.0000000 -1.0000000
v -0.1524001 0.3317874 0.0127000
vn 0.0000000 0.0000000 -1.0000000
v -0.1381517 0.3461151 0.0127000
vn 0.0000000 0.0000000 -1.0000000
v -0.1270001 0.3540124 0.0127000
vn 0.0000000 0.0000000 -1.0000000
v -0.1270001 0.3540124 0.0127000
vn 0.0000000 0.0000000 -1.0000000
v -0.1270001 0.3428998 0.0127000
vn 0.0000000 0.0000000 -1.0000000
v -0.1369100 0.3451249 0.0127000
vn 0.0000000 0.0000000 -1.0000000
v -0.1362209 0.3436940 0.0127000
vn 0.0000000 0.0000000 -1.0000000
v -0.1431794 0.3421058 0.0127000
vn 0.0000000 0.0000000 -1.0000000
v -0.1424903 0.3406748 0.0127000
vn 0.0000000 0.0000000 -1.0000000
v -0.1397001 0.3393312 0.0127000
vn 0.0000000 0.0000000 -1.0000000
v -0.1397001 0.3393312 0.0127000
vn 0.0000000 0.0000000 -1.0000000
v -0.1412485 0.3396846 0.0127000
vn 0.0000000 0.0000000 -1.0000000
v -0.1270001 0.3317874 0.0127000
vn 0.0000000 0.0000000 -1.0000000
v -0.1270001 0.3317874 0.0127000
vn 0.0000000 0.0000000 -1.0000000
v -0.1369100 0.3406748 0.0127000
vn 0.0000000 0.0000000 -1.0000000
v -0.1362209 0.3421058 0.0127000
vn 0.0000000 0.0000000 -1.0000000
v -0.1381517 0.3396846 0.0127000
vn -1.0000000 0.0000000 0.0000000
v -0.1524001 0.3421058 0.0288792
vn -1.0000000 0.0000000 0.0000000
v -0.1524001 0.3421058 0.0288792
vn -1.0000000 0.0000000 0.0000000
v -0.1524001 0.3406748 0.0281901
vn -1.0000000 0.0000000 0.0000000
v -0.1524001 0.3406748 0.0281901
vn -1.0000000 0.0000000 0.0000000
v -0.1524001 0.3428998 0.0380999
vn -1.0000000 0.0000000 0.0000000
v -0.1524001 0.3428998 0.0380999
vn -1.0000000 0.0000000 0.0000000
v -0.1524001 0.3317874 0.0380999
vn -1.0000000 0.0000000 0.0000000
v -0.1524001 0.3317874 0.0380999
vn -1.0000000 0.0000000 0.0000000
v -0.1524001 0.3396846 0.0269484
vn -1.0000000 0.0000000 0.0000000
v -0.1524001 0.3396846 0.0269484
vn -1.0000000 0.0000000 0.0000000
v -0.1524001 0.3393312 0.0254000
vn -1.0000000 0.0000000 0.0000000
v -0.1524001 0.3393312 0.0254000
vn -1.0000000 0.0000000 0.0000000
v -0.1524001 0.3451249 0.0281901
vn -1.0000000 0.0000000 0.0000000
v -0.1524001 0.3451249 0.0281901
vn -1.0000000 0.0000000 0.0000000
v -0.1524001 0.3540124 0.0380999
vn -1.0000000 0.0000000 0.0000000
v -0.1524001 0.3540124 0.0380999
vn -1.0000000 0.0000000 0.0000000
v -0.1524001 0.3461151 0.0269484
vn -1.0000000 0.0000000 0.0000000
v -0.1524001 0.3461151 0.0269484
vn -1.0000000 0.0000000 0.0000000
v -0.1524001 0.3436940 0.0288792
vn -1.0000000 0.0000000 0.0000000
v -0.1524001 0.3436940 0.0288792
vn -1.0000000 0.0000000 0.0000000
v -0.1524001 0.3464685 0.0254000
vn -1.0000000 0.0000000 0.0000000
v -0.1524001 0.3464685 0.0254000
vn -1.0000000 0.0000000 0.0000000
v -0.1524001 0.3317874 0.0127000
vn -1.0000000 0.0000000 0.0000000
v -0.1524001 0.3317874 0.0127000
vn -1.0000000 0.0000000 0.0000000
v -0.1524001 0.3317874 0.0127000
vn -1.0000000 0.0000000 0.0000000
v -0.1524001 0.3396846 0.0238516
vn -1.0000000 0.0000000 0.0000000
v -0.1524001 0.3396846 0.0238516
vn -1.0000000 0.0000000 0.0000000
v -0.1524001 0.3421058 0.0219207
vn -1.0000000 0.0000000 0.0000000
v -0.1524001 0.3406748 0.0226098
vn -1.0000000 0.0000000 0.0000000
v -0.1524001 0.3436940 0.0219207
vn -1.0000000 0.0000000 0.0000000
v -0.1524001 0.3436940 0.0219207
vn -1.0000000 0.0000000 0.0000000
v -0.1524001 0.3436940 0.0219207
vn -1.0000000 0.0000000 0.0000000
v -0.1524001 0.3540124 0.0127000
vn -1.0000000 0.0000000 0.0000000
v -0.1524001 0.3540124 0.0127000
vn -1.0000000 0.0000000 0.0000000
v -0.1524001 0.3540124 0.0127000
vn -1.0000000 0.0000000 0.0000000
v -0.1524001 0.3540124 0.0127000
vn -1.0000000 0.0000000 0.0000000
v -0.1524001 0.3461151 0.0238516
vn -1.0000000 0.0000000 0.0000000
v -0.1524001 0.3461151 0.0238516
vn -1.0000000 0.0000000 0.0000000
v -0.1524001 0.3451249 0.0226098
vn -1.0000000 0.0000000 0.0000000
v -0.1524001 0.3451249 0.0226098
vn 1.0000000 0.0000000 0.0000000
v -0.1476249 0.3421058 0.0219207
vn 1.0000000 0.0000000 0.0000000
v -0.1476249 0.3406748 0.0226098
vn 1.0000000 0.0000000 0.0000000
v -0.1476249 0.3406748 0.0226098
vn 1.0000000 0.0000000 0.0000000
v -0.1476249 0.3428998 0.0206501
vn 1.0000000 0.0000000 0.0000000
v -0.1476249 0.3428998 0.0206501
vn 1.0000000 0.0000000 0.0000000
v -0.1476249 0.3317874 0.0206501
vn 1.0000000 0.0000000 0.0000000
v -0.1476249 0.3317874 0.0206501
vn 1.0000000 0.0000000 0.0000000
v -0.1476249 0.3317874 0.0206501
vn 1.0000000 0.0000000 0.0000000
v -0.1476249 0.3396846 0.0238516
vn 1.0000000 0.0000000 0.0000000
v -0.1476249 0.3396846 0.0238516
vn 1.0000000 0.0000000 0.0000000
v -0.1476249 0.3393312 0.0254000
vn 1.0000000 0.0000000 0.0000000
v -0.1476249 0.3393312 0.0254000
vn 1.0000000 0.0000000 0.0000000
v -0.1476249 0.3393312 0.0254000
vn 1.0000000 0.0000000 0.0000000
v -0.1476249 0.3317874 0.0333248
vn 1.0000000 0.0000000 0.0000000
v -0.1476249 0.3317874 0.0333248
vn 1.0000000 0.0000000 0.0000000
v -0.1476249 0.3317874 0.0333248
vn 1.0000000 0.0000000 0.0000000
v -0.1476249 0.3317874 0.0333248
vn 1.0000000 0.0000000 0.0000000
v -0.1476249 0.3317874 0.0333248
vn 1.0000000 0.0000000 0.0000000
v -0.1476249 0.3451249 0.0226098
vn 1.0000000 0.0000000 0.0000000
v -0.1476249 0.3451249 0.0226098
vn 1.0000000 0.0000000 0.0000000
v -0.1476249 0.3451249 0.0226098
vn 1.0000000 0.0000000 0.0000000
v -0.1476249 0.3540124 0.0206501
vn 1.0000000 0.0000000 0.0000000
v -0.1476249 0.3540124 0.0206501
vn 1.0000000 0.0000000 0.0000000
v -0.1476249 0.3540124 0.0206501
vn 1.0000000 0.0000000 0.0000000
v -0.1476249 0.3461151 0.0238516
vn 1.0000000 0.0000000 0.0000000
v -0.1476249 0.3461151 0.0238516
vn 1.0000000 0.0000000 0.0000000
v -0.1476249 0.3436940 0.0219207
vn 1.0000000 0.0000000 0.0000000
v -0.1476249 0.3436940 0.0219207
vn 1.0000000 0.0000000 0.0000000
v -0.1476249 0.3464685 0.0254000
vn 1.0000000 0.0000000 0.0000000
v -0.1476249 0.3464685 0.0254000
vn 1.0000000 0.0000000 0.0000000
v -0.1476249 0.3464685 0.0254000
vn 1.0000000 0.0000000 0.0000000
v -0.1476249 0.3396846 0.0269484
vn 1.0000000 0.0000000 0.0000000
v -0.1476249 0.3396846 0.0269484
vn 1.0000000 0.0000000 0.0000000
v -0.1476249 0.3406748 0.0281901
vn 1.0000000 0.0000000 0.0000000
v -0.1476249 0.3406748 0.0281901
vn 1.0000000 0.0000000 0.0000000
v -0.1476249 0.3428998 0.0333248
vn 1.0000000 0.0000000 0.0000000
v -0.1476249 0.3428998 0.0333248
vn 1.0000000 0.0000000 0.0000000
v -0.1476249 0.3421058 0.0288792
vn 1.0000000 0.0000000 0.0000000
v -0.1476249 0.3421058 0.0288792
vn 1.0000000 0.0000000 0.0000000
v -0.1476249 0.3421058 0.0288792
vn 1.0000000 0.0000000 0.0000000
v -0.1476249 0.3436940 0.0288792
vn 1.0000000 0.0000000 0.0000000
v -0.1476249 0.3436940 0.0288792
vn 1.0000000 0.0000000 0.0000000
v -0.1476249 0.3540124 0.0333248
vn 1.0000000 0.0000000 0.0000000
v -0.1476249 0.3540124 0.0333248
vn 1.0000000 0.0000000 0.0000000
v -0.1476249 0.3540124 0.0333248
vn 1.0000000 0.0000000 0.0000000
v -0.1476249 0.3540124 0.0333248
vn 1.0000000 0.0000000 0.0000000
v -0.1476249 0.3461151 0.0269484
vn 1.0000000 0.0000000 0.0000000
v -0.1476249 0.3461151 0.0269484
vn 1.0000000 0.0000000 0.0000000
v -0.1476249 0.3451249 0.0281901
vn 1.0000000 0.0000000 0.0000000
v -0.1476249 0.3451249 0.0281901
vn 0.9807838 0.0000000 0.1950979
v -0.1476249 0.3428998 0.0333248
vn 0.9807838 0.0000000 0.1950979
v -0.1476249 0.3540124 0.0333248
vn 0.9238838 0.0000000 0.3826731
v -0.1479884 0.3540124 0.0351521
vn 0.9238839 0.0000000 0.3826731
v -0.1479884 0.3317874 0.0351521
vn 0.7071093 0.0000000 0.7071043
v -0.1490235 0.3540124 0.0367014
vn 0.9807838 0.0000000 0.1950979
v -0.1476249 0.3317874 0.0333248
vn 0.1950779 0.0000000 0.9807878
v -0.1524001 0.3428998 0.0380999
vn 0.3826670 0.0000000 0.9238864
v -0.1505727 0.3540124 0.0377365
vn 0.1950779 0.0000000 0.9807878
v -0.1524001 0.3540124 0.0380999
vn 0.3826671 0.0000000 0.9238864
v -0.1505727 0.3317874 0.0377365
vn 0.7071093 0.0000000 0.7071042
v -0.1490235 0.3317874 0.0367014
vn 0.1950779 0.0000000 0.9807878
v -0.1524001 0.3317874 0.0380999
vn 0.9807819 0.0000000 0.1951078
v -0.1476249 0.3428998 0.0206501
vn 0.9238824 0.0000000 0.3826766
v -0.1473832 0.3540124 0.0194352
vn 0.9807818 0.0000000 0.1951077
v -0.1476249 0.3540124 0.0206501
vn 0.9238824 0.0000000 0.3826765
v -0.1473832 0.3317874 0.0194352
vn 0.7071081 0.0000000 0.7071055
v -0.1466950 0.3317874 0.0184051
vn 0.7071081 0.0000000 0.7071055
v -0.1466950 0.3540124 0.0184051
vn 0.9807818 0.0000000 0.1951077
v -0.1476249 0.3317874 0.0206501
vn 0.1951080 0.0000000 0.9807817
v -0.1444499 0.3428998 0.0174752
vn 0.1951080 0.0000000 0.9807817
v -0.1444499 0.3540124 0.0174752
vn 0.3826784 0.0000000 0.9238816
v -0.1456649 0.3540124 0.0177169
vn 0.3826784 0.0000000 0.9238816
v -0.1456649 0.3317874 0.0177169
vn 0.1951080 0.0000000 0.9807817
v -0.1444499 0.3317874 0.0174752
vn 0.9807835 0.0000000 0.1950994
v -0.1270001 0.3428998 0.0127000
vn 0.9807835 0.0000000 0.1950993
v -0.1270001 0.3540124 0.0127000
vn 0.9238808 0.0000000 0.3826805
v -0.1273636 0.3540124 0.0145274
vn 0.9238807 0.0000000 0.3826806
v -0.1273636 0.3317874 0.0145274
vn 0.7071041 0.0000000 0.7071094
v -0.1283987 0.3317874 0.0160766
vn 0.7071041 0.0000000 0.7071095
v -0.1283987 0.3540124 0.0160766
vn 0.3826819 0.0000000 0.9238802
v -0.1299479 0.3540124 0.0171116
vn 0.3826820 0.0000000 0.9238802
v -0.1299479 0.3317874 0.0171116
vn 0.1951096 0.0000000 0.9807815
v -0.1317753 0.3428998 0.0174752
vn 0.1951096 0.0000000 0.9807814
v -0.1317753 0.3540124 0.0174752
vn 0.1951096 0.0000000 0.9807815
v -0.1317753 0.3317874 0.0174752
vn 0.0000000 1.0000000 0.0000000
v -0.1444499 0.3540124 0.0174752
vn 0.0000000 1.0000000 0.0000000
v -0.1270001 0.3540124 0.0127000
vn 0.0000000 1.0000000 0.0000000
v -0.1270001 0.3540124 0.0127000
vn 0.0000000 1.0000000 0.0000000
v -0.1524001 0.3540124 0.0127000
vn 0.0000000 1.0000000 0.0000000
v -0.1524001 0.3540124 0.0127000
vn 0.0000000 1.0000000 0.0000000
v -0.1524001 0.3540124 0.0127000
vn 0.0000000 1.0000000 0.0000000
v -0.1456649 0.3540124 0.0177169
vn 0.0000000 1.0000000 0.0000000
v -0.1466950 0.3540124 0.0184051
vn 0.0000000 1.0000000 0.0000000
v -0.1466950 0.3540124 0.0184051
vn 0.0000000 1.0000000 0.0000000
v -0.1317753 0.3540124 0.0174752
vn 0.0000000 1.0000000 0.0000000
v -0.1317753 0.3540124 0.0174752
vn 0.0000000 1.0000000 0.0000000
v -0.1317753 0.3540124 0.0174752
vn 0.0000000 1.0000000 0.0000000
v -0.1273636 0.3540124 0.0145274
vn 0.0000000 1.0000000 0.0000000
v -0.1273636 0.3540124 0.0145274
vn 0.0000000 1.0000000 0.0000000
v -0.1283987 0.3540124 0.0160766
vn 0.0000000 1.0000000 0.0000000
v -0.1283987 0.3540124 0.0160766
vn 0.0000000 1.0000000 0.0000000
v -0.1299479 0.3540124 0.0171116
vn 0.0000000 1.0000000 0.0000000
v -0.1505727 0.3540124 0.0377365
vn 0.0000000 1.0000000 0.0000000
v -0.1505727 0.3540124 0.0377365
vn 0.0000000 1.0000000 0.0000000
v -0.1490235 0.3540124 0.0367014
vn 0.0000000 1.0000000 0.0000000
v -0.1479884 0.3540124 0.0351521
vn 0.0000000 1.0000000 0.0000000
v -0.1479884 0.3540124 0.0351521
vn 0.0000000 1.0000000 0.0000000
v -0.1476249 0.3540124 0.0333248
vn 0.0000000 1.0000000 0.0000000
v -0.1524001 0.3540124 0.0380999
vn 0.0000000 1.0000000 0.0000000
v -0.1524001 0.3540124 0.0380999
vn 0.0000000 1.0000000 0.0000000
v -0.1473832 0.3540124 0.0194352
vn 0.0000000 1.0000000 0.0000000
v -0.1473832 0.3540124 0.0194352
vn 0.0000000 1.0000000 0.0000000
v -0.1476249 0.3540124 0.0206501
vn 0.0000000 1.0000000 0.0000000
v -0.1476249 0.3540124 0.0206501
vn 0.0000000 -1.0000000 0.0000000
v -0.1444499 0.3317874 0.0174752
vn 0.0000000 -1.0000000 0.0000000
v -0.1524001 0.3317874 0.0127000
vn 0.0000000 -1.0000000 0.0000000
v -0.1524001 0.3317874 0.0127000
vn 0.0000000 -1.0000000 0.0000000
v -0.1524001 0.3317874 0.0127000
vn 0.0000000 -1.0000000 0.0000000
v -0.1270001 0.3317874 0.0127000
vn 0.0000000 -1.0000000 0.0000000
v -0.1270001 0.3317874 0.0127000
vn 0.0000000 -1.0000000 0.0000000
v -0.1456649 0.3317874 0.0177169
vn 0.0000000 -1.0000000 0.0000000
v -0.1466950 0.3317874 0.0184051
vn 0.0000000 -1.0000000 0.0000000
v -0.1466950 0.3317874 0.0184051
vn 0.0000000 -1.0000000 0.0000000
v -0.1317753 0.3317874 0.0174752
vn 0.0000000 -1.0000000 0.0000000
v -0.1317753 0.3317874 0.0174752
vn 0.0000000 -1.0000000 0.0000000
v -0.1317753 0.3317874 0.0174752
vn 0.0000000 -1.0000000 0.0000000
v -0.1273636 0.3317874 0.0145274
vn 0.0000000 -1.0000000 0.0000000
v -0.1273636 0.3317874 0.0145274
vn 0.0000000 -1.0000000 0.0000000
v -0.1283987 0.3317874 0.0160766
vn 0.0000000 -1.0000000 0.0000000
v -0.1283987 0.3317874 0.0160766
vn 0.0000000 -1.0000000 0.0000000
v -0.1299479 0.3317874 0.0171116
vn 0.0000000 -1.0000000 0.0000000
v -0.1524001 0.3317874 0.0380999
vn 0.0000000 -1.0000000 0.0000000
v -0.1524001 0.3317874 0.0380999
vn 0.0000000 -1.0000000 0.0000000
v -0.1524001 0.3317874 0.0380999
vn 0.0000000 -1.0000000 0.0000000
v -0.1524001 0.3317874 0.0380999
vn 0.0000000 -1.0000000 0.0000000
v -0.1479884 0.3317874 0.0351521
vn 0.0000000 -1.0000000 0.0000000
v -0.1490235 0.3317874 0.0367014
vn 0.0000000 -1.0000000 0.0000000
v -0.1490235 0.3317874 0.0367014
vn 0.0000000 -1.0000000 0.0000000
v -0.1505727 0.3317874 0.0377365
vn 0.0000000 -1.0000000 0.0000000
v -0.1476249 0.3317874 0.0333248
vn 0.0000000 -1.0000000 0.0000000
v -0.1476249 0.3317874 0.0333248
vn 0.0000000 -1.0000000 0.0000000
v -0.1473832 0.3317874 0.0194352
vn 0.0000000 -1.0000000 0.0000000
v -0.1473832 0.3317874 0.0194352
vn 0.0000000 -1.0000000 0.0000000
v -0.1476249 0.3317874 0.0206501
vn 0.0000000 -1.0000000 0.0000000
v -0.1476249 0.3317874 0.0206501
vn 0.0000000 -1.0000000 0.0000000
v -0.1476249 0.3317874 0.0206501
vn 0.0000000 0.9749305 -0.2225097
v -0.1500125 0.3393312 0.0254000
vn 0.0000000 0.9009740 -0.4338731
v -0.1476249 0.3396846 0.0269484
vn 0.0000000 0.9749305 -0.2225097
v -0.1476249 0.3393312 0.0254000
vn 0.0000000 0.2225228 -0.9749275
v -0.1476249 0.3421058 0.0288792
vn 0.0000000 0.6234961 -0.7818265
v -0.1476249 0.3406748 0.0281901
vn 0.0000000 0.6234961 -0.7818265
v -0.1524001 0.3406748 0.0281901
vn 0.0000000 0.9009740 -0.4338731
v -0.1524001 0.3396846 0.0269484
vn 0.0000000 0.9749305 -0.2225097
v -0.1524001 0.3393312 0.0254000
vn 0.0000000 0.2225228 -0.9749275
v -0.1524001 0.3421058 0.0288792
vn 0.0000000 -0.2225387 -0.9749239
v -0.1524001 0.3436940 0.0288792
vn 0.0000000 -0.2225387 -0.9749239
v -0.1476249 0.3436940 0.0288792
vn 0.0000000 -0.6235031 -0.7818210
v -0.1476249 0.3451249 0.0281901
vn 0.0000000 -0.9749305 -0.2225097
v -0.1500125 0.3464685 0.0254000
vn 0.0000000 -0.9749305 -0.2225097
v -0.1476249 0.3464685 0.0254000
vn 0.0000000 -0.9009709 -0.4338797
v -0.1476249 0.3461151 0.0269484
vn 0.0000000 -0.6235031 -0.7818209
v -0.1524001 0.3451249 0.0281901
vn 0.0000000 -0.9009709 -0.4338797
v -0.1524001 0.3461151 0.0269484
vn 0.0000000 -0.9749305 -0.2225097
v -0.1524001 0.3464685 0.0254000
vn -0.2225119 -0.9749300 0.0000000
v -0.1397001 0.3464685 0.0150876
vn -0.4338774 -0.9009719 0.0000000
v -0.1381517 0.3461151 0.0174752
vn -0.2225119 -0.9749299 0.0000000
v -0.1397001 0.3464685 0.0174752
vn -0.7818265 -0.6234961 0.0000000
v -0.1369100 0.3451249 0.0174752
vn -0.7818265 -0.6234961 0.0000000
v -0.1369100 0.3451249 0.0127000
vn -0.9749267 -0.2225264 0.0000000
v -0.1362209 0.3436940 0.0127000
vn -0.4338774 -0.9009719 0.0000000
v -0.1381517 0.3461151 0.0127000
vn -0.2225119 -0.9749299 0.0000000
v -0.1397001 0.3464685 0.0127000
vn -0.9749303 0.2225105 0.0000000
v -0.1362209 0.3421058 0.0127000
vn -0.9749303 0.2225105 0.0000000
v -0.1362209 0.3421058 0.0174752
vn -0.7818321 0.6234890 0.0000000
v -0.1369100 0.3406748 0.0174752
vn -0.2225119 0.9749300 0.0000000
v -0.1397001 0.3393312 0.0150876
vn -0.2225119 0.9749299 0.0000000
v -0.1397001 0.3393312 0.0174752
vn -0.4338709 0.9009751 0.0000000
v -0.1381517 0.3396846 0.0174752
vn -0.7818321 0.6234890 0.0000000
v -0.1369100 0.3406748 0.0127000
vn -0.2225119 0.9749299 0.0000000
v -0.1397001 0.3393312 0.0127000
vn -0.4338709 0.9009751 0.0000000
v -0.1381517 0.3396846 0.0127000
vn 0.9749303 0.2225105 0.0000000
v -0.1431794 0.3421058 0.0174752
vn 0.9807835 0.0000000 0.1950993
v -0.1270001 0.3317874 0.0127000
vn -0.9749267 -0.2225264 0.0000000
v -0.1362209 0.3436940 0.0174752
vn 0.2225499 -0.9749213 0.0000000
v -0.1397001 0.0162685 0.0150876
vn 0.2225499 -0.9749213 0.0000000
v -0.1397001 0.0162685 0.0174752
vn 0.4338761 -0.9009725 0.0000000
v -0.1412485 0.0159151 0.0174752
vn 0.7818162 -0.6235090 0.0000000
v -0.1424903 0.0149249 0.0174752
vn 0.9749277 -0.2225221 0.0000000
v -0.1431794 0.0134939 0.0174752
vn 0.9749277 -0.2225221 0.0000000
v -0.1431794 0.0134939 0.0127000
vn 0.7818162 -0.6235090 0.0000000
v -0.1424903 0.0149249 0.0127000
vn 0.4338761 -0.9009726 0.0000000
v -0.1412485 0.0159151 0.0127000
vn 0.2225498 -0.9749213 0.0000000
v -0.1397001 0.0162685 0.0127000
vn 0.9749273 0.2225235 0.0000000
v -0.1431794 0.0119057 0.0174752
vn 0.7818245 0.6234987 0.0000000
v -0.1424903 0.0104748 0.0174752
vn 0.7818245 0.6234987 0.0000000
v -0.1424903 0.0104748 0.0127000
vn 0.9749273 0.2225235 0.0000000
v -0.1431794 0.0119057 0.0127000
vn 0.2225147 0.9749293 0.0000000
v -0.1397001 0.0091311 0.0150876
vn 0.4338730 0.9009740 0.0000000
v -0.1412485 0.0094845 0.0174752
vn 0.2225147 0.9749293 0.0000000
v -0.1397001 0.0091311 0.0174752
vn 0.4338731 0.9009740 0.0000000
v -0.1412485 0.0094845 0.0127000
vn 0.2225147 0.9749293 0.0000000
v -0.1397001 0.0091311 0.0127000
vn 0.0000000 0.9749298 0.2225127
v -0.1500125 0.0091311 0.0254000
vn 0.0000000 0.9749298 0.2225127
v -0.1476249 0.0091311 0.0254000
vn 0.0000000 0.9009699 0.4338817
v -0.1476249 0.0094845 0.0238516
vn 0.0000000 0.6234850 0.7818354
v -0.1476249 0.0104748 0.0226098
vn 0.0000000 0.2225168 0.9749289
v -0.1476249 0.0119057 0.0219207
vn 0.0000000 0.2225168 0.9749289
v -0.1524001 0.0119057 0.0219207
vn 0.0000000 0.6234849 0.7818354
v -0.1524001 0.0104748 0.0226098
vn 0.0000000 0.9009699 0.4338817
v -0.1524001 0.0094845 0.0238516
vn 0.0000000 0.9749298 0.2225127
v -0.1524001 0.0091311 0.0254000
vn 0.0000000 -0.2225155 0.9749292
v -0.1476249 0.0134939 0.0219207
vn 0.0000000 -0.2225155 0.9749292
v -0.1524001 0.0134939 0.0219207
vn 0.0000000 -0.6234954 0.7818271
v -0.1476249 0.0149249 0.0226098
vn 0.0000000 -0.6234954 0.7818270
v -0.1524001 0.0149249 0.0226098
vn 0.0000000 -0.9749218 0.2225478
v -0.1500125 0.0162685 0.0254000
vn 0.0000000 -0.9009684 0.4338847
v -0.1476249 0.0159151 0.0238516
vn 0.0000000 -0.9749218 0.2225478
v -0.1476249 0.0162685 0.0254000
vn 0.0000000 -0.9009684 0.4338847
v -0.1524001 0.0159151 0.0238516
vn 0.0000000 -0.9749218 0.2225478
v -0.1524001 0.0162685 0.0254000
vn 0.0000000 0.0000000 1.0000000
v -0.1317753 0.0126998 0.0174752
vn 0.0000000 0.0000000 1.0000000
v -0.1317753 0.0238123 0.0174752
vn 0.0000000 0.0000000 1.0000000
v -0.1317753 0.0238123 0.0174752
vn 0.0000000 0.0000000 1.0000000
v -0.1362209 0.0134939 0.0174752
vn 0.0000000 0.0000000 1.0000000
v -0.1369100 0.0149249 0.0174752
vn 0.0000000 0.0000000 1.0000000
v -0.1381517 0.0159151 0.0174752
vn 0.0000000 0.0000000 1.0000000
v -0.1381517 0.0159151 0.0174752
vn 0.0000000 0.0000000 1.0000000
v -0.1397001 0.0162685 0.0174752
vn 0.0000000 0.0000000 1.0000000
v -0.1397001 0.0162685 0.0174752
vn 0.0000000 0.0000000 1.0000000
v -0.1444499 0.0238123 0.0174752
vn 0.0000000 0.0000000 1.0000000
v -0.1444499 0.0238123 0.0174752
vn 0.0000000 0.0000000 1.0000000
v -0.1362209 0.0119057 0.0174752
vn 0.0000000 0.0000000 1.0000000
v -0.1362209 0.0119057 0.0174752
vn 0.0000000 0.0000000 1.0000000
v -0.1317753 0.0015873 0.0174752
vn 0.0000000 0.0000000 1.0000000
v -0.1317753 0.0015873 0.0174752
vn 0.0000000 0.0000000 1.0000000
v -0.1369100 0.0104748 0.0174752
vn 0.0000000 0.0000000 1.0000000
v -0.1369100 0.0104748 0.0174752
vn 0.0000000 0.0000000 1.0000000
v -0.1381517 0.0094845 0.0174752
vn 0.0000000 0.0000000 1.0000000
v -0.1397001 0.0091311 0.0174752
vn 0.0000000 0.0000000 1.0000000
v -0.1424903 0.0149249 0.0174752
vn 0.0000000 0.0000000 1.0000000
v -0.1424903 0.0149249 0.0174752
vn 0.0000000 0.0000000 1.0000000
v -0.1412485 0.0159151 0.0174752
vn 0.0000000 0.0000000 1.0000000
v -0.1412485 0.0159151 0.0174752
vn 0.0000000 0.0000000 1.0000000
v -0.1431794 0.0134939 0.0174752
vn 0.0000000 0.0000000 1.0000000
v -0.1444499 0.0126998 0.0174752
vn 0.0000000 0.0000000 1.0000000
v -0.1431794 0.0119057 0.0174752
vn 0.0000000 0.0000000 1.0000000
v -0.1444499 0.0015873 0.0174752
vn 0.0000000 0.0000000 1.0000000
v -0.1412485 0.0094845 0.0174752
vn 0.0000000 0.0000000 1.0000000
v -0.1424903 0.0104748 0.0174752
vn 0.0000000 0.0000000 -1.0000000
v -0.1397001 0.0091311 0.0127000
vn 0.0000000 0.0000000 -1.0000000
v -0.1397001 0.0091311 0.0127000
vn 0.0000000 0.0000000 -1.0000000
v -0.1524001 0.0015873 0.0127000
vn 0.0000000 0.0000000 -1.0000000
v -0.1524001 0.0015873 0.0127000
vn 0.0000000 0.0000000 -1.0000000
v -0.1412485 0.0094845 0.0127000
vn 0.0000000 0.0000000 -1.0000000
v -0.1424903 0.0104748 0.0127000
vn 0.0000000 0.0000000 -1.0000000
v -0.1431794 0.0119057 0.0127000
vn 0.0000000 0.0000000 -1.0000000
v -0.1431794 0.0134939 0.0127000
vn 0.0000000 0.0000000 -1.0000000
v -0.1381517 0.0094845 0.0127000
vn 0.0000000 0.0000000 -1.0000000
v -0.1270001 0.0015873 0.0127000
vn 0.0000000 0.0000000 -1.0000000
v -0.1270001 0.0015873 0.0127000
vn 0.0000000 0.0000000 -1.0000000
v -0.1270001 0.0126998 0.0127000
vn 0.0000000 0.0000000 -1.0000000
v -0.1369100 0.0104748 0.0127000
vn 0.0000000 0.0000000 -1.0000000
v -0.1362209 0.0119057 0.0127000
vn 0.0000000 0.0000000 -1.0000000
v -0.1524001 0.0238123 0.0127000
vn 0.0000000 0.0000000 -1.0000000
v -0.1524001 0.0238123 0.0127000
vn 0.0000000 0.0000000 -1.0000000
v -0.1424903 0.0149249 0.0127000
vn 0.0000000 0.0000000 -1.0000000
v -0.1397001 0.0162685 0.0127000
vn 0.0000000 0.0000000 -1.0000000
v -0.1397001 0.0162685 0.0127000
vn 0.0000000 0.0000000 -1.0000000
v -0.1412485 0.0159151 0.0127000
vn 0.0000000 0.0000000 -1.0000000
v -0.1270001 0.0238123 0.0127000
vn 0.0000000 0.0000000 -1.0000000
v -0.1270001 0.0238123 0.0127000
vn 0.0000000 0.0000000 -1.0000000
v -0.1369100 0.0149249 0.0127000
vn 0.0000000 0.0000000 -1.0000000
v -0.1362209 0.0134939 0.0127000
vn 0.0000000 0.0000000 -1.0000000
v -0.1381517 0.0159151 0.0127000
vn -1.0000000 0.0000000 0.0000000
v -0.1524001 0.0134939 0.0288792
vn -1.0000000 0.0000000 0.0000000
v -0.1524001 0.0126998 0.0380999
vn -1.0000000 0.0000000 0.0000000
v -0.1524001 0.0126998 0.0380999
vn -1.0000000 0.0000000 0.0000000
v -0.1524001 0.0126998 0.0380999
vn -1.0000000 0.0000000 0.0000000
v -0.1524001 0.0149249 0.0281901
vn -1.0000000 0.0000000 0.0000000
v -0.1524001 0.0149249 0.0281901
vn -1.0000000 0.0000000 0.0000000
v -0.1524001 0.0149249 0.0281901
vn -1.0000000 0.0000000 0.0000000
v -0.1524001 0.0238123 0.0380999
vn -1.0000000 0.0000000 0.0000000
v -0.1524001 0.0238123 0.0380999
vn -1.0000000 0.0000000 0.0000000
v -0.1524001 0.0238123 0.0380999
vn -1.0000000 0.0000000 0.0000000
v -0.1524001 0.0238123 0.0380999
vn -1.0000000 0.0000000 0.0000000
v -0.1524001 0.0159151 0.0269484
vn -1.0000000 0.0000000 0.0000000
v -0.1524001 0.0159151 0.0269484
vn -1.0000000 0.0000000 0.0000000
v -0.1524001 0.0162685 0.0254000
vn -1.0000000 0.0000000 0.0000000
v -0.1524001 0.0162685 0.0254000
vn -1.0000000 0.0000000 0.0000000
v -0.1524001 0.0162685 0.0254000
vn -1.0000000 0.0000000 0.0000000
v -0.1524001 0.0104748 0.0281901
vn -1.0000000 0.0000000 0.0000000
v -0.1524001 0.0104748 0.0281901
vn -1.0000000 0.0000000 0.0000000
v -0.1524001 0.0104748 0.0281901
vn -1.0000000 0.0000000 0.0000000
v -0.1524001 0.0015873 0.0380999
vn -1.0000000 0.0000000 0.0000000
v -0.1524001 0.0015873 0.0380999
vn -1.0000000 0.0000000 0.0000000
v -0.1524001 0.0015873 0.0380999
vn -1.0000000 0.0000000 0.0000000
v -0.1524001 0.0094845 0.0269484
vn -1.0000000 0.0000000 0.0000000
v -0.1524001 0.0094845 0.0269484
vn -1.0000000 0.0000000 0.0000000
v -0.1524001 0.0119057 0.0288792
vn -1.0000000 0.0000000 0.0000000
v -0.1524001 0.0091311 0.0254000
vn -1.0000000 0.0000000 0.0000000
v -0.1524001 0.0091311 0.0254000
vn -1.0000000 0.0000000 0.0000000
v -0.1524001 0.0238123 0.0127000
vn -1.0000000 0.0000000 0.0000000
v -0.1524001 0.0238123 0.0127000
vn -1.0000000 0.0000000 0.0000000
v -0.1524001 0.0238123 0.0127000
vn -1.0000000 0.0000000 0.0000000
v -0.1524001 0.0238123 0.0127000
vn -1.0000000 0.0000000 0.0000000
v -0.1524001 0.0159151 0.0238516
vn -1.0000000 0.0000000 0.0000000
v -0.1524001 0.0159151 0.0238516
vn -1.0000000 0.0000000 0.0000000
v -0.1524001 0.0134939 0.0219207
vn -1.0000000 0.0000000 0.0000000
v -0.1524001 0.0134939 0.0219207
vn -1.0000000 0.0000000 0.0000000
v -0.1524001 0.0134939 0.0219207
vn -1.0000000 0.0000000 0.0000000
v -0.1524001 0.0149249 0.0226098
vn -1.0000000 0.0000000 0.0000000
v -0.1524001 0.0149249 0.0226098
vn -1.0000000 0.0000000 0.0000000
v -0.1524001 0.0015873 0.0127000
vn -1.0000000 0.0000000 0.0000000
v -0.1524001 0.0015873 0.0127000
vn -1.0000000 0.0000000 0.0000000
v -0.1524001 0.0015873 0.0127000
vn -1.0000000 0.0000000 0.0000000
v -0.1524001 0.0015873 0.0127000
vn -1.0000000 0.0000000 0.0000000
v -0.1524001 0.0015873 0.0127000
vn -1.0000000 0.0000000 0.0000000
v -0.1524001 0.0094845 0.0238516
vn -1.0000000 0.0000000 0.0000000
v -0.1524001 0.0094845 0.0238516
vn -1.0000000 0.0000000 0.0000000
v -0.1524001 0.0104748 0.0226098
vn -1.0000000 0.0000000 0.0000000
v -0.1524001 0.0104748 0.0226098
vn -1.0000000 0.0000000 0.0000000
v -0.1524001 0.0119057 0.0219207
vn -1.0000000 0.0000000 0.0000000
v -0.1524001 0.0119057 0.0219207
vn 1.0000000 0.0000000 0.0000000
v -0.1476249 0.0134939 0.0219207
vn 1.0000000 0.0000000 0.0000000
v -0.1476249 0.0134939 0.0219207
vn 1.0000000 0.0000000 0.0000000
v -0.1476249 0.0126998 0.0206501
vn 1.0000000 0.0000000 0.0000000
v -0.1476249 0.0126998 0.0206501
vn 1.0000000 0.0000000 0.0000000
v -0.1476249 0.0126998 0.0206501
vn 1.0000000 0.0000000 0.0000000
v -0.1476249 0.0149249 0.0226098
vn 1.0000000 0.0000000 0.0000000
v -0.1476249 0.0149249 0.0226098
vn 1.0000000 0.0000000 0.0000000
v -0.1476249 0.0238123 0.0206501
vn 1.0000000 0.0000000 0.0000000
v -0.1476249 0.0238123 0.0206501
vn 1.0000000 0.0000000 0.0000000
v -0.1476249 0.0238123 0.0206501
vn 1.0000000 0.0000000 0.0000000
v -0.1476249 0.0159151 0.0238516
vn 1.0000000 0.0000000 0.0000000
v -0.1476249 0.0159151 0.0238516
vn 1.0000000 0.0000000 0.0000000
v -0.1476249 0.0162685 0.0254000
vn 1.0000000 0.0000000 0.0000000
v -0.1476249 0.0162685 0.0254000
vn 1.0000000 0.0000000 0.0000000
v -0.1476249 0.0162685 0.0254000
vn 1.0000000 0.0000000 0.0000000
v -0.1476249 0.0238123 0.0333248
vn 1.0000000 0.0000000 0.0000000
v -0.1476249 0.0238123 0.0333248
vn 1.0000000 0.0000000 0.0000000
v -0.1476249 0.0238123 0.0333248
vn 1.0000000 0.0000000 0.0000000
v -0.1476249 0.0104748 0.0226098
vn 1.0000000 0.0000000 0.0000000
v -0.1476249 0.0104748 0.0226098
vn 1.0000000 0.0000000 0.0000000
v -0.1476249 0.0015873 0.0206501
vn 1.0000000 0.0000000 0.0000000
v -0.1476249 0.0015873 0.0206501
vn 1.0000000 0.0000000 0.0000000
v -0.1476249 0.0094845 0.0238516
vn 1.0000000 0.0000000 0.0000000
v -0.1476249 0.0094845 0.0238516
vn 1.0000000 0.0000000 0.0000000
v -0.1476249 0.0119057 0.0219207
vn 1.0000000 0.0000000 0.0000000
v -0.1476249 0.0119057 0.0219207
vn 1.0000000 0.0000000 0.0000000
v -0.1476249 0.0091311 0.0254000
vn 1.0000000 0.0000000 0.0000000
v -0.1476249 0.0091311 0.0254000
vn 1.0000000 0.0000000 0.0000000
v -0.1476249 0.0091311 0.0254000
vn 1.0000000 0.0000000 0.0000000
v -0.1476249 0.0149249 0.0281901
vn 1.0000000 0.0000000 0.0000000
v -0.1476249 0.0149249 0.0281901
vn 1.0000000 0.0000000 0.0000000
v -0.1476249 0.0159151 0.0269484
vn 1.0000000 0.0000000 0.0000000
v -0.1476249 0.0159151 0.0269484
vn 1.0000000 0.0000000 0.0000000
v -0.1476249 0.0126998 0.0333248
vn 1.0000000 0.0000000 0.0000000
v -0.1476249 0.0126998 0.0333248
vn 1.0000000 0.0000000 0.0000000
v -0.1476249 0.0134939 0.0288792
vn 1.0000000 0.0000000 0.0000000
v -0.1476249 0.0134939 0.0288792
vn 1.0000000 0.0000000 0.0000000
v -0.1476249 0.0119057 0.0288792
vn 1.0000000 0.0000000 0.0000000
v -0.1476249 0.0119057 0.0288792
vn 1.0000000 0.0000000 0.0000000
v -0.1476249 0.0119057 0.0288792
vn 1.0000000 0.0000000 0.0000000
v -0.1476249 0.0015873 0.0333248
vn 1.0000000 0.0000000 0.0000000
v -0.1476249 0.0015873 0.0333248
vn 1.0000000 0.0000000 0.0000000
v -0.1476249 0.0015873 0.0333248
vn 1.0000000 0.0000000 0.0000000
v -0.1476249 0.0094845 0.0269484
vn 1.0000000 0.0000000 0.0000000
v -0.1476249 0.0094845 0.0269484
vn 1.0000000 0.0000000 0.0000000
v -0.1476249 0.0104748 0.0281901
vn 1.0000000 0.0000000 0.0000000
v -0.1476249 0.0104748 0.0281901
vn 0.9807838 0.0000000 0.1950978
v -0.1476249 0.0126998 0.0333248
vn 0.9238839 0.0000000 0.3826731
v -0.1479884 0.0015873 0.0351521
vn 0.9807838 0.0000000 0.1950978
v -0.1476249 0.0015873 0.0333248
vn 0.9238839 0.0000000 0.3826731
v -0.1479884 0.0238123 0.0351521
vn 0.7071094 0.0000000 0.7071042
v -0.1490235 0.0238123 0.0367014
vn 0.7071093 0.0000000 0.7071042
v -0.1490235 0.0015873 0.0367014
vn 0.9807838 0.0000000 0.1950978
v -0.1476249 0.0238123 0.0333248
vn 0.1950779 0.0000000 0.9807878
v -0.1524001 0.0126998 0.0380999
vn 0.1950779 0.0000000 0.9807878
v -0.1524001 0.0015873 0.0380999
vn 0.3826670 0.0000000 0.9238864
v -0.1505727 0.0015873 0.0377365
vn 0.3826670 0.0000000 0.9238864
v -0.1505727 0.0238123 0.0377365
vn 0.1950779 0.0000000 0.9807878
v -0.1524001 0.0238123 0.0380999
vn 0.9807819 0.0000000 0.1951078
v -0.1476249 0.0126998 0.0206501
vn 0.9807818 0.0000000 0.1951077
v -0.1476249 0.0015873 0.0206501
vn 0.9238824 0.0000000 0.3826766
v -0.1473832 0.0015873 0.0194352
vn 0.9238824 0.0000000 0.3826767
v -0.1473832 0.0238123 0.0194352
vn 0.7071081 0.0000000 0.7071055
v -0.1466950 0.0015873 0.0184051
vn 0.9807818 0.0000000 0.1951077
v -0.1476249 0.0238123 0.0206501
vn 0.1951080 0.0000000 0.9807817
v -0.1444499 0.0126998 0.0174752
vn 0.3826784 0.0000000 0.9238816
v -0.1456649 0.0015873 0.0177169
vn 0.1951080 0.0000000 0.9807817
v -0.1444499 0.0015873 0.0174752
vn 0.3826784 0.0000000 0.9238816
v -0.1456649 0.0238123 0.0177169
vn 0.7071081 0.0000000 0.7071055
v -0.1466950 0.0238123 0.0184051
vn 0.1951080 0.0000000 0.9807817
v -0.1444499 0.0238123 0.0174752
vn 0.9807835 0.0000000 0.1950993
v -0.1270001 0.0126998 0.0127000
vn 0.9238807 0.0000000 0.3826806
v -0.1273636 0.0015873 0.0145274
vn 0.9807835 0.0000000 0.1950993
v -0.1270001 0.0015873 0.0127000
vn 0.9238807 0.0000000 0.3826806
v -0.1273636 0.0238123 0.0145274
vn 0.9807835 0.0000000 0.1950993
v -0.1270001 0.0238123 0.0127000
vn 0.7071041 0.0000000 0.7071095
v -0.1283987 0.0238123 0.0160766
vn 0.7071041 0.0000000 0.7071095
v -0.1283987 0.0015873 0.0160766
vn 0.3826819 0.0000000 0.9238802
v -0.1299479 0.0238123 0.0171116
vn 0.1951096 0.0000000 0.9807815
v -0.1317753 0.0126998 0.0174752
vn 0.1951096 0.0000000 0.9807814
v -0.1317753 0.0015873 0.0174752
vn 0.3826820 0.0000000 0.9238802
v -0.1299479 0.0015873 0.0171116
vn 0.1951096 0.0000000 0.9807815
v -0.1317753 0.0238123 0.0174752
vn 0.0000000 -1.0000000 0.0000000
v -0.1444499 0.0015873 0.0174752
vn 0.0000000 -1.0000000 0.0000000
v -0.1524001 0.0015873 0.0127000
vn 0.0000000 -1.0000000 0.0000000
v -0.1270001 0.0015873 0.0127000
vn 0.0000000 -1.0000000 0.0000000
v -0.1270001 0.0015873 0.0127000
vn 0.0000000 -1.0000000 0.0000000
v -0.1456649 0.0015873 0.0177169
vn 0.0000000 -1.0000000 0.0000000
v -0.1466950 0.0015873 0.0184051
vn 0.0000000 -1.0000000 0.0000000
v -0.1317753 0.0015873 0.0174752
vn 0.0000000 -1.0000000 0.0000000
v -0.1317753 0.0015873 0.0174752
vn 0.0000000 -1.0000000 0.0000000
v -0.1317753 0.0015873 0.0174752
vn 0.0000000 -1.0000000 0.0000000
v -0.1317753 0.0015873 0.0174752
vn 0.0000000 -1.0000000 0.0000000
v -0.1273636 0.0015873 0.0145274
vn 0.0000000 -1.0000000 0.0000000
v -0.1273636 0.0015873 0.0145274
vn 0.0000000 -1.0000000 0.0000000
v -0.1283987 0.0015873 0.0160766
vn 0.0000000 -1.0000000 0.0000000
v -0.1283987 0.0015873 0.0160766
vn 0.0000000 -1.0000000 0.0000000
v -0.1299479 0.0015873 0.0171116
vn 0.0000000 -1.0000000 0.0000000
v -0.1505727 0.0015873 0.0377365
vn 0.0000000 -1.0000000 0.0000000
v -0.1505727 0.0015873 0.0377365
vn 0.0000000 -1.0000000 0.0000000
v -0.1479884 0.0015873 0.0351521
vn 0.0000000 -1.0000000 0.0000000
v -0.1479884 0.0015873 0.0351521
vn 0.0000000 -1.0000000 0.0000000
v -0.1490235 0.0015873 0.0367014
vn 0.0000000 -1.0000000 0.0000000
v -0.1524001 0.0015873 0.0380999
vn 0.0000000 -1.0000000 0.0000000
v -0.1476249 0.0015873 0.0333248
vn 0.0000000 -1.0000000 0.0000000
v -0.1473832 0.0015873 0.0194352
vn 0.0000000 -1.0000000 0.0000000
v -0.1476249 0.0015873 0.0206501
vn 0.0000000 1.0000000 0.0000000
v -0.1444499 0.0238123 0.0174752
vn 0.0000000 1.0000000 0.0000000
v -0.1270001 0.0238123 0.0127000
vn 0.0000000 1.0000000 0.0000000
v -0.1524001 0.0238123 0.0127000
vn 0.0000000 1.0000000 0.0000000
v -0.1524001 0.0238123 0.0127000
vn 0.0000000 1.0000000 0.0000000
v -0.1524001 0.0238123 0.0127000
vn 0.0000000 1.0000000 0.0000000
v -0.1524001 0.0238123 0.0127000
vn 0.0000000 1.0000000 0.0000000
v -0.1456649 0.0238123 0.0177169
vn 0.0000000 1.0000000 0.0000000
v -0.1466950 0.0238123 0.0184051
vn 0.0000000 1.0000000 0.0000000
v -0.1466950 0.0238123 0.0184051
vn 0.0000000 1.0000000 0.0000000
v -0.1317753 0.0238123 0.0174752
vn 0.0000000 1.0000000 0.0000000
v -0.1317753 0.0238123 0.0174752
vn 0.0000000 1.0000000 0.0000000
v -0.1317753 0.0238123 0.0174752
vn 0.0000000 1.0000000 0.0000000
v -0.1273636 0.0238123 0.0145274
vn 0.0000000 1.0000000 0.0000000
v -0.1273636 0.0238123 0.0145274
vn 0.0000000 1.0000000 0.0000000
v -0.1283987 0.0238123 0.0160766
vn 0.0000000 1.0000000 0.0000000
v -0.1283987 0.0238123 0.0160766
vn 0.0000000 1.0000000 0.0000000
v -0.1299479 0.0238123 0.0171116
vn 0.0000000 1.0000000 0.0000000
v -0.1524001 0.0238123 0.0380999
vn 0.0000000 1.0000000 0.0000000
v -0.1524001 0.0238123 0.0380999
vn 0.0000000 1.0000000 0.0000000
v -0.1524001 0.0238123 0.0380999
vn 0.0000000 1.0000000 0.0000000
v -0.1490235 0.0238123 0.0367014
vn 0.0000000 1.0000000 0.0000000
v -0.1479884 0.0238123 0.0351521
vn 0.0000000 1.0000000 0.0000000
v -0.1479884 0.0238123 0.0351521
vn 0.0000000 1.0000000 0.0000000
v -0.1505727 0.0238123 0.0377365
vn 0.0000000 1.0000000 0.0000000
v -0.1476249 0.0238123 0.0333248
vn 0.0000000 1.0000000 0.0000000
v -0.1476249 0.0238123 0.0333248
vn 0.0000000 1.0000000 0.0000000
v -0.1473832 0.0238123 0.0194352
vn 0.0000000 1.0000000 0.0000000
v -0.1473832 0.0238123 0.0194352
vn 0.0000000 1.0000000 0.0000000
v -0.1476249 0.0238123 0.0206501
vn 0.0000000 1.0000000 0.0000000
v -0.1476249 0.0238123 0.0206501
vn 0.0000000 1.0000000 0.0000000
v -0.1476249 0.0238123 0.0206501
vn 0.0000000 -0.9749219 -0.2225475
v -0.1500125 0.0162685 0.0254000
vn 0.0000000 -0.9749218 -0.2225475
v -0.1476249 0.0162685 0.0254000
vn 0.0000000 -0.9009627 -0.4338967
v -0.1476249 0.0159151 0.0269484
vn 0.0000000 -0.2225345 -0.9749248
v -0.1476249 0.0134939 0.0288792
vn 0.0000000 -0.2225345 -0.9749248
v -0.1524001 0.0134939 0.0288792
vn 0.0000000 -0.6235001 -0.7818233
v -0.1524001 0.0149249 0.0281901
vn 0.0000000 -0.6235001 -0.7818233
v -0.1476249 0.0149249 0.0281901
vn 0.0000000 -0.9009626 -0.4338968
v -0.1524001 0.0159151 0.0269484
vn 0.0000000 -0.9749218 -0.2225476
v -0.1524001 0.0162685 0.0254000
vn 0.0000000 0.2225359 -0.9749245
v -0.1476249 0.0119057 0.0288792
vn 0.0000000 0.2225359 -0.9749245
v -0.1524001 0.0119057 0.0288792
vn 0.0000000 0.6234897 -0.7818316
v -0.1476249 0.0104748 0.0281901
vn 0.0000000 0.6234897 -0.7818316
v -0.1524001 0.0104748 0.0281901
vn 0.0000000 0.9749299 -0.2225125
v -0.1500125 0.0091311 0.0254000
vn 0.0000000 0.9009641 -0.4338937
v -0.1476249 0.0094845 0.0269484
vn 0.0000000 0.9749299 -0.2225124
v -0.1476249 0.0091311 0.0254000
vn 0.0000000 0.9009640 -0.4338938
v -0.1524001 0.0094845 0.0269484
vn 0.0000000 0.9749299 -0.2225125
v -0.1524001 0.0091311 0.0254000
vn -0.2225147 0.9749293 0.0000000
v -0.1397001 0.0091311 0.0150876
vn -0.2225147 0.9749293 0.0000000
v -0.1397001 0.0091311 0.0174752
vn -0.4338914 0.9009652 0.0000000
v -0.1381517 0.0094845 0.0174752
vn -0.7818372 0.6234826 0.0000000
v -0.1369100 0.0104748 0.0174752
vn -0.9749273 0.2225235 0.0000000
v -0.1362209 0.0119057 0.0174752
vn -0.9749273 0.2225235 0.0000000
v -0.1362209 0.0119057 0.0127000
vn -0.7818372 0.6234828 0.0000000
v -0.1369100 0.0104748 0.0127000
vn -0.4338915 0.9009652 0.0000000
v -0.1381517 0.0094845 0.0127000
vn -0.2225147 0.9749293 0.0000000
v -0.1397001 0.0091311 0.0127000
vn -0.9749277 -0.2225221 0.0000000
v -0.1362209 0.0134939 0.0127000
vn -0.9749277 -0.2225221 0.0000000
v -0.1362209 0.0134939 0.0174752
vn -0.7818289 -0.6234930 0.0000000
v -0.1369100 0.0149249 0.0174752
vn -0.7818289 -0.6234930 0.0000000
v -0.1369100 0.0149249 0.0127000
vn -0.2225499 -0.9749213 0.0000000
v -0.1397001 0.0162685 0.0150876
vn -0.4338945 -0.9009637 0.0000000
v -0.1381517 0.0159151 0.0174752
vn -0.2225499 -0.9749213 0.0000000
v -0.1397001 0.0162685 0.0174752
vn -0.4338945 -0.9009637 0.0000000
v -0.1381517 0.0159151 0.0127000
vn -0.2225498 -0.9749213 0.0000000
v -0.1397001 0.0162685 0.0127000
vn 0.2225499 -0.9749213 0.0000000
v -0.1397001 0.0162685 -0.0150876
vn 0.4338761 -0.9009725 0.0000000
v -0.1412485 0.0159151 -0.0174752
vn 0.2225499 -0.9749213 0.0000000
v -0.1397001 0.0162685 -0.0174752
vn 0.7818162 -0.6235090 0.0000000
v -0.1424903 0.0149249 -0.0174752
vn 0.7818161 -0.6235090 0.0000000
v -0.1424903 0.0149249 -0.0127000
vn 0.9749277 -0.2225221 0.0000000
v -0.1431794 0.0134939 -0.0127000
vn 0.4338761 -0.9009725 0.0000000
v -0.1412485 0.0159151 -0.0127000
vn 0.2225498 -0.9749213 0.0000000
v -0.1397001 0.0162685 -0.0127000
vn 0.9749273 0.2225235 0.0000000
v -0.1431794 0.0119057 -0.0127000
vn 0.9749273 0.2225235 0.0000000
v -0.1431794 0.0119057 -0.0174752
vn 0.7818245 0.6234987 0.0000000
v -0.1424903 0.0104748 -0.0127000
vn 0.2225147 0.9749293 0.0000000
v -0.1397001 0.0091311 -0.0150876
vn 0.2225147 0.9749293 0.0000000
v -0.1397001 0.0091311 -0.0174752
vn 0.4338731 0.9009740 0.0000000
v -0.1412485 0.0094845 -0.0174752
vn 0.7818245 0.6234987 0.0000000
v -0.1424903 0.0104748 -0.0174752
vn 0.4338731 0.9009740 0.0000000
v -0.1412485 0.0094845 -0.0127000
vn 0.2225147 0.9749293 0.0000000
v -0.1397001 0.0091311 -0.0127000
vn 0.0000000 0.9749298 -0.2225127
v -0.1500125 0.0091311 -0.0254000
vn 0.0000000 0.9009699 -0.4338817
v -0.1476249 0.0094845 -0.0238516
vn 0.0000000 0.9749298 -0.2225127
v -0.1476249 0.0091311 -0.0254000
vn 0.0000000 0.2225168 -0.9749289
v -0.1476249 0.0119057 -0.0219207
vn 0.0000000 0.6234850 -0.7818354
v -0.1476249 0.0104748 -0.0226098
vn 0.0000000 0.6234850 -0.7818354
v -0.1524001 0.0104748 -0.0226098
vn 0.0000000 0.9009699 -0.4338817
v -0.1524001 0.0094845 -0.0238516
vn 0.0000000 0.9749298 -0.2225127
v -0.1524001 0.0091311 -0.0254000
vn 0.0000000 0.2225168 -0.9749289
v -0.1524001 0.0119057 -0.0219207
vn 0.0000000 -0.2225155 -0.9749292
v -0.1524001 0.0134939 -0.0219207
vn 0.0000000 -0.2225155 -0.9749292
v -0.1476249 0.0134939 -0.0219207
vn 0.0000000 -0.6234954 -0.7818271
v -0.1524001 0.0149249 -0.0226098
vn 0.0000000 -0.9749218 -0.2225478
v -0.1500125 0.0162685 -0.0254000
vn 0.0000000 -0.9749218 -0.2225478
v -0.1476249 0.0162685 -0.0254000
vn 0.0000000 -0.9009684 -0.4338847
v -0.1476249 0.0159151 -0.0238516
vn 0.0000000 -0.6234954 -0.7818270
v -0.1476249 0.0149249 -0.0226098
vn 0.0000000 -0.9749218 -0.2225478
v -0.1524001 0.0162685 -0.0254000
vn 0.0000000 -0.9009684 -0.4338847
v -0.1524001 0.0159151 -0.0238516
vn 0.0000000 0.0000000 -1.0000000
v -0.1317753 0.0126998 -0.0174752
vn 0.0000000 0.0000000 -1.0000000
v -0.1362209 0.0134939 -0.0174752
vn 0.0000000 0.0000000 -1.0000000
v -0.1317753 0.0238123 -0.0174752
vn 0.0000000 0.0000000 -1.0000000
v -0.1317753 0.0238123 -0.0174752
vn 0.0000000 0.0000000 -1.0000000
v -0.1369100 0.0149249 -0.0174752
vn 0.0000000 0.0000000 -1.0000000
v -0.1381517 0.0159151 -0.0174752
vn 0.0000000 0.0000000 -1.0000000
v -0.1381517 0.0159151 -0.0174752
vn 0.0000000 0.0000000 -1.0000000
v -0.1397001 0.0162685 -0.0174752
vn 0.0000000 0.0000000 -1.0000000
v -0.1397001 0.0162685 -0.0174752
vn 0.0000000 0.0000000 -1.0000000
v -0.1444499 0.0238123 -0.0174752
vn 0.0000000 0.0000000 -1.0000000
v -0.1444499 0.0238123 -0.0174752
vn 0.0000000 0.0000000 -1.0000000
v -0.1362209 0.0119057 -0.0174752
vn 0.0000000 0.0000000 -1.0000000
v -0.1362209 0.0119057 -0.0174752
vn 0.0000000 0.0000000 -1.0000000
v -0.1317753 0.0015873 -0.0174752
vn 0.0000000 0.0000000 -1.0000000
v -0.1317753 0.0015873 -0.0174752
vn 0.0000000 0.0000000 -1.0000000
v -0.1381517 0.0094845 -0.0174752
vn 0.0000000 0.0000000 -1.0000000
v -0.1369100 0.0104748 -0.0174752
vn 0.0000000 0.0000000 -1.0000000
v -0.1369100 0.0104748 -0.0174752
vn 0.0000000 0.0000000 -1.0000000
v -0.1397001 0.0091311 -0.0174752
vn 0.0000000 0.0000000 -1.0000000
v -0.1412485 0.0159151 -0.0174752
vn 0.0000000 0.0000000 -1.0000000
v -0.1412485 0.0159151 -0.0174752
vn 0.0000000 0.0000000 -1.0000000
v -0.1424903 0.0149249 -0.0174752
vn 0.0000000 0.0000000 -1.0000000
v -0.1424903 0.0149249 -0.0174752
vn 0.0000000 0.0000000 -1.0000000
v -0.1431794 0.0134939 -0.0174752
vn 0.0000000 0.0000000 -1.0000000
v -0.1444499 0.0126998 -0.0174752
vn 0.0000000 0.0000000 -1.0000000
v -0.1431794 0.0119057 -0.0174752
vn 0.0000000 0.0000000 -1.0000000
v -0.1444499 0.0015873 -0.0174752
vn 0.0000000 0.0000000 -1.0000000
v -0.1412485 0.0094845 -0.0174752
vn 0.0000000 0.0000000 -1.0000000
v -0.1424903 0.0104748 -0.0174752
vn 0.0000000 0.0000000 1.0000000
v -0.1397001 0.0091311 -0.0127000
vn 0.0000000 0.0000000 1.0000000
v -0.1397001 0.0091311 -0.0127000
vn 0.0000000 0.0000000 1.0000000
v -0.1412485 0.0094845 -0.0127000
vn 0.0000000 0.0000000 1.0000000
v -0.1524001 0.0015873 -0.0127000
vn 0.0000000 0.0000000 1.0000000
v -0.1524001 0.0015873 -0.0127000
vn 0.0000000 0.0000000 1.0000000
v -0.1424903 0.0104748 -0.0127000
vn 0.0000000 0.0000000 1.0000000
v -0.1431794 0.0119057 -0.0127000
vn 0.0000000 0.0000000 1.0000000
v -0.1431794 0.0134939 -0.0127000
vn 0.0000000 0.0000000 1.0000000
v -0.1381517 0.0094845 -0.0127000
vn 0.0000000 0.0000000 1.0000000
v -0.1270001 0.0015873 -0.0127000
vn 0.0000000 0.0000000 1.0000000
v -0.1270001 0.0015873 -0.0127000
vn 0.0000000 0.0000000 1.0000000
v -0.1270001 0.0126998 -0.0127000
vn 0.0000000 0.0000000 1.0000000
v -0.1369100 0.0104748 -0.0127000
vn 0.0000000 0.0000000 1.0000000
v -0.1362209 0.0119057 -0.0127000
vn 0.0000000 0.0000000 1.0000000
v -0.1524001 0.0238123 -0.0127000
vn 0.0000000 0.0000000 1.0000000
v -0.1524001 0.0238123 -0.0127000
vn 0.0000000 0.0000000 1.0000000
v -0.1424903 0.0149249 -0.0127000
vn 0.0000000 0.0000000 1.0000000
v -0.1397001 0.0162685 -0.0127000
vn 0.0000000 0.0000000 1.0000000
v -0.1397001 0.0162685 -0.0127000
vn 0.0000000 0.0000000 1.0000000
v -0.1412485 0.0159151 -0.0127000
vn 0.0000000 0.0000000 1.0000000
v -0.1270001 0.0238123 -0.0127000
vn 0.0000000 0.0000000 1.0000000
v -0.1270001 0.0238123 -0.0127000
vn 0.0000000 0.0000000 1.0000000
v -0.1369100 0.0149249 -0.0127000
vn 0.0000000 0.0000000 1.0000000
v -0.1362209 0.0134939 -0.0127000
vn 0.0000000 0.0000000 1.0000000
v -0.1381517 0.0159151 -0.0127000
vn -1.0000000 0.0000000 0.0000000
v -0.1524001 0.0134939 -0.0288792
vn -1.0000000 0.0000000 0.0000000
v -0.1524001 0.0149249 -0.0281901
vn -1.0000000 0.0000000 0.0000000
v -0.1524001 0.0149249 -0.0281901
vn -1.0000000 0.0000000 0.0000000
v -0.1524001 0.0149249 -0.0281901
vn -1.0000000 0.0000000 0.0000000
v -0.1524001 0.0126998 -0.0380999
vn -1.0000000 0.0000000 0.0000000
v -0.1524001 0.0126998 -0.0380999
vn -1.0000000 0.0000000 0.0000000
v -0.1524001 0.0126998 -0.0380999
vn -1.0000000 0.0000000 0.0000000
v -0.1524001 0.0238123 -0.0380999
vn -1.0000000 0.0000000 0.0000000
v -0.1524001 0.0238123 -0.0380999
vn -1.0000000 0.0000000 0.0000000
v -0.1524001 0.0238123 -0.0380999
vn -1.0000000 0.0000000 0.0000000
v -0.1524001 0.0238123 -0.0380999
vn -1.0000000 0.0000000 0.0000000
v -0.1524001 0.0159151 -0.0269484
vn -1.0000000 0.0000000 0.0000000
v -0.1524001 0.0159151 -0.0269484
vn -1.0000000 0.0000000 0.0000000
v -0.1524001 0.0162685 -0.0254000
vn -1.0000000 0.0000000 0.0000000
v -0.1524001 0.0162685 -0.0254000
vn -1.0000000 0.0000000 0.0000000
v -0.1524001 0.0162685 -0.0254000
vn -1.0000000 0.0000000 0.0000000
v -0.1524001 0.0104748 -0.0281901
vn -1.0000000 0.0000000 0.0000000
v -0.1524001 0.0104748 -0.0281901
vn -1.0000000 0.0000000 0.0000000
v -0.1524001 0.0104748 -0.0281901
vn -1.0000000 0.0000000 0.0000000
v -0.1524001 0.0015873 -0.0380999
vn -1.0000000 0.0000000 0.0000000
v -0.1524001 0.0015873 -0.0380999
vn -1.0000000 0.0000000 0.0000000
v -0.1524001 0.0015873 -0.0380999
vn -1.0000000 0.0000000 0.0000000
v -0.1524001 0.0094845 -0.0269484
vn -1.0000000 0.0000000 0.0000000
v -0.1524001 0.0094845 -0.0269484
vn -1.0000000 0.0000000 0.0000000
v -0.1524001 0.0119057 -0.0288792
vn -1.0000000 0.0000000 0.0000000
v -0.1524001 0.0091311 -0.0254000
vn -1.0000000 0.0000000 0.0000000
v -0.1524001 0.0091311 -0.0254000
vn -1.0000000 0.0000000 0.0000000
v -0.1524001 0.0238123 -0.0127000
vn -1.0000000 0.0000000 0.0000000
v -0.1524001 0.0238123 -0.0127000
vn -1.0000000 0.0000000 0.0000000
v -0.1524001 0.0238123 -0.0127000
vn -1.0000000 0.0000000 0.0000000
v -0.1524001 0.0238123 -0.0127000
vn -1.0000000 0.0000000 0.0000000
v -0.1524001 0.0159151 -0.0238516
vn -1.0000000 0.0000000 0.0000000
v -0.1524001 0.0159151 -0.0238516
vn -1.0000000 0.0000000 0.0000000
v -0.1524001 0.0134939 -0.0219207
vn -1.0000000 0.0000000 0.0000000
v -0.1524001 0.0134939 -0.0219207
vn -1.0000000 0.0000000 0.0000000
v -0.1524001 0.0134939 -0.0219207
vn -1.0000000 0.0000000 0.0000000
v -0.1524001 0.0149249 -0.0226098
vn -1.0000000 0.0000000 0.0000000
v -0.1524001 0.0149249 -0.0226098
vn -1.0000000 0.0000000 0.0000000
v -0.1524001 0.0015873 -0.0127000
vn -1.0000000 0.0000000 0.0000000
v -0.1524001 0.0015873 -0.0127000
vn -1.0000000 0.0000000 0.0000000
v -0.1524001 0.0015873 -0.0127000
vn -1.0000000 0.0000000 0.0000000
v -0.1524001 0.0015873 -0.0127000
vn -1.0000000 0.0000000 0.0000000
v -0.1524001 0.0015873 -0.0127000
vn -1.0000000 0.0000000 0.0000000
v -0.1524001 0.0094845 -0.0238516
vn -1.0000000 0.0000000 0.0000000
v -0.1524001 0.0094845 -0.0238516
vn -1.0000000 0.0000000 0.0000000
v -0.1524001 0.0119057 -0.0219207
vn -1.0000000 0.0000000 0.0000000
v -0.1524001 0.0119057 -0.0219207
vn -1.0000000 0.0000000 0.0000000
v -0.1524001 0.0104748 -0.0226098
vn -1.0000000 0.0000000 0.0000000
v -0.1524001 0.0104748 -0.0226098
vn 1.0000000 0.0000000 0.0000000
v -0.1476249 0.0134939 -0.0219207
vn 1.0000000 0.0000000 0.0000000
v -0.1476249 0.0134939 -0.0219207
vn 1.0000000 0.0000000 0.0000000
v -0.1476249 0.0149249 -0.0226098
vn 1.0000000 0.0000000 0.0000000
v -0.1476249 0.0149249 -0.0226098
vn 1.0000000 0.0000000 0.0000000
v -0.1476249 0.0126998 -0.0206501
vn 1.0000000 0.0000000 0.0000000
v -0.1476249 0.0126998 -0.0206501
vn 1.0000000 0.0000000 0.0000000
v -0.1476249 0.0126998 -0.0206501
vn 1.0000000 0.0000000 0.0000000
v -0.1476249 0.0238123 -0.0206501
vn 1.0000000 0.0000000 0.0000000
v -0.1476249 0.0238123 -0.0206501
vn 1.0000000 0.0000000 0.0000000
v -0.1476249 0.0238123 -0.0206501
vn 1.0000000 0.0000000 0.0000000
v -0.1476249 0.0159151 -0.0238516
vn 1.0000000 0.0000000 0.0000000
v -0.1476249 0.0159151 -0.0238516
vn 1.0000000 0.0000000 0.0000000
v -0.1476249 0.0162685 -0.0254000
vn 1.0000000 0.0000000 0.0000000
v -0.1476249 0.0162685 -0.0254000
vn 1.0000000 0.0000000 0.0000000
v -0.1476249 0.0162685 -0.0254000
vn 1.0000000 0.0000000 0.0000000
v -0.1476249 0.0238123 -0.0333248
vn 1.0000000 0.0000000 0.0000000
v -0.1476249 0.0238123 -0.0333248
vn 1.0000000 0.0000000 0.0000000
v -0.1476249 0.0238123 -0.0333248
vn 1.0000000 0.0000000 0.0000000
v -0.1476249 0.0104748 -0.0226098
vn 1.0000000 0.0000000 0.0000000
v -0.1476249 0.0104748 -0.0226098
vn 1.0000000 0.0000000 0.0000000
v -0.1476249 0.0015873 -0.0206501
vn 1.0000000 0.0000000 0.0000000
v -0.1476249 0.0015873 -0.0206501
vn 1.0000000 0.0000000 0.0000000
v -0.1476249 0.0094845 -0.0238516
vn 1.0000000 0.0000000 0.0000000
v -0.1476249 0.0094845 -0.0238516
vn 1.0000000 0.0000000 0.0000000
v -0.1476249 0.0119057 -0.0219207
vn 1.0000000 0.0000000 0.0000000
v -0.1476249 0.0119057 -0.0219207
vn 1.0000000 0.0000000 0.0000000
v -0.1476249 0.0091311 -0.0254000
vn 1.0000000 0.0000000 0.0000000
v -0.1476249 0.0091311 -0.0254000
vn 1.0000000 0.0000000 0.0000000
v -0.1476249 0.0091311 -0.0254000
vn 1.0000000 0.0000000 0.0000000
v -0.1476249 0.0159151 -0.0269484
vn 1.0000000 0.0000000 0.0000000
v -0.1476249 0.0159151 -0.0269484
vn 1.0000000 0.0000000 0.0000000
v -0.1476249 0.0149249 -0.0281901
vn 1.0000000 0.0000000 0.0000000
v -0.1476249 0.0149249 -0.0281901
vn 1.0000000 0.0000000 0.0000000
v -0.1476249 0.0126998 -0.0333248
vn 1.0000000 0.0000000 0.0000000
v -0.1476249 0.0126998 -0.0333248
vn 1.0000000 0.0000000 0.0000000
v -0.1476249 0.0134939 -0.0288792
vn 1.0000000 0.0000000 0.0000000
v -0.1476249 0.0134939 -0.0288792
vn 1.0000000 0.0000000 0.0000000
v -0.1476249 0.0119057 -0.0288792
vn 1.0000000 0.0000000 0.0000000
v -0.1476249 0.0119057 -0.0288792
vn 1.0000000 0.0000000 0.0000000
v -0.1476249 0.0119057 -0.0288792
vn 1.0000000 0.0000000 0.0000000
v -0.1476249 0.0015873 -0.0333248
vn 1.0000000 0.0000000 0.0000000
v -0.1476249 0.0015873 -0.0333248
vn 1.0000000 0.0000000 0.0000000
v -0.1476249 0.0015873 -0.0333248
vn 1.0000000 0.0000000 0.0000000
v -0.1476249 0.0094845 -0.0269484
vn 1.0000000 0.0000000 0.0000000
v -0.1476249 0.0094845 -0.0269484
vn 1.0000000 0.0000000 0.0000000
v -0.1476249 0.0104748 -0.0281901
vn 1.0000000 0.0000000 0.0000000
v -0.1476249 0.0104748 -0.0281901
vn 0.9807838 0.0000000 -0.1950978
v -0.1476249 0.0126998 -0.0333248
vn 0.9807838 0.0000000 -0.1950978
v -0.1476249 0.0015873 -0.0333248
vn 0.9238839 0.0000000 -0.3826731
v -0.1479884 0.0015873 -0.0351521
vn 0.9238839 0.0000000 -0.3826731
v -0.1479884 0.0238123 -0.0351521
vn 0.9807838 0.0000000 -0.1950978
v -0.1476249 0.0238123 -0.0333248
vn 0.7071093 0.0000000 -0.7071042
v -0.1490235 0.0238123 -0.0367014
vn 0.3826670 0.0000000 -0.9238864
v -0.1505727 0.0238123 -0.0377365
vn 0.7071093 0.0000000 -0.7071042
v -0.1490235 0.0015873 -0.0367014
vn 0.1950779 0.0000000 -0.9807878
v -0.1524001 0.0126998 -0.0380999
vn 0.3826670 0.0000000 -0.9238864
v -0.1505727 0.0015873 -0.0377365
vn 0.1950779 0.0000000 -0.9807878
v -0.1524001 0.0015873 -0.0380999
vn 0.1950779 0.0000000 -0.9807878
v -0.1524001 0.0238123 -0.0380999
vn 0.9807819 0.0000000 -0.1951078
v -0.1476249 0.0126998 -0.0206501
vn 0.9238824 0.0000000 -0.3826766
v -0.1473832 0.0015873 -0.0194352
vn 0.9807818 0.0000000 -0.1951077
v -0.1476249 0.0015873 -0.0206501
vn 0.9238824 0.0000000 -0.3826767
v -0.1473832 0.0238123 -0.0194352
vn 0.7071081 0.0000000 -0.7071055
v -0.1466950 0.0238123 -0.0184051
vn 0.7071081 0.0000000 -0.7071055
v -0.1466950 0.0015873 -0.0184051
vn 0.9807818 0.0000000 -0.1951077
v -0.1476249 0.0238123 -0.0206501
vn 0.1951080 0.0000000 -0.9807817
v -0.1444499 0.0126998 -0.0174752
vn 0.1951080 0.0000000 -0.9807817
v -0.1444499 0.0015873 -0.0174752
vn 0.3826783 0.0000000 -0.9238816
v -0.1456649 0.0015873 -0.0177169
vn 0.3826784 0.0000000 -0.9238816
v -0.1456649 0.0238123 -0.0177169
vn 0.1951080 0.0000000 -0.9807817
v -0.1444499 0.0238123 -0.0174752
vn 0.9807835 0.0000000 -0.1950993
v -0.1270001 0.0126998 -0.0127000
vn 0.9807835 0.0000000 -0.1950993
v -0.1270001 0.0015873 -0.0127000
vn 0.9238808 0.0000000 -0.3826805
v -0.1273636 0.0015873 -0.0145274
vn 0.9238807 0.0000000 -0.3826806
v -0.1273636 0.0238123 -0.0145274
vn 0.7071041 0.0000000 -0.7071095
v -0.1283987 0.0015873 -0.0160766
vn 0.9807835 0.0000000 -0.1950993
v -0.1270001 0.0238123 -0.0127000
vn 0.1951096 0.0000000 -0.9807815
v -0.1317753 0.0126998 -0.0174752
vn 0.3826820 0.0000000 -0.9238802
v -0.1299479 0.0015873 -0.0171116
vn 0.1951096 0.0000000 -0.9807814
v -0.1317753 0.0015873 -0.0174752
vn 0.3826820 0.0000000 -0.9238802
v -0.1299479 0.0238123 -0.0171116
vn 0.7071041 0.0000000 -0.7071095
v -0.1283987 0.0238123 -0.0160766
vn 0.1951096 0.0000000 -0.9807815
v -0.1317753 0.0238123 -0.0174752
vn 0.0000000 -1.0000000 0.0000000
v -0.1444499 0.0015873 -0.0174752
vn 0.0000000 -1.0000000 0.0000000
v -0.1270001 0.0015873 -0.0127000
vn 0.0000000 -1.0000000 0.0000000
v -0.1270001 0.0015873 -0.0127000
vn 0.0000000 -1.0000000 0.0000000
v -0.1270001 0.0015873 -0.0127000
vn 0.0000000 -1.0000000 0.0000000
v -0.1524001 0.0015873 -0.0127000
vn 0.0000000 -1.0000000 0.0000000
v -0.1456649 0.0015873 -0.0177169
vn 0.0000000 -1.0000000 0.0000000
v -0.1466950 0.0015873 -0.0184051
vn 0.0000000 -1.0000000 0.0000000
v -0.1317753 0.0015873 -0.0174752
vn 0.0000000 -1.0000000 0.0000000
v -0.1317753 0.0015873 -0.0174752
vn 0.0000000 -1.0000000 0.0000000
v -0.1283987 0.0015873 -0.0160766
vn 0.0000000 -1.0000000 0.0000000
v -0.1283987 0.0015873 -0.0160766
vn 0.0000000 -1.0000000 0.0000000
v -0.1273636 0.0015873 -0.0145274
vn 0.0000000 -1.0000000 0.0000000
v -0.1299479 0.0015873 -0.0171116
vn 0.0000000 -1.0000000 0.0000000
v -0.1299479 0.0015873 -0.0171116
vn 0.0000000 -1.0000000 0.0000000
v -0.1505727 0.0015873 -0.0377365
vn 0.0000000 -1.0000000 0.0000000
v -0.1505727 0.0015873 -0.0377365
vn 0.0000000 -1.0000000 0.0000000
v -0.1490235 0.0015873 -0.0367014
vn 0.0000000 -1.0000000 0.0000000
v -0.1479884 0.0015873 -0.0351521
vn 0.0000000 -1.0000000 0.0000000
v -0.1479884 0.0015873 -0.0351521
vn 0.0000000 -1.0000000 0.0000000
v -0.1476249 0.0015873 -0.0333248
vn 0.0000000 -1.0000000 0.0000000
v -0.1524001 0.0015873 -0.0380999
vn 0.0000000 -1.0000000 0.0000000
v -0.1473832 0.0015873 -0.0194352
vn 0.0000000 -1.0000000 0.0000000
v -0.1476249 0.0015873 -0.0206501
vn 0.0000000 1.0000000 0.0000000
v -0.1444499 0.0238123 -0.0174752
vn 0.0000000 1.0000000 0.0000000
v -0.1524001 0.0238123 -0.0127000
vn 0.0000000 1.0000000 0.0000000
v -0.1524001 0.0238123 -0.0127000
vn 0.0000000 1.0000000 0.0000000
v -0.1524001 0.0238123 -0.0127000
vn 0.0000000 1.0000000 0.0000000
v -0.1524001 0.0238123 -0.0127000
vn 0.0000000 1.0000000 0.0000000
v -0.1270001 0.0238123 -0.0127000
vn 0.0000000 1.0000000 0.0000000
v -0.1270001 0.0238123 -0.0127000
vn 0.0000000 1.0000000 0.0000000
v -0.1270001 0.0238123 -0.0127000
vn 0.0000000 1.0000000 0.0000000
v -0.1456649 0.0238123 -0.0177169
vn 0.0000000 1.0000000 0.0000000
v -0.1466950 0.0238123 -0.0184051
vn 0.0000000 1.0000000 0.0000000
v -0.1466950 0.0238123 -0.0184051
vn 0.0000000 1.0000000 0.0000000
v -0.1317753 0.0238123 -0.0174752
vn 0.0000000 1.0000000 0.0000000
v -0.1317753 0.0238123 -0.0174752
vn 0.0000000 1.0000000 0.0000000
v -0.1283987 0.0238123 -0.0160766
vn 0.0000000 1.0000000 0.0000000
v -0.1283987 0.0238123 -0.0160766
vn 0.0000000 1.0000000 0.0000000
v -0.1273636 0.0238123 -0.0145274
vn 0.0000000 1.0000000 0.0000000
v -0.1299479 0.0238123 -0.0171116
vn 0.0000000 1.0000000 0.0000000
v -0.1299479 0.0238123 -0.0171116
vn 0.0000000 1.0000000 0.0000000
v -0.1524001 0.0238123 -0.0380999
vn 0.0000000 1.0000000 0.0000000
v -0.1524001 0.0238123 -0.0380999
vn 0.0000000 1.0000000 0.0000000
v -0.1524001 0.0238123 -0.0380999
vn 0.0000000 1.0000000 0.0000000
v -0.1479884 0.0238123 -0.0351521
vn 0.0000000 1.0000000 0.0000000
v -0.1479884 0.0238123 -0.0351521
vn 0.0000000 1.0000000 0.0000000
v -0.1490235 0.0238123 -0.0367014
vn 0.0000000 1.0000000 0.0000000
v -0.1505727 0.0238123 -0.0377365
vn 0.0000000 1.0000000 0.0000000
v -0.1476249 0.0238123 -0.0333248
vn 0.0000000 1.0000000 0.0000000
v -0.1476249 0.0238123 -0.0333248
vn 0.0000000 1.0000000 0.0000000
v -0.1473832 0.0238123 -0.0194352
vn 0.0000000 1.0000000 0.0000000
v -0.1473832 0.0238123 -0.0194352
vn 0.0000000 1.0000000 0.0000000
v -0.1476249 0.0238123 -0.0206501
vn 0.0000000 1.0000000 0.0000000
v -0.1476249 0.0238123 -0.0206501
vn 0.0000000 1.0000000 0.0000000
v -0.1476249 0.0238123 -0.0206501
vn 0.0000000 -0.9749219 0.2225475
v -0.1500125 0.0162685 -0.0254000
vn 0.0000000 -0.9009626 0.4338968
v -0.1476249 0.0159151 -0.0269484
vn 0.0000000 -0.9749218 0.2225475
v -0.1476249 0.0162685 -0.0254000
vn 0.0000000 -0.6235001 0.7818233
v -0.1476249 0.0149249 -0.0281901
vn 0.0000000 -0.6235001 0.7818233
v -0.1524001 0.0149249 -0.0281901
vn 0.0000000 -0.2225345 0.9749248
v -0.1524001 0.0134939 -0.0288792
vn 0.0000000 -0.9009626 0.4338968
v -0.1524001 0.0159151 -0.0269484
vn 0.0000000 -0.9749218 0.2225476
v -0.1524001 0.0162685 -0.0254000
vn 0.0000000 -0.2225345 0.9749248
v -0.1476249 0.0134939 -0.0288792
vn 0.0000000 0.2225359 0.9749245
v -0.1524001 0.0119057 -0.0288792
vn 0.0000000 0.2225359 0.9749245
v -0.1476249 0.0119057 -0.0288792
vn 0.0000000 0.6234897 0.7818316
v -0.1524001 0.0104748 -0.0281901
vn 0.0000000 0.9749299 0.2225125
v -0.1500125 0.0091311 -0.0254000
vn 0.0000000 0.9749299 0.2225124
v -0.1476249 0.0091311 -0.0254000
vn 0.0000000 0.9009641 0.4338938
v -0.1476249 0.0094845 -0.0269484
vn 0.0000000 0.6234897 0.7818316
v -0.1476249 0.0104748 -0.0281901
vn 0.0000000 0.9009641 0.4338938
v -0.1524001 0.0094845 -0.0269484
vn 0.0000000 0.9749299 0.2225125
v -0.1524001 0.0091311 -0.0254000
vn -0.2225147 0.9749293 0.0000000
v -0.1397001 0.0091311 -0.0150876
vn -0.4338915 0.9009652 0.0000000
v -0.1381517 0.0094845 -0.0174752
vn -0.2225147 0.9749293 0.0000000
v -0.1397001 0.0091311 -0.0174752
vn -0.7818372 0.6234826 0.0000000
v -0.1369100 0.0104748 -0.0174752
vn -0.7818372 0.6234827 0.0000000
v -0.1369100 0.0104748 -0.0127000
vn -0.9749273 0.2225235 0.0000000
v -0.1362209 0.0119057 -0.0127000
vn -0.4338915 0.9009652 0.0000000
v -0.1381517 0.0094845 -0.0127000
vn -0.2225147 0.9749293 0.0000000
v -0.1397001 0.0091311 -0.0127000
vn -0.9749277 -0.2225221 0.0000000
v -0.1362209 0.0134939 -0.0127000
vn -0.9749277 -0.2225221 0.0000000
v -0.1362209 0.0134939 -0.0174752
vn -0.7818289 -0.6234930 0.0000000
v -0.1369100 0.0149249 -0.0174752
vn -0.2225499 -0.9749213 0.0000000
v -0.1397001 0.0162685 -0.0150876
vn -0.2225499 -0.9749213 0.0000000
v -0.1397001 0.0162685 -0.0174752
vn -0.4338945 -0.9009637 0.0000000
v -0.1381517 0.0159151 -0.0174752
vn -0.7818289 -0.6234930 0.0000000
v -0.1369100 0.0149249 -0.0127000
vn -0.4338945 -0.9009637 0.0000000
v -0.1381517 0.0159151 -0.0127000
vn -0.2225498 -0.9749213 0.0000000
v -0.1397001 0.0162685 -0.0127000
vn 0.9749277 -0.2225221 0.0000000
v -0.1431794 0.0134939 -0.0174752
vn -0.9749273 0.2225235 0.0000000
v -0.1362209 0.0119057 -0.0174752
vn -0.2225499 -0.9749213 0.0000000
v 0.1397001 0.0162685 -0.0150876
vn -0.2225499 -0.9749213 0.0000000
v 0.1397001 0.0162685 -0.0174752
vn -0.4338761 -0.9009725 0.0000000
v 0.1412485 0.0159151 -0.0174752
vn -0.7818162 -0.6235090 0.0000000
v 0.1424903 0.0149249 -0.0174752
vn -0.9749277 -0.2225221 0.0000000
v 0.1431794 0.0134939 -0.0174752
vn -0.9749277 -0.2225221 0.0000000
v 0.1431794 0.0134939 -0.0127000
vn -0.7818162 -0.6235090 0.0000000
v 0.1424903 0.0149249 -0.0127000
vn -0.4338761 -0.9009726 0.0000000
v 0.1412485 0.0159151 -0.0127000
vn -0.2225498 -0.9749213 0.0000000
v 0.1397001 0.0162685 -0.0127000
vn -0.9749273 0.2225235 0.0000000
v 0.1431794 0.0119057 -0.0127000
vn -0.9749273 0.2225235 0.0000000
v 0.1431794 0.0119057 -0.0174752
vn -0.7818245 0.6234987 0.0000000
v 0.1424903 0.0104748 -0.0174752
vn -0.7818245 0.6234986 0.0000000
v 0.1424903 0.0104748 -0.0127000
vn -0.2225147 0.9749293 0.0000000
v 0.1397001 0.0091311 -0.0150876
vn -0.4338730 0.9009740 0.0000000
v 0.1412485 0.0094845 -0.0174752
vn -0.2225147 0.9749293 0.0000000
v 0.1397001 0.0091311 -0.0174752
vn -0.4338731 0.9009740 0.0000000
v 0.1412485 0.0094845 -0.0127000
vn -0.2225147 0.9749293 0.0000000
v 0.1397001 0.0091311 -0.0127000
vn 0.0000000 0.9749298 -0.2225127
v 0.1500125 0.0091311 -0.0254000
vn 0.0000000 0.9749298 -0.2225127
v 0.1476249 0.0091311 -0.0254000
vn 0.0000000 0.9009699 -0.4338817
v 0.1476249 0.0094845 -0.0238516
vn 0.0000000 0.2225168 -0.9749289
v 0.1476249 0.0119057 -0.0219207
vn 0.0000000 0.2225168 -0.9749289
v 0.1524001 0.0119057 -0.0219207
vn 0.0000000 0.6234850 -0.7818354
v 0.1524001 0.0104748 -0.0226098
vn 0.0000000 0.6234850 -0.7818354
v 0.1476249 0.0104748 -0.0226098
vn 0.0000000 0.9009699 -0.4338817
v 0.1524001 0.0094845 -0.0238516
vn 0.0000000 0.9749298 -0.2225127
v 0.1524001 0.0091311 -0.0254000
vn 0.0000000 -0.2225155 -0.9749292
v 0.1524001 0.0134939 -0.0219207
vn 0.0000000 -0.2225155 -0.9749292
v 0.1476249 0.0134939 -0.0219207
vn 0.0000000 -0.6234954 -0.7818270
v 0.1476249 0.0149249 -0.0226098
vn 0.0000000 -0.6234954 -0.7818270
v 0.1524001 0.0149249 -0.0226098
vn 0.0000000 -0.9749218 -0.2225478
v 0.1500125 0.0162685 -0.0254000
vn 0.0000000 -0.9009684 -0.4338847
v 0.1476249 0.0159151 -0.0238516
vn 0.0000000 -0.9749218 -0.2225478
v 0.1476249 0.0162685 -0.0254000
vn 0.0000000 -0.9009684 -0.4338847
v 0.1524001 0.0159151 -0.0238516
vn 0.0000000 -0.9749218 -0.2225478
v 0.1524001 0.0162685 -0.0254000
vn 0.0000000 0.0000000 -1.0000000
v 0.1317753 0.0126998 -0.0174752
vn 0.0000000 0.0000000 -1.0000000
v 0.1317753 0.0238123 -0.0174752
vn 0.0000000 0.0000000 -1.0000000
v 0.1317753 0.0238123 -0.0174752
vn 0.0000000 0.0000000 -1.0000000
v 0.1362209 0.0134939 -0.0174752
vn 0.0000000 0.0000000 -1.0000000
v 0.1369100 0.0149249 -0.0174752
vn 0.0000000 0.0000000 -1.0000000
v 0.1381517 0.0159151 -0.0174752
vn 0.0000000 0.0000000 -1.0000000
v 0.1381517 0.0159151 -0.0174752
vn 0.0000000 0.0000000 -1.0000000
v 0.1397001 0.0162685 -0.0174752
vn 0.0000000 0.0000000 -1.0000000
v 0.1397001 0.0162685 -0.0174752
vn 0.0000000 0.0000000 -1.0000000
v 0.1444499 0.0238123 -0.0174752
vn 0.0000000 0.0000000 -1.0000000
v 0.1444499 0.0238123 -0.0174752
vn 0.0000000 0.0000000 -1.0000000
v 0.1362209 0.0119057 -0.0174752
vn 0.0000000 0.0000000 -1.0000000
v 0.1362209 0.0119057 -0.0174752
vn 0.0000000 0.0000000 -1.0000000
v 0.1317753 0.0015873 -0.0174752
vn 0.0000000 0.0000000 -1.0000000
v 0.1317753 0.0015873 -0.0174752
vn 0.0000000 0.0000000 -1.0000000
v 0.1369100 0.0104748 -0.0174752
vn 0.0000000 0.0000000 -1.0000000
v 0.1369100 0.0104748 -0.0174752
vn 0.0000000 0.0000000 -1.0000000
v 0.1381517 0.0094845 -0.0174752
vn 0.0000000 0.0000000 -1.0000000
v 0.1397001 0.0091311 -0.0174752
vn 0.0000000 0.0000000 -1.0000000
v 0.1424903 0.0149249 -0.0174752
vn 0.0000000 0.0000000 -1.0000000
v 0.1424903 0.0149249 -0.0174752
vn 0.0000000 0.0000000 -1.0000000
v 0.1412485 0.0159151 -0.0174752
vn 0.0000000 0.0000000 -1.0000000
v 0.1412485 0.0159151 -0.0174752
vn 0.0000000 0.0000000 -1.0000000
v 0.1431794 0.0134939 -0.0174752
vn 0.0000000 0.0000000 -1.0000000
v 0.1444499 0.0126998 -0.0174752
vn 0.0000000 0.0000000 -1.0000000
v 0.1431794 0.0119057 -0.0174752
vn 0.0000000 0.0000000 -1.0000000
v 0.1444499 0.0015873 -0.0174752
vn 0.0000000 0.0000000 -1.0000000
v 0.1412485 0.0094845 -0.0174752
vn 0.0000000 0.0000000 -1.0000000
v 0.1424903 0.0104748 -0.0174752
vn 0.0000000 0.0000000 1.0000000
v 0.1397001 0.0091311 -0.0127000
vn 0.0000000 0.0000000 1.0000000
v 0.1397001 0.0091311 -0.0127000
vn 0.0000000 0.0000000 1.0000000
v 0.1524001 0.0015873 -0.0127000
vn 0.0000000 0.0000000 1.0000000
v 0.1524001 0.0015873 -0.0127000
vn 0.0000000 0.0000000 1.0000000
v 0.1412485 0.0094845 -0.0127000
vn 0.0000000 0.0000000 1.0000000
v 0.1424903 0.0104748 -0.0127000
vn 0.0000000 0.0000000 1.0000000
v 0.1431794 0.0119057 -0.0127000
vn 0.0000000 0.0000000 1.0000000
v 0.1431794 0.0134939 -0.0127000
vn 0.0000000 0.0000000 1.0000000
v 0.1381517 0.0094845 -0.0127000
vn 0.0000000 0.0000000 1.0000000
v 0.1270001 0.0015873 -0.0127000
vn 0.0000000 0.0000000 1.0000000
v 0.1270001 0.0015873 -0.0127000
vn 0.0000000 0.0000000 1.0000000
v 0.1270001 0.0126998 -0.0127000
vn 0.0000000 0.0000000 1.0000000
v 0.1369100 0.0104748 -0.0127000
vn 0.0000000 0.0000000 1.0000000
v 0.1362209 0.0119057 -0.0127000
vn 0.0000000 0.0000000 1.0000000
v 0.1524001 0.0238123 -0.0127000
vn 0.0000000 0.0000000 1.0000000
v 0.1524001 0.0238123 -0.0127000
vn 0.0000000 0.0000000 1.0000000
v 0.1424903 0.0149249 -0.0127000
vn 0.0000000 0.0000000 1.0000000
v 0.1397001 0.0162685 -0.0127000
vn 0.0000000 0.0000000 1.0000000
v 0.1397001 0.0162685 -0.0127000
vn 0.0000000 0.0000000 1.0000000
v 0.1412485 0.0159151 -0.0127000
vn 0.0000000 0.0000000 1.0000000
v 0.1270001 0.0238123 -0.0127000
vn 0.0000000 0.0000000 1.0000000
v 0.1270001 0.0238123 -0.0127000
vn 0.0000000 0.0000000 1.0000000
v 0.1369100 0.0149249 -0.0127000
vn 0.0000000 0.0000000 1.0000000
v 0.1362209 0.0134939 -0.0127000
vn 0.0000000 0.0000000 1.0000000
v 0.1381517 0.0159151 -0.0127000
vn 1.0000000 0.0000000 0.0000000
v 0.1524001 0.0134939 -0.0288792
vn 1.0000000 0.0000000 0.0000000
v 0.1524001 0.0126998 -0.0380999
vn 1.0000000 0.0000000 0.0000000
v 0.1524001 0.0126998 -0.0380999
vn 1.0000000 0.0000000 0.0000000
v 0.1524001 0.0126998 -0.0380999
vn 1.0000000 0.0000000 0.0000000
v 0.1524001 0.0149249 -0.0281901
vn 1.0000000 0.0000000 0.0000000
v 0.1524001 0.0149249 -0.0281901
vn 1.0000000 0.0000000 0.0000000
v 0.1524001 0.0149249 -0.0281901
vn 1.0000000 0.0000000 0.0000000
v 0.1524001 0.0238123 -0.0380999
vn 1.0000000 0.0000000 0.0000000
v 0.1524001 0.0238123 -0.0380999
vn 1.0000000 0.0000000 0.0000000
v 0.1524001 0.0238123 -0.0380999
vn 1.0000000 0.0000000 0.0000000
v 0.1524001 0.0238123 -0.0380999
vn 1.0000000 0.0000000 0.0000000
v 0.1524001 0.0159151 -0.0269484
vn 1.0000000 0.0000000 0.0000000
v 0.1524001 0.0159151 -0.0269484
vn 1.0000000 0.0000000 0.0000000
v 0.1524001 0.0162685 -0.0254000
vn 1.0000000 0.0000000 0.0000000
v 0.1524001 0.0162685 -0.0254000
vn 1.0000000 0.0000000 0.0000000
v 0.1524001 0.0162685 -0.0254000
vn 1.0000000 0.0000000 0.0000000
v 0.1524001 0.0104748 -0.0281901
vn 1.0000000 0.0000000 0.0000000
v 0.1524001 0.0104748 -0.0281901
vn 1.0000000 0.0000000 0.0000000
v 0.1524001 0.0104748 -0.0281901
vn 1.0000000 0.0000000 0.0000000
v 0.1524001 0.0015873 -0.0380999
vn 1.0000000 0.0000000 0.0000000
v 0.1524001 0.0015873 -0.0380999
vn 1.0000000 0.0000000 0.0000000
v 0.1524001 0.0015873 -0.0380999
vn 1.0000000 0.0000000 0.0000000
v 0.1524001 0.0094845 -0.0269484
vn 1.0000000 0.0000000 0.0000000
v 0.1524001 0.0094845 -0.0269484
vn 1.0000000 0.0000000 0.0000000
v 0.1524001 0.0119057 -0.0288792
vn 1.0000000 0.0000000 0.0000000
v 0.1524001 0.0091311 -0.0254000
vn 1.0000000 0.0000000 0.0000000
v 0.1524001 0.0091311 -0.0254000
vn 1.0000000 0.0000000 0.0000000
v 0.1524001 0.0238123 -0.0127000
vn 1.0000000 0.0000000 0.0000000
v 0.1524001 0.0238123 -0.0127000
vn 1.0000000 0.0000000 0.0000000
v 0.1524001 0.0238123 -0.0127000
vn 1.0000000 0.0000000 0.0000000
v 0.1524001 0.0238123 -0.0127000
vn 1.0000000 0.0000000 0.0000000
v 0.1524001 0.0159151 -0.0238516
vn 1.0000000 0.0000000 0.0000000
v 0.1524001 0.0159151 -0.0238516
vn 1.0000000 0.0000000 0.0000000
v 0.1524001 0.0134939 -0.0219207
vn 1.0000000 0.0000000 0.0000000
v 0.1524001 0.0134939 -0.0219207
vn 1.0000000 0.0000000 0.0000000
v 0.1524001 0.0134939 -0.0219207
vn 1.0000000 0.0000000 0.0000000
v 0.1524001 0.0149249 -0.0226098
vn 1.0000000 0.0000000 0.0000000
v 0.1524001 0.0149249 -0.0226098
vn 1.0000000 0.0000000 0.0000000
v 0.1524001 0.0015873 -0.0127000
vn 1.0000000 0.0000000 0.0000000
v 0.1524001 0.0015873 -0.0127000
vn 1.0000000 0.0000000 0.0000000
v 0.1524001 0.0015873 -0.0127000
vn 1.0000000 0.0000000 0.0000000
v 0.1524001 0.0015873 -0.0127000
vn 1.0000000 0.0000000 0.0000000
v 0.1524001 0.0015873 -0.0127000
vn 1.0000000 0.0000000 0.0000000
v 0.1524001 0.0094845 -0.0238516
vn 1.0000000 0.0000000 0.0000000
v 0.1524001 0.0094845 -0.0238516
vn 1.0000000 0.0000000 0.0000000
v 0.1524001 0.0104748 -0.0226098
vn 1.0000000 0.0000000 0.0000000
v 0.1524001 0.0104748 -0.0226098
vn 1.0000000 0.0000000 0.0000000
v 0.1524001 0.0119057 -0.0219207
vn 1.0000000 0.0000000 0.0000000
v 0.1524001 0.0119057 -0.0219207
vn -1.0000000 0.0000000 0.0000000
v 0.1476249 0.0134939 -0.0219207
vn -1.0000000 0.0000000 0.0000000
v 0.1476249 0.0134939 -0.0219207
vn -1.0000000 0.0000000 0.0000000
v 0.1476249 0.0126998 -0.0206501
vn -1.0000000 0.0000000 0.0000000
v 0.1476249 0.0126998 -0.0206501
vn -1.0000000 0.0000000 0.0000000
v 0.1476249 0.0126998 -0.0206501
vn -1.0000000 0.0000000 0.0000000
v 0.1476249 0.0149249 -0.0226098
vn -1.0000000 0.0000000 0.0000000
v 0.1476249 0.0149249 -0.0226098
vn -1.0000000 0.0000000 0.0000000
v 0.1476249 0.0238123 -0.0206501
vn -1.0000000 0.0000000 0.0000000
v 0.1476249 0.0238123 -0.0206501
vn -1.0000000 0.0000000 0.0000000
v 0.1476249 0.0238123 -0.0206501
vn -1.0000000 0.0000000 0.0000000
v 0.1476249 0.0159151 -0.0238516
vn -1.0000000 0.0000000 0.0000000
v 0.1476249 0.0159151 -0.0238516
vn -1.0000000 0.0000000 0.0000000
v 0.1476249 0.0162685 -0.0254000
vn -1.0000000 0.0000000 0.0000000
v 0.1476249 0.0162685 -0.0254000
vn -1.0000000 0.0000000 0.0000000
v 0.1476249 0.0162685 -0.0254000
vn -1.0000000 0.0000000 0.0000000
v 0.1476249 0.0238123 -0.0333248
vn -1.0000000 0.0000000 0.0000000
v 0.1476249 0.0238123 -0.0333248
vn -1.0000000 0.0000000 0.0000000
v 0.1476249 0.0238123 -0.0333248
vn -1.0000000 0.0000000 0.0000000
v 0.1476249 0.0104748 -0.0226098
vn -1.0000000 0.0000000 0.0000000
v 0.1476249 0.0104748 -0.0226098
vn -1.0000000 0.0000000 0.0000000
v 0.1476249 0.0015873 -0.0206501
vn -1.0000000 0.0000000 0.0000000
v 0.1476249 0.0015873 -0.0206501
vn -1.0000000 0.0000000 0.0000000
v 0.1476249 0.0094845 -0.0238516
vn -1.0000000 0.0000000 0.0000000
v 0.1476249 0.0094845 -0.0238516
vn -1.0000000 0.0000000 0.0000000
v 0.1476249 0.0119057 -0.0219207
vn -1.0000000 0.0000000 0.0000000
v 0.1476249 0.0119057 -0.0219207
vn -1.0000000 0.0000000 0.0000000
v 0.1476249 0.0091311 -0.0254000
vn -1.0000000 0.0000000 0.0000000
v 0.1476249 0.0091311 -0.0254000
vn -1.0000000 0.0000000 0.0000000
v 0.1476249 0.0091311 -0.0254000
vn -1.0000000 0.0000000 0.0000000
v 0.1476249 0.0149249 -0.0281901
vn -1.0000000 0.0000000 0.0000000
v 0.1476249 0.0149249 -0.0281901
vn -1.0000000 0.0000000 0.0000000
v 0.1476249 0.0159151 -0.0269484
vn -1.0000000 0.0000000 0.0000000
v 0.1476249 0.0159151 -0.0269484
vn -1.0000000 0.0000000 0.0000000
v 0.1476249 0.0126998 -0.0333248
vn -1.0000000 0.0000000 0.0000000
v 0.1476249 0.0126998 -0.0333248
vn -1.0000000 0.0000000 0.0000000
v 0.1476249 0.0134939 -0.0288792
vn -1.0000000 0.0000000 0.0000000
v 0.1476249 0.0134939 -0.0288792
vn -1.0000000 0.0000000 0.0000000
v 0.1476249 0.0119057 -0.0288792
vn -1.0000000 0.0000000 0.0000000
v 0.1476249 0.0119057 -0.0288792
vn -1.0000000 0.0000000 0.0000000
v 0.1476249 0.0119057 -0.0288792
vn -1.0000000 0.0000000 0.0000000
v 0.1476249 0.0015873 -0.0333248
vn -1.0000000 0.0000000 0.0000000
v 0.1476249 0.0015873 -0.0333248
vn -1.0000000 0.0000000 0.0000000
v 0.1476249 0.0015873 -0.0333248
vn -1.0000000 0.0000000 0.0000000
v 0.1476249 0.0094845 -0.0269484
vn -1.0000000 0.0000000 0.0000000
v 0.1476249 0.0094845 -0.0269484
vn -1.0000000 0.0000000 0.0000000
v 0.1476249 0.0104748 -0.0281901
vn -1.0000000 0.0000000 0.0000000
v 0.1476249 0.0104748 -0.0281901
vn -0.9807838 0.0000000 -0.1950978
v 0.1476249 0.0126998 -0.0333248
vn -0.9238839 0.0000000 -0.3826730
v 0.1479884 0.0015873 -0.0351521
vn -0.9807838 0.0000000 -0.1950978
v 0.1476249 0.0015873 -0.0333248
vn -0.9238839 0.0000000 -0.3826731
v 0.1479884 0.0238123 -0.0351521
vn -0.9807838 0.0000000 -0.1950978
v 0.1476249 0.0238123 -0.0333248
vn -0.7071093 0.0000000 -0.7071042
v 0.1490235 0.0238123 -0.0367014
vn -0.7071093 0.0000000 -0.7071042
v 0.1490235 0.0015873 -0.0367014
vn -0.3826670 0.0000000 -0.9238864
v 0.1505727 0.0238123 -0.0377365
vn -0.1950779 0.0000000 -0.9807878
v 0.1524001 0.0126998 -0.0380999
vn -0.1950779 0.0000000 -0.9807878
v 0.1524001 0.0015873 -0.0380999
vn -0.3826670 0.0000000 -0.9238864
v 0.1505727 0.0015873 -0.0377365
vn -0.1950779 0.0000000 -0.9807878
v 0.1524001 0.0238123 -0.0380999
vn -0.9807819 0.0000000 -0.1951078
v 0.1476249 0.0126998 -0.0206501
vn -0.9807818 0.0000000 -0.1951077
v 0.1476249 0.0015873 -0.0206501
vn -0.9238824 0.0000000 -0.3826766
v 0.1473832 0.0015873 -0.0194352
vn -0.9238824 0.0000000 -0.3826767
v 0.1473832 0.0238123 -0.0194352
vn -0.7071081 0.0000000 -0.7071055
v 0.1466950 0.0015873 -0.0184051
vn -0.9807818 0.0000000 -0.1951077
v 0.1476249 0.0238123 -0.0206501
vn -0.1951080 0.0000000 -0.9807817
v 0.1444499 0.0126998 -0.0174752
vn -0.3826784 0.0000000 -0.9238816
v 0.1456649 0.0015873 -0.0177169
vn -0.1951080 0.0000000 -0.9807817
v 0.1444499 0.0015873 -0.0174752
vn -0.3826784 0.0000000 -0.9238816
v 0.1456649 0.0238123 -0.0177169
vn -0.7071081 0.0000000 -0.7071055
v 0.1466950 0.0238123 -0.0184051
vn -0.1951080 0.0000000 -0.9807817
v 0.1444499 0.0238123 -0.0174752
vn -0.9807835 0.0000000 -0.1950993
v 0.1270001 0.0126998 -0.0127000
vn -0.9238807 0.0000000 -0.3826806
v 0.1273636 0.0015873 -0.0145274
vn -0.9807835 0.0000000 -0.1950993
v 0.1270001 0.0015873 -0.0127000
vn -0.9238807 0.0000000 -0.3826806
v 0.1273636 0.0238123 -0.0145274
vn -0.7071041 0.0000000 -0.7071095
v 0.1283987 0.0238123 -0.0160766
vn -0.7071041 0.0000000 -0.7071095
v 0.1283987 0.0015873 -0.0160766
vn -0.9807835 0.0000000 -0.1950993
v 0.1270001 0.0238123 -0.0127000
vn -0.1951096 0.0000000 -0.9807815
v 0.1317753 0.0126998 -0.0174752
vn -0.1951096 0.0000000 -0.9807814
v 0.1317753 0.0015873 -0.0174752
vn -0.3826819 0.0000000 -0.9238802
v 0.1299479 0.0015873 -0.0171116
vn -0.3826820 0.0000000 -0.9238802
v 0.1299479 0.0238123 -0.0171116
vn -0.1951096 0.0000000 -0.9807815
v 0.1317753 0.0238123 -0.0174752
vn 0.0000000 -1.0000000 0.0000000
v 0.1444499 0.0015873 -0.0174752
vn 0.0000000 -1.0000000 0.0000000
v 0.1524001 0.0015873 -0.0127000
vn 0.0000000 -1.0000000 0.0000000
v 0.1270001 0.0015873 -0.0127000
vn 0.0000000 -1.0000000 0.0000000
v 0.1270001 0.0015873 -0.0127000
vn 0.0000000 -1.0000000 0.0000000
v 0.1270001 0.0015873 -0.0127000
vn 0.0000000 -1.0000000 0.0000000
v 0.1456649 0.0015873 -0.0177169
vn 0.0000000 -1.0000000 0.0000000
v 0.1466950 0.0015873 -0.0184051
vn 0.0000000 -1.0000000 0.0000000
v 0.1317753 0.0015873 -0.0174752
vn 0.0000000 -1.0000000 0.0000000
v 0.1317753 0.0015873 -0.0174752
vn 0.0000000 -1.0000000 0.0000000
v 0.1299479 0.0015873 -0.0171116
vn 0.0000000 -1.0000000 0.0000000
v 0.1299479 0.0015873 -0.0171116
vn 0.0000000 -1.0000000 0.0000000
v 0.1299479 0.0015873 -0.0171116
vn 0.0000000 -1.0000000 0.0000000
v 0.1273636 0.0015873 -0.0145274
vn 0.0000000 -1.0000000 0.0000000
v 0.1273636 0.0015873 -0.0145274
vn 0.0000000 -1.0000000 0.0000000
v 0.1283987 0.0015873 -0.0160766
vn 0.0000000 -1.0000000 0.0000000
v 0.1476249 0.0015873 -0.0333248
vn 0.0000000 -1.0000000 0.0000000
v 0.1490235 0.0015873 -0.0367014
vn 0.0000000 -1.0000000 0.0000000
v 0.1505727 0.0015873 -0.0377365
vn 0.0000000 -1.0000000 0.0000000
v 0.1524001 0.0015873 -0.0380999
vn 0.0000000 -1.0000000 0.0000000
v 0.1479884 0.0015873 -0.0351521
vn 0.0000000 -1.0000000 0.0000000
v 0.1473832 0.0015873 -0.0194352
vn 0.0000000 -1.0000000 0.0000000
v 0.1476249 0.0015873 -0.0206501
vn 0.0000000 1.0000000 0.0000000
v 0.1444499 0.0238123 -0.0174752
vn 0.0000000 1.0000000 0.0000000
v 0.1270001 0.0238123 -0.0127000
vn 0.0000000 1.0000000 0.0000000
v 0.1270001 0.0238123 -0.0127000
vn 0.0000000 1.0000000 0.0000000
v 0.1524001 0.0238123 -0.0127000
vn 0.0000000 1.0000000 0.0000000
v 0.1524001 0.0238123 -0.0127000
vn 0.0000000 1.0000000 0.0000000
v 0.1524001 0.0238123 -0.0127000
vn 0.0000000 1.0000000 0.0000000
v 0.1524001 0.0238123 -0.0127000
vn 0.0000000 1.0000000 0.0000000
v 0.1456649 0.0238123 -0.0177169
vn 0.0000000 1.0000000 0.0000000
v 0.1466950 0.0238123 -0.0184051
vn 0.0000000 1.0000000 0.0000000
v 0.1466950 0.0238123 -0.0184051
vn 0.0000000 1.0000000 0.0000000
v 0.1317753 0.0238123 -0.0174752
vn 0.0000000 1.0000000 0.0000000
v 0.1317753 0.0238123 -0.0174752
vn 0.0000000 1.0000000 0.0000000
v 0.1299479 0.0238123 -0.0171116
vn 0.0000000 1.0000000 0.0000000
v 0.1299479 0.0238123 -0.0171116
vn 0.0000000 1.0000000 0.0000000
v 0.1299479 0.0238123 -0.0171116
vn 0.0000000 1.0000000 0.0000000
v 0.1273636 0.0238123 -0.0145274
vn 0.0000000 1.0000000 0.0000000
v 0.1273636 0.0238123 -0.0145274
vn 0.0000000 1.0000000 0.0000000
v 0.1283987 0.0238123 -0.0160766
vn 0.0000000 1.0000000 0.0000000
v 0.1476249 0.0238123 -0.0333248
vn 0.0000000 1.0000000 0.0000000
v 0.1476249 0.0238123 -0.0333248
vn 0.0000000 1.0000000 0.0000000
v 0.1524001 0.0238123 -0.0380999
vn 0.0000000 1.0000000 0.0000000
v 0.1524001 0.0238123 -0.0380999
vn 0.0000000 1.0000000 0.0000000
v 0.1490235 0.0238123 -0.0367014
vn 0.0000000 1.0000000 0.0000000
v 0.1490235 0.0238123 -0.0367014
vn 0.0000000 1.0000000 0.0000000
v 0.1505727 0.0238123 -0.0377365
vn 0.0000000 1.0000000 0.0000000
v 0.1479884 0.0238123 -0.0351521
vn 0.0000000 1.0000000 0.0000000
v 0.1473832 0.0238123 -0.0194352
vn 0.0000000 1.0000000 0.0000000
v 0.1473832 0.0238123 -0.0194352
vn 0.0000000 1.0000000 0.0000000
v 0.1476249 0.0238123 -0.0206501
vn 0.0000000 1.0000000 0.0000000
v 0.1476249 0.0238123 -0.0206501
vn 0.0000000 1.0000000 0.0000000
v 0.1476249 0.0238123 -0.0206501
vn 0.0000000 -0.9749219 0.2225475
v 0.1500125 0.0162685 -0.0254000
vn 0.0000000 -0.9749218 0.2225475
v 0.1476249 0.0162685 -0.0254000
vn 0.0000000 -0.9009627 0.4338967
v 0.1476249 0.0159151 -0.0269484
vn 0.0000000 -0.2225345 0.9749248
v 0.1476249 0.0134939 -0.0288792
vn 0.0000000 -0.2225345 0.9749248
v 0.1524001 0.0134939 -0.0288792
vn 0.0000000 -0.6235001 0.7818233
v 0.1524001 0.0149249 -0.0281901
vn 0.0000000 -0.6235001 0.7818233
v 0.1476249 0.0149249 -0.0281901
vn 0.0000000 -0.9009626 0.4338968
v 0.1524001 0.0159151 -0.0269484
vn 0.0000000 -0.9749218 0.2225476
v 0.1524001 0.0162685 -0.0254000
vn 0.0000000 0.2225359 0.9749245
v 0.1476249 0.0119057 -0.0288792
vn 0.0000000 0.6234897 0.7818316
v 0.1476249 0.0104748 -0.0281901
vn 0.0000000 0.6234897 0.7818316
v 0.1524001 0.0104748 -0.0281901
vn 0.0000000 0.2225359 0.9749245
v 0.1524001 0.0119057 -0.0288792
vn 0.0000000 0.9749299 0.2225125
v 0.1500125 0.0091311 -0.0254000
vn 0.0000000 0.9009641 0.4338938
v 0.1476249 0.0094845 -0.0269484
vn 0.0000000 0.9749299 0.2225124
v 0.1476249 0.0091311 -0.0254000
vn 0.0000000 0.9009641 0.4338938
v 0.1524001 0.0094845 -0.0269484
vn 0.0000000 0.9749299 0.2225125
v 0.1524001 0.0091311 -0.0254000
vn 0.2225147 0.9749293 0.0000000
v 0.1397001 0.0091311 -0.0150876
vn 0.2225147 0.9749293 0.0000000
v 0.1397001 0.0091311 -0.0174752
vn 0.4338914 0.9009652 0.0000000
v 0.1381517 0.0094845 -0.0174752
vn 0.7818372 0.6234826 0.0000000
v 0.1369100 0.0104748 -0.0174752
vn 0.9749273 0.2225235 0.0000000
v 0.1362209 0.0119057 -0.0174752
vn 0.9749273 0.2225235 0.0000000
v 0.1362209 0.0119057 -0.0127000
vn 0.7818372 0.6234828 0.0000000
v 0.1369100 0.0104748 -0.0127000
vn 0.4338915 0.9009652 0.0000000
v 0.1381517 0.0094845 -0.0127000
vn 0.2225147 0.9749293 0.0000000
v 0.1397001 0.0091311 -0.0127000
vn 0.9749277 -0.2225221 0.0000000
v 0.1362209 0.0134939 -0.0127000
vn 0.9749277 -0.2225221 0.0000000
v 0.1362209 0.0134939 -0.0174752
vn 0.7818289 -0.6234930 0.0000000
v 0.1369100 0.0149249 -0.0174752
vn 0.7818289 -0.6234930 0.0000000
v 0.1369100 0.0149249 -0.0127000
vn 0.2225499 -0.9749213 0.0000000
v 0.1397001 0.0162685 -0.0150876
vn 0.4338945 -0.9009637 0.0000000
v 0.1381517 0.0159151 -0.0174752
vn 0.2225499 -0.9749213 0.0000000
v 0.1397001 0.0162685 -0.0174752
vn 0.4338945 -0.9009637 0.0000000
v 0.1381517 0.0159151 -0.0127000
vn 0.2225498 -0.9749213 0.0000000
v 0.1397001 0.0162685 -0.0127000
vn -0.2225499 -0.9749213 0.0000000
v 0.1397001 0.0162685 0.0150876
vn -0.4338761 -0.9009725 0.0000000
v 0.1412485 0.0159151 0.0174752
vn -0.2225499 -0.9749213 0.0000000
v 0.1397001 0.0162685 0.0174752
vn -0.7818162 -0.6235090 0.0000000
v 0.1424903 0.0149249 0.0174752
vn -0.7818161 -0.6235090 0.0000000
v 0.1424903 0.0149249 0.0127000
vn -0.9749277 -0.2225221 0.0000000
v 0.1431794 0.0134939 0.0127000
vn -0.4338761 -0.9009725 0.0000000
v 0.1412485 0.0159151 0.0127000
vn -0.2225498 -0.9749213 0.0000000
v 0.1397001 0.0162685 0.0127000
vn -0.9749273 0.2225235 0.0000000
v 0.1431794 0.0119057 0.0127000
vn -0.9749273 0.2225235 0.0000000
v 0.1431794 0.0119057 0.0174752
vn -0.7818245 0.6234987 0.0000000
v 0.1424903 0.0104748 0.0127000
vn -0.2225147 0.9749293 0.0000000
v 0.1397001 0.0091311 0.0150876
vn -0.2225147 0.9749293 0.0000000
v 0.1397001 0.0091311 0.0174752
vn -0.4338731 0.9009740 0.0000000
v 0.1412485 0.0094845 0.0174752
vn -0.7818245 0.6234987 0.0000000
v 0.1424903 0.0104748 0.0174752
vn -0.4338731 0.9009740 0.0000000
v 0.1412485 0.0094845 0.0127000
vn -0.2225147 0.9749293 0.0000000
v 0.1397001 0.0091311 0.0127000
vn 0.0000000 0.9749298 0.2225127
v 0.1500125 0.0091311 0.0254000
vn 0.0000000 0.9009699 0.4338817
v 0.1476249 0.0094845 0.0238516
vn 0.0000000 0.9749298 0.2225127
v 0.1476249 0.0091311 0.0254000
vn 0.0000000 0.2225168 0.9749289
v 0.1476249 0.0119057 0.0219207
vn 0.0000000 0.6234850 0.7818354
v 0.1476249 0.0104748 0.0226098
vn 0.0000000 0.6234850 0.7818354
v 0.1524001 0.0104748 0.0226098
vn 0.0000000 0.9009699 0.4338817
v 0.1524001 0.0094845 0.0238516
vn 0.0000000 0.9749298 0.2225127
v 0.1524001 0.0091311 0.0254000
vn 0.0000000 0.2225168 0.9749289
v 0.1524001 0.0119057 0.0219207
vn 0.0000000 -0.2225155 0.9749292
v 0.1524001 0.0134939 0.0219207
vn 0.0000000 -0.2225155 0.9749292
v 0.1476249 0.0134939 0.0219207
vn 0.0000000 -0.6234954 0.7818270
v 0.1524001 0.0149249 0.0226098
vn 0.0000000 -0.9749218 0.2225478
v 0.1500125 0.0162685 0.0254000
vn 0.0000000 -0.9749218 0.2225478
v 0.1476249 0.0162685 0.0254000
vn 0.0000000 -0.9009684 0.4338847
v 0.1476249 0.0159151 0.0238516
vn 0.0000000 -0.6234954 0.7818270
v 0.1476249 0.0149249 0.0226098
vn 0.0000000 -0.9009684 0.4338847
v 0.1524001 0.0159151 0.0238516
vn 0.0000000 -0.9749218 0.2225478
v 0.1524001 0.0162685 0.0254000
vn 0.0000000 0.0000000 1.0000000
v 0.1317753 0.0126998 0.0174752
vn 0.0000000 0.0000000 1.0000000
v 0.1362209 0.0134939 0.0174752
vn 0.0000000 0.0000000 1.0000000
v 0.1317753 0.0238123 0.0174752
vn 0.0000000 0.0000000 1.0000000
v 0.1317753 0.0238123 0.0174752
vn 0.0000000 0.0000000 1.0000000
v 0.1369100 0.0149249 0.0174752
vn 0.0000000 0.0000000 1.0000000
v 0.1381517 0.0159151 0.0174752
vn 0.0000000 0.0000000 1.0000000
v 0.1381517 0.0159151 0.0174752
vn 0.0000000 0.0000000 1.0000000
v 0.1397001 0.0162685 0.0174752
vn 0.0000000 0.0000000 1.0000000
v 0.1397001 0.0162685 0.0174752
vn 0.0000000 0.0000000 1.0000000
v 0.1444499 0.0238123 0.0174752
vn 0.0000000 0.0000000 1.0000000
v 0.1444499 0.0238123 0.0174752
vn 0.0000000 0.0000000 1.0000000
v 0.1362209 0.0119057 0.0174752
vn 0.0000000 0.0000000 1.0000000
v 0.1362209 0.0119057 0.0174752
vn 0.0000000 0.0000000 1.0000000
v 0.1317753 0.0015873 0.0174752
vn 0.0000000 0.0000000 1.0000000
v 0.1317753 0.0015873 0.0174752
vn 0.0000000 0.0000000 1.0000000
v 0.1381517 0.0094845 0.0174752
vn 0.0000000 0.0000000 1.0000000
v 0.1369100 0.0104748 0.0174752
vn 0.0000000 0.0000000 1.0000000
v 0.1369100 0.0104748 0.0174752
vn 0.0000000 0.0000000 1.0000000
v 0.1397001 0.0091311 0.0174752
vn 0.0000000 0.0000000 1.0000000
v 0.1412485 0.0159151 0.0174752
vn 0.0000000 0.0000000 1.0000000
v 0.1412485 0.0159151 0.0174752
vn 0.0000000 0.0000000 1.0000000
v 0.1424903 0.0149249 0.0174752
vn 0.0000000 0.0000000 1.0000000
v 0.1424903 0.0149249 0.0174752
vn 0.0000000 0.0000000 1.0000000
v 0.1431794 0.0134939 0.0174752
vn 0.0000000 0.0000000 1.0000000
v 0.1444499 0.0126998 0.0174752
vn 0.0000000 0.0000000 1.0000000
v 0.1431794 0.0119057 0.0174752
vn 0.0000000 0.0000000 1.0000000
v 0.1444499 0.0015873 0.0174752
vn 0.0000000 0.0000000 1.0000000
v 0.1412485 0.0094845 0.0174752
vn 0.0000000 0.0000000 1.0000000
v 0.1424903 0.0104748 0.0174752
vn 0.0000000 0.0000000 -1.0000000
v 0.1397001 0.0091311 0.0127000
vn 0.0000000 0.0000000 -1.0000000
v 0.1397001 0.0091311 0.0127000
vn 0.0000000 0.0000000 -1.0000000
v 0.1412485 0.0094845 0.0127000
vn 0.0000000 0.0000000 -1.0000000
v 0.1524001 0.0015873 0.0127000
vn 0.0000000 0.0000000 -1.0000000
v 0.1524001 0.0015873 0.0127000
vn 0.0000000 0.0000000 -1.0000000
v 0.1424903 0.0104748 0.0127000
vn 0.0000000 0.0000000 -1.0000000
v 0.1431794 0.0119057 0.0127000
vn 0.0000000 0.0000000 -1.0000000
v 0.1431794 0.0134939 0.0127000
vn 0.0000000 0.0000000 -1.0000000
v 0.1381517 0.0094845 0.0127000
vn 0.0000000 0.0000000 -1.0000000
v 0.1270001 0.0015873 0.0127000
vn 0.0000000 0.0000000 -1.0000000
v 0.1270001 0.0015873 0.0127000
vn 0.0000000 0.0000000 -1.0000000
v 0.1270001 0.0126998 0.0127000
vn 0.0000000 0.0000000 -1.0000000
v 0.1369100 0.0104748 0.0127000
vn 0.0000000 0.0000000 -1.0000000
v 0.1362209 0.0119057 0.0127000
vn 0.0000000 0.0000000 -1.0000000
v 0.1524001 0.0238123 0.0127000
vn 0.0000000 0.0000000 -1.0000000
v 0.1524001 0.0238123 0.0127000
vn 0.0000000 0.0000000 -1.0000000
v 0.1424903 0.0149249 0.0127000
vn 0.0000000 0.0000000 -1.0000000
v 0.1397001 0.0162685 0.0127000
vn 0.0000000 0.0000000 -1.0000000
v 0.1397001 0.0162685 0.0127000
vn 0.0000000 0.0000000 -1.0000000
v 0.1412485 0.0159151 0.0127000
vn 0.0000000 0.0000000 -1.0000000
v 0.1270001 0.0238123 0.0127000
vn 0.0000000 0.0000000 -1.0000000
v 0.1270001 0.0238123 0.0127000
vn 0.0000000 0.0000000 -1.0000000
v 0.1369100 0.0149249 0.0127000
vn 0.0000000 0.0000000 -1.0000000
v 0.1362209 0.0134939 0.0127000
vn 0.0000000 0.0000000 -1.0000000
v 0.1381517 0.0159151 0.0127000
vn 1.0000000 0.0000000 0.0000000
v 0.1524001 0.0134939 0.0288792
vn 1.0000000 0.0000000 0.0000000
v 0.1524001 0.0149249 0.0281901
vn 1.0000000 0.0000000 0.0000000
v 0.1524001 0.0149249 0.0281901
vn 1.0000000 0.0000000 0.0000000
v 0.1524001 0.0149249 0.0281901
vn 1.0000000 0.0000000 0.0000000
v 0.1524001 0.0126998 0.0380999
vn 1.0000000 0.0000000 0.0000000
v 0.1524001 0.0126998 0.0380999
vn 1.0000000 0.0000000 0.0000000
v 0.1524001 0.0126998 0.0380999
vn 1.0000000 0.0000000 0.0000000
v 0.1524001 0.0238123 0.0380999
vn 1.0000000 0.0000000 0.0000000
v 0.1524001 0.0238123 0.0380999
vn 1.0000000 0.0000000 0.0000000
v 0.1524001 0.0238123 0.0380999
vn 1.0000000 0.0000000 0.0000000
v 0.1524001 0.0238123 0.0380999
vn 1.0000000 0.0000000 0.0000000
v 0.1524001 0.0159151 0.0269484
vn 1.0000000 0.0000000 0.0000000
v 0.1524001 0.0159151 0.0269484
vn 1.0000000 0.0000000 0.0000000
v 0.1524001 0.0162685 0.0254000
vn 1.0000000 0.0000000 0.0000000
v 0.1524001 0.0162685 0.0254000
vn 1.0000000 0.0000000 0.0000000
v 0.1524001 0.0162685 0.0254000
vn 1.0000000 0.0000000 0.0000000
v 0.1524001 0.0104748 0.0281901
vn 1.0000000 0.0000000 0.0000000
v 0.1524001 0.0104748 0.0281901
vn 1.0000000 0.0000000 0.0000000
v 0.1524001 0.0104748 0.0281901
vn 1.0000000 0.0000000 0.0000000
v 0.1524001 0.0015873 0.0380999
vn 1.0000000 0.0000000 0.0000000
v 0.1524001 0.0015873 0.0380999
vn 1.0000000 0.0000000 0.0000000
v 0.1524001 0.0015873 0.0380999
vn 1.0000000 0.0000000 0.0000000
v 0.1524001 0.0094845 0.0269484
vn 1.0000000 0.0000000 0.0000000
v 0.1524001 0.0094845 0.0269484
vn 1.0000000 0.0000000 0.0000000
v 0.1524001 0.0119057 0.0288792
vn 1.0000000 0.0000000 0.0000000
v 0.1524001 0.0091311 0.0254000
vn 1.0000000 0.0000000 0.0000000
v 0.1524001 0.0091311 0.0254000
vn 1.0000000 0.0000000 0.0000000
v 0.1524001 0.0238123 0.0127000
vn 1.0000000 0.0000000 0.0000000
v 0.1524001 0.0238123 0.0127000
vn 1.0000000 0.0000000 0.0000000
v 0.1524001 0.0238123 0.0127000
vn 1.0000000 0.0000000 0.0000000
v 0.1524001 0.0238123 0.0127000
vn 1.0000000 0.0000000 0.0000000
v 0.1524001 0.0159151 0.0238516
vn 1.0000000 0.0000000 0.0000000
v 0.1524001 0.0159151 0.0238516
vn 1.0000000 0.0000000 0.0000000
v 0.1524001 0.0134939 0.0219207
vn 1.0000000 0.0000000 0.0000000
v 0.1524001 0.0134939 0.0219207
vn 1.0000000 0.0000000 0.0000000
v 0.1524001 0.0134939 0.0219207
vn 1.0000000 0.0000000 0.0000000
v 0.1524001 0.0149249 0.0226098
vn 1.0000000 0.0000000 0.0000000
v 0.1524001 0.0149249 0.0226098
vn 1.0000000 0.0000000 0.0000000
v 0.1524001 0.0015873 0.0127000
vn 1.0000000 0.0000000 0.0000000
v 0.1524001 0.0015873 0.0127000
vn 1.0000000 0.0000000 0.0000000
v 0.1524001 0.0015873 0.0127000
vn 1.0000000 0.0000000 0.0000000
v 0.1524001 0.0015873 0.0127000
vn 1.0000000 0.0000000 0.0000000
v 0.1524001 0.0015873 0.0127000
vn 1.0000000 0.0000000 0.0000000
v 0.1524001 0.0094845 0.0238516
vn 1.0000000 0.0000000 0.0000000
v 0.1524001 0.0094845 0.0238516
vn 1.0000000 0.0000000 0.0000000
v 0.1524001 0.0119057 0.0219207
vn 1.0000000 0.0000000 0.0000000
v 0.1524001 0.0119057 0.0219207
vn 1.0000000 0.0000000 0.0000000
v 0.1524001 0.0104748 0.0226098
vn 1.0000000 0.0000000 0.0000000
v 0.1524001 0.0104748 0.0226098
vn -1.0000000 0.0000000 0.0000000
v 0.1476249 0.0134939 0.0219207
vn -1.0000000 0.0000000 0.0000000
v 0.1476249 0.0134939 0.0219207
vn -1.0000000 0.0000000 0.0000000
v 0.1476249 0.0149249 0.0226098
vn -1.0000000 0.0000000 0.0000000
v 0.1476249 0.0149249 0.0226098
vn -1.0000000 0.0000000 0.0000000
v 0.1476249 0.0126998 0.0206501
vn -1.0000000 0.0000000 0.0000000
v 0.1476249 0.0126998 0.0206501
vn -1.0000000 0.0000000 0.0000000
v 0.1476249 0.0126998 0.0206501
vn -1.0000000 0.0000000 0.0000000
v 0.1476249 0.0238123 0.0206501
vn -1.0000000 0.0000000 0.0000000
v 0.1476249 0.0238123 0.0206501
vn -1.0000000 0.0000000 0.0000000
v 0.1476249 0.0238123 0.0206501
vn -1.0000000 0.0000000 0.0000000
v 0.1476249 0.0159151 0.0238516
vn -1.0000000 0.0000000 0.0000000
v 0.1476249 0.0159151 0.0238516
vn -1.0000000 0.0000000 0.0000000
v 0.1476249 0.0162685 0.0254000
vn -1.0000000 0.0000000 0.0000000
v 0.1476249 0.0162685 0.0254000
vn -1.0000000 0.0000000 0.0000000
v 0.1476249 0.0162685 0.0254000
vn -1.0000000 0.0000000 0.0000000
v 0.1476249 0.0238123 0.0333248
vn -1.0000000 0.0000000 0.0000000
v 0.1476249 0.0238123 0.0333248
vn -1.0000000 0.0000000 0.0000000
v 0.1476249 0.0238123 0.0333248
vn -1.0000000 0.0000000 0.0000000
v 0.1476249 0.0104748 0.0226098
vn -1.0000000 0.0000000 0.0000000
v 0.1476249 0.0104748 0.0226098
vn -1.0000000 0.0000000 0.0000000
v 0.1476249 0.0015873 0.0206501
vn -1.0000000 0.0000000 0.0000000
v 0.1476249 0.0015873 0.0206501
vn -1.0000000 0.0000000 0.0000000
v 0.1476249 0.0094845 0.0238516
vn -1.0000000 0.0000000 0.0000000
v 0.1476249 0.0094845 0.0238516
vn -1.0000000 0.0000000 0.0000000
v 0.1476249 0.0119057 0.0219207
vn -1.0000000 0.0000000 0.0000000
v 0.1476249 0.0119057 0.0219207
vn -1.0000000 0.0000000 0.0000000
v 0.1476249 0.0091311 0.0254000
vn -1.0000000 0.0000000 0.0000000
v 0.1476249 0.0091311 0.0254000
vn -1.0000000 0.0000000 0.0000000
v 0.1476249 0.0091311 0.0254000
vn -1.0000000 0.0000000 0.0000000
v 0.1476249 0.0159151 0.0269484
vn -1.0000000 0.0000000 0.0000000
v 0.1476249 0.0159151 0.0269484
vn -1.0000000 0.0000000 0.0000000
v 0.1476249 0.0149249 0.0281901
vn -1.0000000 0.0000000 0.0000000
v 0.1476249 0.0149249 0.0281901
vn -1.0000000 0.0000000 0.0000000
v 0.1476249 0.0126998 0.0333248
vn -1.0000000 0.0000000 0.0000000
v 0.1476249 0.0126998 0.0333248
vn -1.0000000 0.0000000 0.0000000
v 0.1476249 0.0134939 0.0288792
vn -1.0000000 0.0000000 0.0000000
v 0.1476249 0.0134939 0.0288792
vn -1.0000000 0.0000000 0.0000000
v 0.1476249 0.0119057 0.0288792
vn -1.0000000 0.0000000 0.0000000
v 0.1476249 0.0119057 0.0288792
vn -1.0000000 0.0000000 0.0000000
v 0.1476249 0.0119057 0.0288792
vn -1.0000000 0.0000000 0.0000000
v 0.1476249 0.0015873 0.0333248
vn -1.0000000 0.0000000 0.0000000
v 0.1476249 0.0015873 0.0333248
vn -1.0000000 0.0000000 0.0000000
v 0.1476249 0.0015873 0.0333248
vn -1.0000000 0.0000000 0.0000000
v 0.1476249 0.0094845 0.0269484
vn -1.0000000 0.0000000 0.0000000
v 0.1476249 0.0094845 0.0269484
vn -1.0000000 0.0000000 0.0000000
v 0.1476249 0.0104748 0.0281901
vn -1.0000000 0.0000000 0.0000000
v 0.1476249 0.0104748 0.0281901
vn -0.9807838 0.0000000 0.1950978
v 0.1476249 0.0126998 0.0333248
vn -0.9807838 0.0000000 0.1950978
v 0.1476249 0.0015873 0.0333248
vn -0.9238839 0.0000000 0.3826731
v 0.1479884 0.0015873 0.0351521
vn -0.9238839 0.0000000 0.3826731
v 0.1479884 0.0238123 0.0351521
vn -0.7071093 0.0000000 0.7071043
v 0.1490235 0.0015873 0.0367014
vn -0.9807838 0.0000000 0.1950978
v 0.1476249 0.0238123 0.0333248
vn -0.1950779 0.0000000 0.9807878
v 0.1524001 0.0126998 0.0380999
vn -0.3826670 0.0000000 0.9238864
v 0.1505727 0.0015873 0.0377365
vn -0.1950779 0.0000000 0.9807878
v 0.1524001 0.0015873 0.0380999
vn -0.3826670 0.0000000 0.9238864
v 0.1505727 0.0238123 0.0377365
vn -0.7071094 0.0000000 0.7071042
v 0.1490235 0.0238123 0.0367014
vn -0.1950779 0.0000000 0.9807878
v 0.1524001 0.0238123 0.0380999
vn -0.9807819 0.0000000 0.1951078
v 0.1476249 0.0126998 0.0206501
vn -0.9238824 0.0000000 0.3826766
v 0.1473832 0.0015873 0.0194352
vn -0.9807818 0.0000000 0.1951077
v 0.1476249 0.0015873 0.0206501
vn -0.9238824 0.0000000 0.3826767
v 0.1473832 0.0238123 0.0194352
vn -0.7071081 0.0000000 0.7071055
v 0.1466950 0.0238123 0.0184051
vn -0.7071081 0.0000000 0.7071055
v 0.1466950 0.0015873 0.0184051
vn -0.9807818 0.0000000 0.1951077
v 0.1476249 0.0238123 0.0206501
vn -0.1951080 0.0000000 0.9807817
v 0.1444499 0.0126998 0.0174752
vn -0.1951080 0.0000000 0.9807817
v 0.1444499 0.0015873 0.0174752
vn -0.3826783 0.0000000 0.9238816
v 0.1456649 0.0015873 0.0177169
vn -0.3826784 0.0000000 0.9238816
v 0.1456649 0.0238123 0.0177169
vn -0.1951080 0.0000000 0.9807817
v 0.1444499 0.0238123 0.0174752
vn -0.9807835 0.0000000 0.1950993
v 0.1270001 0.0126998 0.0127000
vn -0.9807835 0.0000000 0.1950993
v 0.1270001 0.0015873 0.0127000
vn -0.9238808 0.0000000 0.3826805
v 0.1273636 0.0015873 0.0145274
vn -0.9238807 0.0000000 0.3826806
v 0.1273636 0.0238123 0.0145274
vn -0.7071041 0.0000000 0.7071095
v 0.1283987 0.0015873 0.0160766
vn -0.9807835 0.0000000 0.1950993
v 0.1270001 0.0238123 0.0127000
vn -0.1951096 0.0000000 0.9807815
v 0.1317753 0.0126998 0.0174752
vn -0.3826820 0.0000000 0.9238802
v 0.1299479 0.0015873 0.0171116
vn -0.1951096 0.0000000 0.9807814
v 0.1317753 0.0015873 0.0174752
vn -0.3826820 0.0000000 0.9238802
v 0.1299479 0.0238123 0.0171116
vn -0.7071041 0.0000000 0.7071095
v 0.1283987 0.0238123 0.0160766
vn -0.1951096 0.0000000 0.9807815
v 0.1317753 0.0238123 0.0174752
vn 0.0000000 -1.0000000 0.0000000
v 0.1444499 0.0015873 0.0174752
vn 0.0000000 -1.0000000 0.0000000
v 0.1270001 0.0015873 0.0127000
vn 0.0000000 -1.0000000 0.0000000
v 0.1270001 0.0015873 0.0127000
vn 0.0000000 -1.0000000 0.0000000
v 0.1524001 0.0015873 0.0127000
vn 0.0000000 -1.0000000 0.0000000
v 0.1456649 0.0015873 0.0177169
vn 0.0000000 -1.0000000 0.0000000
v 0.1466950 0.0015873 0.0184051
vn 0.0000000 -1.0000000 0.0000000
v 0.1317753 0.0015873 0.0174752
vn 0.0000000 -1.0000000 0.0000000
v 0.1317753 0.0015873 0.0174752
vn 0.0000000 -1.0000000 0.0000000
v 0.1317753 0.0015873 0.0174752
vn 0.0000000 -1.0000000 0.0000000
v 0.1273636 0.0015873 0.0145274
vn 0.0000000 -1.0000000 0.0000000
v 0.1273636 0.0015873 0.0145274
vn 0.0000000 -1.0000000 0.0000000
v 0.1273636 0.0015873 0.0145274
vn 0.0000000 -1.0000000 0.0000000
v 0.1299479 0.0015873 0.0171116
vn 0.0000000 -1.0000000 0.0000000
v 0.1299479 0.0015873 0.0171116
vn 0.0000000 -1.0000000 0.0000000
v 0.1283987 0.0015873 0.0160766
vn 0.0000000 -1.0000000 0.0000000
v 0.1505727 0.0015873 0.0377365
vn 0.0000000 -1.0000000 0.0000000
v 0.1505727 0.0015873 0.0377365
vn 0.0000000 -1.0000000 0.0000000
v 0.1490235 0.0015873 0.0367014
vn 0.0000000 -1.0000000 0.0000000
v 0.1479884 0.0015873 0.0351521
vn 0.0000000 -1.0000000 0.0000000
v 0.1479884 0.0015873 0.0351521
vn 0.0000000 -1.0000000 0.0000000
v 0.1476249 0.0015873 0.0333248
vn 0.0000000 -1.0000000 0.0000000
v 0.1524001 0.0015873 0.0380999
vn 0.0000000 -1.0000000 0.0000000
v 0.1473832 0.0015873 0.0194352
vn 0.0000000 -1.0000000 0.0000000
v 0.1476249 0.0015873 0.0206501
vn 0.0000000 1.0000000 0.0000000
v 0.1444499 0.0238123 0.0174752
vn 0.0000000 1.0000000 0.0000000
v 0.1524001 0.0238123 0.0127000
vn 0.0000000 1.0000000 0.0000000
v 0.1524001 0.0238123 0.0127000
vn 0.0000000 1.0000000 0.0000000
v 0.1524001 0.0238123 0.0127000
vn 0.0000000 1.0000000 0.0000000
v 0.1524001 0.0238123 0.0127000
vn 0.0000000 1.0000000 0.0000000
v 0.1270001 0.0238123 0.0127000
vn 0.0000000 1.0000000 0.0000000
v 0.1456649 0.0238123 0.0177169
vn 0.0000000 1.0000000 0.0000000
v 0.1466950 0.0238123 0.0184051
vn 0.0000000 1.0000000 0.0000000
v 0.1466950 0.0238123 0.0184051
vn 0.0000000 1.0000000 0.0000000
v 0.1317753 0.0238123 0.0174752
vn 0.0000000 1.0000000 0.0000000
v 0.1317753 0.0238123 0.0174752
vn 0.0000000 1.0000000 0.0000000
v 0.1273636 0.0238123 0.0145274
vn 0.0000000 1.0000000 0.0000000
v 0.1273636 0.0238123 0.0145274
vn 0.0000000 1.0000000 0.0000000
v 0.1273636 0.0238123 0.0145274
vn 0.0000000 1.0000000 0.0000000
v 0.1283987 0.0238123 0.0160766
vn 0.0000000 1.0000000 0.0000000
v 0.1299479 0.0238123 0.0171116
vn 0.0000000 1.0000000 0.0000000
v 0.1299479 0.0238123 0.0171116
vn 0.0000000 1.0000000 0.0000000
v 0.1505727 0.0238123 0.0377365
vn 0.0000000 1.0000000 0.0000000
v 0.1505727 0.0238123 0.0377365
vn 0.0000000 1.0000000 0.0000000
v 0.1479884 0.0238123 0.0351521
vn 0.0000000 1.0000000 0.0000000
v 0.1479884 0.0238123 0.0351521
vn 0.0000000 1.0000000 0.0000000
v 0.1490235 0.0238123 0.0367014
vn 0.0000000 1.0000000 0.0000000
v 0.1524001 0.0238123 0.0380999
vn 0.0000000 1.0000000 0.0000000
v 0.1524001 0.0238123 0.0380999
vn 0.0000000 1.0000000 0.0000000
v 0.1476249 0.0238123 0.0333248
vn 0.0000000 1.0000000 0.0000000
v 0.1476249 0.0238123 0.0333248
vn 0.0000000 1.0000000 0.0000000
v 0.1473832 0.0238123 0.0194352
vn 0.0000000 1.0000000 0.0000000
v 0.1473832 0.0238123 0.0194352
vn 0.0000000 1.0000000 0.0000000
v 0.1476249 0.0238123 0.0206501
vn 0.0000000 1.0000000 0.0000000
v 0.1476249 0.0238123 0.0206501
vn 0.0000000 1.0000000 0.0000000
v 0.1476249 0.0238123 0.0206501
vn 0.0000000 -0.9749219 -0.2225475
v 0.1500125 0.0162685 0.0254000
vn 0.0000000 -0.9009626 -0.4338968
v 0.1476249 0.0159151 0.0269484
vn 0.0000000 -0.9749218 -0.2225475
v 0.1476249 0.0162685 0.0254000
vn 0.0000000 -0.2225345 -0.9749248
v 0.1476249 0.0134939 0.0288792
vn 0.0000000 -0.6235001 -0.7818233
v 0.1476249 0.0149249 0.0281901
vn 0.0000000 -0.6235000 -0.7818233
v 0.1524001 0.0149249 0.0281901
vn 0.0000000 -0.9009626 -0.4338968
v 0.1524001 0.0159151 0.0269484
vn 0.0000000 -0.9749218 -0.2225476
v 0.1524001 0.0162685 0.0254000
vn 0.0000000 -0.2225345 -0.9749248
v 0.1524001 0.0134939 0.0288792
vn 0.0000000 0.2225359 -0.9749245
v 0.1524001 0.0119057 0.0288792
vn 0.0000000 0.2225359 -0.9749245
v 0.1476249 0.0119057 0.0288792
vn 0.0000000 0.6234897 -0.7818316
v 0.1524001 0.0104748 0.0281901
vn 0.0000000 0.9749299 -0.2225125
v 0.1500125 0.0091311 0.0254000
vn 0.0000000 0.9749299 -0.2225124
v 0.1476249 0.0091311 0.0254000
vn 0.0000000 0.9009641 -0.4338938
v 0.1476249 0.0094845 0.0269484
vn 0.0000000 0.6234897 -0.7818316
v 0.1476249 0.0104748 0.0281901
vn 0.0000000 0.9749299 -0.2225125
v 0.1524001 0.0091311 0.0254000
vn 0.0000000 0.9009641 -0.4338938
v 0.1524001 0.0094845 0.0269484
vn 0.2225147 0.9749293 0.0000000
v 0.1397001 0.0091311 0.0150876
vn 0.4338915 0.9009652 0.0000000
v 0.1381517 0.0094845 0.0174752
vn 0.2225147 0.9749293 0.0000000
v 0.1397001 0.0091311 0.0174752
vn 0.7818372 0.6234826 0.0000000
v 0.1369100 0.0104748 0.0174752
vn 0.7818372 0.6234827 0.0000000
v 0.1369100 0.0104748 0.0127000
vn 0.9749273 0.2225235 0.0000000
v 0.1362209 0.0119057 0.0127000
vn 0.4338915 0.9009652 0.0000000
v 0.1381517 0.0094845 0.0127000
vn 0.2225147 0.9749293 0.0000000
v 0.1397001 0.0091311 0.0127000
vn 0.9749277 -0.2225221 0.0000000
v 0.1362209 0.0134939 0.0127000
vn 0.9749277 -0.2225221 0.0000000
v 0.1362209 0.0134939 0.0174752
vn 0.7818289 -0.6234930 0.0000000
v 0.1369100 0.0149249 0.0174752
vn 0.2225499 -0.9749213 0.0000000
v 0.1397001 0.0162685 0.0150876
vn 0.2225499 -0.9749213 0.0000000
v 0.1397001 0.0162685 0.0174752
vn 0.4338946 -0.9009637 0.0000000
v 0.1381517 0.0159151 0.0174752
vn 0.7818289 -0.6234930 0.0000000
v 0.1369100 0.0149249 0.0127000
vn 0.2225498 -0.9749213 0.0000000
v 0.1397001 0.0162685 0.0127000
vn 0.4338945 -0.9009637 0.0000000
v 0.1381517 0.0159151 0.0127000
vn -0.9749277 -0.2225221 0.0000000
v 0.1431794 0.0134939 0.0174752
vn 0.9749273 0.2225235 0.0000000
v 0.1362209 0.0119057 0.0174752
vn -0.2225123 0.0000000 0.9749299
v -0.0254000 0.3278122 -0.0035686
vn -0.2225123 0.0000000 0.9749299
v -0.0254000 0.3254246 -0.0035686
vn -0.4338683 0.0000000 0.9009763
v -0.0238516 0.3254246 -0.0032153
vn -0.7818270 0.0000000 0.6234954
v -0.0226098 0.3254246 -0.0022250
vn -0.9749292 0.0000000 0.2225155
v -0.0219207 0.3254246 -0.0007941
vn -0.9749292 0.0000000 0.2225155
v -0.0219207 0.3301998 -0.0007941
vn -0.7818270 0.0000000 0.6234955
v -0.0226098 0.3301998 -0.0022250
vn -0.4338683 0.0000000 0.9009763
v -0.0238516 0.3301998 -0.0032153
vn -0.2225123 0.0000000 0.9749299
v -0.0254000 0.3301998 -0.0035686
vn -0.9749292 0.0000000 -0.2225155
v -0.0219207 0.3301998 0.0007941
vn -0.9749292 0.0000000 -0.2225155
v -0.0219207 0.3254246 0.0007941
vn -0.7818270 0.0000000 -0.6234955
v -0.0226098 0.3254246 0.0022250
vn -0.7818270 0.0000000 -0.6234955
v -0.0226098 0.3301998 0.0022250
vn -0.2225123 0.0000000 -0.9749299
v -0.0254000 0.3278122 0.0035686
vn -0.4338683 0.0000000 -0.9009763
v -0.0238516 0.3254246 0.0032153
vn -0.2225123 0.0000000 -0.9749299
v -0.0254000 0.3254246 0.0035686
vn -0.4338683 0.0000000 -0.9009764
v -0.0238516 0.3301998 0.0032153
vn -0.2225123 0.0000000 -0.9749299
v -0.0254000 0.3301998 0.0035686
vn 0.0000000 -0.2225122 -0.9749299
v -0.0150876 0.3174998 0.0035686
vn 0.0000000 -0.2225123 -0.9749299
v -0.0174752 0.3174998 0.0035686
vn 0.0000000 -0.4338587 -0.9009809
v -0.0174752 0.3190482 0.0032153
vn 0.0000000 -0.7818187 -0.6235058
v -0.0174752 0.3202900 0.0022250
vn 0.0000000 -0.9749286 -0.2225181
v -0.0174752 0.3209791 0.0007941
vn 0.0000000 -0.9749286 -0.2225181
v -0.0127000 0.3209791 0.0007941
vn 0.0000000 -0.7818187 -0.6235058
v -0.0127000 0.3202900 0.0022250
vn 0.0000000 -0.4338587 -0.9009809
v -0.0127000 0.3190482 0.0032153
vn 0.0000000 -0.2225123 -0.9749299
v -0.0127000 0.3174998 0.0035686
vn 0.0000000 -0.9749286 0.2225181
v -0.0174752 0.3209791 -0.0007941
vn 0.0000000 -0.9749286 0.2225181
v -0.0127000 0.3209791 -0.0007941
vn 0.0000000 -0.7818187 0.6235058
v -0.0174752 0.3202900 -0.0022250
vn 0.0000000 -0.7818187 0.6235058
v -0.0127000 0.3202900 -0.0022250
vn 0.0000000 -0.2225122 0.9749299
v -0.0150876 0.3174998 -0.0035686
vn 0.0000000 -0.4338587 0.9009809
v -0.0174752 0.3190482 -0.0032153
vn 0.0000000 -0.2225123 0.9749299
v -0.0174752 0.3174998 -0.0035686
vn 0.0000000 -0.4338587 0.9009809
v -0.0127000 0.3190482 -0.0032153
vn 0.0000000 -0.2225123 0.9749299
v -0.0127000 0.3174998 -0.0035686
vn 0.0000000 -1.0000000 0.0000000
v -0.0333248 0.3254246 0.0000000
vn 0.0000000 -1.0000000 0.0000000
v -0.0333248 0.3254246 -0.0111124
vn 0.0000000 -1.0000000 0.0000000
v -0.0333248 0.3254246 -0.0111124
vn 0.0000000 -1.0000000 0.0000000
v -0.0333248 0.3254246 -0.0111124
vn 0.0000000 -1.0000000 0.0000000
v -0.0333248 0.3254246 -0.0111124
vn 0.0000000 -1.0000000 0.0000000
v -0.0288792 0.3254246 -0.0007941
vn 0.0000000 -1.0000000 0.0000000
v -0.0288792 0.3254246 -0.0007941
vn 0.0000000 -1.0000000 0.0000000
v -0.0281901 0.3254246 -0.0022250
vn 0.0000000 -1.0000000 0.0000000
v -0.0281901 0.3254246 -0.0022250
vn 0.0000000 -1.0000000 0.0000000
v -0.0269484 0.3254246 -0.0032153
vn 0.0000000 -1.0000000 0.0000000
v -0.0269484 0.3254246 -0.0032153
vn 0.0000000 -1.0000000 0.0000000
v -0.0254000 0.3254246 -0.0035686
vn 0.0000000 -1.0000000 0.0000000
v -0.0254000 0.3254246 -0.0035686
vn 0.0000000 -1.0000000 0.0000000
v -0.0254000 0.3254246 -0.0035686
vn 0.0000000 -1.0000000 0.0000000
v -0.0206501 0.3254246 -0.0111124
vn 0.0000000 -1.0000000 0.0000000
v -0.0206501 0.3254246 -0.0111124
vn 0.0000000 -1.0000000 0.0000000
v -0.0206501 0.3254246 -0.0111124
vn 0.0000000 -1.0000000 0.0000000
v -0.0206501 0.3254246 -0.0111124
vn 0.0000000 -1.0000000 0.0000000
v -0.0288792 0.3254246 0.0007941
vn 0.0000000 -1.0000000 0.0000000
v -0.0288792 0.3254246 0.0007941
vn 0.0000000 -1.0000000 0.0000000
v -0.0333248 0.3254246 0.0111124
vn 0.0000000 -1.0000000 0.0000000
v -0.0333248 0.3254246 0.0111124
vn 0.0000000 -1.0000000 0.0000000
v -0.0333248 0.3254246 0.0111124
vn 0.0000000 -1.0000000 0.0000000
v -0.0281901 0.3254246 0.0022250
vn 0.0000000 -1.0000000 0.0000000
v -0.0281901 0.3254246 0.0022250
vn 0.0000000 -1.0000000 0.0000000
v -0.0269484 0.3254246 0.0032153
vn 0.0000000 -1.0000000 0.0000000
v -0.0269484 0.3254246 0.0032153
vn 0.0000000 -1.0000000 0.0000000
v -0.0254000 0.3254246 0.0035686
vn 0.0000000 -1.0000000 0.0000000
v -0.0254000 0.3254246 0.0035686
vn 0.0000000 -1.0000000 0.0000000
v -0.0226098 0.3254246 -0.0022250
vn 0.0000000 -1.0000000 0.0000000
v -0.0226098 0.3254246 -0.0022250
vn 0.0000000 -1.0000000 0.0000000
v -0.0226098 0.3254246 -0.0022250
vn 0.0000000 -1.0000000 0.0000000
v -0.0238516 0.3254246 -0.0032153
vn 0.0000000 -1.0000000 0.0000000
v -0.0238516 0.3254246 -0.0032153
vn 0.0000000 -1.0000000 0.0000000
v -0.0219207 0.3254246 -0.0007941
vn 0.0000000 -1.0000000 0.0000000
v -0.0206501 0.3254246 0.0000000
vn 0.0000000 -1.0000000 0.0000000
v -0.0206501 0.3254246 0.0000000
vn 0.0000000 -1.0000000 0.0000000
v -0.0219207 0.3254246 0.0007941
vn 0.0000000 -1.0000000 0.0000000
v -0.0206501 0.3254246 0.0111124
vn 0.0000000 -1.0000000 0.0000000
v -0.0206501 0.3254246 0.0111124
vn 0.0000000 -1.0000000 0.0000000
v -0.0206501 0.3254246 0.0111124
vn 0.0000000 -1.0000000 0.0000000
v -0.0206501 0.3254246 0.0111124
vn 0.0000000 -1.0000000 0.0000000
v -0.0238516 0.3254246 0.0032153
vn 0.0000000 -1.0000000 0.0000000
v -0.0238516 0.3254246 0.0032153
vn 0.0000000 -1.0000000 0.0000000
v -0.0226098 0.3254246 0.0022250
vn 0.0000000 -1.0000000 0.0000000
v -0.0226098 0.3254246 0.0022250
vn 0.0000000 -1.0000000 0.0000000
v -0.0226098 0.3254246 0.0022250
vn 0.0000000 1.0000000 0.0000000
v -0.0254000 0.3301998 0.0035686
vn 0.0000000 1.0000000 0.0000000
v -0.0127000 0.3301998 0.0111124
vn 0.0000000 1.0000000 0.0000000
v -0.0127000 0.3301998 0.0111124
vn 0.0000000 1.0000000 0.0000000
v -0.0127000 0.3301998 0.0111124
vn 0.0000000 1.0000000 0.0000000
v -0.0127000 0.3301998 0.0111124
vn 0.0000000 1.0000000 0.0000000
v -0.0238516 0.3301998 0.0032153
vn 0.0000000 1.0000000 0.0000000
v -0.0226098 0.3301998 0.0022250
vn 0.0000000 1.0000000 0.0000000
v -0.0226098 0.3301998 0.0022250
vn 0.0000000 1.0000000 0.0000000
v -0.0219207 0.3301998 0.0007941
vn 0.0000000 1.0000000 0.0000000
v -0.0219207 0.3301998 0.0007941
vn 0.0000000 1.0000000 0.0000000
v -0.0127000 0.3301998 -0.0111124
vn 0.0000000 1.0000000 0.0000000
v -0.0127000 0.3301998 -0.0111124
vn 0.0000000 1.0000000 0.0000000
v -0.0127000 0.3301998 -0.0111124
vn 0.0000000 1.0000000 0.0000000
v -0.0219207 0.3301998 -0.0007941
vn 0.0000000 1.0000000 0.0000000
v -0.0219207 0.3301998 -0.0007941
vn 0.0000000 1.0000000 0.0000000
v -0.0219207 0.3301998 -0.0007941
vn 0.0000000 1.0000000 0.0000000
v -0.0269484 0.3301998 0.0032153
vn 0.0000000 1.0000000 0.0000000
v -0.0269484 0.3301998 0.0032153
vn 0.0000000 1.0000000 0.0000000
v -0.0380999 0.3301998 0.0111124
vn 0.0000000 1.0000000 0.0000000
v -0.0380999 0.3301998 0.0111124
vn 0.0000000 1.0000000 0.0000000
v -0.0380999 0.3301998 0.0000000
vn 0.0000000 1.0000000 0.0000000
v -0.0281901 0.3301998 0.0022250
vn 0.0000000 1.0000000 0.0000000
v -0.0281901 0.3301998 0.0022250
vn 0.0000000 1.0000000 0.0000000
v -0.0288792 0.3301998 0.0007941
vn 0.0000000 1.0000000 0.0000000
v -0.0226098 0.3301998 -0.0022250
vn 0.0000000 1.0000000 0.0000000
v -0.0226098 0.3301998 -0.0022250
vn 0.0000000 1.0000000 0.0000000
v -0.0254000 0.3301998 -0.0035686
vn 0.0000000 1.0000000 0.0000000
v -0.0238516 0.3301998 -0.0032153
vn 0.0000000 1.0000000 0.0000000
v -0.0380999 0.3301998 -0.0111124
vn 0.0000000 1.0000000 0.0000000
v -0.0380999 0.3301998 -0.0111124
vn 0.0000000 1.0000000 0.0000000
v -0.0281901 0.3301998 -0.0022250
vn 0.0000000 1.0000000 0.0000000
v -0.0281901 0.3301998 -0.0022250
vn 0.0000000 1.0000000 0.0000000
v -0.0288792 0.3301998 -0.0007941
vn 0.0000000 1.0000000 0.0000000
v -0.0269484 0.3301998 -0.0032153
vn 0.0000000 1.0000000 0.0000000
v -0.0269484 0.3301998 -0.0032153
vn 1.0000000 0.0000000 0.0000000
v -0.0127000 0.3140206 -0.0007941
vn 1.0000000 0.0000000 0.0000000
v -0.0127000 0.3047998 0.0000000
vn 1.0000000 0.0000000 0.0000000
v -0.0127000 0.3047998 0.0000000
vn 1.0000000 0.0000000 0.0000000
v -0.0127000 0.3147097 -0.0022250
vn 1.0000000 0.0000000 0.0000000
v -0.0127000 0.3047998 -0.0111124
vn 1.0000000 0.0000000 0.0000000
v -0.0127000 0.3159515 -0.0032153
vn 1.0000000 0.0000000 0.0000000
v -0.0127000 0.3174998 -0.0035686
vn 1.0000000 0.0000000 0.0000000
v -0.0127000 0.3174998 -0.0035686
vn 1.0000000 0.0000000 0.0000000
v -0.0127000 0.3147097 0.0022250
vn 1.0000000 0.0000000 0.0000000
v -0.0127000 0.3147097 0.0022250
vn 1.0000000 0.0000000 0.0000000
v -0.0127000 0.3047998 0.0111124
vn 1.0000000 0.0000000 0.0000000
v -0.0127000 0.3159515 0.0032153
vn 1.0000000 0.0000000 0.0000000
v -0.0127000 0.3140206 0.0007941
vn 1.0000000 0.0000000 0.0000000
v -0.0127000 0.3140206 0.0007941
vn 1.0000000 0.0000000 0.0000000
v -0.0127000 0.3174998 0.0035686
vn 1.0000000 0.0000000 0.0000000
v -0.0127000 0.3174998 0.0035686
vn 1.0000000 0.0000000 0.0000000
v -0.0127000 0.3301998 -0.0111124
vn 1.0000000 0.0000000 0.0000000
v -0.0127000 0.3301998 -0.0111124
vn 1.0000000 0.0000000 0.0000000
v -0.0127000 0.3190482 -0.0032153
vn 1.0000000 0.0000000 0.0000000
v -0.0127000 0.3190482 -0.0032153
vn 1.0000000 0.0000000 0.0000000
v -0.0127000 0.3209791 -0.0007941
vn 1.0000000 0.0000000 0.0000000
v -0.0127000 0.3202900 -0.0022250
vn 1.0000000 0.0000000 0.0000000
v -0.0127000 0.3301998 0.0111124
vn 1.0000000 0.0000000 0.0000000
v -0.0127000 0.3301998 0.0111124
vn 1.0000000 0.0000000 0.0000000
v -0.0127000 0.3190482 0.0032153
vn 1.0000000 0.0000000 0.0000000
v -0.0127000 0.3190482 0.0032153
vn 1.0000000 0.0000000 0.0000000
v -0.0127000 0.3202900 0.0022250
vn 1.0000000 0.0000000 0.0000000
v -0.0127000 0.3209791 0.0007941
vn -1.0000000 0.0000000 0.0000000
v -0.0174752 0.3209791 -0.0007941
vn -1.0000000 0.0000000 0.0000000
v -0.0174752 0.3222496 0.0000000
vn -1.0000000 0.0000000 0.0000000
v -0.0174752 0.3222496 0.0000000
vn -1.0000000 0.0000000 0.0000000
v -0.0174752 0.3202900 -0.0022250
vn -1.0000000 0.0000000 0.0000000
v -0.0174752 0.3222496 -0.0111124
vn -1.0000000 0.0000000 0.0000000
v -0.0174752 0.3222496 -0.0111124
vn -1.0000000 0.0000000 0.0000000
v -0.0174752 0.3190482 -0.0032153
vn -1.0000000 0.0000000 0.0000000
v -0.0174752 0.3190482 -0.0032153
vn -1.0000000 0.0000000 0.0000000
v -0.0174752 0.3174998 -0.0035686
vn -1.0000000 0.0000000 0.0000000
v -0.0174752 0.3174998 -0.0035686
vn -1.0000000 0.0000000 0.0000000
v -0.0174752 0.3095750 -0.0111124
vn -1.0000000 0.0000000 0.0000000
v -0.0174752 0.3095750 -0.0111124
vn -1.0000000 0.0000000 0.0000000
v -0.0174752 0.3202900 0.0022250
vn -1.0000000 0.0000000 0.0000000
v -0.0174752 0.3202900 0.0022250
vn -1.0000000 0.0000000 0.0000000
v -0.0174752 0.3222496 0.0111124
vn -1.0000000 0.0000000 0.0000000
v -0.0174752 0.3222496 0.0111124
vn -1.0000000 0.0000000 0.0000000
v -0.0174752 0.3222496 0.0111124
vn -1.0000000 0.0000000 0.0000000
v -0.0174752 0.3190482 0.0032153
vn -1.0000000 0.0000000 0.0000000
v -0.0174752 0.3190482 0.0032153
vn -1.0000000 0.0000000 0.0000000
v -0.0174752 0.3209791 0.0007941
vn -1.0000000 0.0000000 0.0000000
v -0.0174752 0.3209791 0.0007941
vn -1.0000000 0.0000000 0.0000000
v -0.0174752 0.3174998 0.0035686
vn -1.0000000 0.0000000 0.0000000
v -0.0174752 0.3174998 0.0035686
vn -1.0000000 0.0000000 0.0000000
v -0.0174752 0.3174998 0.0035686
vn -1.0000000 0.0000000 0.0000000
v -0.0174752 0.3147097 -0.0022250
vn -1.0000000 0.0000000 0.0000000
v -0.0174752 0.3147097 -0.0022250
vn -1.0000000 0.0000000 0.0000000
v -0.0174752 0.3159515 -0.0032153
vn -1.0000000 0.0000000 0.0000000
v -0.0174752 0.3159515 -0.0032153
vn -1.0000000 0.0000000 0.0000000
v -0.0174752 0.3095750 0.0000000
vn -1.0000000 0.0000000 0.0000000
v -0.0174752 0.3140206 -0.0007941
vn -1.0000000 0.0000000 0.0000000
v -0.0174752 0.3140206 0.0007941
vn -1.0000000 0.0000000 0.0000000
v -0.0174752 0.3140206 0.0007941
vn -1.0000000 0.0000000 0.0000000
v -0.0174752 0.3095750 0.0111124
vn -1.0000000 0.0000000 0.0000000
v -0.0174752 0.3095750 0.0111124
vn -1.0000000 0.0000000 0.0000000
v -0.0174752 0.3095750 0.0111124
vn -1.0000000 0.0000000 0.0000000
v -0.0174752 0.3159515 0.0032153
vn -1.0000000 0.0000000 0.0000000
v -0.0174752 0.3147097 0.0022250
vn -1.0000000 0.0000000 0.0000000
v -0.0174752 0.3147097 0.0022250
vn -0.9807793 -0.1951203 0.0000000
v -0.0174752 0.3095750 0.0000000
vn -0.9238840 -0.3826726 0.0000000
v -0.0171116 0.3077477 0.0111124
vn -0.9807793 -0.1951203 0.0000000
v -0.0174752 0.3095750 0.0111124
vn -0.9238840 -0.3826726 0.0000000
v -0.0171116 0.3077477 -0.0111124
vn -0.7071205 -0.7070931 0.0000000
v -0.0160766 0.3061984 -0.0111124
vn -0.9807793 -0.1951203 0.0000000
v -0.0174752 0.3095750 -0.0111124
vn -0.1950917 -0.9807851 0.0000000
v -0.0127000 0.3047998 0.0000000
vn -0.1950916 -0.9807850 0.0000000
v -0.0127000 0.3047998 0.0111124
vn -0.3826770 -0.9238822 0.0000000
v -0.0145274 0.3051633 0.0111124
vn -0.3826769 -0.9238822 0.0000000
v -0.0145274 0.3051633 -0.0111124
vn -0.7071205 -0.7070931 0.0000000
v -0.0160766 0.3061984 0.0111124
vn -0.1950916 -0.9807850 0.0000000
v -0.0127000 0.3047998 -0.0111124
vn -0.9807822 -0.1951058 0.0000000
v -0.0174752 0.3222496 0.0000000
vn -0.9807822 -0.1951057 0.0000000
v -0.0174752 0.3222496 0.0111124
vn -0.9238808 -0.3826804 0.0000000
v -0.0177169 0.3234646 0.0111124
vn -0.9238809 -0.3826803 0.0000000
v -0.0177169 0.3234646 -0.0111124
vn -0.7071102 -0.7071034 0.0000000
v -0.0184051 0.3244947 0.0111124
vn -0.9807822 -0.1951057 0.0000000
v -0.0174752 0.3222496 -0.0111124
vn -0.1951078 -0.9807819 0.0000000
v -0.0206501 0.3254246 0.0000000
vn -0.3826857 -0.9238786 0.0000000
v -0.0194352 0.3251829 0.0111124
vn -0.1951077 -0.9807818 0.0000000
v -0.0206501 0.3254246 0.0111124
vn -0.3826858 -0.9238786 0.0000000
v -0.0194352 0.3251829 -0.0111124
vn -0.7071103 -0.7071033 0.0000000
v -0.0184051 0.3244947 -0.0111124
vn -0.1951077 -0.9807818 0.0000000
v -0.0206501 0.3254246 -0.0111124
vn -0.9807857 -0.1950886 0.0000000
v -0.0380999 0.3301998 0.0000000
vn -0.9238902 -0.3826577 0.0000000
v -0.0377365 0.3283725 0.0111124
vn -0.9807856 -0.1950886 0.0000000
v -0.0380999 0.3301998 0.0111124
vn -0.9238902 -0.3826576 0.0000000
v -0.0377365 0.3283725 -0.0111124
vn -0.7071130 -0.7071007 0.0000000
v -0.0367014 0.3268232 -0.0111124
vn -0.7071129 -0.7071007 0.0000000
v -0.0367014 0.3268232 0.0111124
vn -0.9807856 -0.1950886 0.0000000
v -0.0380999 0.3301998 -0.0111124
vn -0.1950978 -0.9807838 0.0000000
v -0.0333248 0.3254246 0.0000000
vn -0.1950978 -0.9807838 0.0000000
v -0.0333248 0.3254246 0.0111124
vn -0.3826700 -0.9238851 0.0000000
v -0.0351521 0.3257881 0.0111124
vn -0.3826700 -0.9238851 0.0000000
v -0.0351521 0.3257881 -0.0111124
vn -0.1950978 -0.9807838 0.0000000
v -0.0333248 0.3254246 -0.0111124
vn 0.0000000 0.0000000 1.0000000
v -0.0206501 0.3254246 0.0111124
vn 0.0000000 0.0000000 1.0000000
v -0.0127000 0.3301998 0.0111124
vn 0.0000000 0.0000000 1.0000000
v -0.0127000 0.3301998 0.0111124
vn 0.0000000 0.0000000 1.0000000
v -0.0380999 0.3301998 0.0111124
vn 0.0000000 0.0000000 1.0000000
v -0.0380999 0.3301998 0.0111124
vn 0.0000000 0.0000000 1.0000000
v -0.0380999 0.3301998 0.0111124
vn 0.0000000 0.0000000 1.0000000
v -0.0194352 0.3251829 0.0111124
vn 0.0000000 0.0000000 1.0000000
v -0.0184051 0.3244947 0.0111124
vn 0.0000000 0.0000000 1.0000000
v -0.0184051 0.3244947 0.0111124
vn 0.0000000 0.0000000 1.0000000
v -0.0333248 0.3254246 0.0111124
vn 0.0000000 0.0000000 1.0000000
v -0.0333248 0.3254246 0.0111124
vn 0.0000000 0.0000000 1.0000000
v -0.0351521 0.3257881 0.0111124
vn 0.0000000 0.0000000 1.0000000
v -0.0351521 0.3257881 0.0111124
vn 0.0000000 0.0000000 1.0000000
v -0.0351521 0.3257881 0.0111124
vn 0.0000000 0.0000000 1.0000000
v -0.0377365 0.3283725 0.0111124
vn 0.0000000 0.0000000 1.0000000
v -0.0377365 0.3283725 0.0111124
vn 0.0000000 0.0000000 1.0000000
v -0.0367014 0.3268232 0.0111124
vn 0.0000000 0.0000000 1.0000000
v -0.0127000 0.3047998 0.0111124
vn 0.0000000 0.0000000 1.0000000
v -0.0127000 0.3047998 0.0111124
vn 0.0000000 0.0000000 1.0000000
v -0.0127000 0.3047998 0.0111124
vn 0.0000000 0.0000000 1.0000000
v -0.0127000 0.3047998 0.0111124
vn 0.0000000 0.0000000 1.0000000
v -0.0171116 0.3077477 0.0111124
vn 0.0000000 0.0000000 1.0000000
v -0.0171116 0.3077477 0.0111124
vn 0.0000000 0.0000000 1.0000000
v -0.0160766 0.3061984 0.0111124
vn 0.0000000 0.0000000 1.0000000
v -0.0160766 0.3061984 0.0111124
vn 0.0000000 0.0000000 1.0000000
v -0.0145274 0.3051633 0.0111124
vn 0.0000000 0.0000000 1.0000000
v -0.0174752 0.3095750 0.0111124
vn 0.0000000 0.0000000 1.0000000
v -0.0174752 0.3095750 0.0111124
vn 0.0000000 0.0000000 1.0000000
v -0.0177169 0.3234646 0.0111124
vn 0.0000000 0.0000000 1.0000000
v -0.0177169 0.3234646 0.0111124
vn 0.0000000 0.0000000 1.0000000
v -0.0174752 0.3222496 0.0111124
vn 0.0000000 0.0000000 -1.0000000
v -0.0206501 0.3254246 -0.0111124
vn 0.0000000 0.0000000 -1.0000000
v -0.0380999 0.3301998 -0.0111124
vn 0.0000000 0.0000000 -1.0000000
v -0.0380999 0.3301998 -0.0111124
vn 0.0000000 0.0000000 -1.0000000
v -0.0380999 0.3301998 -0.0111124
vn 0.0000000 0.0000000 -1.0000000
v -0.0127000 0.3301998 -0.0111124
vn 0.0000000 0.0000000 -1.0000000
v -0.0127000 0.3301998 -0.0111124
vn 0.0000000 0.0000000 -1.0000000
v -0.0194352 0.3251829 -0.0111124
vn 0.0000000 0.0000000 -1.0000000
v -0.0184051 0.3244947 -0.0111124
vn 0.0000000 0.0000000 -1.0000000
v -0.0184051 0.3244947 -0.0111124
vn 0.0000000 0.0000000 -1.0000000
v -0.0333248 0.3254246 -0.0111124
vn 0.0000000 0.0000000 -1.0000000
v -0.0333248 0.3254246 -0.0111124
vn 0.0000000 0.0000000 -1.0000000
v -0.0351521 0.3257881 -0.0111124
vn 0.0000000 0.0000000 -1.0000000
v -0.0351521 0.3257881 -0.0111124
vn 0.0000000 0.0000000 -1.0000000
v -0.0351521 0.3257881 -0.0111124
vn 0.0000000 0.0000000 -1.0000000
v -0.0377365 0.3283725 -0.0111124
vn 0.0000000 0.0000000 -1.0000000
v -0.0377365 0.3283725 -0.0111124
vn 0.0000000 0.0000000 -1.0000000
v -0.0367014 0.3268232 -0.0111124
vn 0.0000000 0.0000000 -1.0000000
v -0.0174752 0.3095750 -0.0111124
vn 0.0000000 0.0000000 -1.0000000
v -0.0174752 0.3095750 -0.0111124
vn 0.0000000 0.0000000 -1.0000000
v -0.0127000 0.3047998 -0.0111124
vn 0.0000000 0.0000000 -1.0000000
v -0.0127000 0.3047998 -0.0111124
vn 0.0000000 0.0000000 -1.0000000
v -0.0160766 0.3061984 -0.0111124
vn 0.0000000 0.0000000 -1.0000000
v -0.0160766 0.3061984 -0.0111124
vn 0.0000000 0.0000000 -1.0000000
v -0.0160766 0.3061984 -0.0111124
vn 0.0000000 0.0000000 -1.0000000
v -0.0145274 0.3051633 -0.0111124
vn 0.0000000 0.0000000 -1.0000000
v -0.0171116 0.3077477 -0.0111124
vn 0.0000000 0.0000000 -1.0000000
v -0.0177169 0.3234646 -0.0111124
vn 0.0000000 0.0000000 -1.0000000
v -0.0177169 0.3234646 -0.0111124
vn 0.0000000 0.0000000 -1.0000000
v -0.0174752 0.3222496 -0.0111124
vn 0.0000000 0.2225286 0.9749262
v -0.0150876 0.3174998 -0.0035686
vn 0.0000000 0.2225286 0.9749262
v -0.0174752 0.3174998 -0.0035686
vn 0.0000000 0.4338662 0.9009773
v -0.0174752 0.3159515 -0.0032153
vn 0.0000000 0.7818187 0.6235058
v -0.0174752 0.3147097 -0.0022250
vn 0.0000000 0.9749286 0.2225181
v -0.0174752 0.3140206 -0.0007941
vn 0.0000000 0.9749286 0.2225181
v -0.0127000 0.3140206 -0.0007941
vn 0.0000000 0.7818187 0.6235058
v -0.0127000 0.3147097 -0.0022250
vn 0.0000000 0.4338663 0.9009773
v -0.0127000 0.3159515 -0.0032153
vn 0.0000000 0.2225286 0.9749262
v -0.0127000 0.3174998 -0.0035686
vn 0.0000000 0.9749286 -0.2225181
v -0.0174752 0.3140206 0.0007941
vn 0.0000000 0.9749286 -0.2225181
v -0.0127000 0.3140206 0.0007941
vn 0.0000000 0.7818187 -0.6235058
v -0.0174752 0.3147097 0.0022250
vn 0.0000000 0.7818187 -0.6235058
v -0.0127000 0.3147097 0.0022250
vn 0.0000000 0.2225286 -0.9749262
v -0.0150876 0.3174998 0.0035686
vn 0.0000000 0.4338663 -0.9009773
v -0.0174752 0.3159515 0.0032153
vn 0.0000000 0.2225286 -0.9749262
v -0.0174752 0.3174998 0.0035686
vn 0.0000000 0.4338662 -0.9009773
v -0.0127000 0.3159515 0.0032153
vn 0.0000000 0.2225286 -0.9749262
v -0.0127000 0.3174998 0.0035686
vn 0.2225120 0.0000000 -0.9749299
v -0.0254000 0.3278122 0.0035686
vn 0.2225120 0.0000000 -0.9749299
v -0.0254000 0.3254246 0.0035686
vn 0.4338803 0.0000000 -0.9009705
v -0.0269484 0.3254246 0.0032153
vn 0.7818233 0.0000000 -0.6235002
v -0.0281901 0.3254246 0.0022250
vn 0.9749248 0.0000000 -0.2225346
v -0.0288792 0.3254246 0.0007941
vn 0.9749248 0.0000000 -0.2225346
v -0.0288792 0.3301998 0.0007941
vn 0.7818233 0.0000000 -0.6235002
v -0.0281901 0.3301998 0.0022250
vn 0.4338803 0.0000000 -0.9009705
v -0.0269484 0.3301998 0.0032153
vn 0.2225120 0.0000000 -0.9749299
v -0.0254000 0.3301998 0.0035686
vn 0.9749248 0.0000000 0.2225346
v -0.0288792 0.3254246 -0.0007941
vn 0.7818233 0.0000000 0.6235002
v -0.0281901 0.3254246 -0.0022250
vn 0.7818233 0.0000000 0.6235002
v -0.0281901 0.3301998 -0.0022250
vn 0.2225120 0.0000000 0.9749299
v -0.0254000 0.3278122 -0.0035686
vn 0.4338804 0.0000000 0.9009705
v -0.0269484 0.3254246 -0.0032153
vn 0.2225120 0.0000000 0.9749299
v -0.0254000 0.3254246 -0.0035686
vn 0.4338803 0.0000000 0.9009705
v -0.0269484 0.3301998 -0.0032153
vn 0.2225120 0.0000000 0.9749299
v -0.0254000 0.3301998 -0.0035686
vn 0.9749248 0.0000000 0.2225346
v -0.0288792 0.3301998 -0.0007941
vn 0.2225123 0.0000000 0.9749299
v 0.0254000 0.3278122 -0.0035686
vn 0.4338683 0.0000000 0.9009764
v 0.0238516 0.3254246 -0.0032153
vn 0.2225123 0.0000000 0.9749299
v 0.0254000 0.3254246 -0.0035686
vn 0.7818270 0.0000000 0.6234955
v 0.0226098 0.3254246 -0.0022250
vn 0.7818270 0.0000000 0.6234955
v 0.0226098 0.3301998 -0.0022250
vn 0.9749292 0.0000000 0.2225155
v 0.0219207 0.3301998 -0.0007941
vn 0.4338683 0.0000000 0.9009764
v 0.0238516 0.3301998 -0.0032153
vn 0.2225123 0.0000000 0.9749299
v 0.0254000 0.3301998 -0.0035686
vn 0.9749292 0.0000000 -0.2225155
v 0.0219207 0.3301998 0.0007941
vn 0.9749292 0.0000000 -0.2225155
v 0.0219207 0.3254246 0.0007941
vn 0.9749292 0.0000000 0.2225155
v 0.0219207 0.3254246 -0.0007941
vn 0.7818270 0.0000000 -0.6234954
v 0.0226098 0.3301998 0.0022250
vn 0.2225123 0.0000000 -0.9749299
v 0.0254000 0.3278122 0.0035686
vn 0.2225123 0.0000000 -0.9749299
v 0.0254000 0.3254246 0.0035686
vn 0.4338683 0.0000000 -0.9009763
v 0.0238516 0.3254246 0.0032153
vn 0.7818270 0.0000000 -0.6234955
v 0.0226098 0.3254246 0.0022250
vn 0.4338683 0.0000000 -0.9009764
v 0.0238516 0.3301998 0.0032153
vn 0.2225123 0.0000000 -0.9749299
v 0.0254000 0.3301998 0.0035686
vn 0.0000000 -0.2225122 -0.9749299
v 0.0150876 0.3174998 0.0035686
vn 0.0000000 -0.4338587 -0.9009809
v 0.0174752 0.3190482 0.0032153
vn 0.0000000 -0.2225123 -0.9749299
v 0.0174752 0.3174998 0.0035686
vn 0.0000000 -0.7818187 -0.6235058
v 0.0174752 0.3202900 0.0022250
vn 0.0000000 -0.7818187 -0.6235058
v 0.0127000 0.3202900 0.0022250
vn 0.0000000 -0.9749286 -0.2225181
v 0.0127000 0.3209791 0.0007941
vn 0.0000000 -0.4338587 -0.9009809
v 0.0127000 0.3190482 0.0032153
vn 0.0000000 -0.2225123 -0.9749299
v 0.0127000 0.3174998 0.0035686
vn 0.0000000 -0.9749286 -0.2225181
v 0.0174752 0.3209791 0.0007941
vn 0.0000000 -0.9749286 0.2225181
v 0.0127000 0.3209791 -0.0007941
vn 0.0000000 -0.9749286 0.2225181
v 0.0174752 0.3209791 -0.0007941
vn 0.0000000 -0.7818187 0.6235058
v 0.0127000 0.3202900 -0.0022250
vn 0.0000000 -0.2225122 0.9749299
v 0.0150876 0.3174998 -0.0035686
vn 0.0000000 -0.2225123 0.9749299
v 0.0174752 0.3174998 -0.0035686
vn 0.0000000 -0.4338587 0.9009809
v 0.0174752 0.3190482 -0.0032153
vn 0.0000000 -0.7818187 0.6235058
v 0.0174752 0.3202900 -0.0022250
vn 0.0000000 -0.4338587 0.9009809
v 0.0127000 0.3190482 -0.0032153
vn 0.0000000 -0.2225123 0.9749299
v 0.0127000 0.3174998 -0.0035686
vn 0.0000000 -1.0000000 0.0000000
v 0.0333248 0.3254246 0.0000000
vn 0.0000000 -1.0000000 0.0000000
v 0.0288792 0.3254246 -0.0007941
vn 0.0000000 -1.0000000 0.0000000
v 0.0288792 0.3254246 -0.0007941
vn 0.0000000 -1.0000000 0.0000000
v 0.0333248 0.3254246 -0.0111124
vn 0.0000000 -1.0000000 0.0000000
v 0.0333248 0.3254246 -0.0111124
vn 0.0000000 -1.0000000 0.0000000
v 0.0333248 0.3254246 -0.0111124
vn 0.0000000 -1.0000000 0.0000000
v 0.0333248 0.3254246 -0.0111124
vn 0.0000000 -1.0000000 0.0000000
v 0.0281901 0.3254246 -0.0022250
vn 0.0000000 -1.0000000 0.0000000
v 0.0281901 0.3254246 -0.0022250
vn 0.0000000 -1.0000000 0.0000000
v 0.0269484 0.3254246 -0.0032153
vn 0.0000000 -1.0000000 0.0000000
v 0.0269484 0.3254246 -0.0032153
vn 0.0000000 -1.0000000 0.0000000
v 0.0254000 0.3254246 -0.0035686
vn 0.0000000 -1.0000000 0.0000000
v 0.0254000 0.3254246 -0.0035686
vn 0.0000000 -1.0000000 0.0000000
v 0.0254000 0.3254246 -0.0035686
vn 0.0000000 -1.0000000 0.0000000
v 0.0206501 0.3254246 -0.0111124
vn 0.0000000 -1.0000000 0.0000000
v 0.0206501 0.3254246 -0.0111124
vn 0.0000000 -1.0000000 0.0000000
v 0.0206501 0.3254246 -0.0111124
vn 0.0000000 -1.0000000 0.0000000
v 0.0206501 0.3254246 -0.0111124
vn 0.0000000 -1.0000000 0.0000000
v 0.0288792 0.3254246 0.0007941
vn 0.0000000 -1.0000000 0.0000000
v 0.0288792 0.3254246 0.0007941
vn 0.0000000 -1.0000000 0.0000000
v 0.0333248 0.3254246 0.0111124
vn 0.0000000 -1.0000000 0.0000000
v 0.0333248 0.3254246 0.0111124
vn 0.0000000 -1.0000000 0.0000000
v 0.0333248 0.3254246 0.0111124
vn 0.0000000 -1.0000000 0.0000000
v 0.0269484 0.3254246 0.0032153
vn 0.0000000 -1.0000000 0.0000000
v 0.0269484 0.3254246 0.0032153
vn 0.0000000 -1.0000000 0.0000000
v 0.0281901 0.3254246 0.0022250
vn 0.0000000 -1.0000000 0.0000000
v 0.0281901 0.3254246 0.0022250
vn 0.0000000 -1.0000000 0.0000000
v 0.0254000 0.3254246 0.0035686
vn 0.0000000 -1.0000000 0.0000000
v 0.0254000 0.3254246 0.0035686
vn 0.0000000 -1.0000000 0.0000000
v 0.0238516 0.3254246 -0.0032153
vn 0.0000000 -1.0000000 0.0000000
v 0.0238516 0.3254246 -0.0032153
vn 0.0000000 -1.0000000 0.0000000
v 0.0226098 0.3254246 -0.0022250
vn 0.0000000 -1.0000000 0.0000000
v 0.0226098 0.3254246 -0.0022250
vn 0.0000000 -1.0000000 0.0000000
v 0.0226098 0.3254246 -0.0022250
vn 0.0000000 -1.0000000 0.0000000
v 0.0219207 0.3254246 -0.0007941
vn 0.0000000 -1.0000000 0.0000000
v 0.0206501 0.3254246 0.0000000
vn 0.0000000 -1.0000000 0.0000000
v 0.0206501 0.3254246 0.0000000
vn 0.0000000 -1.0000000 0.0000000
v 0.0219207 0.3254246 0.0007941
vn 0.0000000 -1.0000000 0.0000000
v 0.0206501 0.3254246 0.0111124
vn 0.0000000 -1.0000000 0.0000000
v 0.0206501 0.3254246 0.0111124
vn 0.0000000 -1.0000000 0.0000000
v 0.0206501 0.3254246 0.0111124
vn 0.0000000 -1.0000000 0.0000000
v 0.0206501 0.3254246 0.0111124
vn 0.0000000 -1.0000000 0.0000000
v 0.0238516 0.3254246 0.0032153
vn 0.0000000 -1.0000000 0.0000000
v 0.0238516 0.3254246 0.0032153
vn 0.0000000 -1.0000000 0.0000000
v 0.0226098 0.3254246 0.0022250
vn 0.0000000 -1.0000000 0.0000000
v 0.0226098 0.3254246 0.0022250
vn 0.0000000 -1.0000000 0.0000000
v 0.0226098 0.3254246 0.0022250
vn 0.0000000 1.0000000 0.0000000
v 0.0254000 0.3301998 0.0035686
vn 0.0000000 1.0000000 0.0000000
v 0.0238516 0.3301998 0.0032153
vn 0.0000000 1.0000000 0.0000000
v 0.0127000 0.3301998 0.0111124
vn 0.0000000 1.0000000 0.0000000
v 0.0127000 0.3301998 0.0111124
vn 0.0000000 1.0000000 0.0000000
v 0.0127000 0.3301998 0.0111124
vn 0.0000000 1.0000000 0.0000000
v 0.0127000 0.3301998 0.0111124
vn 0.0000000 1.0000000 0.0000000
v 0.0226098 0.3301998 0.0022250
vn 0.0000000 1.0000000 0.0000000
v 0.0226098 0.3301998 0.0022250
vn 0.0000000 1.0000000 0.0000000
v 0.0219207 0.3301998 0.0007941
vn 0.0000000 1.0000000 0.0000000
v 0.0219207 0.3301998 0.0007941
vn 0.0000000 1.0000000 0.0000000
v 0.0219207 0.3301998 -0.0007941
vn 0.0000000 1.0000000 0.0000000
v 0.0219207 0.3301998 -0.0007941
vn 0.0000000 1.0000000 0.0000000
v 0.0219207 0.3301998 -0.0007941
vn 0.0000000 1.0000000 0.0000000
v 0.0269484 0.3301998 0.0032153
vn 0.0000000 1.0000000 0.0000000
v 0.0269484 0.3301998 0.0032153
vn 0.0000000 1.0000000 0.0000000
v 0.0380999 0.3301998 0.0111124
vn 0.0000000 1.0000000 0.0000000
v 0.0380999 0.3301998 0.0111124
vn 0.0000000 1.0000000 0.0000000
v 0.0380999 0.3301998 0.0000000
vn 0.0000000 1.0000000 0.0000000
v 0.0281901 0.3301998 0.0022250
vn 0.0000000 1.0000000 0.0000000
v 0.0281901 0.3301998 0.0022250
vn 0.0000000 1.0000000 0.0000000
v 0.0288792 0.3301998 0.0007941
vn 0.0000000 1.0000000 0.0000000
v 0.0127000 0.3301998 -0.0111124
vn 0.0000000 1.0000000 0.0000000
v 0.0127000 0.3301998 -0.0111124
vn 0.0000000 1.0000000 0.0000000
v 0.0127000 0.3301998 -0.0111124
vn 0.0000000 1.0000000 0.0000000
v 0.0226098 0.3301998 -0.0022250
vn 0.0000000 1.0000000 0.0000000
v 0.0226098 0.3301998 -0.0022250
vn 0.0000000 1.0000000 0.0000000
v 0.0254000 0.3301998 -0.0035686
vn 0.0000000 1.0000000 0.0000000
v 0.0238516 0.3301998 -0.0032153
vn 0.0000000 1.0000000 0.0000000
v 0.0380999 0.3301998 -0.0111124
vn 0.0000000 1.0000000 0.0000000
v 0.0380999 0.3301998 -0.0111124
vn 0.0000000 1.0000000 0.0000000
v 0.0281901 0.3301998 -0.0022250
vn 0.0000000 1.0000000 0.0000000
v 0.0281901 0.3301998 -0.0022250
vn 0.0000000 1.0000000 0.0000000
v 0.0288792 0.3301998 -0.0007941
vn 0.0000000 1.0000000 0.0000000
v 0.0269484 0.3301998 -0.0032153
vn 0.0000000 1.0000000 0.0000000
v 0.0269484 0.3301998 -0.0032153
vn -1.0000000 0.0000000 0.0000000
v 0.0127000 0.3140206 -0.0007941
vn -1.0000000 0.0000000 0.0000000
v 0.0127000 0.3147097 -0.0022250
vn -1.0000000 0.0000000 0.0000000
v 0.0127000 0.3047998 0.0000000
vn -1.0000000 0.0000000 0.0000000
v 0.0127000 0.3047998 0.0000000
vn -1.0000000 0.0000000 0.0000000
v 0.0127000 0.3047998 -0.0111124
vn -1.0000000 0.0000000 0.0000000
v 0.0127000 0.3159515 -0.0032153
vn -1.0000000 0.0000000 0.0000000
v 0.0127000 0.3174998 -0.0035686
vn -1.0000000 0.0000000 0.0000000
v 0.0127000 0.3174998 -0.0035686
vn -1.0000000 0.0000000 0.0000000
v 0.0127000 0.3147097 0.0022250
vn -1.0000000 0.0000000 0.0000000
v 0.0127000 0.3147097 0.0022250
vn -1.0000000 0.0000000 0.0000000
v 0.0127000 0.3047998 0.0111124
vn -1.0000000 0.0000000 0.0000000
v 0.0127000 0.3159515 0.0032153
vn -1.0000000 0.0000000 0.0000000
v 0.0127000 0.3140206 0.0007941
vn -1.0000000 0.0000000 0.0000000
v 0.0127000 0.3140206 0.0007941
vn -1.0000000 0.0000000 0.0000000
v 0.0127000 0.3174998 0.0035686
vn -1.0000000 0.0000000 0.0000000
v 0.0127000 0.3174998 0.0035686
vn -1.0000000 0.0000000 0.0000000
v 0.0127000 0.3301998 -0.0111124
vn -1.0000000 0.0000000 0.0000000
v 0.0127000 0.3301998 -0.0111124
vn -1.0000000 0.0000000 0.0000000
v 0.0127000 0.3190482 -0.0032153
vn -1.0000000 0.0000000 0.0000000
v 0.0127000 0.3190482 -0.0032153
vn -1.0000000 0.0000000 0.0000000
v 0.0127000 0.3209791 -0.0007941
vn -1.0000000 0.0000000 0.0000000
v 0.0127000 0.3202900 -0.0022250
vn -1.0000000 0.0000000 0.0000000
v 0.0127000 0.3301998 0.0111124
vn -1.0000000 0.0000000 0.0000000
v 0.0127000 0.3301998 0.0111124
vn -1.0000000 0.0000000 0.0000000
v 0.0127000 0.3190482 0.0032153
vn -1.0000000 0.0000000 0.0000000
v 0.0127000 0.3190482 0.0032153
vn -1.0000000 0.0000000 0.0000000
v 0.0127000 0.3209791 0.0007941
vn -1.0000000 0.0000000 0.0000000
v 0.0127000 0.3202900 0.0022250
vn 1.0000000 0.0000000 0.0000000
v 0.0174752 0.3209791 -0.0007941
vn 1.0000000 0.0000000 0.0000000
v 0.0174752 0.3202900 -0.0022250
vn 1.0000000 0.0000000 0.0000000
v 0.0174752 0.3222496 0.0000000
vn 1.0000000 0.0000000 0.0000000
v 0.0174752 0.3222496 0.0000000
vn 1.0000000 0.0000000 0.0000000
v 0.0174752 0.3222496 -0.0111124
vn 1.0000000 0.0000000 0.0000000
v 0.0174752 0.3222496 -0.0111124
vn 1.0000000 0.0000000 0.0000000
v 0.0174752 0.3190482 -0.0032153
vn 1.0000000 0.0000000 0.0000000
v 0.0174752 0.3190482 -0.0032153
vn 1.0000000 0.0000000 0.0000000
v 0.0174752 0.3174998 -0.0035686
vn 1.0000000 0.0000000 0.0000000
v 0.0174752 0.3174998 -0.0035686
vn 1.0000000 0.0000000 0.0000000
v 0.0174752 0.3095750 -0.0111124
vn 1.0000000 0.0000000 0.0000000
v 0.0174752 0.3095750 -0.0111124
vn 1.0000000 0.0000000 0.0000000
v 0.0174752 0.3202900 0.0022250
vn 1.0000000 0.0000000 0.0000000
v 0.0174752 0.3202900 0.0022250
vn 1.0000000 0.0000000 0.0000000
v 0.0174752 0.3222496 0.0111124
vn 1.0000000 0.0000000 0.0000000
v 0.0174752 0.3222496 0.0111124
vn 1.0000000 0.0000000 0.0000000
v 0.0174752 0.3222496 0.0111124
vn 1.0000000 0.0000000 0.0000000
v 0.0174752 0.3190482 0.0032153
vn 1.0000000 0.0000000 0.0000000
v 0.0174752 0.3190482 0.0032153
vn 1.0000000 0.0000000 0.0000000
v 0.0174752 0.3209791 0.0007941
vn 1.0000000 0.0000000 0.0000000
v 0.0174752 0.3209791 0.0007941
vn 1.0000000 0.0000000 0.0000000
v 0.0174752 0.3174998 0.0035686
vn 1.0000000 0.0000000 0.0000000
v 0.0174752 0.3174998 0.0035686
vn 1.0000000 0.0000000 0.0000000
v 0.0174752 0.3174998 0.0035686
vn 1.0000000 0.0000000 0.0000000
v 0.0174752 0.3159515 -0.0032153
vn 1.0000000 0.0000000 0.0000000
v 0.0174752 0.3159515 -0.0032153
vn 1.0000000 0.0000000 0.0000000
v 0.0174752 0.3147097 -0.0022250
vn 1.0000000 0.0000000 0.0000000
v 0.0174752 0.3147097 -0.0022250
vn 1.0000000 0.0000000 0.0000000
v 0.0174752 0.3095750 0.0000000
vn 1.0000000 0.0000000 0.0000000
v 0.0174752 0.3140206 -0.0007941
vn 1.0000000 0.0000000 0.0000000
v 0.0174752 0.3140206 0.0007941
vn 1.0000000 0.0000000 0.0000000
v 0.0174752 0.3140206 0.0007941
vn 1.0000000 0.0000000 0.0000000
v 0.0174752 0.3095750 0.0111124
vn 1.0000000 0.0000000 0.0000000
v 0.0174752 0.3095750 0.0111124
vn 1.0000000 0.0000000 0.0000000
v 0.0174752 0.3095750 0.0111124
vn 1.0000000 0.0000000 0.0000000
v 0.0174752 0.3159515 0.0032153
vn 1.0000000 0.0000000 0.0000000
v 0.0174752 0.3147097 0.0022250
vn 1.0000000 0.0000000 0.0000000
v 0.0174752 0.3147097 0.0022250
vn 0.9807793 -0.1951203 0.0000000
v 0.0174752 0.3095750 0.0000000
vn 0.9807793 -0.1951203 0.0000000
v 0.0174752 0.3095750 0.0111124
vn 0.9238840 -0.3826726 0.0000000
v 0.0171116 0.3077477 0.0111124
vn 0.7071205 -0.7070931 0.0000000
v 0.0160766 0.3061984 0.0111124
vn 0.7071205 -0.7070932 0.0000000
v 0.0160766 0.3061984 -0.0111124
vn 0.9807793 -0.1951203 0.0000000
v 0.0174752 0.3095750 -0.0111124
vn 0.9238840 -0.3826726 0.0000000
v 0.0171116 0.3077477 -0.0111124
vn 0.1950917 -0.9807851 0.0000000
v 0.0127000 0.3047998 0.0000000
vn 0.3826770 -0.9238822 0.0000000
v 0.0145274 0.3051633 0.0111124
vn 0.1950916 -0.9807850 0.0000000
v 0.0127000 0.3047998 0.0111124
vn 0.3826770 -0.9238822 0.0000000
v 0.0145274 0.3051633 -0.0111124
vn 0.1950916 -0.9807850 0.0000000
v 0.0127000 0.3047998 -0.0111124
vn 0.9807822 -0.1951058 0.0000000
v 0.0174752 0.3222496 0.0000000
vn 0.9238808 -0.3826804 0.0000000
v 0.0177169 0.3234646 0.0111124
vn 0.9807822 -0.1951057 0.0000000
v 0.0174752 0.3222496 0.0111124
vn 0.9238809 -0.3826804 0.0000000
v 0.0177169 0.3234646 -0.0111124
vn 0.7071103 -0.7071033 0.0000000
v 0.0184051 0.3244947 -0.0111124
vn 0.7071102 -0.7071034 0.0000000
v 0.0184051 0.3244947 0.0111124
vn 0.9807822 -0.1951057 0.0000000
v 0.0174752 0.3222496 -0.0111124
vn 0.1951078 -0.9807819 0.0000000
v 0.0206501 0.3254246 0.0000000
vn 0.1951077 -0.9807818 0.0000000
v 0.0206501 0.3254246 0.0111124
vn 0.3826858 -0.9238786 0.0000000
v 0.0194352 0.3251829 0.0111124
vn 0.3826858 -0.9238786 0.0000000
v 0.0194352 0.3251829 -0.0111124
vn 0.1951077 -0.9807818 0.0000000
v 0.0206501 0.3254246 -0.0111124
vn 0.9807857 -0.1950886 0.0000000
v 0.0380999 0.3301998 0.0000000
vn 0.9807856 -0.1950886 0.0000000
v 0.0380999 0.3301998 0.0111124
vn 0.9238902 -0.3826576 0.0000000
v 0.0377365 0.3283725 0.0111124
vn 0.9238902 -0.3826577 0.0000000
v 0.0377365 0.3283725 -0.0111124
vn 0.7071129 -0.7071007 0.0000000
v 0.0367014 0.3268232 0.0111124
vn 0.9807856 -0.1950886 0.0000000
v 0.0380999 0.3301998 -0.0111124
vn 0.1950978 -0.9807838 0.0000000
v 0.0333248 0.3254246 0.0000000
vn 0.3826700 -0.9238851 0.0000000
v 0.0351521 0.3257881 0.0111124
vn 0.1950978 -0.9807838 0.0000000
v 0.0333248 0.3254246 0.0111124
vn 0.3826700 -0.9238851 0.0000000
v 0.0351521 0.3257881 -0.0111124
vn 0.7071130 -0.7071007 0.0000000
v 0.0367014 0.3268232 -0.0111124
vn 0.1950978 -0.9807838 0.0000000
v 0.0333248 0.3254246 -0.0111124
vn 0.0000000 0.0000000 1.0000000
v 0.0206501 0.3254246 0.0111124
vn 0.0000000 0.0000000 1.0000000
v 0.0380999 0.3301998 0.0111124
vn 0.0000000 0.0000000 1.0000000
v 0.0380999 0.3301998 0.0111124
vn 0.0000000 0.0000000 1.0000000
v 0.0380999 0.3301998 0.0111124
vn 0.0000000 0.0000000 1.0000000
v 0.0127000 0.3301998 0.0111124
vn 0.0000000 0.0000000 1.0000000
v 0.0127000 0.3301998 0.0111124
vn 0.0000000 0.0000000 1.0000000
v 0.0194352 0.3251829 0.0111124
vn 0.0000000 0.0000000 1.0000000
v 0.0184051 0.3244947 0.0111124
vn 0.0000000 0.0000000 1.0000000
v 0.0184051 0.3244947 0.0111124
vn 0.0000000 0.0000000 1.0000000
v 0.0333248 0.3254246 0.0111124
vn 0.0000000 0.0000000 1.0000000
v 0.0333248 0.3254246 0.0111124
vn 0.0000000 0.0000000 1.0000000
v 0.0351521 0.3257881 0.0111124
vn 0.0000000 0.0000000 1.0000000
v 0.0351521 0.3257881 0.0111124
vn 0.0000000 0.0000000 1.0000000
v 0.0351521 0.3257881 0.0111124
vn 0.0000000 0.0000000 1.0000000
v 0.0377365 0.3283725 0.0111124
vn 0.0000000 0.0000000 1.0000000
v 0.0377365 0.3283725 0.0111124
vn 0.0000000 0.0000000 1.0000000
v 0.0367014 0.3268232 0.0111124
vn 0.0000000 0.0000000 1.0000000
v 0.0127000 0.3047998 0.0111124
vn 0.0000000 0.0000000 1.0000000
v 0.0127000 0.3047998 0.0111124
vn 0.0000000 0.0000000 1.0000000
v 0.0127000 0.3047998 0.0111124
vn 0.0000000 0.0000000 1.0000000
v 0.0127000 0.3047998 0.0111124
vn 0.0000000 0.0000000 1.0000000
v 0.0160766 0.3061984 0.0111124
vn 0.0000000 0.0000000 1.0000000
v 0.0160766 0.3061984 0.0111124
vn 0.0000000 0.0000000 1.0000000
v 0.0171116 0.3077477 0.0111124
vn 0.0000000 0.0000000 1.0000000
v 0.0171116 0.3077477 0.0111124
vn 0.0000000 0.0000000 1.0000000
v 0.0145274 0.3051633 0.0111124
vn 0.0000000 0.0000000 1.0000000
v 0.0174752 0.3095750 0.0111124
vn 0.0000000 0.0000000 1.0000000
v 0.0174752 0.3095750 0.0111124
vn 0.0000000 0.0000000 1.0000000
v 0.0177169 0.3234646 0.0111124
vn 0.0000000 0.0000000 1.0000000
v 0.0177169 0.3234646 0.0111124
vn 0.0000000 0.0000000 1.0000000
v 0.0174752 0.3222496 0.0111124
vn 0.0000000 0.0000000 -1.0000000
v 0.0206501 0.3254246 -0.0111124
vn 0.0000000 0.0000000 -1.0000000
v 0.0127000 0.3301998 -0.0111124
vn 0.0000000 0.0000000 -1.0000000
v 0.0127000 0.3301998 -0.0111124
vn 0.0000000 0.0000000 -1.0000000
v 0.0380999 0.3301998 -0.0111124
vn 0.0000000 0.0000000 -1.0000000
v 0.0380999 0.3301998 -0.0111124
vn 0.0000000 0.0000000 -1.0000000
v 0.0380999 0.3301998 -0.0111124
vn 0.0000000 0.0000000 -1.0000000
v 0.0194352 0.3251829 -0.0111124
vn 0.0000000 0.0000000 -1.0000000
v 0.0184051 0.3244947 -0.0111124
vn 0.0000000 0.0000000 -1.0000000
v 0.0184051 0.3244947 -0.0111124
vn 0.0000000 0.0000000 -1.0000000
v 0.0333248 0.3254246 -0.0111124
vn 0.0000000 0.0000000 -1.0000000
v 0.0333248 0.3254246 -0.0111124
vn 0.0000000 0.0000000 -1.0000000
v 0.0351521 0.3257881 -0.0111124
vn 0.0000000 0.0000000 -1.0000000
v 0.0351521 0.3257881 -0.0111124
vn 0.0000000 0.0000000 -1.0000000
v 0.0351521 0.3257881 -0.0111124
vn 0.0000000 0.0000000 -1.0000000
v 0.0377365 0.3283725 -0.0111124
vn 0.0000000 0.0000000 -1.0000000
v 0.0377365 0.3283725 -0.0111124
vn 0.0000000 0.0000000 -1.0000000
v 0.0367014 0.3268232 -0.0111124
vn 0.0000000 0.0000000 -1.0000000
v 0.0174752 0.3095750 -0.0111124
vn 0.0000000 0.0000000 -1.0000000
v 0.0174752 0.3095750 -0.0111124
vn 0.0000000 0.0000000 -1.0000000
v 0.0160766 0.3061984 -0.0111124
vn 0.0000000 0.0000000 -1.0000000
v 0.0160766 0.3061984 -0.0111124
vn 0.0000000 0.0000000 -1.0000000
v 0.0160766 0.3061984 -0.0111124
vn 0.0000000 0.0000000 -1.0000000
v 0.0127000 0.3047998 -0.0111124
vn 0.0000000 0.0000000 -1.0000000
v 0.0127000 0.3047998 -0.0111124
vn 0.0000000 0.0000000 -1.0000000
v 0.0145274 0.3051633 -0.0111124
vn 0.0000000 0.0000000 -1.0000000
v 0.0171116 0.3077477 -0.0111124
vn 0.0000000 0.0000000 -1.0000000
v 0.0177169 0.3234646 -0.0111124
vn 0.0000000 0.0000000 -1.0000000
v 0.0177169 0.3234646 -0.0111124
vn 0.0000000 0.0000000 -1.0000000
v 0.0174752 0.3222496 -0.0111124
vn 0.0000000 0.2225286 0.9749262
v 0.0150876 0.3174998 -0.0035686
vn 0.0000000 0.4338662 0.9009773
v 0.0174752 0.3159515 -0.0032153
vn 0.0000000 0.2225286 0.9749262
v 0.0174752 0.3174998 -0.0035686
vn 0.0000000 0.7818187 0.6235058
v 0.0174752 0.3147097 -0.0022250
vn 0.0000000 0.7818187 0.6235058
v 0.0127000 0.3147097 -0.0022250
vn 0.0000000 0.9749286 0.2225181
v 0.0127000 0.3140206 -0.0007941
vn 0.0000000 0.4338663 0.9009773
v 0.0127000 0.3159515 -0.0032153
vn 0.0000000 0.2225286 0.9749262
v 0.0127000 0.3174998 -0.0035686
vn 0.0000000 0.9749286 0.2225181
v 0.0174752 0.3140206 -0.0007941
vn 0.0000000 0.9749286 -0.2225181
v 0.0127000 0.3140206 0.0007941
vn 0.0000000 0.9749286 -0.2225181
v 0.0174752 0.3140206 0.0007941
vn 0.0000000 0.7818187 -0.6235058
v 0.0127000 0.3147097 0.0022250
vn 0.0000000 0.2225286 -0.9749262
v 0.0150876 0.3174998 0.0035686
vn 0.0000000 0.2225286 -0.9749262
v 0.0174752 0.3174998 0.0035686
vn 0.0000000 0.4338663 -0.9009773
v 0.0174752 0.3159515 0.0032153
vn 0.0000000 0.7818187 -0.6235058
v 0.0174752 0.3147097 0.0022250
vn 0.0000000 0.4338662 -0.9009773
v 0.0127000 0.3159515 0.0032153
vn 0.0000000 0.2225286 -0.9749262
v 0.0127000 0.3174998 0.0035686
vn -0.2225120 0.0000000 -0.9749299
v 0.0254000 0.3278122 0.0035686
vn -0.4338803 0.0000000 -0.9009705
v 0.0269484 0.3254246 0.0032153
vn -0.2225120 0.0000000 -0.9749299
v 0.0254000 0.3254246 0.0035686
vn -0.7818233 0.0000000 -0.6235002
v 0.0281901 0.3254246 0.0022250
vn -0.7818233 0.0000000 -0.6235002
v 0.0281901 0.3301998 0.0022250
vn -0.9749248 0.0000000 -0.2225346
v 0.0288792 0.3301998 0.0007941
vn -0.4338803 0.0000000 -0.9009705
v 0.0269484 0.3301998 0.0032153
vn -0.2225120 0.0000000 -0.9749299
v 0.0254000 0.3301998 0.0035686
vn -0.9749248 0.0000000 0.2225346
v 0.0288792 0.3301998 -0.0007941
vn -0.9749248 0.0000000 0.2225346
v 0.0288792 0.3254246 -0.0007941
vn -0.7818233 0.0000000 0.6235002
v 0.0281901 0.3301998 -0.0022250
vn -0.2225120 0.0000000 0.9749299
v 0.0254000 0.3278122 -0.0035686
vn -0.2225120 0.0000000 0.9749299
v 0.0254000 0.3254246 -0.0035686
vn -0.4338803 0.0000000 0.9009706
v 0.0269484 0.3254246 -0.0032153
vn -0.7818233 0.0000000 0.6235002
v 0.0281901 0.3254246 -0.0022250
vn -0.4338803 0.0000000 0.9009706
v 0.0269484 0.3301998 -0.0032153
vn -0.2225120 0.0000000 0.9749299
v 0.0254000 0.3301998 -0.0035686
vn -0.9749248 0.0000000 -0.2225346
v 0.0288792 0.3254246 0.0007941
vn 0.2225123 0.0000000 0.9749299
v 0.0254000 0.0277874 -0.0035686
vn 0.2225123 0.0000000 0.9749299
v 0.0254000 0.0301750 -0.0035686
vn 0.4338682 0.0000000 0.9009764
v 0.0238516 0.0301750 -0.0032153
vn 0.7818270 0.0000000 0.6234955
v 0.0226098 0.0301750 -0.0022250
vn 0.9749292 0.0000000 0.2225155
v 0.0219207 0.0301750 -0.0007941
vn 0.9749292 0.0000000 0.2225155
v 0.0219207 0.0253998 -0.0007941
vn 0.7818270 0.0000000 0.6234955
v 0.0226098 0.0253998 -0.0022250
vn 0.4338683 0.0000000 0.9009764
v 0.0238516 0.0253998 -0.0032153
vn 0.2225123 0.0000000 0.9749299
v 0.0254000 0.0253998 -0.0035686
vn 0.9749292 0.0000000 -0.2225155
v 0.0219207 0.0253998 0.0007941
vn 0.9749292 0.0000000 -0.2225155
v 0.0219207 0.0301750 0.0007941
vn 0.7818270 0.0000000 -0.6234955
v 0.0226098 0.0301750 0.0022250
vn 0.7818270 0.0000000 -0.6234955
v 0.0226098 0.0253998 0.0022250
vn 0.2225123 0.0000000 -0.9749299
v 0.0254000 0.0277874 0.0035686
vn 0.4338683 0.0000000 -0.9009764
v 0.0238516 0.0301750 0.0032153
vn 0.2225123 0.0000000 -0.9749299
v 0.0254000 0.0301750 0.0035686
vn 0.4338682 0.0000000 -0.9009764
v 0.0238516 0.0253998 0.0032153
vn 0.2225123 0.0000000 -0.9749299
v 0.0254000 0.0253998 0.0035686
vn 0.0000000 0.2225118 -0.9749300
v 0.0150876 0.0380998 0.0035686
vn 0.0000000 0.2225118 -0.9749300
v 0.0174752 0.0380998 0.0035686
vn 0.0000000 0.4338802 -0.9009706
v 0.0174752 0.0365514 0.0032153
vn 0.0000000 0.9749248 -0.2225346
v 0.0174752 0.0346206 0.0007941
vn 0.0000000 0.9749248 -0.2225346
v 0.0127000 0.0346206 0.0007941
vn 0.0000000 0.7818232 -0.6235002
v 0.0127000 0.0353097 0.0022250
vn 0.0000000 0.7818233 -0.6235002
v 0.0174752 0.0353097 0.0022250
vn 0.0000000 0.4338802 -0.9009706
v 0.0127000 0.0365514 0.0032153
vn 0.0000000 0.2225118 -0.9749300
v 0.0127000 0.0380998 0.0035686
vn 0.0000000 0.9749248 0.2225346
v 0.0174752 0.0346206 -0.0007941
vn 0.0000000 0.7818232 0.6235002
v 0.0174752 0.0353097 -0.0022250
vn 0.0000000 0.7818233 0.6235002
v 0.0127000 0.0353097 -0.0022250
vn 0.0000000 0.9749248 0.2225346
v 0.0127000 0.0346206 -0.0007941
vn 0.0000000 0.2225118 0.9749300
v 0.0150876 0.0380998 -0.0035686
vn 0.0000000 0.4338802 0.9009706
v 0.0174752 0.0365514 -0.0032153
vn 0.0000000 0.2225118 0.9749300
v 0.0174752 0.0380998 -0.0035686
vn 0.0000000 0.4338803 0.9009706
v 0.0127000 0.0365514 -0.0032153
vn 0.0000000 0.2225118 0.9749300
v 0.0127000 0.0380998 -0.0035686
vn 0.0000000 1.0000000 0.0000000
v 0.0333248 0.0301750 0.0000000
vn 0.0000000 1.0000000 0.0000000
v 0.0333248 0.0301750 -0.0111124
vn 0.0000000 1.0000000 0.0000000
v 0.0333248 0.0301750 -0.0111124
vn 0.0000000 1.0000000 0.0000000
v 0.0333248 0.0301750 -0.0111124
vn 0.0000000 1.0000000 0.0000000
v 0.0333248 0.0301750 -0.0111124
vn 0.0000000 1.0000000 0.0000000
v 0.0288792 0.0301750 -0.0007941
vn 0.0000000 1.0000000 0.0000000
v 0.0288792 0.0301750 -0.0007941
vn 0.0000000 1.0000000 0.0000000
v 0.0281901 0.0301750 -0.0022250
vn 0.0000000 1.0000000 0.0000000
v 0.0281901 0.0301750 -0.0022250
vn 0.0000000 1.0000000 0.0000000
v 0.0269484 0.0301750 -0.0032153
vn 0.0000000 1.0000000 0.0000000
v 0.0269484 0.0301750 -0.0032153
vn 0.0000000 1.0000000 0.0000000
v 0.0254000 0.0301750 -0.0035686
vn 0.0000000 1.0000000 0.0000000
v 0.0254000 0.0301750 -0.0035686
vn 0.0000000 1.0000000 0.0000000
v 0.0254000 0.0301750 -0.0035686
vn 0.0000000 1.0000000 0.0000000
v 0.0206501 0.0301750 -0.0111124
vn 0.0000000 1.0000000 0.0000000
v 0.0206501 0.0301750 -0.0111124
vn 0.0000000 1.0000000 0.0000000
v 0.0206501 0.0301750 -0.0111124
vn 0.0000000 1.0000000 0.0000000
v 0.0206501 0.0301750 -0.0111124
vn 0.0000000 1.0000000 0.0000000
v 0.0288792 0.0301750 0.0007941
vn 0.0000000 1.0000000 0.0000000
v 0.0288792 0.0301750 0.0007941
vn 0.0000000 1.0000000 0.0000000
v 0.0333248 0.0301750 0.0111124
vn 0.0000000 1.0000000 0.0000000
v 0.0333248 0.0301750 0.0111124
vn 0.0000000 1.0000000 0.0000000
v 0.0333248 0.0301750 0.0111124
vn 0.0000000 1.0000000 0.0000000
v 0.0333248 0.0301750 0.0111124
vn 0.0000000 1.0000000 0.0000000
v 0.0281901 0.0301750 0.0022250
vn 0.0000000 1.0000000 0.0000000
v 0.0281901 0.0301750 0.0022250
vn 0.0000000 1.0000000 0.0000000
v 0.0269484 0.0301750 0.0032153
vn 0.0000000 1.0000000 0.0000000
v 0.0269484 0.0301750 0.0032153
vn 0.0000000 1.0000000 0.0000000
v 0.0254000 0.0301750 0.0035686
vn 0.0000000 1.0000000 0.0000000
v 0.0254000 0.0301750 0.0035686
vn 0.0000000 1.0000000 0.0000000
v 0.0254000 0.0301750 0.0035686
vn 0.0000000 1.0000000 0.0000000
v 0.0226098 0.0301750 -0.0022250
vn 0.0000000 1.0000000 0.0000000
v 0.0226098 0.0301750 -0.0022250
vn 0.0000000 1.0000000 0.0000000
v 0.0226098 0.0301750 -0.0022250
vn 0.0000000 1.0000000 0.0000000
v 0.0238516 0.0301750 -0.0032153
vn 0.0000000 1.0000000 0.0000000
v 0.0238516 0.0301750 -0.0032153
vn 0.0000000 1.0000000 0.0000000
v 0.0219207 0.0301750 -0.0007941
vn 0.0000000 1.0000000 0.0000000
v 0.0206501 0.0301750 0.0000000
vn 0.0000000 1.0000000 0.0000000
v 0.0206501 0.0301750 0.0000000
vn 0.0000000 1.0000000 0.0000000
v 0.0219207 0.0301750 0.0007941
vn 0.0000000 1.0000000 0.0000000
v 0.0206501 0.0301750 0.0111124
vn 0.0000000 1.0000000 0.0000000
v 0.0206501 0.0301750 0.0111124
vn 0.0000000 1.0000000 0.0000000
v 0.0206501 0.0301750 0.0111124
vn 0.0000000 1.0000000 0.0000000
v 0.0206501 0.0301750 0.0111124
vn 0.0000000 1.0000000 0.0000000
v 0.0238516 0.0301750 0.0032153
vn 0.0000000 1.0000000 0.0000000
v 0.0238516 0.0301750 0.0032153
vn 0.0000000 1.0000000 0.0000000
v 0.0226098 0.0301750 0.0022250
vn 0.0000000 1.0000000 0.0000000
v 0.0226098 0.0301750 0.0022250
vn 0.0000000 1.0000000 0.0000000
v 0.0226098 0.0301750 0.0022250
vn 0.0000000 -1.0000000 0.0000000
v 0.0254000 0.0253998 0.0035686
vn 0.0000000 -1.0000000 0.0000000
v 0.0254000 0.0253998 0.0035686
vn 0.0000000 -1.0000000 0.0000000
v 0.0254000 0.0253998 0.0035686
vn 0.0000000 -1.0000000 0.0000000
v 0.0127000 0.0253998 0.0111124
vn 0.0000000 -1.0000000 0.0000000
v 0.0127000 0.0253998 0.0111124
vn 0.0000000 -1.0000000 0.0000000
v 0.0127000 0.0253998 0.0111124
vn 0.0000000 -1.0000000 0.0000000
v 0.0127000 0.0253998 0.0111124
vn 0.0000000 -1.0000000 0.0000000
v 0.0238516 0.0253998 0.0032153
vn 0.0000000 -1.0000000 0.0000000
v 0.0238516 0.0253998 0.0032153
vn 0.0000000 -1.0000000 0.0000000
v 0.0226098 0.0253998 0.0022250
vn 0.0000000 -1.0000000 0.0000000
v 0.0226098 0.0253998 0.0022250
vn 0.0000000 -1.0000000 0.0000000
v 0.0219207 0.0253998 0.0007941
vn 0.0000000 -1.0000000 0.0000000
v 0.0219207 0.0253998 0.0007941
vn 0.0000000 -1.0000000 0.0000000
v 0.0127000 0.0253998 -0.0111124
vn 0.0000000 -1.0000000 0.0000000
v 0.0127000 0.0253998 -0.0111124
vn 0.0000000 -1.0000000 0.0000000
v 0.0127000 0.0253998 -0.0111124
vn 0.0000000 -1.0000000 0.0000000
v 0.0219207 0.0253998 -0.0007941
vn 0.0000000 -1.0000000 0.0000000
v 0.0219207 0.0253998 -0.0007941
vn 0.0000000 -1.0000000 0.0000000
v 0.0219207 0.0253998 -0.0007941
vn 0.0000000 -1.0000000 0.0000000
v 0.0269484 0.0253998 0.0032153
vn 0.0000000 -1.0000000 0.0000000
v 0.0269484 0.0253998 0.0032153
vn 0.0000000 -1.0000000 0.0000000
v 0.0380999 0.0253998 0.0111124
vn 0.0000000 -1.0000000 0.0000000
v 0.0380999 0.0253998 0.0111124
vn 0.0000000 -1.0000000 0.0000000
v 0.0380999 0.0253998 0.0111124
vn 0.0000000 -1.0000000 0.0000000
v 0.0380999 0.0253998 0.0000000
vn 0.0000000 -1.0000000 0.0000000
v 0.0281901 0.0253998 0.0022250
vn 0.0000000 -1.0000000 0.0000000
v 0.0281901 0.0253998 0.0022250
vn 0.0000000 -1.0000000 0.0000000
v 0.0288792 0.0253998 0.0007941
vn 0.0000000 -1.0000000 0.0000000
v 0.0226098 0.0253998 -0.0022250
vn 0.0000000 -1.0000000 0.0000000
v 0.0226098 0.0253998 -0.0022250
vn 0.0000000 -1.0000000 0.0000000
v 0.0254000 0.0253998 -0.0035686
vn 0.0000000 -1.0000000 0.0000000
v 0.0254000 0.0253998 -0.0035686
vn 0.0000000 -1.0000000 0.0000000
v 0.0254000 0.0253998 -0.0035686
vn 0.0000000 -1.0000000 0.0000000
v 0.0238516 0.0253998 -0.0032153
vn 0.0000000 -1.0000000 0.0000000
v 0.0238516 0.0253998 -0.0032153
vn 0.0000000 -1.0000000 0.0000000
v 0.0380999 0.0253998 -0.0111124
vn 0.0000000 -1.0000000 0.0000000
v 0.0380999 0.0253998 -0.0111124
vn 0.0000000 -1.0000000 0.0000000
v 0.0380999 0.0253998 -0.0111124
vn 0.0000000 -1.0000000 0.0000000
v 0.0281901 0.0253998 -0.0022250
vn 0.0000000 -1.0000000 0.0000000
v 0.0281901 0.0253998 -0.0022250
vn 0.0000000 -1.0000000 0.0000000
v 0.0288792 0.0253998 -0.0007941
vn 0.0000000 -1.0000000 0.0000000
v 0.0269484 0.0253998 -0.0032153
vn 0.0000000 -1.0000000 0.0000000
v 0.0269484 0.0253998 -0.0032153
vn -1.0000000 0.0000000 0.0000000
v 0.0127000 0.0415791 -0.0007941
vn -1.0000000 0.0000000 0.0000000
v 0.0127000 0.0507998 0.0000000
vn -1.0000000 0.0000000 0.0000000
v 0.0127000 0.0507998 0.0000000
vn -1.0000000 0.0000000 0.0000000
v 0.0127000 0.0408899 -0.0022250
vn -1.0000000 0.0000000 0.0000000
v 0.0127000 0.0408899 -0.0022250
vn -1.0000000 0.0000000 0.0000000
v 0.0127000 0.0507998 -0.0111124
vn -1.0000000 0.0000000 0.0000000
v 0.0127000 0.0507998 -0.0111124
vn -1.0000000 0.0000000 0.0000000
v 0.0127000 0.0396482 -0.0032153
vn -1.0000000 0.0000000 0.0000000
v 0.0127000 0.0396482 -0.0032153
vn -1.0000000 0.0000000 0.0000000
v 0.0127000 0.0380998 -0.0035686
vn -1.0000000 0.0000000 0.0000000
v 0.0127000 0.0380998 -0.0035686
vn -1.0000000 0.0000000 0.0000000
v 0.0127000 0.0408899 0.0022250
vn -1.0000000 0.0000000 0.0000000
v 0.0127000 0.0408899 0.0022250
vn -1.0000000 0.0000000 0.0000000
v 0.0127000 0.0408899 0.0022250
vn -1.0000000 0.0000000 0.0000000
v 0.0127000 0.0507998 0.0111124
vn -1.0000000 0.0000000 0.0000000
v 0.0127000 0.0507998 0.0111124
vn -1.0000000 0.0000000 0.0000000
v 0.0127000 0.0396482 0.0032153
vn -1.0000000 0.0000000 0.0000000
v 0.0127000 0.0396482 0.0032153
vn -1.0000000 0.0000000 0.0000000
v 0.0127000 0.0415791 0.0007941
vn -1.0000000 0.0000000 0.0000000
v 0.0127000 0.0415791 0.0007941
vn -1.0000000 0.0000000 0.0000000
v 0.0127000 0.0380998 0.0035686
vn -1.0000000 0.0000000 0.0000000
v 0.0127000 0.0380998 0.0035686
vn -1.0000000 0.0000000 0.0000000
v 0.0127000 0.0253998 -0.0111124
vn -1.0000000 0.0000000 0.0000000
v 0.0127000 0.0253998 -0.0111124
vn -1.0000000 0.0000000 0.0000000
v 0.0127000 0.0365514 -0.0032153
vn -1.0000000 0.0000000 0.0000000
v 0.0127000 0.0365514 -0.0032153
vn -1.0000000 0.0000000 0.0000000
v 0.0127000 0.0346206 -0.0007941
vn -1.0000000 0.0000000 0.0000000
v 0.0127000 0.0353097 -0.0022250
vn -1.0000000 0.0000000 0.0000000
v 0.0127000 0.0253998 0.0111124
vn -1.0000000 0.0000000 0.0000000
v 0.0127000 0.0253998 0.0111124
vn -1.0000000 0.0000000 0.0000000
v 0.0127000 0.0253998 0.0111124
vn -1.0000000 0.0000000 0.0000000
v 0.0127000 0.0346206 0.0007941
vn -1.0000000 0.0000000 0.0000000
v 0.0127000 0.0346206 0.0007941
vn -1.0000000 0.0000000 0.0000000
v 0.0127000 0.0365514 0.0032153
vn -1.0000000 0.0000000 0.0000000
v 0.0127000 0.0365514 0.0032153
vn -1.0000000 0.0000000 0.0000000
v 0.0127000 0.0353097 0.0022250
vn -1.0000000 0.0000000 0.0000000
v 0.0127000 0.0353097 0.0022250
vn 1.0000000 0.0000000 0.0000000
v 0.0174752 0.0346206 -0.0007941
vn 1.0000000 0.0000000 0.0000000
v 0.0174752 0.0333501 0.0000000
vn 1.0000000 0.0000000 0.0000000
v 0.0174752 0.0333501 0.0000000
vn 1.0000000 0.0000000 0.0000000
v 0.0174752 0.0353097 -0.0022250
vn 1.0000000 0.0000000 0.0000000
v 0.0174752 0.0353097 -0.0022250
vn 1.0000000 0.0000000 0.0000000
v 0.0174752 0.0333501 -0.0111124
vn 1.0000000 0.0000000 0.0000000
v 0.0174752 0.0333501 -0.0111124
vn 1.0000000 0.0000000 0.0000000
v 0.0174752 0.0333501 -0.0111124
vn 1.0000000 0.0000000 0.0000000
v 0.0174752 0.0365514 -0.0032153
vn 1.0000000 0.0000000 0.0000000
v 0.0174752 0.0365514 -0.0032153
vn 1.0000000 0.0000000 0.0000000
v 0.0174752 0.0380998 -0.0035686
vn 1.0000000 0.0000000 0.0000000
v 0.0174752 0.0380998 -0.0035686
vn 1.0000000 0.0000000 0.0000000
v 0.0174752 0.0380998 -0.0035686
vn 1.0000000 0.0000000 0.0000000
v 0.0174752 0.0460246 -0.0111124
vn 1.0000000 0.0000000 0.0000000
v 0.0174752 0.0460246 -0.0111124
vn 1.0000000 0.0000000 0.0000000
v 0.0174752 0.0460246 -0.0111124
vn 1.0000000 0.0000000 0.0000000
v 0.0174752 0.0353097 0.0022250
vn 1.0000000 0.0000000 0.0000000
v 0.0174752 0.0353097 0.0022250
vn 1.0000000 0.0000000 0.0000000
v 0.0174752 0.0353097 0.0022250
vn 1.0000000 0.0000000 0.0000000
v 0.0174752 0.0333501 0.0111124
vn 1.0000000 0.0000000 0.0000000
v 0.0174752 0.0333501 0.0111124
vn 1.0000000 0.0000000 0.0000000
v 0.0174752 0.0333501 0.0111124
vn 1.0000000 0.0000000 0.0000000
v 0.0174752 0.0365514 0.0032153
vn 1.0000000 0.0000000 0.0000000
v 0.0174752 0.0365514 0.0032153
vn 1.0000000 0.0000000 0.0000000
v 0.0174752 0.0346206 0.0007941
vn 1.0000000 0.0000000 0.0000000
v 0.0174752 0.0346206 0.0007941
vn 1.0000000 0.0000000 0.0000000
v 0.0174752 0.0380998 0.0035686
vn 1.0000000 0.0000000 0.0000000
v 0.0174752 0.0380998 0.0035686
vn 1.0000000 0.0000000 0.0000000
v 0.0174752 0.0380998 0.0035686
vn 1.0000000 0.0000000 0.0000000
v 0.0174752 0.0408899 -0.0022250
vn 1.0000000 0.0000000 0.0000000
v 0.0174752 0.0408899 -0.0022250
vn 1.0000000 0.0000000 0.0000000
v 0.0174752 0.0396482 -0.0032153
vn 1.0000000 0.0000000 0.0000000
v 0.0174752 0.0396482 -0.0032153
vn 1.0000000 0.0000000 0.0000000
v 0.0174752 0.0460246 0.0000000
vn 1.0000000 0.0000000 0.0000000
v 0.0174752 0.0415791 -0.0007941
vn 1.0000000 0.0000000 0.0000000
v 0.0174752 0.0415791 0.0007941
vn 1.0000000 0.0000000 0.0000000
v 0.0174752 0.0415791 0.0007941
vn 1.0000000 0.0000000 0.0000000
v 0.0174752 0.0460246 0.0111124
vn 1.0000000 0.0000000 0.0000000
v 0.0174752 0.0460246 0.0111124
vn 1.0000000 0.0000000 0.0000000
v 0.0174752 0.0460246 0.0111124
vn 1.0000000 0.0000000 0.0000000
v 0.0174752 0.0396482 0.0032153
vn 1.0000000 0.0000000 0.0000000
v 0.0174752 0.0396482 0.0032153
vn 1.0000000 0.0000000 0.0000000
v 0.0174752 0.0408899 0.0022250
vn 1.0000000 0.0000000 0.0000000
v 0.0174752 0.0408899 0.0022250
vn 0.9807816 0.1951092 0.0000000
v 0.0174752 0.0460246 0.0000000
vn 0.9238799 0.3826828 0.0000000
v 0.0171116 0.0478520 0.0111124
vn 0.9807815 0.1951092 0.0000000
v 0.0174752 0.0460246 0.0111124
vn 0.9238798 0.3826828 0.0000000
v 0.0171116 0.0478520 -0.0111124
vn 0.9807815 0.1951092 0.0000000
v 0.0174752 0.0460246 -0.0111124
vn 0.7071081 0.7071056 0.0000000
v 0.0160766 0.0494012 -0.0111124
vn 0.7071081 0.7071055 0.0000000
v 0.0160766 0.0494012 0.0111124
vn 0.3826834 0.9238796 0.0000000
v 0.0145274 0.0504363 -0.0111124
vn 0.1951070 0.9807820 0.0000000
v 0.0127000 0.0507998 0.0000000
vn 0.1951070 0.9807820 0.0000000
v 0.0127000 0.0507998 0.0111124
vn 0.3826834 0.9238796 0.0000000
v 0.0145274 0.0504363 0.0111124
vn 0.1951070 0.9807820 0.0000000
v 0.0127000 0.0507998 -0.0111124
vn 0.9807835 0.1950994 0.0000000
v 0.0174752 0.0333501 0.0000000
vn 0.9807835 0.1950994 0.0000000
v 0.0174752 0.0333501 0.0111124
vn 0.9238761 0.3826917 0.0000000
v 0.0177169 0.0321350 0.0111124
vn 0.7071077 0.7071059 0.0000000
v 0.0184051 0.0311050 -0.0111124
vn 0.9238761 0.3826917 0.0000000
v 0.0177169 0.0321350 -0.0111124
vn 0.9807835 0.1950994 0.0000000
v 0.0174752 0.0333501 -0.0111124
vn 0.1951019 0.9807830 0.0000000
v 0.0206501 0.0301750 0.0000000
vn 0.3826941 0.9238752 0.0000000
v 0.0194352 0.0304167 0.0111124
vn 0.1951020 0.9807830 0.0000000
v 0.0206501 0.0301750 0.0111124
vn 0.3826940 0.9238752 0.0000000
v 0.0194352 0.0304167 -0.0111124
vn 0.1951020 0.9807830 0.0000000
v 0.0206501 0.0301750 -0.0111124
vn 0.9807881 0.1950763 0.0000000
v 0.0380999 0.0253998 0.0000000
vn 0.9238856 0.3826688 0.0000000
v 0.0377365 0.0272272 0.0111124
vn 0.9807881 0.1950763 0.0000000
v 0.0380999 0.0253998 0.0111124
vn 0.9238856 0.3826689 0.0000000
v 0.0377365 0.0272272 -0.0111124
vn 0.9807881 0.1950763 0.0000000
v 0.0380999 0.0253998 -0.0111124
vn 0.7071102 0.7071034 0.0000000
v 0.0367014 0.0287764 -0.0111124
vn 0.7071102 0.7071033 0.0000000
v 0.0367014 0.0287764 0.0111124
vn 0.3826766 0.9238824 0.0000000
v 0.0351521 0.0298116 -0.0111124
vn 0.1950834 0.9807867 0.0000000
v 0.0333248 0.0301750 0.0000000
vn 0.1950834 0.9807867 0.0000000
v 0.0333248 0.0301750 0.0111124
vn 0.3826766 0.9238824 0.0000000
v 0.0351521 0.0298116 0.0111124
vn 0.1950834 0.9807867 0.0000000
v 0.0333248 0.0301750 -0.0111124
vn 0.0000000 0.0000000 1.0000000
v 0.0206501 0.0301750 0.0111124
vn 0.0000000 0.0000000 1.0000000
v 0.0127000 0.0253998 0.0111124
vn 0.0000000 0.0000000 1.0000000
v 0.0127000 0.0253998 0.0111124
vn 0.0000000 0.0000000 1.0000000
v 0.0380999 0.0253998 0.0111124
vn 0.0000000 0.0000000 1.0000000
v 0.0380999 0.0253998 0.0111124
vn 0.0000000 0.0000000 1.0000000
v 0.0194352 0.0304167 0.0111124
vn 0.0000000 0.0000000 1.0000000
v 0.0184051 0.0311050 0.0111124
vn 0.0000000 0.0000000 1.0000000
v 0.0184051 0.0311050 0.0111124
vn 0.0000000 0.0000000 1.0000000
v 0.0333248 0.0301750 0.0111124
vn 0.0000000 0.0000000 1.0000000
v 0.0333248 0.0301750 0.0111124
vn 0.0000000 0.0000000 1.0000000
v 0.0377365 0.0272272 0.0111124
vn 0.0000000 0.0000000 1.0000000
v 0.0377365 0.0272272 0.0111124
vn 0.0000000 0.0000000 1.0000000
v 0.0367014 0.0287764 0.0111124
vn 0.0000000 0.0000000 1.0000000
v 0.0351521 0.0298116 0.0111124
vn 0.0000000 0.0000000 1.0000000
v 0.0145274 0.0504363 0.0111124
vn 0.0000000 0.0000000 1.0000000
v 0.0145274 0.0504363 0.0111124
vn 0.0000000 0.0000000 1.0000000
v 0.0171116 0.0478520 0.0111124
vn 0.0000000 0.0000000 1.0000000
v 0.0171116 0.0478520 0.0111124
vn 0.0000000 0.0000000 1.0000000
v 0.0171116 0.0478520 0.0111124
vn 0.0000000 0.0000000 1.0000000
v 0.0160766 0.0494012 0.0111124
vn 0.0000000 0.0000000 1.0000000
v 0.0127000 0.0507998 0.0111124
vn 0.0000000 0.0000000 1.0000000
v 0.0127000 0.0507998 0.0111124
vn 0.0000000 0.0000000 1.0000000
v 0.0127000 0.0507998 0.0111124
vn 0.0000000 0.0000000 1.0000000
v 0.0174752 0.0460246 0.0111124
vn 0.0000000 0.0000000 1.0000000
v 0.0174752 0.0460246 0.0111124
vn 0.0000000 0.0000000 1.0000000
v 0.0177169 0.0321350 0.0111124
vn 0.0000000 0.0000000 1.0000000
v 0.0177169 0.0321350 0.0111124
vn 0.0000000 0.0000000 1.0000000
v 0.0174752 0.0333501 0.0111124
vn 0.0000000 0.0000000 -1.0000000
v 0.0206501 0.0301750 -0.0111124
vn 0.0000000 0.0000000 -1.0000000
v 0.0380999 0.0253998 -0.0111124
vn 0.0000000 0.0000000 -1.0000000
v 0.0380999 0.0253998 -0.0111124
vn 0.0000000 0.0000000 -1.0000000
v 0.0127000 0.0253998 -0.0111124
vn 0.0000000 0.0000000 -1.0000000
v 0.0127000 0.0253998 -0.0111124
vn 0.0000000 0.0000000 -1.0000000
v 0.0194352 0.0304167 -0.0111124
vn 0.0000000 0.0000000 -1.0000000
v 0.0184051 0.0311050 -0.0111124
vn 0.0000000 0.0000000 -1.0000000
v 0.0184051 0.0311050 -0.0111124
vn 0.0000000 0.0000000 -1.0000000
v 0.0333248 0.0301750 -0.0111124
vn 0.0000000 0.0000000 -1.0000000
v 0.0333248 0.0301750 -0.0111124
vn 0.0000000 0.0000000 -1.0000000
v 0.0377365 0.0272272 -0.0111124
vn 0.0000000 0.0000000 -1.0000000
v 0.0377365 0.0272272 -0.0111124
vn 0.0000000 0.0000000 -1.0000000
v 0.0367014 0.0287764 -0.0111124
vn 0.0000000 0.0000000 -1.0000000
v 0.0351521 0.0298116 -0.0111124
vn 0.0000000 0.0000000 -1.0000000
v 0.0145274 0.0504363 -0.0111124
vn 0.0000000 0.0000000 -1.0000000
v 0.0145274 0.0504363 -0.0111124
vn 0.0000000 0.0000000 -1.0000000
v 0.0160766 0.0494012 -0.0111124
vn 0.0000000 0.0000000 -1.0000000
v 0.0171116 0.0478520 -0.0111124
vn 0.0000000 0.0000000 -1.0000000
v 0.0171116 0.0478520 -0.0111124
vn 0.0000000 0.0000000 -1.0000000
v 0.0171116 0.0478520 -0.0111124
vn 0.0000000 0.0000000 -1.0000000
v 0.0127000 0.0507998 -0.0111124
vn 0.0000000 0.0000000 -1.0000000
v 0.0127000 0.0507998 -0.0111124
vn 0.0000000 0.0000000 -1.0000000
v 0.0127000 0.0507998 -0.0111124
vn 0.0000000 0.0000000 -1.0000000
v 0.0174752 0.0460246 -0.0111124
vn 0.0000000 0.0000000 -1.0000000
v 0.0174752 0.0460246 -0.0111124
vn 0.0000000 0.0000000 -1.0000000
v 0.0177169 0.0321350 -0.0111124
vn 0.0000000 0.0000000 -1.0000000
v 0.0177169 0.0321350 -0.0111124
vn 0.0000000 0.0000000 -1.0000000
v 0.0174752 0.0333501 -0.0111124
vn 0.0000000 -0.2225122 0.9749299
v 0.0150876 0.0380998 -0.0035686
vn 0.0000000 -0.2225123 0.9749299
v 0.0174752 0.0380998 -0.0035686
vn 0.0000000 -0.4338804 0.9009705
v 0.0174752 0.0396482 -0.0032153
vn 0.0000000 -0.9749248 0.2225346
v 0.0174752 0.0415791 -0.0007941
vn 0.0000000 -0.9749248 0.2225346
v 0.0127000 0.0415791 -0.0007941
vn 0.0000000 -0.7818232 0.6235002
v 0.0127000 0.0408899 -0.0022250
vn 0.0000000 -0.7818233 0.6235002
v 0.0174752 0.0408899 -0.0022250
vn 0.0000000 -0.4338804 0.9009705
v 0.0127000 0.0396482 -0.0032153
vn 0.0000000 -0.2225123 0.9749299
v 0.0127000 0.0380998 -0.0035686
vn 0.0000000 -0.9749248 -0.2225346
v 0.0174752 0.0415791 0.0007941
vn 0.0000000 -0.7818233 -0.6235002
v 0.0174752 0.0408899 0.0022250
vn 0.0000000 -0.7818232 -0.6235002
v 0.0127000 0.0408899 0.0022250
vn 0.0000000 -0.2225122 -0.9749299
v 0.0150876 0.0380998 0.0035686
vn 0.0000000 -0.4338804 -0.9009705
v 0.0174752 0.0396482 0.0032153
vn 0.0000000 -0.2225123 -0.9749299
v 0.0174752 0.0380998 0.0035686
vn 0.0000000 -0.4338804 -0.9009705
v 0.0127000 0.0396482 0.0032153
vn 0.0000000 -0.2225123 -0.9749299
v 0.0127000 0.0380998 0.0035686
vn -0.2225120 0.0000000 -0.9749299
v 0.0254000 0.0277874 0.0035686
vn -0.2225120 0.0000000 -0.9749299
v 0.0254000 0.0301750 0.0035686
vn -0.4338803 0.0000000 -0.9009706
v 0.0269484 0.0301750 0.0032153
vn -0.7818232 0.0000000 -0.6235002
v 0.0281901 0.0301750 0.0022250
vn -0.9749248 0.0000000 -0.2225346
v 0.0288792 0.0301750 0.0007941
vn -0.9749248 0.0000000 -0.2225346
v 0.0288792 0.0253998 0.0007941
vn -0.7818233 0.0000000 -0.6235002
v 0.0281901 0.0253998 0.0022250
vn -0.4338804 0.0000000 -0.9009705
v 0.0269484 0.0253998 0.0032153
vn -0.2225120 0.0000000 -0.9749299
v 0.0254000 0.0253998 0.0035686
vn -0.9749248 0.0000000 0.2225346
v 0.0288792 0.0301750 -0.0007941
vn -0.7818233 0.0000000 0.6235002
v 0.0281901 0.0301750 -0.0022250
vn -0.7818232 0.0000000 0.6235002
v 0.0281901 0.0253998 -0.0022250
vn -0.2225120 0.0000000 0.9749299
v 0.0254000 0.0277874 -0.0035686
vn -0.4338803 0.0000000 0.9009705
v 0.0269484 0.0301750 -0.0032153
vn -0.2225120 0.0000000 0.9749299
v 0.0254000 0.0301750 -0.0035686
vn -0.4338803 0.0000000 0.9009705
v 0.0269484 0.0253998 -0.0032153
vn -0.2225120 0.0000000 0.9749299
v 0.0254000 0.0253998 -0.0035686
vn 0.7071077 0.7071059 0.0000000
v 0.0184051 0.0311050 0.0111124
vn 0.0000000 -0.9749248 -0.2225346
v 0.0127000 0.0415791 0.0007941
vn -0.9749248 0.0000000 0.2225346
v 0.0288792 0.0253998 -0.0007941
vn -0.2225123 0.0000000 0.9749299
v -0.0254000 0.0277874 -0.0035686
vn -0.4338683 0.0000000 0.9009764
v -0.0238516 0.0301750 -0.0032153
vn -0.2225123 0.0000000 0.9749299
v -0.0254000 0.0301750 -0.0035686
vn -0.7818270 0.0000000 0.6234955
v -0.0226098 0.0301750 -0.0022250
vn -0.7818270 0.0000000 0.6234955
v -0.0226098 0.0253998 -0.0022250
vn -0.9749292 0.0000000 0.2225155
v -0.0219207 0.0253998 -0.0007941
vn -0.4338682 0.0000000 0.9009764
v -0.0238516 0.0253998 -0.0032153
vn -0.2225123 0.0000000 0.9749299
v -0.0254000 0.0253998 -0.0035686
vn -0.9749292 0.0000000 -0.2225155
v -0.0219207 0.0253998 0.0007941
vn -0.9749292 0.0000000 -0.2225155
v -0.0219207 0.0301750 0.0007941
vn -0.9749292 0.0000000 0.2225155
v -0.0219207 0.0301750 -0.0007941
vn -0.7818270 0.0000000 -0.6234955
v -0.0226098 0.0253998 0.0022250
vn -0.2225123 0.0000000 -0.9749299
v -0.0254000 0.0277874 0.0035686
vn -0.2225123 0.0000000 -0.9749299
v -0.0254000 0.0301750 0.0035686
vn -0.4338683 0.0000000 -0.9009764
v -0.0238516 0.0301750 0.0032153
vn -0.7818270 0.0000000 -0.6234955
v -0.0226098 0.0301750 0.0022250
vn -0.4338683 0.0000000 -0.9009764
v -0.0238516 0.0253998 0.0032153
vn -0.2225123 0.0000000 -0.9749299
v -0.0254000 0.0253998 0.0035686
vn 0.0000000 0.2225118 -0.9749300
v -0.0150876 0.0380998 0.0035686
vn 0.0000000 0.4338802 -0.9009706
v -0.0174752 0.0365514 0.0032153
vn 0.0000000 0.2225118 -0.9749300
v -0.0174752 0.0380998 0.0035686
vn 0.0000000 0.9749248 -0.2225346
v -0.0174752 0.0346206 0.0007941
vn 0.0000000 0.7818233 -0.6235002
v -0.0174752 0.0353097 0.0022250
vn 0.0000000 0.7818233 -0.6235002
v -0.0127000 0.0353097 0.0022250
vn 0.0000000 0.4338803 -0.9009706
v -0.0127000 0.0365514 0.0032153
vn 0.0000000 0.2225118 -0.9749300
v -0.0127000 0.0380998 0.0035686
vn 0.0000000 0.9749248 -0.2225346
v -0.0127000 0.0346206 0.0007941
vn 0.0000000 0.9749248 0.2225346
v -0.0127000 0.0346206 -0.0007941
vn 0.0000000 0.9749248 0.2225346
v -0.0174752 0.0346206 -0.0007941
vn 0.0000000 0.7818232 0.6235002
v -0.0174752 0.0353097 -0.0022250
vn 0.0000000 0.2225118 0.9749300
v -0.0150876 0.0380998 -0.0035686
vn 0.0000000 0.2225118 0.9749300
v -0.0174752 0.0380998 -0.0035686
vn 0.0000000 0.4338802 0.9009706
v -0.0174752 0.0365514 -0.0032153
vn 0.0000000 0.7818233 0.6235002
v -0.0127000 0.0353097 -0.0022250
vn 0.0000000 0.2225118 0.9749300
v -0.0127000 0.0380998 -0.0035686
vn 0.0000000 0.4338802 0.9009706
v -0.0127000 0.0365514 -0.0032153
vn 0.0000000 1.0000000 0.0000000
v -0.0333248 0.0301750 0.0000000
vn 0.0000000 1.0000000 0.0000000
v -0.0288792 0.0301750 -0.0007941
vn 0.0000000 1.0000000 0.0000000
v -0.0288792 0.0301750 -0.0007941
vn 0.0000000 1.0000000 0.0000000
v -0.0333248 0.0301750 -0.0111124
vn 0.0000000 1.0000000 0.0000000
v -0.0333248 0.0301750 -0.0111124
vn 0.0000000 1.0000000 0.0000000
v -0.0333248 0.0301750 -0.0111124
vn 0.0000000 1.0000000 0.0000000
v -0.0333248 0.0301750 -0.0111124
vn 0.0000000 1.0000000 0.0000000
v -0.0281901 0.0301750 -0.0022250
vn 0.0000000 1.0000000 0.0000000
v -0.0281901 0.0301750 -0.0022250
vn 0.0000000 1.0000000 0.0000000
v -0.0269484 0.0301750 -0.0032153
vn 0.0000000 1.0000000 0.0000000
v -0.0269484 0.0301750 -0.0032153
vn 0.0000000 1.0000000 0.0000000
v -0.0254000 0.0301750 -0.0035686
vn 0.0000000 1.0000000 0.0000000
v -0.0254000 0.0301750 -0.0035686
vn 0.0000000 1.0000000 0.0000000
v -0.0254000 0.0301750 -0.0035686
vn 0.0000000 1.0000000 0.0000000
v -0.0206501 0.0301750 -0.0111124
vn 0.0000000 1.0000000 0.0000000
v -0.0206501 0.0301750 -0.0111124
vn 0.0000000 1.0000000 0.0000000
v -0.0206501 0.0301750 -0.0111124
vn 0.0000000 1.0000000 0.0000000
v -0.0206501 0.0301750 -0.0111124
vn 0.0000000 1.0000000 0.0000000
v -0.0288792 0.0301750 0.0007941
vn 0.0000000 1.0000000 0.0000000
v -0.0288792 0.0301750 0.0007941
vn 0.0000000 1.0000000 0.0000000
v -0.0333248 0.0301750 0.0111124
vn 0.0000000 1.0000000 0.0000000
v -0.0333248 0.0301750 0.0111124
vn 0.0000000 1.0000000 0.0000000
v -0.0333248 0.0301750 0.0111124
vn 0.0000000 1.0000000 0.0000000
v -0.0333248 0.0301750 0.0111124
vn 0.0000000 1.0000000 0.0000000
v -0.0269484 0.0301750 0.0032153
vn 0.0000000 1.0000000 0.0000000
v -0.0269484 0.0301750 0.0032153
vn 0.0000000 1.0000000 0.0000000
v -0.0281901 0.0301750 0.0022250
vn 0.0000000 1.0000000 0.0000000
v -0.0281901 0.0301750 0.0022250
vn 0.0000000 1.0000000 0.0000000
v -0.0254000 0.0301750 0.0035686
vn 0.0000000 1.0000000 0.0000000
v -0.0254000 0.0301750 0.0035686
vn 0.0000000 1.0000000 0.0000000
v -0.0254000 0.0301750 0.0035686
vn 0.0000000 1.0000000 0.0000000
v -0.0238516 0.0301750 -0.0032153
vn 0.0000000 1.0000000 0.0000000
v -0.0238516 0.0301750 -0.0032153
vn 0.0000000 1.0000000 0.0000000
v -0.0226098 0.0301750 -0.0022250
vn 0.0000000 1.0000000 0.0000000
v -0.0226098 0.0301750 -0.0022250
vn 0.0000000 1.0000000 0.0000000
v -0.0226098 0.0301750 -0.0022250
vn 0.0000000 1.0000000 0.0000000
v -0.0219207 0.0301750 -0.0007941
vn 0.0000000 1.0000000 0.0000000
v -0.0206501 0.0301750 0.0000000
vn 0.0000000 1.0000000 0.0000000
v -0.0206501 0.0301750 0.0000000
vn 0.0000000 1.0000000 0.0000000
v -0.0219207 0.0301750 0.0007941
vn 0.0000000 1.0000000 0.0000000
v -0.0206501 0.0301750 0.0111124
vn 0.0000000 1.0000000 0.0000000
v -0.0206501 0.0301750 0.0111124
vn 0.0000000 1.0000000 0.0000000
v -0.0206501 0.0301750 0.0111124
vn 0.0000000 1.0000000 0.0000000
v -0.0206501 0.0301750 0.0111124
vn 0.0000000 1.0000000 0.0000000
v -0.0238516 0.0301750 0.0032153
vn 0.0000000 1.0000000 0.0000000
v -0.0238516 0.0301750 0.0032153
vn 0.0000000 1.0000000 0.0000000
v -0.0226098 0.0301750 0.0022250
vn 0.0000000 1.0000000 0.0000000
v -0.0226098 0.0301750 0.0022250
vn 0.0000000 1.0000000 0.0000000
v -0.0226098 0.0301750 0.0022250
vn 0.0000000 -1.0000000 0.0000000
v -0.0254000 0.0253998 0.0035686
vn 0.0000000 -1.0000000 0.0000000
v -0.0254000 0.0253998 0.0035686
vn 0.0000000 -1.0000000 0.0000000
v -0.0254000 0.0253998 0.0035686
vn 0.0000000 -1.0000000 0.0000000
v -0.0238516 0.0253998 0.0032153
vn 0.0000000 -1.0000000 0.0000000
v -0.0238516 0.0253998 0.0032153
vn 0.0000000 -1.0000000 0.0000000
v -0.0127000 0.0253998 0.0111124
vn 0.0000000 -1.0000000 0.0000000
v -0.0127000 0.0253998 0.0111124
vn 0.0000000 -1.0000000 0.0000000
v -0.0127000 0.0253998 0.0111124
vn 0.0000000 -1.0000000 0.0000000
v -0.0127000 0.0253998 0.0111124
vn 0.0000000 -1.0000000 0.0000000
v -0.0226098 0.0253998 0.0022250
vn 0.0000000 -1.0000000 0.0000000
v -0.0226098 0.0253998 0.0022250
vn 0.0000000 -1.0000000 0.0000000
v -0.0219207 0.0253998 0.0007941
vn 0.0000000 -1.0000000 0.0000000
v -0.0219207 0.0253998 0.0007941
vn 0.0000000 -1.0000000 0.0000000
v -0.0219207 0.0253998 -0.0007941
vn 0.0000000 -1.0000000 0.0000000
v -0.0219207 0.0253998 -0.0007941
vn 0.0000000 -1.0000000 0.0000000
v -0.0219207 0.0253998 -0.0007941
vn 0.0000000 -1.0000000 0.0000000
v -0.0269484 0.0253998 0.0032153
vn 0.0000000 -1.0000000 0.0000000
v -0.0269484 0.0253998 0.0032153
vn 0.0000000 -1.0000000 0.0000000
v -0.0380999 0.0253998 0.0111124
vn 0.0000000 -1.0000000 0.0000000
v -0.0380999 0.0253998 0.0111124
vn 0.0000000 -1.0000000 0.0000000
v -0.0380999 0.0253998 0.0111124
vn 0.0000000 -1.0000000 0.0000000
v -0.0380999 0.0253998 0.0000000
vn 0.0000000 -1.0000000 0.0000000
v -0.0281901 0.0253998 0.0022250
vn 0.0000000 -1.0000000 0.0000000
v -0.0281901 0.0253998 0.0022250
vn 0.0000000 -1.0000000 0.0000000
v -0.0288792 0.0253998 0.0007941
vn 0.0000000 -1.0000000 0.0000000
v -0.0127000 0.0253998 -0.0111124
vn 0.0000000 -1.0000000 0.0000000
v -0.0127000 0.0253998 -0.0111124
vn 0.0000000 -1.0000000 0.0000000
v -0.0127000 0.0253998 -0.0111124
vn 0.0000000 -1.0000000 0.0000000
v -0.0226098 0.0253998 -0.0022250
vn 0.0000000 -1.0000000 0.0000000
v -0.0226098 0.0253998 -0.0022250
vn 0.0000000 -1.0000000 0.0000000
v -0.0254000 0.0253998 -0.0035686
vn 0.0000000 -1.0000000 0.0000000
v -0.0254000 0.0253998 -0.0035686
vn 0.0000000 -1.0000000 0.0000000
v -0.0254000 0.0253998 -0.0035686
vn 0.0000000 -1.0000000 0.0000000
v -0.0238516 0.0253998 -0.0032153
vn 0.0000000 -1.0000000 0.0000000
v -0.0238516 0.0253998 -0.0032153
vn 0.0000000 -1.0000000 0.0000000
v -0.0380999 0.0253998 -0.0111124
vn 0.0000000 -1.0000000 0.0000000
v -0.0380999 0.0253998 -0.0111124
vn 0.0000000 -1.0000000 0.0000000
v -0.0380999 0.0253998 -0.0111124
vn 0.0000000 -1.0000000 0.0000000
v -0.0281901 0.0253998 -0.0022250
vn 0.0000000 -1.0000000 0.0000000
v -0.0281901 0.0253998 -0.0022250
vn 0.0000000 -1.0000000 0.0000000
v -0.0288792 0.0253998 -0.0007941
vn 0.0000000 -1.0000000 0.0000000
v -0.0269484 0.0253998 -0.0032153
vn 0.0000000 -1.0000000 0.0000000
v -0.0269484 0.0253998 -0.0032153
vn 1.0000000 0.0000000 0.0000000
v -0.0127000 0.0415791 -0.0007941
vn 1.0000000 0.0000000 0.0000000
v -0.0127000 0.0408899 -0.0022250
vn 1.0000000 0.0000000 0.0000000
v -0.0127000 0.0408899 -0.0022250
vn 1.0000000 0.0000000 0.0000000
v -0.0127000 0.0507998 0.0000000
vn 1.0000000 0.0000000 0.0000000
v -0.0127000 0.0507998 0.0000000
vn 1.0000000 0.0000000 0.0000000
v -0.0127000 0.0507998 -0.0111124
vn 1.0000000 0.0000000 0.0000000
v -0.0127000 0.0507998 -0.0111124
vn 1.0000000 0.0000000 0.0000000
v -0.0127000 0.0396482 -0.0032153
vn 1.0000000 0.0000000 0.0000000
v -0.0127000 0.0396482 -0.0032153
vn 1.0000000 0.0000000 0.0000000
v -0.0127000 0.0380998 -0.0035686
vn 1.0000000 0.0000000 0.0000000
v -0.0127000 0.0380998 -0.0035686
vn 1.0000000 0.0000000 0.0000000
v -0.0127000 0.0408899 0.0022250
vn 1.0000000 0.0000000 0.0000000
v -0.0127000 0.0408899 0.0022250
vn 1.0000000 0.0000000 0.0000000
v -0.0127000 0.0408899 0.0022250
vn 1.0000000 0.0000000 0.0000000
v -0.0127000 0.0507998 0.0111124
vn 1.0000000 0.0000000 0.0000000
v -0.0127000 0.0507998 0.0111124
vn 1.0000000 0.0000000 0.0000000
v -0.0127000 0.0396482 0.0032153
vn 1.0000000 0.0000000 0.0000000
v -0.0127000 0.0396482 0.0032153
vn 1.0000000 0.0000000 0.0000000
v -0.0127000 0.0415791 0.0007941
vn 1.0000000 0.0000000 0.0000000
v -0.0127000 0.0415791 0.0007941
vn 1.0000000 0.0000000 0.0000000
v -0.0127000 0.0380998 0.0035686
vn 1.0000000 0.0000000 0.0000000
v -0.0127000 0.0380998 0.0035686
vn 1.0000000 0.0000000 0.0000000
v -0.0127000 0.0253998 -0.0111124
vn 1.0000000 0.0000000 0.0000000
v -0.0127000 0.0253998 -0.0111124
vn 1.0000000 0.0000000 0.0000000
v -0.0127000 0.0365514 -0.0032153
vn 1.0000000 0.0000000 0.0000000
v -0.0127000 0.0365514 -0.0032153
vn 1.0000000 0.0000000 0.0000000
v -0.0127000 0.0346206 -0.0007941
vn 1.0000000 0.0000000 0.0000000
v -0.0127000 0.0353097 -0.0022250
vn 1.0000000 0.0000000 0.0000000
v -0.0127000 0.0346206 0.0007941
vn 1.0000000 0.0000000 0.0000000
v -0.0127000 0.0346206 0.0007941
vn 1.0000000 0.0000000 0.0000000
v -0.0127000 0.0253998 0.0111124
vn 1.0000000 0.0000000 0.0000000
v -0.0127000 0.0253998 0.0111124
vn 1.0000000 0.0000000 0.0000000
v -0.0127000 0.0253998 0.0111124
vn 1.0000000 0.0000000 0.0000000
v -0.0127000 0.0365514 0.0032153
vn 1.0000000 0.0000000 0.0000000
v -0.0127000 0.0365514 0.0032153
vn 1.0000000 0.0000000 0.0000000
v -0.0127000 0.0353097 0.0022250
vn 1.0000000 0.0000000 0.0000000
v -0.0127000 0.0353097 0.0022250
vn -1.0000000 0.0000000 0.0000000
v -0.0174752 0.0346206 -0.0007941
vn -1.0000000 0.0000000 0.0000000
v -0.0174752 0.0353097 -0.0022250
vn -1.0000000 0.0000000 0.0000000
v -0.0174752 0.0353097 -0.0022250
vn -1.0000000 0.0000000 0.0000000
v -0.0174752 0.0333501 0.0000000
vn -1.0000000 0.0000000 0.0000000
v -0.0174752 0.0333501 0.0000000
vn -1.0000000 0.0000000 0.0000000
v -0.0174752 0.0333501 -0.0111124
vn -1.0000000 0.0000000 0.0000000
v -0.0174752 0.0333501 -0.0111124
vn -1.0000000 0.0000000 0.0000000
v -0.0174752 0.0333501 -0.0111124
vn -1.0000000 0.0000000 0.0000000
v -0.0174752 0.0365514 -0.0032153
vn -1.0000000 0.0000000 0.0000000
v -0.0174752 0.0365514 -0.0032153
vn -1.0000000 0.0000000 0.0000000
v -0.0174752 0.0380998 -0.0035686
vn -1.0000000 0.0000000 0.0000000
v -0.0174752 0.0380998 -0.0035686
vn -1.0000000 0.0000000 0.0000000
v -0.0174752 0.0380998 -0.0035686
vn -1.0000000 0.0000000 0.0000000
v -0.0174752 0.0460246 -0.0111124
vn -1.0000000 0.0000000 0.0000000
v -0.0174752 0.0460246 -0.0111124
vn -1.0000000 0.0000000 0.0000000
v -0.0174752 0.0460246 -0.0111124
vn -1.0000000 0.0000000 0.0000000
v -0.0174752 0.0353097 0.0022250
vn -1.0000000 0.0000000 0.0000000
v -0.0174752 0.0353097 0.0022250
vn -1.0000000 0.0000000 0.0000000
v -0.0174752 0.0353097 0.0022250
vn -1.0000000 0.0000000 0.0000000
v -0.0174752 0.0333501 0.0111124
vn -1.0000000 0.0000000 0.0000000
v -0.0174752 0.0333501 0.0111124
vn -1.0000000 0.0000000 0.0000000
v -0.0174752 0.0333501 0.0111124
vn -1.0000000 0.0000000 0.0000000
v -0.0174752 0.0365514 0.0032153
vn -1.0000000 0.0000000 0.0000000
v -0.0174752 0.0365514 0.0032153
vn -1.0000000 0.0000000 0.0000000
v -0.0174752 0.0346206 0.0007941
vn -1.0000000 0.0000000 0.0000000
v -0.0174752 0.0346206 0.0007941
vn -1.0000000 0.0000000 0.0000000
v -0.0174752 0.0380998 0.0035686
vn -1.0000000 0.0000000 0.0000000
v -0.0174752 0.0380998 0.0035686
vn -1.0000000 0.0000000 0.0000000
v -0.0174752 0.0380998 0.0035686
vn -1.0000000 0.0000000 0.0000000
v -0.0174752 0.0396482 -0.0032153
vn -1.0000000 0.0000000 0.0000000
v -0.0174752 0.0396482 -0.0032153
vn -1.0000000 0.0000000 0.0000000
v -0.0174752 0.0408899 -0.0022250
vn -1.0000000 0.0000000 0.0000000
v -0.0174752 0.0408899 -0.0022250
vn -1.0000000 0.0000000 0.0000000
v -0.0174752 0.0460246 0.0000000
vn -1.0000000 0.0000000 0.0000000
v -0.0174752 0.0415791 -0.0007941
vn -1.0000000 0.0000000 0.0000000
v -0.0174752 0.0415791 0.0007941
vn -1.0000000 0.0000000 0.0000000
v -0.0174752 0.0415791 0.0007941
vn -1.0000000 0.0000000 0.0000000
v -0.0174752 0.0460246 0.0111124
vn -1.0000000 0.0000000 0.0000000
v -0.0174752 0.0460246 0.0111124
vn -1.0000000 0.0000000 0.0000000
v -0.0174752 0.0460246 0.0111124
vn -1.0000000 0.0000000 0.0000000
v -0.0174752 0.0396482 0.0032153
vn -1.0000000 0.0000000 0.0000000
v -0.0174752 0.0396482 0.0032153
vn -1.0000000 0.0000000 0.0000000
v -0.0174752 0.0408899 0.0022250
vn -1.0000000 0.0000000 0.0000000
v -0.0174752 0.0408899 0.0022250
vn -0.9807816 0.1951092 0.0000000
v -0.0174752 0.0460246 0.0000000
vn -0.9807815 0.1951092 0.0000000
v -0.0174752 0.0460246 0.0111124
vn -0.9238799 0.3826828 0.0000000
v -0.0171116 0.0478520 0.0111124
vn -0.9238798 0.3826828 0.0000000
v -0.0171116 0.0478520 -0.0111124
vn -0.9807815 0.1951092 0.0000000
v -0.0174752 0.0460246 -0.0111124
vn -0.7071081 0.7071056 0.0000000
v -0.0160766 0.0494012 -0.0111124
vn -0.7071081 0.7071055 0.0000000
v -0.0160766 0.0494012 0.0111124
vn -0.3826834 0.9238796 0.0000000
v -0.0145274 0.0504363 0.0111124
vn -0.3826834 0.9238796 0.0000000
v -0.0145274 0.0504363 -0.0111124
vn -0.1951070 0.9807820 0.0000000
v -0.0127000 0.0507998 0.0000000
vn -0.1951070 0.9807820 0.0000000
v -0.0127000 0.0507998 0.0111124
vn -0.1951070 0.9807820 0.0000000
v -0.0127000 0.0507998 -0.0111124
vn -0.9807835 0.1950994 0.0000000
v -0.0174752 0.0333501 0.0000000
vn -0.9238761 0.3826917 0.0000000
v -0.0177169 0.0321350 0.0111124
vn -0.9807835 0.1950994 0.0000000
v -0.0174752 0.0333501 0.0111124
vn -0.7071076 0.7071059 0.0000000
v -0.0184051 0.0311050 -0.0111124
vn -0.7071077 0.7071059 0.0000000
v -0.0184051 0.0311050 0.0111124
vn -0.9807835 0.1950994 0.0000000
v -0.0174752 0.0333501 -0.0111124
vn -0.9238762 0.3826917 0.0000000
v -0.0177169 0.0321350 -0.0111124
vn -0.1951019 0.9807830 0.0000000
v -0.0206501 0.0301750 0.0000000
vn -0.1951020 0.9807830 0.0000000
v -0.0206501 0.0301750 0.0111124
vn -0.3826941 0.9238752 0.0000000
v -0.0194352 0.0304167 0.0111124
vn -0.3826941 0.9238752 0.0000000
v -0.0194352 0.0304167 -0.0111124
vn -0.1951020 0.9807830 0.0000000
v -0.0206501 0.0301750 -0.0111124
vn -0.9807881 0.1950763 0.0000000
v -0.0380999 0.0253998 0.0000000
vn -0.9807881 0.1950763 0.0000000
v -0.0380999 0.0253998 0.0111124
vn -0.9238856 0.3826688 0.0000000
v -0.0377365 0.0272272 0.0111124
vn -0.9238856 0.3826689 0.0000000
v -0.0377365 0.0272272 -0.0111124
vn -0.9807881 0.1950763 0.0000000
v -0.0380999 0.0253998 -0.0111124
vn -0.7071102 0.7071034 0.0000000
v -0.0367014 0.0287764 -0.0111124
vn -0.7071102 0.7071033 0.0000000
v -0.0367014 0.0287764 0.0111124
vn -0.3826767 0.9238824 0.0000000
v -0.0351521 0.0298116 0.0111124
vn -0.3826766 0.9238824 0.0000000
v -0.0351521 0.0298116 -0.0111124
vn -0.1950834 0.9807867 0.0000000
v -0.0333248 0.0301750 0.0000000
vn -0.1950834 0.9807867 0.0000000
v -0.0333248 0.0301750 0.0111124
vn -0.1950834 0.9807867 0.0000000
v -0.0333248 0.0301750 -0.0111124
vn 0.0000000 0.0000000 1.0000000
v -0.0206501 0.0301750 0.0111124
vn 0.0000000 0.0000000 1.0000000
v -0.0380999 0.0253998 0.0111124
vn 0.0000000 0.0000000 1.0000000
v -0.0380999 0.0253998 0.0111124
vn 0.0000000 0.0000000 1.0000000
v -0.0127000 0.0253998 0.0111124
vn 0.0000000 0.0000000 1.0000000
v -0.0127000 0.0253998 0.0111124
vn 0.0000000 0.0000000 1.0000000
v -0.0194352 0.0304167 0.0111124
vn 0.0000000 0.0000000 1.0000000
v -0.0184051 0.0311050 0.0111124
vn 0.0000000 0.0000000 1.0000000
v -0.0184051 0.0311050 0.0111124
vn 0.0000000 0.0000000 1.0000000
v -0.0333248 0.0301750 0.0111124
vn 0.0000000 0.0000000 1.0000000
v -0.0333248 0.0301750 0.0111124
vn 0.0000000 0.0000000 1.0000000
v -0.0377365 0.0272272 0.0111124
vn 0.0000000 0.0000000 1.0000000
v -0.0377365 0.0272272 0.0111124
vn 0.0000000 0.0000000 1.0000000
v -0.0367014 0.0287764 0.0111124
vn 0.0000000 0.0000000 1.0000000
v -0.0351521 0.0298116 0.0111124
vn 0.0000000 0.0000000 1.0000000
v -0.0145274 0.0504363 0.0111124
vn 0.0000000 0.0000000 1.0000000
v -0.0145274 0.0504363 0.0111124
vn 0.0000000 0.0000000 1.0000000
v -0.0160766 0.0494012 0.0111124
vn 0.0000000 0.0000000 1.0000000
v -0.0171116 0.0478520 0.0111124
vn 0.0000000 0.0000000 1.0000000
v -0.0171116 0.0478520 0.0111124
vn 0.0000000 0.0000000 1.0000000
v -0.0171116 0.0478520 0.0111124
vn 0.0000000 0.0000000 1.0000000
v -0.0127000 0.0507998 0.0111124
vn 0.0000000 0.0000000 1.0000000
v -0.0127000 0.0507998 0.0111124
vn 0.0000000 0.0000000 1.0000000
v -0.0127000 0.0507998 0.0111124
vn 0.0000000 0.0000000 1.0000000
v -0.0174752 0.0460246 0.0111124
vn 0.0000000 0.0000000 1.0000000
v -0.0174752 0.0460246 0.0111124
vn 0.0000000 0.0000000 1.0000000
v -0.0177169 0.0321350 0.0111124
vn 0.0000000 0.0000000 1.0000000
v -0.0177169 0.0321350 0.0111124
vn 0.0000000 0.0000000 1.0000000
v -0.0174752 0.0333501 0.0111124
vn 0.0000000 0.0000000 -1.0000000
v -0.0206501 0.0301750 -0.0111124
vn 0.0000000 0.0000000 -1.0000000
v -0.0127000 0.0253998 -0.0111124
vn 0.0000000 0.0000000 -1.0000000
v -0.0127000 0.0253998 -0.0111124
vn 0.0000000 0.0000000 -1.0000000
v -0.0380999 0.0253998 -0.0111124
vn 0.0000000 0.0000000 -1.0000000
v -0.0380999 0.0253998 -0.0111124
vn 0.0000000 0.0000000 -1.0000000
v -0.0194352 0.0304167 -0.0111124
vn 0.0000000 0.0000000 -1.0000000
v -0.0184051 0.0311050 -0.0111124
vn 0.0000000 0.0000000 -1.0000000
v -0.0184051 0.0311050 -0.0111124
vn 0.0000000 0.0000000 -1.0000000
v -0.0333248 0.0301750 -0.0111124
vn 0.0000000 0.0000000 -1.0000000
v -0.0333248 0.0301750 -0.0111124
vn 0.0000000 0.0000000 -1.0000000
v -0.0377365 0.0272272 -0.0111124
vn 0.0000000 0.0000000 -1.0000000
v -0.0377365 0.0272272 -0.0111124
vn 0.0000000 0.0000000 -1.0000000
v -0.0367014 0.0287764 -0.0111124
vn 0.0000000 0.0000000 -1.0000000
v -0.0351521 0.0298116 -0.0111124
vn 0.0000000 0.0000000 -1.0000000
v -0.0145274 0.0504363 -0.0111124
vn 0.0000000 0.0000000 -1.0000000
v -0.0145274 0.0504363 -0.0111124
vn 0.0000000 0.0000000 -1.0000000
v -0.0171116 0.0478520 -0.0111124
vn 0.0000000 0.0000000 -1.0000000
v -0.0171116 0.0478520 -0.0111124
vn 0.0000000 0.0000000 -1.0000000
v -0.0171116 0.0478520 -0.0111124
vn 0.0000000 0.0000000 -1.0000000
v -0.0160766 0.0494012 -0.0111124
vn 0.0000000 0.0000000 -1.0000000
v -0.0127000 0.0507998 -0.0111124
vn 0.0000000 0.0000000 -1.0000000
v -0.0127000 0.0507998 -0.0111124
vn 0.0000000 0.0000000 -1.0000000
v -0.0127000 0.0507998 -0.0111124
vn 0.0000000 0.0000000 -1.0000000
v -0.0174752 0.0460246 -0.0111124
vn 0.0000000 0.0000000 -1.0000000
v -0.0174752 0.0460246 -0.0111124
vn 0.0000000 0.0000000 -1.0000000
v -0.0177169 0.0321350 -0.0111124
vn 0.0000000 0.0000000 -1.0000000
v -0.0177169 0.0321350 -0.0111124
vn 0.0000000 0.0000000 -1.0000000
v -0.0174752 0.0333501 -0.0111124
vn 0.0000000 -0.2225122 0.9749299
v -0.0150876 0.0380998 -0.0035686
vn 0.0000000 -0.4338804 0.9009705
v -0.0174752 0.0396482 -0.0032153
vn 0.0000000 -0.2225123 0.9749299
v -0.0174752 0.0380998 -0.0035686
vn 0.0000000 -0.9749248 0.2225346
v -0.0174752 0.0415791 -0.0007941
vn 0.0000000 -0.7818233 0.6235002
v -0.0174752 0.0408899 -0.0022250
vn 0.0000000 -0.7818233 0.6235002
v -0.0127000 0.0408899 -0.0022250
vn 0.0000000 -0.4338804 0.9009705
v -0.0127000 0.0396482 -0.0032153
vn 0.0000000 -0.2225123 0.9749299
v -0.0127000 0.0380998 -0.0035686
vn 0.0000000 -0.9749248 0.2225346
v -0.0127000 0.0415791 -0.0007941
vn 0.0000000 -0.9749248 -0.2225346
v -0.0127000 0.0415791 0.0007941
vn 0.0000000 -0.9749248 -0.2225346
v -0.0174752 0.0415791 0.0007941
vn 0.0000000 -0.7818232 -0.6235002
v -0.0127000 0.0408899 0.0022250
vn 0.0000000 -0.2225122 -0.9749299
v -0.0150876 0.0380998 0.0035686
vn 0.0000000 -0.2225123 -0.9749299
v -0.0174752 0.0380998 0.0035686
vn 0.0000000 -0.4338804 -0.9009705
v -0.0174752 0.0396482 0.0032153
vn 0.0000000 -0.7818233 -0.6235002
v -0.0174752 0.0408899 0.0022250
vn 0.0000000 -0.4338804 -0.9009705
v -0.0127000 0.0396482 0.0032153
vn 0.0000000 -0.2225123 -0.9749299
v -0.0127000 0.0380998 0.0035686
vn 0.2225120 0.0000000 -0.9749299
v -0.0254000 0.0277874 0.0035686
vn 0.4338803 0.0000000 -0.9009705
v -0.0269484 0.0301750 0.0032153
vn 0.2225120 0.0000000 -0.9749299
v -0.0254000 0.0301750 0.0035686
vn 0.7818232 0.0000000 -0.6235002
v -0.0281901 0.0301750 0.0022250
vn 0.7818233 0.0000000 -0.6235002
v -0.0281901 0.0253998 0.0022250
vn 0.9749248 0.0000000 -0.2225346
v -0.0288792 0.0253998 0.0007941
vn 0.4338803 0.0000000 -0.9009706
v -0.0269484 0.0253998 0.0032153
vn 0.2225120 0.0000000 -0.9749299
v -0.0254000 0.0253998 0.0035686
vn 0.9749248 0.0000000 0.2225346
v -0.0288792 0.0253998 -0.0007941
vn 0.9749248 0.0000000 0.2225346
v -0.0288792 0.0301750 -0.0007941
vn 0.7818232 0.0000000 0.6235002
v -0.0281901 0.0253998 -0.0022250
vn 0.2225120 0.0000000 0.9749299
v -0.0254000 0.0277874 -0.0035686
vn 0.2225120 0.0000000 0.9749299
v -0.0254000 0.0301750 -0.0035686
vn 0.4338803 0.0000000 0.9009705
v -0.0269484 0.0301750 -0.0032153
vn 0.7818233 0.0000000 0.6235002
v -0.0281901 0.0301750 -0.0022250
vn 0.4338803 0.0000000 0.9009705
v -0.0269484 0.0253998 -0.0032153
vn 0.2225120 0.0000000 0.9749299
v -0.0254000 0.0253998 -0.0035686
vn 0.9749248 0.0000000 -0.2225346
v -0.0288792 0.0301750 0.0007941
vn -0.2225723 0.0000000 -0.9749162
v -0.1905000 0.0023876 -0.2123312
vn -0.2225723 0.0000000 -0.9749162
v -0.1905000 0.0047752 -0.2123312
vn -0.4339020 0.0000000 -0.9009601
v -0.1889516 0.0047752 -0.2126847
vn -0.9749210 0.0000000 -0.2225510
v -0.1870207 0.0047752 -0.2151058
vn -0.9749210 0.0000000 -0.2225511
v -0.1870207 0.0000000 -0.2151058
vn -0.7818084 0.0000000 -0.6235188
v -0.1877099 0.0000000 -0.2136749
vn -0.7818084 0.0000000 -0.6235188
v -0.1877099 0.0047752 -0.2136749
vn -0.4339020 0.0000000 -0.9009601
v -0.1889516 0.0000000 -0.2126847
vn -0.2225723 0.0000000 -0.9749162
v -0.1905000 0.0000000 -0.2123312
vn -0.9749210 0.0000000 0.2225511
v -0.1870207 0.0047752 -0.2166941
vn -0.7818245 0.0000000 0.6234987
v -0.1877099 0.0047752 -0.2181250
vn -0.7818245 0.0000000 0.6234987
v -0.1877099 0.0000000 -0.2181250
vn -0.9749211 0.0000000 0.2225511
v -0.1870207 0.0000000 -0.2166941
vn -0.2225099 0.0000000 0.9749305
v -0.1905000 0.0023876 -0.2194687
vn -0.4338963 0.0000000 0.9009628
v -0.1889516 0.0047752 -0.2191153
vn -0.2225099 0.0000000 0.9749305
v -0.1905000 0.0047752 -0.2194687
vn -0.4338964 0.0000000 0.9009628
v -0.1889516 0.0000000 -0.2191153
vn -0.2225099 0.0000000 0.9749305
v -0.1905000 0.0000000 -0.2194687
vn 0.0000000 0.2225099 0.9749305
v -0.1801876 0.0127000 -0.2194687
vn 0.0000000 0.2225099 0.9749305
v -0.1825752 0.0127000 -0.2194687
vn 0.0000000 0.4338996 0.9009612
v -0.1825752 0.0111516 -0.2191153
vn 0.0000000 0.9749238 0.2225390
v -0.1825752 0.0092207 -0.2166941
vn 0.0000000 0.9749238 0.2225390
v -0.1777999 0.0092207 -0.2166941
vn 0.0000000 0.7818344 0.6234861
v -0.1777999 0.0099099 -0.2181250
vn 0.0000000 0.7818345 0.6234861
v -0.1825752 0.0099099 -0.2181250
vn 0.0000000 0.4338996 0.9009612
v -0.1777999 0.0111516 -0.2191153
vn 0.0000000 0.2225099 0.9749305
v -0.1777999 0.0127000 -0.2194687
vn 0.0000000 0.9749238 -0.2225390
v -0.1825752 0.0092207 -0.2151058
vn 0.0000000 0.9749238 -0.2225390
v -0.1777999 0.0092207 -0.2151058
vn 0.0000000 0.7818184 -0.6235062
v -0.1825752 0.0099099 -0.2136749
vn 0.0000000 0.7818184 -0.6235062
v -0.1777999 0.0099099 -0.2136749
vn 0.0000000 0.2225724 -0.9749162
v -0.1801876 0.0127000 -0.2123312
vn 0.0000000 0.4339053 -0.9009585
v -0.1825752 0.0111516 -0.2126847
vn 0.0000000 0.2225724 -0.9749162
v -0.1825752 0.0127000 -0.2123312
vn 0.0000000 0.4339053 -0.9009585
v -0.1777999 0.0111516 -0.2126847
vn 0.0000000 0.2225724 -0.9749162
v -0.1777999 0.0127000 -0.2123312
vn 0.0000000 1.0000000 0.0000000
v -0.1984248 0.0047752 -0.2159000
vn 0.0000000 1.0000000 0.0000000
v -0.1984248 0.0047752 -0.2159000
vn 0.0000000 1.0000000 0.0000000
v -0.1984248 0.0047752 -0.2047875
vn 0.0000000 1.0000000 0.0000000
v -0.1984248 0.0047752 -0.2047875
vn 0.0000000 1.0000000 0.0000000
v -0.1984248 0.0047752 -0.2047875
vn 0.0000000 1.0000000 0.0000000
v -0.1939792 0.0047752 -0.2151058
vn 0.0000000 1.0000000 0.0000000
v -0.1939792 0.0047752 -0.2151058
vn 0.0000000 1.0000000 0.0000000
v -0.1939792 0.0047752 -0.2151058
vn 0.0000000 1.0000000 0.0000000
v -0.1932901 0.0047752 -0.2136749
vn 0.0000000 1.0000000 0.0000000
v -0.1932901 0.0047752 -0.2136749
vn 0.0000000 1.0000000 0.0000000
v -0.1920484 0.0047752 -0.2126847
vn 0.0000000 1.0000000 0.0000000
v -0.1905000 0.0047752 -0.2123312
vn 0.0000000 1.0000000 0.0000000
v -0.1857502 0.0047752 -0.2047875
vn 0.0000000 1.0000000 0.0000000
v -0.1939792 0.0047752 -0.2166941
vn 0.0000000 1.0000000 0.0000000
v -0.1939792 0.0047752 -0.2166941
vn 0.0000000 1.0000000 0.0000000
v -0.1984248 0.0047752 -0.2270125
vn 0.0000000 1.0000000 0.0000000
v -0.1984248 0.0047752 -0.2270125
vn 0.0000000 1.0000000 0.0000000
v -0.1984248 0.0047752 -0.2270125
vn 0.0000000 1.0000000 0.0000000
v -0.1932901 0.0047752 -0.2181250
vn 0.0000000 1.0000000 0.0000000
v -0.1932901 0.0047752 -0.2181250
vn 0.0000000 1.0000000 0.0000000
v -0.1920484 0.0047752 -0.2191153
vn 0.0000000 1.0000000 0.0000000
v -0.1920484 0.0047752 -0.2191153
vn 0.0000000 1.0000000 0.0000000
v -0.1905000 0.0047752 -0.2194687
vn 0.0000000 1.0000000 0.0000000
v -0.1877099 0.0047752 -0.2136749
vn 0.0000000 1.0000000 0.0000000
v -0.1889516 0.0047752 -0.2126847
vn 0.0000000 1.0000000 0.0000000
v -0.1870207 0.0047752 -0.2151058
vn 0.0000000 1.0000000 0.0000000
v -0.1870207 0.0047752 -0.2151058
vn 0.0000000 1.0000000 0.0000000
v -0.1857502 0.0047752 -0.2159000
vn 0.0000000 1.0000000 0.0000000
v -0.1857502 0.0047752 -0.2159000
vn 0.0000000 1.0000000 0.0000000
v -0.1857502 0.0047752 -0.2159000
vn 0.0000000 1.0000000 0.0000000
v -0.1870207 0.0047752 -0.2166941
vn 0.0000000 1.0000000 0.0000000
v -0.1870207 0.0047752 -0.2166941
vn 0.0000000 1.0000000 0.0000000
v -0.1857502 0.0047752 -0.2270125
vn 0.0000000 1.0000000 0.0000000
v -0.1857502 0.0047752 -0.2270125
vn 0.0000000 1.0000000 0.0000000
v -0.1889516 0.0047752 -0.2191153
vn 0.0000000 1.0000000 0.0000000
v -0.1889516 0.0047752 -0.2191153
vn 0.0000000 1.0000000 0.0000000
v -0.1877099 0.0047752 -0.2181250
vn 0.0000000 1.0000000 0.0000000
v -0.1877099 0.0047752 -0.2181250
vn 0.0000000 1.0000000 0.0000000
v -0.1877099 0.0047752 -0.2181250
vn 0.0000000 -1.0000000 0.0000000
v -0.1905000 0.0000000 -0.2194687
vn 0.0000000 -1.0000000 0.0000000
v -0.1777999 0.0000000 -0.2270125
vn 0.0000000 -1.0000000 0.0000000
v -0.1889516 0.0000000 -0.2191153
vn 0.0000000 -1.0000000 0.0000000
v -0.1877099 0.0000000 -0.2181250
vn 0.0000000 -1.0000000 0.0000000
v -0.1870207 0.0000000 -0.2166941
vn 0.0000000 -1.0000000 0.0000000
v -0.1777999 0.0000000 -0.2047875
vn 0.0000000 -1.0000000 0.0000000
v -0.1920484 0.0000000 -0.2191153
vn 0.0000000 -1.0000000 0.0000000
v -0.2032000 0.0000000 -0.2270125
vn 0.0000000 -1.0000000 0.0000000
v -0.2032000 0.0000000 -0.2159000
vn 0.0000000 -1.0000000 0.0000000
v -0.1932901 0.0000000 -0.2181250
vn 0.0000000 -1.0000000 0.0000000
v -0.1939792 0.0000000 -0.2166941
vn 0.0000000 -1.0000000 0.0000000
v -0.1877099 0.0000000 -0.2136749
vn 0.0000000 -1.0000000 0.0000000
v -0.1870207 0.0000000 -0.2151058
vn 0.0000000 -1.0000000 0.0000000
v -0.1905000 0.0000000 -0.2123312
vn 0.0000000 -1.0000000 0.0000000
v -0.1889516 0.0000000 -0.2126847
vn 0.0000000 -1.0000000 0.0000000
v -0.2032000 0.0000000 -0.2047875
vn 0.0000000 -1.0000000 0.0000000
v -0.1932901 0.0000000 -0.2136749
vn 0.0000000 -1.0000000 0.0000000
v -0.1939792 0.0000000 -0.2151058
vn 0.0000000 -1.0000000 0.0000000
v -0.1920484 0.0000000 -0.2126847
vn 1.0000000 0.0000000 0.0000000
v -0.1777999 0.0161792 -0.2151058
vn 1.0000000 0.0000000 0.0000000
v -0.1777999 0.0254000 -0.2159000
vn 1.0000000 0.0000000 0.0000000
v -0.1777999 0.0254000 -0.2159000
vn 1.0000000 0.0000000 0.0000000
v -0.1777999 0.0154901 -0.2136749
vn 1.0000000 0.0000000 0.0000000
v -0.1777999 0.0154901 -0.2136749
vn 1.0000000 0.0000000 0.0000000
v -0.1777999 0.0254000 -0.2047875
vn 1.0000000 0.0000000 0.0000000
v -0.1777999 0.0254000 -0.2047875
vn 1.0000000 0.0000000 0.0000000
v -0.1777999 0.0254000 -0.2047875
vn 1.0000000 0.0000000 0.0000000
v -0.1777999 0.0142484 -0.2126847
vn 1.0000000 0.0000000 0.0000000
v -0.1777999 0.0142484 -0.2126847
vn 1.0000000 0.0000000 0.0000000
v -0.1777999 0.0127000 -0.2123312
vn 1.0000000 0.0000000 0.0000000
v -0.1777999 0.0127000 -0.2123312
vn 1.0000000 0.0000000 0.0000000
v -0.1777999 0.0127000 -0.2123312
vn 1.0000000 0.0000000 0.0000000
v -0.1777999 0.0154901 -0.2181250
vn 1.0000000 0.0000000 0.0000000
v -0.1777999 0.0154901 -0.2181250
vn 1.0000000 0.0000000 0.0000000
v -0.1777999 0.0154901 -0.2181250
vn 1.0000000 0.0000000 0.0000000
v -0.1777999 0.0254000 -0.2270125
vn 1.0000000 0.0000000 0.0000000
v -0.1777999 0.0254000 -0.2270125
vn 1.0000000 0.0000000 0.0000000
v -0.1777999 0.0254000 -0.2270125
vn 1.0000000 0.0000000 0.0000000
v -0.1777999 0.0142484 -0.2191153
vn 1.0000000 0.0000000 0.0000000
v -0.1777999 0.0142484 -0.2191153
vn 1.0000000 0.0000000 0.0000000
v -0.1777999 0.0161792 -0.2166941
vn 1.0000000 0.0000000 0.0000000
v -0.1777999 0.0161792 -0.2166941
vn 1.0000000 0.0000000 0.0000000
v -0.1777999 0.0127000 -0.2194687
vn 1.0000000 0.0000000 0.0000000
v -0.1777999 0.0127000 -0.2194687
vn 1.0000000 0.0000000 0.0000000
v -0.1777999 0.0127000 -0.2194687
vn 1.0000000 0.0000000 0.0000000
v -0.1777999 0.0000000 -0.2047875
vn 1.0000000 0.0000000 0.0000000
v -0.1777999 0.0000000 -0.2047875
vn 1.0000000 0.0000000 0.0000000
v -0.1777999 0.0000000 -0.2047875
vn 1.0000000 0.0000000 0.0000000
v -0.1777999 0.0000000 -0.2047875
vn 1.0000000 0.0000000 0.0000000
v -0.1777999 0.0111516 -0.2126847
vn 1.0000000 0.0000000 0.0000000
v -0.1777999 0.0111516 -0.2126847
vn 1.0000000 0.0000000 0.0000000
v -0.1777999 0.0092207 -0.2151058
vn 1.0000000 0.0000000 0.0000000
v -0.1777999 0.0099099 -0.2136749
vn 1.0000000 0.0000000 0.0000000
v -0.1777999 0.0099099 -0.2136749
vn 1.0000000 0.0000000 0.0000000
v -0.1777999 0.0092207 -0.2166941
vn 1.0000000 0.0000000 0.0000000
v -0.1777999 0.0092207 -0.2166941
vn 1.0000000 0.0000000 0.0000000
v -0.1777999 0.0000000 -0.2270125
vn 1.0000000 0.0000000 0.0000000
v -0.1777999 0.0000000 -0.2270125
vn 1.0000000 0.0000000 0.0000000
v -0.1777999 0.0000000 -0.2270125
vn 1.0000000 0.0000000 0.0000000
v -0.1777999 0.0000000 -0.2270125
vn 1.0000000 0.0000000 0.0000000
v -0.1777999 0.0000000 -0.2270125
vn 1.0000000 0.0000000 0.0000000
v -0.1777999 0.0111516 -0.2191153
vn 1.0000000 0.0000000 0.0000000
v -0.1777999 0.0111516 -0.2191153
vn 1.0000000 0.0000000 0.0000000
v -0.1777999 0.0099099 -0.2181250
vn 1.0000000 0.0000000 0.0000000
v -0.1777999 0.0099099 -0.2181250
vn -1.0000000 0.0000000 0.0000000
v -0.1825752 0.0092207 -0.2151058
vn -1.0000000 0.0000000 0.0000000
v -0.1825752 0.0092207 -0.2151058
vn -1.0000000 0.0000000 0.0000000
v -0.1825752 0.0079502 -0.2159000
vn -1.0000000 0.0000000 0.0000000
v -0.1825752 0.0079502 -0.2159000
vn -1.0000000 0.0000000 0.0000000
v -0.1825752 0.0079502 -0.2159000
vn -1.0000000 0.0000000 0.0000000
v -0.1825752 0.0099099 -0.2136749
vn -1.0000000 0.0000000 0.0000000
v -0.1825752 0.0099099 -0.2136749
vn -1.0000000 0.0000000 0.0000000
v -0.1825752 0.0099099 -0.2136749
vn -1.0000000 0.0000000 0.0000000
v -0.1825752 0.0079502 -0.2047875
vn -1.0000000 0.0000000 0.0000000
v -0.1825752 0.0079502 -0.2047875
vn -1.0000000 0.0000000 0.0000000
v -0.1825752 0.0079502 -0.2047875
vn -1.0000000 0.0000000 0.0000000
v -0.1825752 0.0111516 -0.2126847
vn -1.0000000 0.0000000 0.0000000
v -0.1825752 0.0111516 -0.2126847
vn -1.0000000 0.0000000 0.0000000
v -0.1825752 0.0127000 -0.2123312
vn -1.0000000 0.0000000 0.0000000
v -0.1825752 0.0127000 -0.2123312
vn -1.0000000 0.0000000 0.0000000
v -0.1825752 0.0206247 -0.2047875
vn -1.0000000 0.0000000 0.0000000
v -0.1825752 0.0206247 -0.2047875
vn -1.0000000 0.0000000 0.0000000
v -0.1825752 0.0099099 -0.2181250
vn -1.0000000 0.0000000 0.0000000
v -0.1825752 0.0099099 -0.2181250
vn -1.0000000 0.0000000 0.0000000
v -0.1825752 0.0099099 -0.2181250
vn -1.0000000 0.0000000 0.0000000
v -0.1825752 0.0079502 -0.2270125
vn -1.0000000 0.0000000 0.0000000
v -0.1825752 0.0079502 -0.2270125
vn -1.0000000 0.0000000 0.0000000
v -0.1825752 0.0079502 -0.2270125
vn -1.0000000 0.0000000 0.0000000
v -0.1825752 0.0111516 -0.2191153
vn -1.0000000 0.0000000 0.0000000
v -0.1825752 0.0111516 -0.2191153
vn -1.0000000 0.0000000 0.0000000
v -0.1825752 0.0092207 -0.2166941
vn -1.0000000 0.0000000 0.0000000
v -0.1825752 0.0092207 -0.2166941
vn -1.0000000 0.0000000 0.0000000
v -0.1825752 0.0127000 -0.2194687
vn -1.0000000 0.0000000 0.0000000
v -0.1825752 0.0127000 -0.2194687
vn -1.0000000 0.0000000 0.0000000
v -0.1825752 0.0154901 -0.2136749
vn -1.0000000 0.0000000 0.0000000
v -0.1825752 0.0154901 -0.2136749
vn -1.0000000 0.0000000 0.0000000
v -0.1825752 0.0142484 -0.2126847
vn -1.0000000 0.0000000 0.0000000
v -0.1825752 0.0206247 -0.2159000
vn -1.0000000 0.0000000 0.0000000
v -0.1825752 0.0161792 -0.2151058
vn -1.0000000 0.0000000 0.0000000
v -0.1825752 0.0161792 -0.2151058
vn -1.0000000 0.0000000 0.0000000
v -0.1825752 0.0161792 -0.2166941
vn -1.0000000 0.0000000 0.0000000
v -0.1825752 0.0161792 -0.2166941
vn -1.0000000 0.0000000 0.0000000
v -0.1825752 0.0206247 -0.2270125
vn -1.0000000 0.0000000 0.0000000
v -0.1825752 0.0206247 -0.2270125
vn -1.0000000 0.0000000 0.0000000
v -0.1825752 0.0142484 -0.2191153
vn -1.0000000 0.0000000 0.0000000
v -0.1825752 0.0154901 -0.2181250
vn -1.0000000 0.0000000 0.0000000
v -0.1825752 0.0154901 -0.2181250
vn -0.9807851 0.1950915 0.0000000
v -0.1825752 0.0206247 -0.2159000
vn -0.9238823 0.3826768 0.0000000
v -0.1822117 0.0224522 -0.2270125
vn -0.9807850 0.1950915 0.0000000
v -0.1825752 0.0206247 -0.2270125
vn -0.9238823 0.3826768 0.0000000
v -0.1822117 0.0224522 -0.2047875
vn -0.7071151 0.7070985 0.0000000
v -0.1811766 0.0240014 -0.2047875
vn -0.7071151 0.7070985 0.0000000
v -0.1811766 0.0240014 -0.2270125
vn -0.9807851 0.1950915 0.0000000
v -0.1825752 0.0206247 -0.2047875
vn -0.1950672 0.9807899 0.0000000
v -0.1777999 0.0254000 -0.2159000
vn -0.1950672 0.9807900 0.0000000
v -0.1777999 0.0254000 -0.2270125
vn -0.3826762 0.9238825 0.0000000
v -0.1796274 0.0250365 -0.2270125
vn -0.3826762 0.9238825 0.0000000
v -0.1796274 0.0250365 -0.2047875
vn -0.1950672 0.9807900 0.0000000
v -0.1777999 0.0254000 -0.2047875
vn -0.9807837 0.1950983 0.0000000
v -0.1825752 0.0079502 -0.2159000
vn -0.9807836 0.1950982 0.0000000
v -0.1825752 0.0079502 -0.2270125
vn -0.9238823 0.3826767 0.0000000
v -0.1828169 0.0067351 -0.2270125
vn -0.9238824 0.3826768 0.0000000
v -0.1828169 0.0067351 -0.2047875
vn -0.7071072 0.7071065 0.0000000
v -0.1835051 0.0057051 -0.2270125
vn -0.9807836 0.1950982 0.0000000
v -0.1825752 0.0079502 -0.2047875
vn -0.1951001 0.9807833 0.0000000
v -0.1857502 0.0047752 -0.2159000
vn -0.3826780 0.9238818 0.0000000
v -0.1845352 0.0050169 -0.2270125
vn -0.1951001 0.9807833 0.0000000
v -0.1857502 0.0047752 -0.2270125
vn -0.3826780 0.9238818 0.0000000
v -0.1845352 0.0050169 -0.2047875
vn -0.7071072 0.7071065 0.0000000
v -0.1835051 0.0057051 -0.2047875
vn -0.1951001 0.9807833 0.0000000
v -0.1857502 0.0047752 -0.2047875
vn -0.9807838 0.1950978 0.0000000
v -0.2032000 0.0000000 -0.2159000
vn -0.9238811 0.3826798 0.0000000
v -0.2028365 0.0018274 -0.2270125
vn -0.9807838 0.1950978 0.0000000
v -0.2032000 0.0000000 -0.2270125
vn -0.9238811 0.3826798 0.0000000
v -0.2028365 0.0018274 -0.2047875
vn -0.7071152 0.7070984 0.0000000
v -0.2018014 0.0033765 -0.2047875
vn -0.7071151 0.7070984 0.0000000
v -0.2018014 0.0033765 -0.2270125
vn -0.9807839 0.1950978 0.0000000
v -0.2032000 0.0000000 -0.2047875
vn -0.1950781 0.9807878 0.0000000
v -0.1984248 0.0047752 -0.2159000
vn -0.1950781 0.9807878 0.0000000
v -0.1984248 0.0047752 -0.2270125
vn -0.3826815 0.9238803 0.0000000
v -0.2002522 0.0044117 -0.2270125
vn -0.3826815 0.9238804 0.0000000
v -0.2002522 0.0044117 -0.2047875
vn -0.1950781 0.9807878 0.0000000
v -0.1984248 0.0047752 -0.2047875
vn 0.0000000 0.0000000 -1.0000000
v -0.1857502 0.0047752 -0.2270125
vn 0.0000000 0.0000000 -1.0000000
v -0.1777999 0.0000000 -0.2270125
vn 0.0000000 0.0000000 -1.0000000
v -0.1777999 0.0000000 -0.2270125
vn 0.0000000 0.0000000 -1.0000000
v -0.1777999 0.0000000 -0.2270125
vn 0.0000000 0.0000000 -1.0000000
v -0.2032000 0.0000000 -0.2270125
vn 0.0000000 0.0000000 -1.0000000
v -0.1845352 0.0050169 -0.2270125
vn 0.0000000 0.0000000 -1.0000000
v -0.1835051 0.0057051 -0.2270125
vn 0.0000000 0.0000000 -1.0000000
v -0.1835051 0.0057051 -0.2270125
vn 0.0000000 0.0000000 -1.0000000
v -0.1984248 0.0047752 -0.2270125
vn 0.0000000 0.0000000 -1.0000000
v -0.1984248 0.0047752 -0.2270125
vn 0.0000000 0.0000000 -1.0000000
v -0.2028365 0.0018274 -0.2270125
vn 0.0000000 0.0000000 -1.0000000
v -0.2028365 0.0018274 -0.2270125
vn 0.0000000 0.0000000 -1.0000000
v -0.2018014 0.0033765 -0.2270125
vn 0.0000000 0.0000000 -1.0000000
v -0.2002522 0.0044117 -0.2270125
vn 0.0000000 0.0000000 -1.0000000
v -0.2002522 0.0044117 -0.2270125
vn 0.0000000 0.0000000 -1.0000000
v -0.1796274 0.0250365 -0.2270125
vn 0.0000000 0.0000000 -1.0000000
v -0.1796274 0.0250365 -0.2270125
vn 0.0000000 0.0000000 -1.0000000
v -0.1822117 0.0224522 -0.2270125
vn 0.0000000 0.0000000 -1.0000000
v -0.1822117 0.0224522 -0.2270125
vn 0.0000000 0.0000000 -1.0000000
v -0.1822117 0.0224522 -0.2270125
vn 0.0000000 0.0000000 -1.0000000
v -0.1811766 0.0240014 -0.2270125
vn 0.0000000 0.0000000 -1.0000000
v -0.1777999 0.0254000 -0.2270125
vn 0.0000000 0.0000000 -1.0000000
v -0.1777999 0.0254000 -0.2270125
vn 0.0000000 0.0000000 -1.0000000
v -0.1777999 0.0254000 -0.2270125
vn 0.0000000 0.0000000 -1.0000000
v -0.1825752 0.0206247 -0.2270125
vn 0.0000000 0.0000000 -1.0000000
v -0.1825752 0.0206247 -0.2270125
vn 0.0000000 0.0000000 -1.0000000
v -0.1828169 0.0067351 -0.2270125
vn 0.0000000 0.0000000 -1.0000000
v -0.1828169 0.0067351 -0.2270125
vn 0.0000000 0.0000000 -1.0000000
v -0.1825752 0.0079502 -0.2270125
vn 0.0000000 0.0000000 -1.0000000
v -0.1825752 0.0079502 -0.2270125
vn 0.0000000 0.0000000 1.0000000
v -0.1857502 0.0047752 -0.2047875
vn 0.0000000 0.0000000 1.0000000
v -0.2032000 0.0000000 -0.2047875
vn 0.0000000 0.0000000 1.0000000
v -0.1777999 0.0000000 -0.2047875
vn 0.0000000 0.0000000 1.0000000
v -0.1777999 0.0000000 -0.2047875
vn 0.0000000 0.0000000 1.0000000
v -0.1845352 0.0050169 -0.2047875
vn 0.0000000 0.0000000 1.0000000
v -0.1835051 0.0057051 -0.2047875
vn 0.0000000 0.0000000 1.0000000
v -0.1835051 0.0057051 -0.2047875
vn 0.0000000 0.0000000 1.0000000
v -0.1984248 0.0047752 -0.2047875
vn 0.0000000 0.0000000 1.0000000
v -0.1984248 0.0047752 -0.2047875
vn 0.0000000 0.0000000 1.0000000
v -0.2028365 0.0018274 -0.2047875
vn 0.0000000 0.0000000 1.0000000
v -0.2028365 0.0018274 -0.2047875
vn 0.0000000 0.0000000 1.0000000
v -0.2028365 0.0018274 -0.2047875
vn 0.0000000 0.0000000 1.0000000
v -0.2002522 0.0044117 -0.2047875
vn 0.0000000 0.0000000 1.0000000
v -0.2002522 0.0044117 -0.2047875
vn 0.0000000 0.0000000 1.0000000
v -0.2018014 0.0033765 -0.2047875
vn 0.0000000 0.0000000 1.0000000
v -0.1796274 0.0250365 -0.2047875
vn 0.0000000 0.0000000 1.0000000
v -0.1796274 0.0250365 -0.2047875
vn 0.0000000 0.0000000 1.0000000
v -0.1811766 0.0240014 -0.2047875
vn 0.0000000 0.0000000 1.0000000
v -0.1822117 0.0224522 -0.2047875
vn 0.0000000 0.0000000 1.0000000
v -0.1822117 0.0224522 -0.2047875
vn 0.0000000 0.0000000 1.0000000
v -0.1822117 0.0224522 -0.2047875
vn 0.0000000 0.0000000 1.0000000
v -0.1777999 0.0254000 -0.2047875
vn 0.0000000 0.0000000 1.0000000
v -0.1777999 0.0254000 -0.2047875
vn 0.0000000 0.0000000 1.0000000
v -0.1777999 0.0254000 -0.2047875
vn 0.0000000 0.0000000 1.0000000
v -0.1825752 0.0206247 -0.2047875
vn 0.0000000 0.0000000 1.0000000
v -0.1825752 0.0206247 -0.2047875
vn 0.0000000 0.0000000 1.0000000
v -0.1828169 0.0067351 -0.2047875
vn 0.0000000 0.0000000 1.0000000
v -0.1828169 0.0067351 -0.2047875
vn 0.0000000 0.0000000 1.0000000
v -0.1825752 0.0079502 -0.2047875
vn 0.0000000 -0.2225722 -0.9749162
v -0.1801876 0.0127000 -0.2123312
vn 0.0000000 -0.2225722 -0.9749162
v -0.1825752 0.0127000 -0.2123312
vn 0.0000000 -0.4338947 -0.9009635
v -0.1825752 0.0142484 -0.2126847
vn 0.0000000 -0.9749275 -0.2225225
v -0.1825752 0.0161792 -0.2151058
vn 0.0000000 -0.9749275 -0.2225225
v -0.1777999 0.0161792 -0.2151058
vn 0.0000000 -0.7818217 -0.6235021
v -0.1777999 0.0154901 -0.2136749
vn 0.0000000 -0.7818217 -0.6235021
v -0.1825752 0.0154901 -0.2136749
vn 0.0000000 -0.4338947 -0.9009636
v -0.1777999 0.0142484 -0.2126847
vn 0.0000000 -0.2225722 -0.9749162
v -0.1777999 0.0127000 -0.2123312
vn 0.0000000 -0.9749275 0.2225225
v -0.1777999 0.0161792 -0.2166941
vn 0.0000000 -0.9749275 0.2225225
v -0.1825752 0.0161792 -0.2166941
vn 0.0000000 -0.7818377 0.6234820
v -0.1825752 0.0154901 -0.2181250
vn 0.0000000 -0.7818377 0.6234820
v -0.1777999 0.0154901 -0.2181250
vn 0.0000000 -0.2225098 0.9749305
v -0.1801876 0.0127000 -0.2194687
vn 0.0000000 -0.4338891 0.9009663
v -0.1825752 0.0142484 -0.2191153
vn 0.0000000 -0.2225098 0.9749305
v -0.1825752 0.0127000 -0.2194687
vn 0.0000000 -0.4338891 0.9009663
v -0.1777999 0.0142484 -0.2191153
vn 0.0000000 -0.2225098 0.9749305
v -0.1777999 0.0127000 -0.2194687
vn 0.2225120 0.0000000 0.9749300
v -0.1905000 0.0023876 -0.2194687
vn 0.2225119 0.0000000 0.9749299
v -0.1905000 0.0047752 -0.2194687
vn 0.4338972 0.0000000 0.9009624
v -0.1920484 0.0047752 -0.2191153
vn 0.7818402 0.0000000 0.6234789
v -0.1932901 0.0047752 -0.2181250
vn 0.9749267 0.0000000 0.2225264
v -0.1939792 0.0047752 -0.2166941
vn 0.9749267 0.0000000 0.2225264
v -0.1939792 0.0000000 -0.2166941
vn 0.7818402 0.0000000 0.6234789
v -0.1932901 0.0000000 -0.2181250
vn 0.4338972 0.0000000 0.9009624
v -0.1920484 0.0000000 -0.2191153
vn 0.2225119 0.0000000 0.9749299
v -0.1905000 0.0000000 -0.2194687
vn 0.9749267 0.0000000 -0.2225264
v -0.1939792 0.0047752 -0.2151058
vn 0.7818242 0.0000000 -0.6234989
v -0.1932901 0.0047752 -0.2136749
vn 0.7818242 0.0000000 -0.6234989
v -0.1932901 0.0000000 -0.2136749
vn 0.9749267 0.0000000 -0.2225264
v -0.1939792 0.0000000 -0.2151058
vn 0.2225744 0.0000000 -0.9749157
v -0.1905000 0.0023876 -0.2123312
vn 0.4339029 0.0000000 -0.9009597
v -0.1920484 0.0047752 -0.2126847
vn 0.2225744 0.0000000 -0.9749157
v -0.1905000 0.0047752 -0.2123312
vn 0.4339030 0.0000000 -0.9009596
v -0.1920484 0.0000000 -0.2126847
vn 0.2225744 0.0000000 -0.9749157
v -0.1905000 0.0000000 -0.2123312
vn -0.2225723 0.0000000 0.9749162
v -0.1905000 0.0023876 0.2123312
vn -0.4339019 0.0000000 0.9009601
v -0.1889516 0.0047752 0.2126847
vn -0.2225723 0.0000000 0.9749162
v -0.1905000 0.0047752 0.2123312
vn -0.9749210 0.0000000 0.2225510
v -0.1870207 0.0047752 0.2151058
vn -0.7818084 0.0000000 0.6235188
v -0.1877099 0.0047752 0.2136749
vn -0.7818084 0.0000000 0.6235188
v -0.1877099 -0.0000000 0.2136749
vn -0.4339019 0.0000000 0.9009601
v -0.1889516 -0.0000000 0.2126847
vn -0.2225723 0.0000000 0.9749162
v -0.1905000 -0.0000000 0.2123312
vn -0.9749211 0.0000000 0.2225511
v -0.1870207 -0.0000000 0.2151058
vn -0.9749210 0.0000000 -0.2225510
v -0.1870207 -0.0000000 0.2166941
vn -0.9749210 0.0000000 -0.2225511
v -0.1870207 0.0047752 0.2166941
vn -0.7818245 0.0000000 -0.6234986
v -0.1877099 0.0047752 0.2181250
vn -0.2225099 0.0000000 -0.9749305
v -0.1905000 0.0023876 0.2194687
vn -0.2225099 0.0000000 -0.9749305
v -0.1905000 0.0047752 0.2194687
vn -0.4338963 0.0000000 -0.9009628
v -0.1889516 0.0047752 0.2191153
vn -0.7818245 0.0000000 -0.6234987
v -0.1877099 -0.0000000 0.2181250
vn -0.2225099 0.0000000 -0.9749305
v -0.1905000 -0.0000000 0.2194687
vn -0.4338963 0.0000000 -0.9009628
v -0.1889516 -0.0000000 0.2191153
vn 0.0000000 0.2225099 -0.9749305
v -0.1801876 0.0127000 0.2194687
vn 0.0000000 0.4338996 -0.9009612
v -0.1825752 0.0111516 0.2191153
vn 0.0000000 0.2225099 -0.9749305
v -0.1825752 0.0127000 0.2194687
vn 0.0000000 0.9749238 -0.2225390
v -0.1825752 0.0092207 0.2166941
vn 0.0000000 0.7818345 -0.6234861
v -0.1825752 0.0099099 0.2181250
vn 0.0000000 0.7818344 -0.6234861
v -0.1777999 0.0099099 0.2181250
vn 0.0000000 0.4338996 -0.9009613
v -0.1777999 0.0111516 0.2191153
vn 0.0000000 0.2225099 -0.9749305
v -0.1777999 0.0127000 0.2194687
vn 0.0000000 0.9749238 -0.2225390
v -0.1777999 0.0092207 0.2166941
vn 0.0000000 0.9749238 0.2225390
v -0.1777999 0.0092207 0.2151058
vn 0.0000000 0.9749238 0.2225390
v -0.1825752 0.0092207 0.2151058
vn 0.0000000 0.7818184 0.6235062
v -0.1777999 0.0099099 0.2136749
vn 0.0000000 0.2225724 0.9749162
v -0.1801876 0.0127000 0.2123312
vn 0.0000000 0.2225724 0.9749162
v -0.1825752 0.0127000 0.2123312
vn 0.0000000 0.4339053 0.9009585
v -0.1825752 0.0111516 0.2126847
vn 0.0000000 0.7818184 0.6235062
v -0.1825752 0.0099099 0.2136749
vn 0.0000000 0.4339053 0.9009585
v -0.1777999 0.0111516 0.2126847
vn 0.0000000 0.2225724 0.9749162
v -0.1777999 0.0127000 0.2123312
vn 0.0000000 1.0000000 0.0000000
v -0.1984248 0.0047752 0.2159000
vn 0.0000000 1.0000000 0.0000000
v -0.1984248 0.0047752 0.2159000
vn 0.0000000 1.0000000 0.0000000
v -0.1939792 0.0047752 0.2151058
vn 0.0000000 1.0000000 0.0000000
v -0.1939792 0.0047752 0.2151058
vn 0.0000000 1.0000000 0.0000000
v -0.1939792 0.0047752 0.2151058
vn 0.0000000 1.0000000 0.0000000
v -0.1984248 0.0047752 0.2047875
vn 0.0000000 1.0000000 0.0000000
v -0.1984248 0.0047752 0.2047875
vn 0.0000000 1.0000000 0.0000000
v -0.1984248 0.0047752 0.2047875
vn 0.0000000 1.0000000 0.0000000
v -0.1932901 0.0047752 0.2136749
vn 0.0000000 1.0000000 0.0000000
v -0.1932901 0.0047752 0.2136749
vn 0.0000000 1.0000000 0.0000000
v -0.1920484 0.0047752 0.2126847
vn 0.0000000 1.0000000 0.0000000
v -0.1905000 0.0047752 0.2123312
vn 0.0000000 1.0000000 0.0000000
v -0.1857502 0.0047752 0.2047875
vn 0.0000000 1.0000000 0.0000000
v -0.1939792 0.0047752 0.2166941
vn 0.0000000 1.0000000 0.0000000
v -0.1939792 0.0047752 0.2166941
vn 0.0000000 1.0000000 0.0000000
v -0.1984248 0.0047752 0.2270125
vn 0.0000000 1.0000000 0.0000000
v -0.1984248 0.0047752 0.2270125
vn 0.0000000 1.0000000 0.0000000
v -0.1984248 0.0047752 0.2270125
vn 0.0000000 1.0000000 0.0000000
v -0.1920484 0.0047752 0.2191153
vn 0.0000000 1.0000000 0.0000000
v -0.1920484 0.0047752 0.2191153
vn 0.0000000 1.0000000 0.0000000
v -0.1932901 0.0047752 0.2181250
vn 0.0000000 1.0000000 0.0000000
v -0.1932901 0.0047752 0.2181250
vn 0.0000000 1.0000000 0.0000000
v -0.1905000 0.0047752 0.2194687
vn 0.0000000 1.0000000 0.0000000
v -0.1889516 0.0047752 0.2126847
vn 0.0000000 1.0000000 0.0000000
v -0.1877099 0.0047752 0.2136749
vn 0.0000000 1.0000000 0.0000000
v -0.1870207 0.0047752 0.2151058
vn 0.0000000 1.0000000 0.0000000
v -0.1870207 0.0047752 0.2151058
vn 0.0000000 1.0000000 0.0000000
v -0.1857502 0.0047752 0.2159000
vn 0.0000000 1.0000000 0.0000000
v -0.1857502 0.0047752 0.2159000
vn 0.0000000 1.0000000 0.0000000
v -0.1857502 0.0047752 0.2159000
vn 0.0000000 1.0000000 0.0000000
v -0.1870207 0.0047752 0.2166941
vn 0.0000000 1.0000000 0.0000000
v -0.1870207 0.0047752 0.2166941
vn 0.0000000 1.0000000 0.0000000
v -0.1857502 0.0047752 0.2270125
vn 0.0000000 1.0000000 0.0000000
v -0.1857502 0.0047752 0.2270125
vn 0.0000000 1.0000000 0.0000000
v -0.1889516 0.0047752 0.2191153
vn 0.0000000 1.0000000 0.0000000
v -0.1889516 0.0047752 0.2191153
vn 0.0000000 1.0000000 0.0000000
v -0.1877099 0.0047752 0.2181250
vn 0.0000000 1.0000000 0.0000000
v -0.1877099 0.0047752 0.2181250
vn 0.0000000 1.0000000 0.0000000
v -0.1877099 0.0047752 0.2181250
vn 0.0000000 -1.0000000 0.0000000
v -0.1905000 -0.0000000 0.2194687
vn 0.0000000 -1.0000000 0.0000000
v -0.1889516 -0.0000000 0.2191153
vn 0.0000000 -1.0000000 0.0000000
v -0.1777999 -0.0000000 0.2270125
vn 0.0000000 -1.0000000 0.0000000
v -0.1877099 -0.0000000 0.2181250
vn 0.0000000 -1.0000000 0.0000000
v -0.1870207 -0.0000000 0.2166941
vn 0.0000000 -1.0000000 0.0000000
v -0.1777999 -0.0000000 0.2047875
vn 0.0000000 -1.0000000 0.0000000
v -0.1920484 -0.0000000 0.2191153
vn 0.0000000 -1.0000000 0.0000000
v -0.2032000 -0.0000000 0.2270125
vn 0.0000000 -1.0000000 0.0000000
v -0.2032000 -0.0000000 0.2159000
vn 0.0000000 -1.0000000 0.0000000
v -0.1932901 -0.0000000 0.2181250
vn 0.0000000 -1.0000000 0.0000000
v -0.1939792 -0.0000000 0.2166941
vn 0.0000000 -1.0000000 0.0000000
v -0.1870207 -0.0000000 0.2151058
vn 0.0000000 -1.0000000 0.0000000
v -0.1877099 -0.0000000 0.2136749
vn 0.0000000 -1.0000000 0.0000000
v -0.1905000 -0.0000000 0.2123312
vn 0.0000000 -1.0000000 0.0000000
v -0.1889516 -0.0000000 0.2126847
vn 0.0000000 -1.0000000 0.0000000
v -0.2032000 -0.0000000 0.2047875
vn 0.0000000 -1.0000000 0.0000000
v -0.1932901 -0.0000000 0.2136749
vn 0.0000000 -1.0000000 0.0000000
v -0.1939792 -0.0000000 0.2151058
vn 0.0000000 -1.0000000 0.0000000
v -0.1920484 -0.0000000 0.2126847
vn 1.0000000 0.0000000 0.0000000
v -0.1777999 0.0161792 0.2151058
vn 1.0000000 0.0000000 0.0000000
v -0.1777999 0.0154901 0.2136749
vn 1.0000000 0.0000000 0.0000000
v -0.1777999 0.0154901 0.2136749
vn 1.0000000 0.0000000 0.0000000
v -0.1777999 0.0254000 0.2159000
vn 1.0000000 0.0000000 0.0000000
v -0.1777999 0.0254000 0.2159000
vn 1.0000000 0.0000000 0.0000000
v -0.1777999 0.0254000 0.2047875
vn 1.0000000 0.0000000 0.0000000
v -0.1777999 0.0254000 0.2047875
vn 1.0000000 0.0000000 0.0000000
v -0.1777999 0.0254000 0.2047875
vn 1.0000000 0.0000000 0.0000000
v -0.1777999 0.0142484 0.2126847
vn 1.0000000 0.0000000 0.0000000
v -0.1777999 0.0142484 0.2126847
vn 1.0000000 0.0000000 0.0000000
v -0.1777999 0.0127000 0.2123312
vn 1.0000000 0.0000000 0.0000000
v -0.1777999 0.0127000 0.2123312
vn 1.0000000 0.0000000 0.0000000
v -0.1777999 0.0127000 0.2123312
vn 1.0000000 0.0000000 0.0000000
v -0.1777999 0.0154901 0.2181250
vn 1.0000000 0.0000000 0.0000000
v -0.1777999 0.0154901 0.2181250
vn 1.0000000 0.0000000 0.0000000
v -0.1777999 0.0154901 0.2181250
vn 1.0000000 0.0000000 0.0000000
v -0.1777999 0.0254000 0.2270125
vn 1.0000000 0.0000000 0.0000000
v -0.1777999 0.0254000 0.2270125
vn 1.0000000 0.0000000 0.0000000
v -0.1777999 0.0254000 0.2270125
vn 1.0000000 0.0000000 0.0000000
v -0.1777999 0.0142484 0.2191153
vn 1.0000000 0.0000000 0.0000000
v -0.1777999 0.0142484 0.2191153
vn 1.0000000 0.0000000 0.0000000
v -0.1777999 0.0161792 0.2166941
vn 1.0000000 0.0000000 0.0000000
v -0.1777999 0.0161792 0.2166941
vn 1.0000000 0.0000000 0.0000000
v -0.1777999 0.0127000 0.2194687
vn 1.0000000 0.0000000 0.0000000
v -0.1777999 0.0127000 0.2194687
vn 1.0000000 0.0000000 0.0000000
v -0.1777999 0.0127000 0.2194687
vn 1.0000000 0.0000000 0.0000000
v -0.1777999 -0.0000000 0.2047875
vn 1.0000000 0.0000000 0.0000000
v -0.1777999 -0.0000000 0.2047875
vn 1.0000000 0.0000000 0.0000000
v -0.1777999 -0.0000000 0.2047875
vn 1.0000000 0.0000000 0.0000000
v -0.1777999 -0.0000000 0.2047875
vn 1.0000000 0.0000000 0.0000000
v -0.1777999 0.0111516 0.2126847
vn 1.0000000 0.0000000 0.0000000
v -0.1777999 0.0111516 0.2126847
vn 1.0000000 0.0000000 0.0000000
v -0.1777999 0.0092207 0.2151058
vn 1.0000000 0.0000000 0.0000000
v -0.1777999 0.0099099 0.2136749
vn 1.0000000 0.0000000 0.0000000
v -0.1777999 0.0099099 0.2136749
vn 1.0000000 0.0000000 0.0000000
v -0.1777999 0.0092207 0.2166941
vn 1.0000000 0.0000000 0.0000000
v -0.1777999 0.0092207 0.2166941
vn 1.0000000 0.0000000 0.0000000
v -0.1777999 -0.0000000 0.2270125
vn 1.0000000 0.0000000 0.0000000
v -0.1777999 -0.0000000 0.2270125
vn 1.0000000 0.0000000 0.0000000
v -0.1777999 -0.0000000 0.2270125
vn 1.0000000 0.0000000 0.0000000
v -0.1777999 -0.0000000 0.2270125
vn 1.0000000 0.0000000 0.0000000
v -0.1777999 -0.0000000 0.2270125
vn 1.0000000 0.0000000 0.0000000
v -0.1777999 0.0111516 0.2191153
vn 1.0000000 0.0000000 0.0000000
v -0.1777999 0.0111516 0.2191153
vn 1.0000000 0.0000000 0.0000000
v -0.1777999 0.0099099 0.2181250
vn 1.0000000 0.0000000 0.0000000
v -0.1777999 0.0099099 0.2181250
vn -1.0000000 0.0000000 0.0000000
v -0.1825752 0.0092207 0.2151058
vn -1.0000000 0.0000000 0.0000000
v -0.1825752 0.0092207 0.2151058
vn -1.0000000 0.0000000 0.0000000
v -0.1825752 0.0099099 0.2136749
vn -1.0000000 0.0000000 0.0000000
v -0.1825752 0.0099099 0.2136749
vn -1.0000000 0.0000000 0.0000000
v -0.1825752 0.0099099 0.2136749
vn -1.0000000 0.0000000 0.0000000
v -0.1825752 0.0079502 0.2159000
vn -1.0000000 0.0000000 0.0000000
v -0.1825752 0.0079502 0.2159000
vn -1.0000000 0.0000000 0.0000000
v -0.1825752 0.0079502 0.2159000
vn -1.0000000 0.0000000 0.0000000
v -0.1825752 0.0079502 0.2047875
vn -1.0000000 0.0000000 0.0000000
v -0.1825752 0.0079502 0.2047875
vn -1.0000000 0.0000000 0.0000000
v -0.1825752 0.0079502 0.2047875
vn -1.0000000 0.0000000 0.0000000
v -0.1825752 0.0111516 0.2126847
vn -1.0000000 0.0000000 0.0000000
v -0.1825752 0.0111516 0.2126847
vn -1.0000000 0.0000000 0.0000000
v -0.1825752 0.0127000 0.2123312
vn -1.0000000 0.0000000 0.0000000
v -0.1825752 0.0127000 0.2123312
vn -1.0000000 0.0000000 0.0000000
v -0.1825752 0.0206247 0.2047875
vn -1.0000000 0.0000000 0.0000000
v -0.1825752 0.0206247 0.2047875
vn -1.0000000 0.0000000 0.0000000
v -0.1825752 0.0099099 0.2181250
vn -1.0000000 0.0000000 0.0000000
v -0.1825752 0.0099099 0.2181250
vn -1.0000000 0.0000000 0.0000000
v -0.1825752 0.0099099 0.2181250
vn -1.0000000 0.0000000 0.0000000
v -0.1825752 0.0079502 0.2270125
vn -1.0000000 0.0000000 0.0000000
v -0.1825752 0.0079502 0.2270125
vn -1.0000000 0.0000000 0.0000000
v -0.1825752 0.0079502 0.2270125
vn -1.0000000 0.0000000 0.0000000
v -0.1825752 0.0111516 0.2191153
vn -1.0000000 0.0000000 0.0000000
v -0.1825752 0.0111516 0.2191153
vn -1.0000000 0.0000000 0.0000000
v -0.1825752 0.0092207 0.2166941
vn -1.0000000 0.0000000 0.0000000
v -0.1825752 0.0092207 0.2166941
vn -1.0000000 0.0000000 0.0000000
v -0.1825752 0.0127000 0.2194687
vn -1.0000000 0.0000000 0.0000000
v -0.1825752 0.0127000 0.2194687
vn -1.0000000 0.0000000 0.0000000
v -0.1825752 0.0142484 0.2126847
vn -1.0000000 0.0000000 0.0000000
v -0.1825752 0.0154901 0.2136749
vn -1.0000000 0.0000000 0.0000000
v -0.1825752 0.0154901 0.2136749
vn -1.0000000 0.0000000 0.0000000
v -0.1825752 0.0206247 0.2159000
vn -1.0000000 0.0000000 0.0000000
v -0.1825752 0.0161792 0.2151058
vn -1.0000000 0.0000000 0.0000000
v -0.1825752 0.0161792 0.2151058
vn -1.0000000 0.0000000 0.0000000
v -0.1825752 0.0161792 0.2166941
vn -1.0000000 0.0000000 0.0000000
v -0.1825752 0.0161792 0.2166941
vn -1.0000000 0.0000000 0.0000000
v -0.1825752 0.0206247 0.2270125
vn -1.0000000 0.0000000 0.0000000
v -0.1825752 0.0206247 0.2270125
vn -1.0000000 0.0000000 0.0000000
v -0.1825752 0.0142484 0.2191153
vn -1.0000000 0.0000000 0.0000000
v -0.1825752 0.0154901 0.2181250
vn -1.0000000 0.0000000 0.0000000
v -0.1825752 0.0154901 0.2181250
vn -0.9807851 0.1950915 0.0000000
v -0.1825752 0.0206247 0.2159000
vn -0.9807850 0.1950915 0.0000000
v -0.1825752 0.0206247 0.2270125
vn -0.9238823 0.3826768 0.0000000
v -0.1822117 0.0224522 0.2270125
vn -0.9238823 0.3826767 0.0000000
v -0.1822117 0.0224522 0.2047875
vn -0.7071151 0.7070985 0.0000000
v -0.1811766 0.0240014 0.2270125
vn -0.9807851 0.1950915 0.0000000
v -0.1825752 0.0206247 0.2047875
vn -0.1950672 0.9807899 0.0000000
v -0.1777999 0.0254000 0.2159000
vn -0.3826762 0.9238825 0.0000000
v -0.1796274 0.0250365 0.2270125
vn -0.1950672 0.9807900 0.0000000
v -0.1777999 0.0254000 0.2270125
vn -0.3826762 0.9238825 0.0000000
v -0.1796274 0.0250365 0.2047875
vn -0.7071151 0.7070985 0.0000000
v -0.1811766 0.0240014 0.2047875
vn -0.1950672 0.9807900 0.0000000
v -0.1777999 0.0254000 0.2047875
vn -0.9807837 0.1950983 0.0000000
v -0.1825752 0.0079502 0.2159000
vn -0.9238823 0.3826767 0.0000000
v -0.1828169 0.0067351 0.2270125
vn -0.9807836 0.1950982 0.0000000
v -0.1825752 0.0079502 0.2270125
vn -0.9238823 0.3826768 0.0000000
v -0.1828169 0.0067351 0.2047875
vn -0.7071072 0.7071065 0.0000000
v -0.1835051 0.0057051 0.2047875
vn -0.7071072 0.7071064 0.0000000
v -0.1835051 0.0057051 0.2270125
vn -0.9807836 0.1950982 0.0000000
v -0.1825752 0.0079502 0.2047875
vn -0.1951001 0.9807833 0.0000000
v -0.1857502 0.0047752 0.2159000
vn -0.1951001 0.9807833 0.0000000
v -0.1857502 0.0047752 0.2270125
vn -0.3826780 0.9238818 0.0000000
v -0.1845352 0.0050169 0.2270125
vn -0.3826780 0.9238818 0.0000000
v -0.1845352 0.0050169 0.2047875
vn -0.1951001 0.9807833 0.0000000
v -0.1857502 0.0047752 0.2047875
vn -0.9807838 0.1950978 0.0000000
v -0.2032000 -0.0000000 0.2159000
vn -0.9807838 0.1950978 0.0000000
v -0.2032000 -0.0000000 0.2270125
vn -0.9238811 0.3826798 0.0000000
v -0.2028365 0.0018274 0.2270125
vn -0.9238811 0.3826798 0.0000000
v -0.2028365 0.0018274 0.2047875
vn -0.7071151 0.7070984 0.0000000
v -0.2018014 0.0033765 0.2270125
vn -0.9807839 0.1950978 0.0000000
v -0.2032000 -0.0000000 0.2047875
vn -0.1950781 0.9807878 0.0000000
v -0.1984248 0.0047752 0.2159000
vn -0.3826815 0.9238804 0.0000000
v -0.2002522 0.0044117 0.2270125
vn -0.1950781 0.9807878 0.0000000
v -0.1984248 0.0047752 0.2270125
vn -0.3826815 0.9238804 0.0000000
v -0.2002522 0.0044117 0.2047875
vn -0.7071152 0.7070984 0.0000000
v -0.2018014 0.0033765 0.2047875
vn -0.1950781 0.9807878 0.0000000
v -0.1984248 0.0047752 0.2047875
vn 0.0000000 0.0000000 1.0000000
v -0.1857502 0.0047752 0.2270125
vn 0.0000000 0.0000000 1.0000000
v -0.2032000 -0.0000000 0.2270125
vn 0.0000000 0.0000000 1.0000000
v -0.1777999 -0.0000000 0.2270125
vn 0.0000000 0.0000000 1.0000000
v -0.1777999 -0.0000000 0.2270125
vn 0.0000000 0.0000000 1.0000000
v -0.1777999 -0.0000000 0.2270125
vn 0.0000000 0.0000000 1.0000000
v -0.1845352 0.0050169 0.2270125
vn 0.0000000 0.0000000 1.0000000
v -0.1835051 0.0057051 0.2270125
vn 0.0000000 0.0000000 1.0000000
v -0.1835051 0.0057051 0.2270125
vn 0.0000000 0.0000000 1.0000000
v -0.1984248 0.0047752 0.2270125
vn 0.0000000 0.0000000 1.0000000
v -0.1984248 0.0047752 0.2270125
vn 0.0000000 0.0000000 1.0000000
v -0.2028365 0.0018274 0.2270125
vn 0.0000000 0.0000000 1.0000000
v -0.2028365 0.0018274 0.2270125
vn 0.0000000 0.0000000 1.0000000
v -0.2002522 0.0044117 0.2270125
vn 0.0000000 0.0000000 1.0000000
v -0.2002522 0.0044117 0.2270125
vn 0.0000000 0.0000000 1.0000000
v -0.2018014 0.0033765 0.2270125
vn 0.0000000 0.0000000 1.0000000
v -0.1796274 0.0250365 0.2270125
vn 0.0000000 0.0000000 1.0000000
v -0.1796274 0.0250365 0.2270125
vn 0.0000000 0.0000000 1.0000000
v -0.1811766 0.0240014 0.2270125
vn 0.0000000 0.0000000 1.0000000
v -0.1822117 0.0224522 0.2270125
vn 0.0000000 0.0000000 1.0000000
v -0.1822117 0.0224522 0.2270125
vn 0.0000000 0.0000000 1.0000000
v -0.1822117 0.0224522 0.2270125
vn 0.0000000 0.0000000 1.0000000
v -0.1777999 0.0254000 0.2270125
vn 0.0000000 0.0000000 1.0000000
v -0.1777999 0.0254000 0.2270125
vn 0.0000000 0.0000000 1.0000000
v -0.1777999 0.0254000 0.2270125
vn 0.0000000 0.0000000 1.0000000
v -0.1825752 0.0206247 0.2270125
vn 0.0000000 0.0000000 1.0000000
v -0.1825752 0.0206247 0.2270125
vn 0.0000000 0.0000000 1.0000000
v -0.1828169 0.0067351 0.2270125
vn 0.0000000 0.0000000 1.0000000
v -0.1828169 0.0067351 0.2270125
vn 0.0000000 0.0000000 1.0000000
v -0.1825752 0.0079502 0.2270125
vn 0.0000000 0.0000000 1.0000000
v -0.1825752 0.0079502 0.2270125
vn 0.0000000 0.0000000 -1.0000000
v -0.1857502 0.0047752 0.2047875
vn 0.0000000 0.0000000 -1.0000000
v -0.1777999 -0.0000000 0.2047875
vn 0.0000000 0.0000000 -1.0000000
v -0.1777999 -0.0000000 0.2047875
vn 0.0000000 0.0000000 -1.0000000
v -0.2032000 -0.0000000 0.2047875
vn 0.0000000 0.0000000 -1.0000000
v -0.1845352 0.0050169 0.2047875
vn 0.0000000 0.0000000 -1.0000000
v -0.1835051 0.0057051 0.2047875
vn 0.0000000 0.0000000 -1.0000000
v -0.1835051 0.0057051 0.2047875
vn 0.0000000 0.0000000 -1.0000000
v -0.1984248 0.0047752 0.2047875
vn 0.0000000 0.0000000 -1.0000000
v -0.1984248 0.0047752 0.2047875
vn 0.0000000 0.0000000 -1.0000000
v -0.2028365 0.0018274 0.2047875
vn 0.0000000 0.0000000 -1.0000000
v -0.2028365 0.0018274 0.2047875
vn 0.0000000 0.0000000 -1.0000000
v -0.2028365 0.0018274 0.2047875
vn 0.0000000 0.0000000 -1.0000000
v -0.2018014 0.0033765 0.2047875
vn 0.0000000 0.0000000 -1.0000000
v -0.2002522 0.0044117 0.2047875
vn 0.0000000 0.0000000 -1.0000000
v -0.2002522 0.0044117 0.2047875
vn 0.0000000 0.0000000 -1.0000000
v -0.1796274 0.0250365 0.2047875
vn 0.0000000 0.0000000 -1.0000000
v -0.1796274 0.0250365 0.2047875
vn 0.0000000 0.0000000 -1.0000000
v -0.1822117 0.0224522 0.2047875
vn 0.0000000 0.0000000 -1.0000000
v -0.1822117 0.0224522 0.2047875
vn 0.0000000 0.0000000 -1.0000000
v -0.1822117 0.0224522 0.2047875
vn 0.0000000 0.0000000 -1.0000000
v -0.1811766 0.0240014 0.2047875
vn 0.0000000 0.0000000 -1.0000000
v -0.1777999 0.0254000 0.2047875
vn 0.0000000 0.0000000 -1.0000000
v -0.1777999 0.0254000 0.2047875
vn 0.0000000 0.0000000 -1.0000000
v -0.1777999 0.0254000 0.2047875
vn 0.0000000 0.0000000 -1.0000000
v -0.1825752 0.0206247 0.2047875
vn 0.0000000 0.0000000 -1.0000000
v -0.1825752 0.0206247 0.2047875
vn 0.0000000 0.0000000 -1.0000000
v -0.1828169 0.0067351 0.2047875
vn 0.0000000 0.0000000 -1.0000000
v -0.1828169 0.0067351 0.2047875
vn 0.0000000 0.0000000 -1.0000000
v -0.1825752 0.0079502 0.2047875
vn 0.0000000 -0.2225722 0.9749162
v -0.1801876 0.0127000 0.2123312
vn 0.0000000 -0.4338947 0.9009636
v -0.1825752 0.0142484 0.2126847
vn 0.0000000 -0.2225722 0.9749162
v -0.1825752 0.0127000 0.2123312
vn 0.0000000 -0.9749275 0.2225225
v -0.1825752 0.0161792 0.2151058
vn 0.0000000 -0.7818217 0.6235021
v -0.1825752 0.0154901 0.2136749
vn 0.0000000 -0.7818217 0.6235021
v -0.1777999 0.0154901 0.2136749
vn 0.0000000 -0.4338947 0.9009636
v -0.1777999 0.0142484 0.2126847
vn 0.0000000 -0.2225722 0.9749162
v -0.1777999 0.0127000 0.2123312
vn 0.0000000 -0.9749275 -0.2225225
v -0.1777999 0.0161792 0.2166941
vn 0.0000000 -0.9749275 -0.2225225
v -0.1825752 0.0161792 0.2166941
vn 0.0000000 -0.7818377 -0.6234820
v -0.1777999 0.0154901 0.2181250
vn 0.0000000 -0.2225098 -0.9749305
v -0.1801876 0.0127000 0.2194687
vn 0.0000000 -0.2225098 -0.9749305
v -0.1825752 0.0127000 0.2194687
vn 0.0000000 -0.4338891 -0.9009663
v -0.1825752 0.0142484 0.2191153
vn 0.0000000 -0.7818377 -0.6234820
v -0.1825752 0.0154901 0.2181250
vn 0.0000000 -0.4338891 -0.9009663
v -0.1777999 0.0142484 0.2191153
vn 0.0000000 -0.2225098 -0.9749305
v -0.1777999 0.0127000 0.2194687
vn 0.2225120 0.0000000 -0.9749300
v -0.1905000 0.0023876 0.2194687
vn 0.4338972 0.0000000 -0.9009624
v -0.1920484 0.0047752 0.2191153
vn 0.2225119 0.0000000 -0.9749299
v -0.1905000 0.0047752 0.2194687
vn 0.7818403 0.0000000 -0.6234788
v -0.1932901 0.0047752 0.2181250
vn 0.7818402 0.0000000 -0.6234788
v -0.1932901 -0.0000000 0.2181250
vn 0.9749267 0.0000000 -0.2225264
v -0.1939792 -0.0000000 0.2166941
vn 0.4338972 0.0000000 -0.9009624
v -0.1920484 -0.0000000 0.2191153
vn 0.2225119 0.0000000 -0.9749299
v -0.1905000 -0.0000000 0.2194687
vn 0.9749267 0.0000000 0.2225264
v -0.1939792 -0.0000000 0.2151058
vn 0.9749267 0.0000000 0.2225264
v -0.1939792 0.0047752 0.2151058
vn 0.7818242 0.0000000 0.6234989
v -0.1932901 0.0047752 0.2136749
vn 0.2225744 0.0000000 0.9749157
v -0.1905000 0.0023876 0.2123312
vn 0.2225744 0.0000000 0.9749157
v -0.1905000 0.0047752 0.2123312
vn 0.4339029 0.0000000 0.9009597
v -0.1920484 0.0047752 0.2126847
vn 0.7818242 0.0000000 0.6234989
v -0.1932901 -0.0000000 0.2136749
vn 0.2225744 0.0000000 0.9749157
v -0.1905000 -0.0000000 0.2123312
vn 0.4339029 0.0000000 0.9009596
v -0.1920484 -0.0000000 0.2126847
vn 0.0000000 -0.9749275 0.2225225
v -0.1777999 0.0161792 0.2151058
vn 0.9749267 0.0000000 -0.2225264
v -0.1939792 0.0047752 0.2166941
vn 0.2225723 0.0000000 0.9749162
v 0.1905000 0.0023876 0.2123312
vn 0.2225723 0.0000000 0.9749162
v 0.1905000 0.0047752 0.2123312
vn 0.4339020 0.0000000 0.9009601
v 0.1889516 0.0047752 0.2126847
vn 0.9749210 0.0000000 0.2225510
v 0.1870207 0.0047752 0.2151058
vn 0.9749210 0.0000000 0.2225511
v 0.1870207 -0.0000000 0.2151058
vn 0.7818084 0.0000000 0.6235188
v 0.1877099 -0.0000000 0.2136749
vn 0.7818084 0.0000000 0.6235188
v 0.1877099 0.0047752 0.2136749
vn 0.4339020 0.0000000 0.9009601
v 0.1889516 -0.0000000 0.2126847
vn 0.2225723 0.0000000 0.9749162
v 0.1905000 -0.0000000 0.2123312
vn 0.9749210 0.0000000 -0.2225511
v 0.1870207 0.0047752 0.2166941
vn 0.7818245 0.0000000 -0.6234987
v 0.1877099 0.0047752 0.2181250
vn 0.7818245 0.0000000 -0.6234987
v 0.1877099 -0.0000000 0.2181250
vn 0.9749211 0.0000000 -0.2225511
v 0.1870207 -0.0000000 0.2166941
vn 0.2225099 0.0000000 -0.9749305
v 0.1905000 0.0023876 0.2194687
vn 0.4338963 0.0000000 -0.9009628
v 0.1889516 0.0047752 0.2191153
vn 0.2225099 0.0000000 -0.9749305
v 0.1905000 0.0047752 0.2194687
vn 0.4338964 0.0000000 -0.9009628
v 0.1889516 -0.0000000 0.2191153
vn 0.2225099 0.0000000 -0.9749305
v 0.1905000 -0.0000000 0.2194687
vn 0.0000000 0.2225099 -0.9749305
v 0.1801876 0.0127000 0.2194687
vn 0.0000000 0.2225099 -0.9749305
v 0.1825752 0.0127000 0.2194687
vn 0.0000000 0.4338996 -0.9009612
v 0.1825752 0.0111516 0.2191153
vn 0.0000000 0.9749238 -0.2225390
v 0.1825752 0.0092207 0.2166941
vn 0.0000000 0.9749238 -0.2225390
v 0.1777999 0.0092207 0.2166941
vn 0.0000000 0.7818344 -0.6234861
v 0.1777999 0.0099099 0.2181250
vn 0.0000000 0.7818345 -0.6234861
v 0.1825752 0.0099099 0.2181250
vn 0.0000000 0.4338996 -0.9009612
v 0.1777999 0.0111516 0.2191153
vn 0.0000000 0.2225099 -0.9749305
v 0.1777999 0.0127000 0.2194687
vn 0.0000000 0.9749238 0.2225390
v 0.1825752 0.0092207 0.2151058
vn 0.0000000 0.9749238 0.2225390
v 0.1777999 0.0092207 0.2151058
vn 0.0000000 0.7818184 0.6235062
v 0.1825752 0.0099099 0.2136749
vn 0.0000000 0.7818184 0.6235062
v 0.1777999 0.0099099 0.2136749
vn 0.0000000 0.2225724 0.9749162
v 0.1801876 0.0127000 0.2123312
vn 0.0000000 0.4339053 0.9009585
v 0.1825752 0.0111516 0.2126847
vn 0.0000000 0.2225724 0.9749162
v 0.1825752 0.0127000 0.2123312
vn 0.0000000 0.4339053 0.9009585
v 0.1777999 0.0111516 0.2126847
vn 0.0000000 0.2225724 0.9749162
v 0.1777999 0.0127000 0.2123312
vn 0.0000000 1.0000000 0.0000000
v 0.1984248 0.0047752 0.2159000
vn 0.0000000 1.0000000 0.0000000
v 0.1984248 0.0047752 0.2159000
vn 0.0000000 1.0000000 0.0000000
v 0.1984248 0.0047752 0.2047875
vn 0.0000000 1.0000000 0.0000000
v 0.1984248 0.0047752 0.2047875
vn 0.0000000 1.0000000 0.0000000
v 0.1984248 0.0047752 0.2047875
vn 0.0000000 1.0000000 0.0000000
v 0.1939792 0.0047752 0.2151058
vn 0.0000000 1.0000000 0.0000000
v 0.1939792 0.0047752 0.2151058
vn 0.0000000 1.0000000 0.0000000
v 0.1939792 0.0047752 0.2151058
vn 0.0000000 1.0000000 0.0000000
v 0.1932901 0.0047752 0.2136749
vn 0.0000000 1.0000000 0.0000000
v 0.1932901 0.0047752 0.2136749
vn 0.0000000 1.0000000 0.0000000
v 0.1920484 0.0047752 0.2126847
vn 0.0000000 1.0000000 0.0000000
v 0.1905000 0.0047752 0.2123312
vn 0.0000000 1.0000000 0.0000000
v 0.1857502 0.0047752 0.2047875
vn 0.0000000 1.0000000 0.0000000
v 0.1939792 0.0047752 0.2166941
vn 0.0000000 1.0000000 0.0000000
v 0.1939792 0.0047752 0.2166941
vn 0.0000000 1.0000000 0.0000000
v 0.1984248 0.0047752 0.2270125
vn 0.0000000 1.0000000 0.0000000
v 0.1984248 0.0047752 0.2270125
vn 0.0000000 1.0000000 0.0000000
v 0.1984248 0.0047752 0.2270125
vn 0.0000000 1.0000000 0.0000000
v 0.1932901 0.0047752 0.2181250
vn 0.0000000 1.0000000 0.0000000
v 0.1932901 0.0047752 0.2181250
vn 0.0000000 1.0000000 0.0000000
v 0.1920484 0.0047752 0.2191153
vn 0.0000000 1.0000000 0.0000000
v 0.1920484 0.0047752 0.2191153
vn 0.0000000 1.0000000 0.0000000
v 0.1905000 0.0047752 0.2194687
vn 0.0000000 1.0000000 0.0000000
v 0.1877099 0.0047752 0.2136749
vn 0.0000000 1.0000000 0.0000000
v 0.1889516 0.0047752 0.2126847
vn 0.0000000 1.0000000 0.0000000
v 0.1870207 0.0047752 0.2151058
vn 0.0000000 1.0000000 0.0000000
v 0.1870207 0.0047752 0.2151058
vn 0.0000000 1.0000000 0.0000000
v 0.1857502 0.0047752 0.2159000
vn 0.0000000 1.0000000 0.0000000
v 0.1857502 0.0047752 0.2159000
vn 0.0000000 1.0000000 0.0000000
v 0.1857502 0.0047752 0.2159000
vn 0.0000000 1.0000000 0.0000000
v 0.1870207 0.0047752 0.2166941
vn 0.0000000 1.0000000 0.0000000
v 0.1870207 0.0047752 0.2166941
vn 0.0000000 1.0000000 0.0000000
v 0.1857502 0.0047752 0.2270125
vn 0.0000000 1.0000000 0.0000000
v 0.1857502 0.0047752 0.2270125
vn 0.0000000 1.0000000 0.0000000
v 0.1889516 0.0047752 0.2191153
vn 0.0000000 1.0000000 0.0000000
v 0.1889516 0.0047752 0.2191153
vn 0.0000000 1.0000000 0.0000000
v 0.1877099 0.0047752 0.2181250
vn 0.0000000 1.0000000 0.0000000
v 0.1877099 0.0047752 0.2181250
vn 0.0000000 1.0000000 0.0000000
v 0.1877099 0.0047752 0.2181250
vn 0.0000000 -1.0000000 0.0000000
v 0.1905000 -0.0000000 0.2194687
vn 0.0000000 -1.0000000 0.0000000
v 0.1777999 -0.0000000 0.2270125
vn 0.0000000 -1.0000000 0.0000000
v 0.1889516 -0.0000000 0.2191153
vn 0.0000000 -1.0000000 0.0000000
v 0.1877099 -0.0000000 0.2181250
vn 0.0000000 -1.0000000 0.0000000
v 0.1870207 -0.0000000 0.2166941
vn 0.0000000 -1.0000000 0.0000000
v 0.1777999 -0.0000000 0.2047875
vn 0.0000000 -1.0000000 0.0000000
v 0.1920484 -0.0000000 0.2191153
vn 0.0000000 -1.0000000 0.0000000
v 0.2032000 -0.0000000 0.2270125
vn 0.0000000 -1.0000000 0.0000000
v 0.2032000 -0.0000000 0.2159000
vn 0.0000000 -1.0000000 0.0000000
v 0.1932901 -0.0000000 0.2181250
vn 0.0000000 -1.0000000 0.0000000
v 0.1939792 -0.0000000 0.2166941
vn 0.0000000 -1.0000000 0.0000000
v 0.1877099 -0.0000000 0.2136749
vn 0.0000000 -1.0000000 0.0000000
v 0.1870207 -0.0000000 0.2151058
vn 0.0000000 -1.0000000 0.0000000
v 0.1905000 -0.0000000 0.2123312
vn 0.0000000 -1.0000000 0.0000000
v 0.1889516 -0.0000000 0.2126847
vn 0.0000000 -1.0000000 0.0000000
v 0.2032000 -0.0000000 0.2047875
vn 0.0000000 -1.0000000 0.0000000
v 0.1932901 -0.0000000 0.2136749
vn 0.0000000 -1.0000000 0.0000000
v 0.1939792 -0.0000000 0.2151058
vn 0.0000000 -1.0000000 0.0000000
v 0.1920484 -0.0000000 0.2126847
vn -1.0000000 0.0000000 0.0000000
v 0.1777999 0.0161792 0.2151058
vn -1.0000000 0.0000000 0.0000000
v 0.1777999 0.0254000 0.2159000
vn -1.0000000 0.0000000 0.0000000
v 0.1777999 0.0254000 0.2159000
vn -1.0000000 0.0000000 0.0000000
v 0.1777999 0.0154901 0.2136749
vn -1.0000000 0.0000000 0.0000000
v 0.1777999 0.0154901 0.2136749
vn -1.0000000 0.0000000 0.0000000
v 0.1777999 0.0254000 0.2047875
vn -1.0000000 0.0000000 0.0000000
v 0.1777999 0.0254000 0.2047875
vn -1.0000000 0.0000000 0.0000000
v 0.1777999 0.0254000 0.2047875
vn -1.0000000 0.0000000 0.0000000
v 0.1777999 0.0142484 0.2126847
vn -1.0000000 0.0000000 0.0000000
v 0.1777999 0.0142484 0.2126847
vn -1.0000000 0.0000000 0.0000000
v 0.1777999 0.0127000 0.2123312
vn -1.0000000 0.0000000 0.0000000
v 0.1777999 0.0127000 0.2123312
vn -1.0000000 0.0000000 0.0000000
v 0.1777999 0.0127000 0.2123312
vn -1.0000000 0.0000000 0.0000000
v 0.1777999 0.0154901 0.2181250
vn -1.0000000 0.0000000 0.0000000
v 0.1777999 0.0154901 0.2181250
vn -1.0000000 0.0000000 0.0000000
v 0.1777999 0.0154901 0.2181250
vn -1.0000000 0.0000000 0.0000000
v 0.1777999 0.0254000 0.2270125
vn -1.0000000 0.0000000 0.0000000
v 0.1777999 0.0254000 0.2270125
vn -1.0000000 0.0000000 0.0000000
v 0.1777999 0.0254000 0.2270125
vn -1.0000000 0.0000000 0.0000000
v 0.1777999 0.0142484 0.2191153
vn -1.0000000 0.0000000 0.0000000
v 0.1777999 0.0142484 0.2191153
vn -1.0000000 0.0000000 0.0000000
v 0.1777999 0.0161792 0.2166941
vn -1.0000000 0.0000000 0.0000000
v 0.1777999 0.0161792 0.2166941
vn -1.0000000 0.0000000 0.0000000
v 0.1777999 0.0127000 0.2194687
vn -1.0000000 0.0000000 0.0000000
v 0.1777999 0.0127000 0.2194687
vn -1.0000000 0.0000000 0.0000000
v 0.1777999 0.0127000 0.2194687
vn -1.0000000 0.0000000 0.0000000
v 0.1777999 -0.0000000 0.2047875
vn -1.0000000 0.0000000 0.0000000
v 0.1777999 -0.0000000 0.2047875
vn -1.0000000 0.0000000 0.0000000
v 0.1777999 -0.0000000 0.2047875
vn -1.0000000 0.0000000 0.0000000
v 0.1777999 -0.0000000 0.2047875
vn -1.0000000 0.0000000 0.0000000
v 0.1777999 0.0111516 0.2126847
vn -1.0000000 0.0000000 0.0000000
v 0.1777999 0.0111516 0.2126847
vn -1.0000000 0.0000000 0.0000000
v 0.1777999 0.0092207 0.2151058
vn -1.0000000 0.0000000 0.0000000
v 0.1777999 0.0099099 0.2136749
vn -1.0000000 0.0000000 0.0000000
v 0.1777999 0.0099099 0.2136749
vn -1.0000000 0.0000000 0.0000000
v 0.1777999 0.0092207 0.2166941
vn -1.0000000 0.0000000 0.0000000
v 0.1777999 0.0092207 0.2166941
vn -1.0000000 0.0000000 0.0000000
v 0.1777999 -0.0000000 0.2270125
vn -1.0000000 0.0000000 0.0000000
v 0.1777999 -0.0000000 0.2270125
vn -1.0000000 0.0000000 0.0000000
v 0.1777999 -0.0000000 0.2270125
vn -1.0000000 0.0000000 0.0000000
v 0.1777999 -0.0000000 0.2270125
vn -1.0000000 0.0000000 0.0000000
v 0.1777999 -0.0000000 0.2270125
vn -1.0000000 0.0000000 0.0000000
v 0.1777999 0.0111516 0.2191153
vn -1.0000000 0.0000000 0.0000000
v 0.1777999 0.0111516 0.2191153
vn -1.0000000 0.0000000 0.0000000
v 0.1777999 0.0099099 0.2181250
vn -1.0000000 0.0000000 0.0000000
v 0.1777999 0.0099099 0.2181250
vn 1.0000000 0.0000000 0.0000000
v 0.1825752 0.0092207 0.2151058
vn 1.0000000 0.0000000 0.0000000
v 0.1825752 0.0092207 0.2151058
vn 1.0000000 0.0000000 0.0000000
v 0.1825752 0.0079502 0.2159000
vn 1.0000000 0.0000000 0.0000000
v 0.1825752 0.0079502 0.2159000
vn 1.0000000 0.0000000 0.0000000
v 0.1825752 0.0079502 0.2159000
vn 1.0000000 0.0000000 0.0000000
v 0.1825752 0.0099099 0.2136749
vn 1.0000000 0.0000000 0.0000000
v 0.1825752 0.0099099 0.2136749
vn 1.0000000 0.0000000 0.0000000
v 0.1825752 0.0099099 0.2136749
vn 1.0000000 0.0000000 0.0000000
v 0.1825752 0.0079502 0.2047875
vn 1.0000000 0.0000000 0.0000000
v 0.1825752 0.0079502 0.2047875
vn 1.0000000 0.0000000 0.0000000
v 0.1825752 0.0079502 0.2047875
vn 1.0000000 0.0000000 0.0000000
v 0.1825752 0.0111516 0.2126847
vn 1.0000000 0.0000000 0.0000000
v 0.1825752 0.0111516 0.2126847
vn 1.0000000 0.0000000 0.0000000
v 0.1825752 0.0127000 0.2123312
vn 1.0000000 0.0000000 0.0000000
v 0.1825752 0.0127000 0.2123312
vn 1.0000000 0.0000000 0.0000000
v 0.1825752 0.0206247 0.2047875
vn 1.0000000 0.0000000 0.0000000
v 0.1825752 0.0206247 0.2047875
vn 1.0000000 0.0000000 0.0000000
v 0.1825752 0.0099099 0.2181250
vn 1.0000000 0.0000000 0.0000000
v 0.1825752 0.0099099 0.2181250
vn 1.0000000 0.0000000 0.0000000
v 0.1825752 0.0099099 0.2181250
vn 1.0000000 0.0000000 0.0000000
v 0.1825752 0.0079502 0.2270125
vn 1.0000000 0.0000000 0.0000000
v 0.1825752 0.0079502 0.2270125
vn 1.0000000 0.0000000 0.0000000
v 0.1825752 0.0079502 0.2270125
vn 1.0000000 0.0000000 0.0000000
v 0.1825752 0.0111516 0.2191153
vn 1.0000000 0.0000000 0.0000000
v 0.1825752 0.0111516 0.2191153
vn 1.0000000 0.0000000 0.0000000
v 0.1825752 0.0092207 0.2166941
vn 1.0000000 0.0000000 0.0000000
v 0.1825752 0.0092207 0.2166941
vn 1.0000000 0.0000000 0.0000000
v 0.1825752 0.0127000 0.2194687
vn 1.0000000 0.0000000 0.0000000
v 0.1825752 0.0127000 0.2194687
vn 1.0000000 0.0000000 0.0000000
v 0.1825752 0.0154901 0.2136749
vn 1.0000000 0.0000000 0.0000000
v 0.1825752 0.0154901 0.2136749
vn 1.0000000 0.0000000 0.0000000
v 0.1825752 0.0142484 0.2126847
vn 1.0000000 0.0000000 0.0000000
v 0.1825752 0.0206247 0.2159000
vn 1.0000000 0.0000000 0.0000000
v 0.1825752 0.0161792 0.2151058
vn 1.0000000 0.0000000 0.0000000
v 0.1825752 0.0161792 0.2151058
vn 1.0000000 0.0000000 0.0000000
v 0.1825752 0.0161792 0.2166941
vn 1.0000000 0.0000000 0.0000000
v 0.1825752 0.0161792 0.2166941
vn 1.0000000 0.0000000 0.0000000
v 0.1825752 0.0206247 0.2270125
vn 1.0000000 0.0000000 0.0000000
v 0.1825752 0.0206247 0.2270125
vn 1.0000000 0.0000000 0.0000000
v 0.1825752 0.0142484 0.2191153
vn 1.0000000 0.0000000 0.0000000
v 0.1825752 0.0154901 0.2181250
vn 1.0000000 0.0000000 0.0000000
v 0.1825752 0.0154901 0.2181250
vn 0.9807851 0.1950915 0.0000000
v 0.1825752 0.0206247 0.2159000
vn 0.9238823 0.3826768 0.0000000
v 0.1822117 0.0224522 0.2270125
vn 0.9807850 0.1950915 0.0000000
v 0.1825752 0.0206247 0.2270125
vn 0.9238823 0.3826768 0.0000000
v 0.1822117 0.0224522 0.2047875
vn 0.7071151 0.7070985 0.0000000
v 0.1811766 0.0240014 0.2047875
vn 0.7071151 0.7070985 0.0000000
v 0.1811766 0.0240014 0.2270125
vn 0.9807851 0.1950915 0.0000000
v 0.1825752 0.0206247 0.2047875
vn 0.1950672 0.9807899 0.0000000
v 0.1777999 0.0254000 0.2159000
vn 0.1950672 0.9807900 0.0000000
v 0.1777999 0.0254000 0.2270125
vn 0.3826762 0.9238825 0.0000000
v 0.1796274 0.0250365 0.2270125
vn 0.3826762 0.9238825 0.0000000
v 0.1796274 0.0250365 0.2047875
vn 0.1950672 0.9807900 0.0000000
v 0.1777999 0.0254000 0.2047875
vn 0.9807837 0.1950983 0.0000000
v 0.1825752 0.0079502 0.2159000
vn 0.9807836 0.1950982 0.0000000
v 0.1825752 0.0079502 0.2270125
vn 0.9238823 0.3826767 0.0000000
v 0.1828169 0.0067351 0.2270125
vn 0.9238824 0.3826768 0.0000000
v 0.1828169 0.0067351 0.2047875
vn 0.7071072 0.7071065 0.0000000
v 0.1835051 0.0057051 0.2270125
vn 0.9807836 0.1950982 0.0000000
v 0.1825752 0.0079502 0.2047875
vn 0.1951001 0.9807833 0.0000000
v 0.1857502 0.0047752 0.2159000
vn 0.3826780 0.9238818 0.0000000
v 0.1845352 0.0050169 0.2270125
vn 0.1951001 0.9807833 0.0000000
v 0.1857502 0.0047752 0.2270125
vn 0.3826780 0.9238818 0.0000000
v 0.1845352 0.0050169 0.2047875
vn 0.7071072 0.7071065 0.0000000
v 0.1835051 0.0057051 0.2047875
vn 0.1951001 0.9807833 0.0000000
v 0.1857502 0.0047752 0.2047875
vn 0.9807838 0.1950978 0.0000000
v 0.2032000 -0.0000000 0.2159000
vn 0.9238811 0.3826798 0.0000000
v 0.2028365 0.0018274 0.2270125
vn 0.9807838 0.1950978 0.0000000
v 0.2032000 -0.0000000 0.2270125
vn 0.9238811 0.3826798 0.0000000
v 0.2028365 0.0018274 0.2047875
vn 0.7071152 0.7070984 0.0000000
v 0.2018014 0.0033765 0.2047875
vn 0.7071151 0.7070984 0.0000000
v 0.2018014 0.0033765 0.2270125
vn 0.9807839 0.1950978 0.0000000
v 0.2032000 -0.0000000 0.2047875
vn 0.1950781 0.9807878 0.0000000
v 0.1984248 0.0047752 0.2159000
vn 0.1950781 0.9807878 0.0000000
v 0.1984248 0.0047752 0.2270125
vn 0.3826815 0.9238803 0.0000000
v 0.2002522 0.0044117 0.2270125
vn 0.3826815 0.9238804 0.0000000
v 0.2002522 0.0044117 0.2047875
vn 0.1950781 0.9807878 0.0000000
v 0.1984248 0.0047752 0.2047875
vn 0.0000000 0.0000000 1.0000000
v 0.1857502 0.0047752 0.2270125
vn 0.0000000 0.0000000 1.0000000
v 0.1777999 -0.0000000 0.2270125
vn 0.0000000 0.0000000 1.0000000
v 0.1777999 -0.0000000 0.2270125
vn 0.0000000 0.0000000 1.0000000
v 0.1777999 -0.0000000 0.2270125
vn 0.0000000 0.0000000 1.0000000
v 0.2032000 -0.0000000 0.2270125
vn 0.0000000 0.0000000 1.0000000
v 0.1845352 0.0050169 0.2270125
vn 0.0000000 0.0000000 1.0000000
v 0.1835051 0.0057051 0.2270125
vn 0.0000000 0.0000000 1.0000000
v 0.1835051 0.0057051 0.2270125
vn 0.0000000 0.0000000 1.0000000
v 0.1984248 0.0047752 0.2270125
vn 0.0000000 0.0000000 1.0000000
v 0.1984248 0.0047752 0.2270125
vn 0.0000000 0.0000000 1.0000000
v 0.2028365 0.0018274 0.2270125
vn 0.0000000 0.0000000 1.0000000
v 0.2028365 0.0018274 0.2270125
vn 0.0000000 0.0000000 1.0000000
v 0.2018014 0.0033765 0.2270125
vn 0.0000000 0.0000000 1.0000000
v 0.2002522 0.0044117 0.2270125
vn 0.0000000 0.0000000 1.0000000
v 0.2002522 0.0044117 0.2270125
vn 0.0000000 0.0000000 1.0000000
v 0.1796274 0.0250365 0.2270125
vn 0.0000000 0.0000000 1.0000000
v 0.1796274 0.0250365 0.2270125
vn 0.0000000 0.0000000 1.0000000
v 0.1822117 0.0224522 0.2270125
vn 0.0000000 0.0000000 1.0000000
v 0.1822117 0.0224522 0.2270125
vn 0.0000000 0.0000000 1.0000000
v 0.1822117 0.0224522 0.2270125
vn 0.0000000 0.0000000 1.0000000
v 0.1811766 0.0240014 0.2270125
vn 0.0000000 0.0000000 1.0000000
v 0.1777999 0.0254000 0.2270125
vn 0.0000000 0.0000000 1.0000000
v 0.1777999 0.0254000 0.2270125
vn 0.0000000 0.0000000 1.0000000
v 0.1777999 0.0254000 0.2270125
vn 0.0000000 0.0000000 1.0000000
v 0.1825752 0.0206247 0.2270125
vn 0.0000000 0.0000000 1.0000000
v 0.1825752 0.0206247 0.2270125
vn 0.0000000 0.0000000 1.0000000
v 0.1828169 0.0067351 0.2270125
vn 0.0000000 0.0000000 1.0000000
v 0.1828169 0.0067351 0.2270125
vn 0.0000000 0.0000000 1.0000000
v 0.1825752 0.0079502 0.2270125
vn 0.0000000 0.0000000 1.0000000
v 0.1825752 0.0079502 0.2270125
vn 0.0000000 0.0000000 -1.0000000
v 0.1857502 0.0047752 0.2047875
vn 0.0000000 0.0000000 -1.0000000
v 0.2032000 -0.0000000 0.2047875
vn 0.0000000 0.0000000 -1.0000000
v 0.1777999 -0.0000000 0.2047875
vn 0.0000000 0.0000000 -1.0000000
v 0.1777999 -0.0000000 0.2047875
vn 0.0000000 0.0000000 -1.0000000
v 0.1845352 0.0050169 0.2047875
vn 0.0000000 0.0000000 -1.0000000
v 0.1835051 0.0057051 0.2047875
vn 0.0000000 0.0000000 -1.0000000
v 0.1835051 0.0057051 0.2047875
vn 0.0000000 0.0000000 -1.0000000
v 0.1984248 0.0047752 0.2047875
vn 0.0000000 0.0000000 -1.0000000
v 0.1984248 0.0047752 0.2047875
vn 0.0000000 0.0000000 -1.0000000
v 0.2028365 0.0018274 0.2047875
vn 0.0000000 0.0000000 -1.0000000
v 0.2028365 0.0018274 0.2047875
vn 0.0000000 0.0000000 -1.0000000
v 0.2028365 0.0018274 0.2047875
vn 0.0000000 0.0000000 -1.0000000
v 0.2002522 0.0044117 0.2047875
vn 0.0000000 0.0000000 -1.0000000
v 0.2002522 0.0044117 0.2047875
vn 0.0000000 0.0000000 -1.0000000
v 0.2018014 0.0033765 0.2047875
vn 0.0000000 0.0000000 -1.0000000
v 0.1796274 0.0250365 0.2047875
vn 0.0000000 0.0000000 -1.0000000
v 0.1796274 0.0250365 0.2047875
vn 0.0000000 0.0000000 -1.0000000
v 0.1811766 0.0240014 0.2047875
vn 0.0000000 0.0000000 -1.0000000
v 0.1822117 0.0224522 0.2047875
vn 0.0000000 0.0000000 -1.0000000
v 0.1822117 0.0224522 0.2047875
vn 0.0000000 0.0000000 -1.0000000
v 0.1822117 0.0224522 0.2047875
vn 0.0000000 0.0000000 -1.0000000
v 0.1777999 0.0254000 0.2047875
vn 0.0000000 0.0000000 -1.0000000
v 0.1777999 0.0254000 0.2047875
vn 0.0000000 0.0000000 -1.0000000
v 0.1777999 0.0254000 0.2047875
vn 0.0000000 0.0000000 -1.0000000
v 0.1825752 0.0206247 0.2047875
vn 0.0000000 0.0000000 -1.0000000
v 0.1825752 0.0206247 0.2047875
vn 0.0000000 0.0000000 -1.0000000
v 0.1828169 0.0067351 0.2047875
vn 0.0000000 0.0000000 -1.0000000
v 0.1828169 0.0067351 0.2047875
vn 0.0000000 0.0000000 -1.0000000
v 0.1825752 0.0079502 0.2047875
vn 0.0000000 -0.2225722 0.9749162
v 0.1801876 0.0127000 0.2123312
vn 0.0000000 -0.2225722 0.9749162
v 0.1825752 0.0127000 0.2123312
vn 0.0000000 -0.4338947 0.9009635
v 0.1825752 0.0142484 0.2126847
vn 0.0000000 -0.9749275 0.2225225
v 0.1825752 0.0161792 0.2151058
vn 0.0000000 -0.9749275 0.2225225
v 0.1777999 0.0161792 0.2151058
vn 0.0000000 -0.7818217 0.6235021
v 0.1777999 0.0154901 0.2136749
vn 0.0000000 -0.7818217 0.6235021
v 0.1825752 0.0154901 0.2136749
vn 0.0000000 -0.4338947 0.9009636
v 0.1777999 0.0142484 0.2126847
vn 0.0000000 -0.2225722 0.9749162
v 0.1777999 0.0127000 0.2123312
vn 0.0000000 -0.9749275 -0.2225225
v 0.1777999 0.0161792 0.2166941
vn 0.0000000 -0.9749275 -0.2225225
v 0.1825752 0.0161792 0.2166941
vn 0.0000000 -0.7818377 -0.6234820
v 0.1825752 0.0154901 0.2181250
vn 0.0000000 -0.7818377 -0.6234820
v 0.1777999 0.0154901 0.2181250
vn 0.0000000 -0.2225098 -0.9749305
v 0.1801876 0.0127000 0.2194687
vn 0.0000000 -0.4338891 -0.9009663
v 0.1825752 0.0142484 0.2191153
vn 0.0000000 -0.2225098 -0.9749305
v 0.1825752 0.0127000 0.2194687
vn 0.0000000 -0.4338891 -0.9009663
v 0.1777999 0.0142484 0.2191153
vn 0.0000000 -0.2225098 -0.9749305
v 0.1777999 0.0127000 0.2194687
vn -0.2225120 0.0000000 -0.9749300
v 0.1905000 0.0023876 0.2194687
vn -0.2225119 0.0000000 -0.9749299
v 0.1905000 0.0047752 0.2194687
vn -0.4338972 0.0000000 -0.9009624
v 0.1920484 0.0047752 0.2191153
vn -0.7818402 0.0000000 -0.6234789
v 0.1932901 0.0047752 0.2181250
vn -0.9749267 0.0000000 -0.2225264
v 0.1939792 0.0047752 0.2166941
vn -0.9749267 0.0000000 -0.2225264
v 0.1939792 -0.0000000 0.2166941
vn -0.7818402 0.0000000 -0.6234789
v 0.1932901 -0.0000000 0.2181250
vn -0.4338972 0.0000000 -0.9009624
v 0.1920484 -0.0000000 0.2191153
vn -0.2225119 0.0000000 -0.9749299
v 0.1905000 -0.0000000 0.2194687
vn -0.9749267 0.0000000 0.2225264
v 0.1939792 0.0047752 0.2151058
vn -0.7818242 0.0000000 0.6234989
v 0.1932901 0.0047752 0.2136749
vn -0.7818242 0.0000000 0.6234989
v 0.1932901 -0.0000000 0.2136749
vn -0.9749267 0.0000000 0.2225264
v 0.1939792 -0.0000000 0.2151058
vn -0.2225744 0.0000000 0.9749157
v 0.1905000 0.0023876 0.2123312
vn -0.4339029 0.0000000 0.9009597
v 0.1920484 0.0047752 0.2126847
vn -0.2225744 0.0000000 0.9749157
v 0.1905000 0.0047752 0.2123312
vn -0.4339030 0.0000000 0.9009596
v 0.1920484 -0.0000000 0.2126847
vn -0.2225744 0.0000000 0.9749157
v 0.1905000 -0.0000000 0.2123312
vn 0.2225723 0.0000000 -0.9749162
v 0.1905000 0.0023876 -0.2123312
vn 0.4339019 0.0000000 -0.9009601
v 0.1889516 0.0047752 -0.2126847
vn 0.2225723 0.0000000 -0.9749162
v 0.1905000 0.0047752 -0.2123312
vn 0.9749210 0.0000000 -0.2225510
v 0.1870207 0.0047752 -0.2151058
vn 0.7818084 0.0000000 -0.6235188
v 0.1877099 0.0047752 -0.2136749
vn 0.7818084 0.0000000 -0.6235188
v 0.1877099 0.0000000 -0.2136749
vn 0.4339019 0.0000000 -0.9009601
v 0.1889516 0.0000000 -0.2126847
vn 0.2225723 0.0000000 -0.9749162
v 0.1905000 0.0000000 -0.2123312
vn 0.9749211 0.0000000 -0.2225511
v 0.1870207 0.0000000 -0.2151058
vn 0.9749210 0.0000000 0.2225510
v 0.1870207 0.0000000 -0.2166941
vn 0.9749210 0.0000000 0.2225511
v 0.1870207 0.0047752 -0.2166941
vn 0.7818245 0.0000000 0.6234986
v 0.1877099 0.0047752 -0.2181250
vn 0.2225099 0.0000000 0.9749305
v 0.1905000 0.0023876 -0.2194687
vn 0.2225099 0.0000000 0.9749305
v 0.1905000 0.0047752 -0.2194687
vn 0.4338963 0.0000000 0.9009628
v 0.1889516 0.0047752 -0.2191153
vn 0.7818245 0.0000000 0.6234987
v 0.1877099 0.0000000 -0.2181250
vn 0.2225099 0.0000000 0.9749305
v 0.1905000 0.0000000 -0.2194687
vn 0.4338963 0.0000000 0.9009628
v 0.1889516 0.0000000 -0.2191153
vn 0.0000000 0.2225099 0.9749305
v 0.1801876 0.0127000 -0.2194687
vn 0.0000000 0.4338996 0.9009612
v 0.1825752 0.0111516 -0.2191153
vn 0.0000000 0.2225099 0.9749305
v 0.1825752 0.0127000 -0.2194687
vn 0.0000000 0.9749238 0.2225390
v 0.1825752 0.0092207 -0.2166941
vn 0.0000000 0.7818345 0.6234861
v 0.1825752 0.0099099 -0.2181250
vn 0.0000000 0.7818344 0.6234861
v 0.1777999 0.0099099 -0.2181250
vn 0.0000000 0.4338996 0.9009613
v 0.1777999 0.0111516 -0.2191153
vn 0.0000000 0.2225099 0.9749305
v 0.1777999 0.0127000 -0.2194687
vn 0.0000000 0.9749238 0.2225390
v 0.1777999 0.0092207 -0.2166941
vn 0.0000000 0.9749238 -0.2225390
v 0.1777999 0.0092207 -0.2151058
vn 0.0000000 0.9749238 -0.2225390
v 0.1825752 0.0092207 -0.2151058
vn 0.0000000 0.7818184 -0.6235062
v 0.1777999 0.0099099 -0.2136749
vn 0.0000000 0.2225724 -0.9749162
v 0.1801876 0.0127000 -0.2123312
vn 0.0000000 0.2225724 -0.9749162
v 0.1825752 0.0127000 -0.2123312
vn 0.0000000 0.4339053 -0.9009585
v 0.1825752 0.0111516 -0.2126847
vn 0.0000000 0.7818184 -0.6235062
v 0.1825752 0.0099099 -0.2136749
vn 0.0000000 0.4339053 -0.9009585
v 0.1777999 0.0111516 -0.2126847
vn 0.0000000 0.2225724 -0.9749162
v 0.1777999 0.0127000 -0.2123312
vn 0.0000000 1.0000000 0.0000000
v 0.1984248 0.0047752 -0.2159000
vn 0.0000000 1.0000000 0.0000000
v 0.1984248 0.0047752 -0.2159000
vn 0.0000000 1.0000000 0.0000000
v 0.1939792 0.0047752 -0.2151058
vn 0.0000000 1.0000000 0.0000000
v 0.1939792 0.0047752 -0.2151058
vn 0.0000000 1.0000000 0.0000000
v 0.1939792 0.0047752 -0.2151058
vn 0.0000000 1.0000000 0.0000000
v 0.1984248 0.0047752 -0.2047875
vn 0.0000000 1.0000000 0.0000000
v 0.1984248 0.0047752 -0.2047875
vn 0.0000000 1.0000000 0.0000000
v 0.1984248 0.0047752 -0.2047875
vn 0.0000000 1.0000000 0.0000000
v 0.1932901 0.0047752 -0.2136749
vn 0.0000000 1.0000000 0.0000000
v 0.1932901 0.0047752 -0.2136749
vn 0.0000000 1.0000000 0.0000000
v 0.1920484 0.0047752 -0.2126847
vn 0.0000000 1.0000000 0.0000000
v 0.1905000 0.0047752 -0.2123312
vn 0.0000000 1.0000000 0.0000000
v 0.1857502 0.0047752 -0.2047875
vn 0.0000000 1.0000000 0.0000000
v 0.1939792 0.0047752 -0.2166941
vn 0.0000000 1.0000000 0.0000000
v 0.1939792 0.0047752 -0.2166941
vn 0.0000000 1.0000000 0.0000000
v 0.1984248 0.0047752 -0.2270125
vn 0.0000000 1.0000000 0.0000000
v 0.1984248 0.0047752 -0.2270125
vn 0.0000000 1.0000000 0.0000000
v 0.1984248 0.0047752 -0.2270125
vn 0.0000000 1.0000000 0.0000000
v 0.1920484 0.0047752 -0.2191153
vn 0.0000000 1.0000000 0.0000000
v 0.1920484 0.0047752 -0.2191153
vn 0.0000000 1.0000000 0.0000000
v 0.1932901 0.0047752 -0.2181250
vn 0.0000000 1.0000000 0.0000000
v 0.1932901 0.0047752 -0.2181250
vn 0.0000000 1.0000000 0.0000000
v 0.1905000 0.0047752 -0.2194687
vn 0.0000000 1.0000000 0.0000000
v 0.1889516 0.0047752 -0.2126847
vn 0.0000000 1.0000000 0.0000000
v 0.1877099 0.0047752 -0.2136749
vn 0.0000000 1.0000000 0.0000000
v 0.1870207 0.0047752 -0.2151058
vn 0.0000000 1.0000000 0.0000000
v 0.1870207 0.0047752 -0.2151058
vn 0.0000000 1.0000000 0.0000000
v 0.1857502 0.0047752 -0.2159000
vn 0.0000000 1.0000000 0.0000000
v 0.1857502 0.0047752 -0.2159000
vn 0.0000000 1.0000000 0.0000000
v 0.1857502 0.0047752 -0.2159000
vn 0.0000000 1.0000000 0.0000000
v 0.1870207 0.0047752 -0.2166941
vn 0.0000000 1.0000000 0.0000000
v 0.1870207 0.0047752 -0.2166941
vn 0.0000000 1.0000000 0.0000000
v 0.1857502 0.0047752 -0.2270125
vn 0.0000000 1.0000000 0.0000000
v 0.1857502 0.0047752 -0.2270125
vn 0.0000000 1.0000000 0.0000000
v 0.1889516 0.0047752 -0.2191153
vn 0.0000000 1.0000000 0.0000000
v 0.1889516 0.0047752 -0.2191153
vn 0.0000000 1.0000000 0.0000000
v 0.1877099 0.0047752 -0.2181250
vn 0.0000000 1.0000000 0.0000000
v 0.1877099 0.0047752 -0.2181250
vn 0.0000000 1.0000000 0.0000000
v 0.1877099 0.0047752 -0.2181250
vn 0.0000000 -1.0000000 0.0000000
v 0.1905000 0.0000000 -0.2194687
vn 0.0000000 -1.0000000 0.0000000
v 0.1889516 0.0000000 -0.2191153
vn 0.0000000 -1.0000000 0.0000000
v 0.1777999 0.0000000 -0.2270125
vn 0.0000000 -1.0000000 0.0000000
v 0.1877099 0.0000000 -0.2181250
vn 0.0000000 -1.0000000 0.0000000
v 0.1870207 0.0000000 -0.2166941
vn 0.0000000 -1.0000000 0.0000000
v 0.1777999 0.0000000 -0.2047875
vn 0.0000000 -1.0000000 0.0000000
v 0.1920484 0.0000000 -0.2191153
vn 0.0000000 -1.0000000 0.0000000
v 0.2032000 0.0000000 -0.2270125
vn 0.0000000 -1.0000000 0.0000000
v 0.2032000 0.0000000 -0.2159000
vn 0.0000000 -1.0000000 0.0000000
v 0.1932901 0.0000000 -0.2181250
vn 0.0000000 -1.0000000 0.0000000
v 0.1939792 0.0000000 -0.2166941
vn 0.0000000 -1.0000000 0.0000000
v 0.1870207 0.0000000 -0.2151058
vn 0.0000000 -1.0000000 0.0000000
v 0.1877099 0.0000000 -0.2136749
vn 0.0000000 -1.0000000 0.0000000
v 0.1905000 0.0000000 -0.2123312
vn 0.0000000 -1.0000000 0.0000000
v 0.1889516 0.0000000 -0.2126847
vn 0.0000000 -1.0000000 0.0000000
v 0.2032000 0.0000000 -0.2047875
vn 0.0000000 -1.0000000 0.0000000
v 0.1932901 0.0000000 -0.2136749
vn 0.0000000 -1.0000000 0.0000000
v 0.1939792 0.0000000 -0.2151058
vn 0.0000000 -1.0000000 0.0000000
v 0.1920484 0.0000000 -0.2126847
vn -1.0000000 0.0000000 0.0000000
v 0.1777999 0.0161792 -0.2151058
vn -1.0000000 0.0000000 0.0000000
v 0.1777999 0.0154901 -0.2136749
vn -1.0000000 0.0000000 0.0000000
v 0.1777999 0.0154901 -0.2136749
vn -1.0000000 0.0000000 0.0000000
v 0.1777999 0.0254000 -0.2159000
vn -1.0000000 0.0000000 0.0000000
v 0.1777999 0.0254000 -0.2159000
vn -1.0000000 0.0000000 0.0000000
v 0.1777999 0.0254000 -0.2047875
vn -1.0000000 0.0000000 0.0000000
v 0.1777999 0.0254000 -0.2047875
vn -1.0000000 0.0000000 0.0000000
v 0.1777999 0.0254000 -0.2047875
vn -1.0000000 0.0000000 0.0000000
v 0.1777999 0.0142484 -0.2126847
vn -1.0000000 0.0000000 0.0000000
v 0.1777999 0.0142484 -0.2126847
vn -1.0000000 0.0000000 0.0000000
v 0.1777999 0.0127000 -0.2123312
vn -1.0000000 0.0000000 0.0000000
v 0.1777999 0.0127000 -0.2123312
vn -1.0000000 0.0000000 0.0000000
v 0.1777999 0.0127000 -0.2123312
vn -1.0000000 0.0000000 0.0000000
v 0.1777999 0.0154901 -0.2181250
vn -1.0000000 0.0000000 0.0000000
v 0.1777999 0.0154901 -0.2181250
vn -1.0000000 0.0000000 0.0000000
v 0.1777999 0.0154901 -0.2181250
vn -1.0000000 0.0000000 0.0000000
v 0.1777999 0.0254000 -0.2270125
vn -1.0000000 0.0000000 0.0000000
v 0.1777999 0.0254000 -0.2270125
vn -1.0000000 0.0000000 0.0000000
v 0.1777999 0.0254000 -0.2270125
vn -1.0000000 0.0000000 0.0000000
v 0.1777999 0.0142484 -0.2191153
vn -1.0000000 0.0000000 0.0000000
v 0.1777999 0.0142484 -0.2191153
vn -1.0000000 0.0000000 0.0000000
v 0.1777999 0.0161792 -0.2166941
vn -1.0000000 0.0000000 0.0000000
v 0.1777999 0.0161792 -0.2166941
vn -1.0000000 0.0000000 0.0000000
v 0.1777999 0.0127000 -0.2194687
vn -1.0000000 0.0000000 0.0000000
v 0.1777999 0.0127000 -0.2194687
vn -1.0000000 0.0000000 0.0000000
v 0.1777999 0.0127000 -0.2194687
vn -1.0000000 0.0000000 0.0000000
v 0.1777999 0.0000000 -0.2047875
vn -1.0000000 0.0000000 0.0000000
v 0.1777999 0.0000000 -0.2047875
vn -1.0000000 0.0000000 0.0000000
v 0.1777999 0.0000000 -0.2047875
vn -1.0000000 0.0000000 0.0000000
v 0.1777999 0.0000000 -0.2047875
vn -1.0000000 0.0000000 0.0000000
v 0.1777999 0.0111516 -0.2126847
vn -1.0000000 0.0000000 0.0000000
v 0.1777999 0.0111516 -0.2126847
vn -1.0000000 0.0000000 0.0000000
v 0.1777999 0.0092207 -0.2151058
vn -1.0000000 0.0000000 0.0000000
v 0.1777999 0.0099099 -0.2136749
vn -1.0000000 0.0000000 0.0000000
v 0.1777999 0.0099099 -0.2136749
vn -1.0000000 0.0000000 0.0000000
v 0.1777999 0.0092207 -0.2166941
vn -1.0000000 0.0000000 0.0000000
v 0.1777999 0.0092207 -0.2166941
vn -1.0000000 0.0000000 0.0000000
v 0.1777999 0.0000000 -0.2270125
vn -1.0000000 0.0000000 0.0000000
v 0.1777999 0.0000000 -0.2270125
vn -1.0000000 0.0000000 0.0000000
v 0.1777999 0.0000000 -0.2270125
vn -1.0000000 0.0000000 0.0000000
v 0.1777999 0.0000000 -0.2270125
vn -1.0000000 0.0000000 0.0000000
v 0.1777999 0.0000000 -0.2270125
vn -1.0000000 0.0000000 0.0000000
v 0.1777999 0.0111516 -0.2191153
vn -1.0000000 0.0000000 0.0000000
v 0.1777999 0.0111516 -0.2191153
vn -1.0000000 0.0000000 0.0000000
v 0.1777999 0.0099099 -0.2181250
vn -1.0000000 0.0000000 0.0000000
v 0.1777999 0.0099099 -0.2181250
vn 1.0000000 0.0000000 0.0000000
v 0.1825752 0.0092207 -0.2151058
vn 1.0000000 0.0000000 0.0000000
v 0.1825752 0.0092207 -0.2151058
vn 1.0000000 0.0000000 0.0000000
v 0.1825752 0.0099099 -0.2136749
vn 1.0000000 0.0000000 0.0000000
v 0.1825752 0.0099099 -0.2136749
vn 1.0000000 0.0000000 0.0000000
v 0.1825752 0.0099099 -0.2136749
vn 1.0000000 0.0000000 0.0000000
v 0.1825752 0.0079502 -0.2159000
vn 1.0000000 0.0000000 0.0000000
v 0.1825752 0.0079502 -0.2159000
vn 1.0000000 0.0000000 0.0000000
v 0.1825752 0.0079502 -0.2159000
vn 1.0000000 0.0000000 0.0000000
v 0.1825752 0.0079502 -0.2047875
vn 1.0000000 0.0000000 0.0000000
v 0.1825752 0.0079502 -0.2047875
vn 1.0000000 0.0000000 0.0000000
v 0.1825752 0.0079502 -0.2047875
vn 1.0000000 0.0000000 0.0000000
v 0.1825752 0.0111516 -0.2126847
vn 1.0000000 0.0000000 0.0000000
v 0.1825752 0.0111516 -0.2126847
vn 1.0000000 0.0000000 0.0000000
v 0.1825752 0.0127000 -0.2123312
vn 1.0000000 0.0000000 0.0000000
v 0.1825752 0.0127000 -0.2123312
vn 1.0000000 0.0000000 0.0000000
v 0.1825752 0.0206247 -0.2047875
vn 1.0000000 0.0000000 0.0000000
v 0.1825752 0.0206247 -0.2047875
vn 1.0000000 0.0000000 0.0000000
v 0.1825752 0.0099099 -0.2181250
vn 1.0000000 0.0000000 0.0000000
v 0.1825752 0.0099099 -0.2181250
vn 1.0000000 0.0000000 0.0000000
v 0.1825752 0.0099099 -0.2181250
vn 1.0000000 0.0000000 0.0000000
v 0.1825752 0.0079502 -0.2270125
vn 1.0000000 0.0000000 0.0000000
v 0.1825752 0.0079502 -0.2270125
vn 1.0000000 0.0000000 0.0000000
v 0.1825752 0.0079502 -0.2270125
vn 1.0000000 0.0000000 0.0000000
v 0.1825752 0.0111516 -0.2191153
vn 1.0000000 0.0000000 0.0000000
v 0.1825752 0.0111516 -0.2191153
vn 1.0000000 0.0000000 0.0000000
v 0.1825752 0.0092207 -0.2166941
vn 1.0000000 0.0000000 0.0000000
v 0.1825752 0.0092207 -0.2166941
vn 1.0000000 0.0000000 0.0000000
v 0.1825752 0.0127000 -0.2194687
vn 1.0000000 0.0000000 0.0000000
v 0.1825752 0.0127000 -0.2194687
vn 1.0000000 0.0000000 0.0000000
v 0.1825752 0.0142484 -0.2126847
vn 1.0000000 0.0000000 0.0000000
v 0.1825752 0.0154901 -0.2136749
vn 1.0000000 0.0000000 0.0000000
v 0.1825752 0.0154901 -0.2136749
vn 1.0000000 0.0000000 0.0000000
v 0.1825752 0.0206247 -0.2159000
vn 1.0000000 0.0000000 0.0000000
v 0.1825752 0.0161792 -0.2151058
vn 1.0000000 0.0000000 0.0000000
v 0.1825752 0.0161792 -0.2151058
vn 1.0000000 0.0000000 0.0000000
v 0.1825752 0.0161792 -0.2166941
vn 1.0000000 0.0000000 0.0000000
v 0.1825752 0.0161792 -0.2166941
vn 1.0000000 0.0000000 0.0000000
v 0.1825752 0.0206247 -0.2270125
vn 1.0000000 0.0000000 0.0000000
v 0.1825752 0.0206247 -0.2270125
vn 1.0000000 0.0000000 0.0000000
v 0.1825752 0.0142484 -0.2191153
vn 1.0000000 0.0000000 0.0000000
v 0.1825752 0.0154901 -0.2181250
vn 1.0000000 0.0000000 0.0000000
v 0.1825752 0.0154901 -0.2181250
vn 0.9807851 0.1950915 0.0000000
v 0.1825752 0.0206247 -0.2159000
vn 0.9807850 0.1950915 0.0000000
v 0.1825752 0.0206247 -0.2270125
vn 0.9238823 0.3826768 0.0000000
v 0.1822117 0.0224522 -0.2270125
vn 0.9238823 0.3826767 0.0000000
v 0.1822117 0.0224522 -0.2047875
vn 0.7071151 0.7070985 0.0000000
v 0.1811766 0.0240014 -0.2270125
vn 0.9807851 0.1950915 0.0000000
v 0.1825752 0.0206247 -0.2047875
vn 0.1950672 0.9807899 0.0000000
v 0.1777999 0.0254000 -0.2159000
vn 0.3826762 0.9238825 0.0000000
v 0.1796274 0.0250365 -0.2270125
vn 0.1950672 0.9807900 0.0000000
v 0.1777999 0.0254000 -0.2270125
vn 0.3826762 0.9238825 0.0000000
v 0.1796274 0.0250365 -0.2047875
vn 0.7071151 0.7070985 0.0000000
v 0.1811766 0.0240014 -0.2047875
vn 0.1950672 0.9807900 0.0000000
v 0.1777999 0.0254000 -0.2047875
vn 0.9807837 0.1950983 0.0000000
v 0.1825752 0.0079502 -0.2159000
vn 0.9238823 0.3826767 0.0000000
v 0.1828169 0.0067351 -0.2270125
vn 0.9807836 0.1950982 0.0000000
v 0.1825752 0.0079502 -0.2270125
vn 0.9238823 0.3826768 0.0000000
v 0.1828169 0.0067351 -0.2047875
vn 0.7071072 0.7071065 0.0000000
v 0.1835051 0.0057051 -0.2047875
vn 0.7071072 0.7071064 0.0000000
v 0.1835051 0.0057051 -0.2270125
vn 0.9807836 0.1950982 0.0000000
v 0.1825752 0.0079502 -0.2047875
vn 0.1951001 0.9807833 0.0000000
v 0.1857502 0.0047752 -0.2159000
vn 0.1951001 0.9807833 0.0000000
v 0.1857502 0.0047752 -0.2270125
vn 0.3826780 0.9238818 0.0000000
v 0.1845352 0.0050169 -0.2270125
vn 0.3826780 0.9238818 0.0000000
v 0.1845352 0.0050169 -0.2047875
vn 0.1951001 0.9807833 0.0000000
v 0.1857502 0.0047752 -0.2047875
vn 0.9807838 0.1950978 0.0000000
v 0.2032000 0.0000000 -0.2159000
vn 0.9807838 0.1950978 0.0000000
v 0.2032000 0.0000000 -0.2270125
vn 0.9238811 0.3826798 0.0000000
v 0.2028365 0.0018274 -0.2270125
vn 0.9238811 0.3826798 0.0000000
v 0.2028365 0.0018274 -0.2047875
vn 0.7071151 0.7070984 0.0000000
v 0.2018014 0.0033765 -0.2270125
vn 0.9807839 0.1950978 0.0000000
v 0.2032000 0.0000000 -0.2047875
vn 0.1950781 0.9807878 0.0000000
v 0.1984248 0.0047752 -0.2159000
vn 0.3826815 0.9238804 0.0000000
v 0.2002522 0.0044117 -0.2270125
vn 0.1950781 0.9807878 0.0000000
v 0.1984248 0.0047752 -0.2270125
vn 0.3826815 0.9238804 0.0000000
v 0.2002522 0.0044117 -0.2047875
vn 0.7071152 0.7070984 0.0000000
v 0.2018014 0.0033765 -0.2047875
vn 0.1950781 0.9807878 0.0000000
v 0.1984248 0.0047752 -0.2047875
vn 0.0000000 0.0000000 -1.0000000
v 0.1857502 0.0047752 -0.2270125
vn 0.0000000 0.0000000 -1.0000000
v 0.2032000 0.0000000 -0.2270125
vn 0.0000000 0.0000000 -1.0000000
v 0.1777999 0.0000000 -0.2270125
vn 0.0000000 0.0000000 -1.0000000
v 0.1777999 0.0000000 -0.2270125
vn 0.0000000 0.0000000 -1.0000000
v 0.1777999 0.0000000 -0.2270125
vn 0.0000000 0.0000000 -1.0000000
v 0.1845352 0.0050169 -0.2270125
vn 0.0000000 0.0000000 -1.0000000
v 0.1835051 0.0057051 -0.2270125
vn 0.0000000 0.0000000 -1.0000000
v 0.1835051 0.0057051 -0.2270125
vn 0.0000000 0.0000000 -1.0000000
v 0.1984248 0.0047752 -0.2270125
vn 0.0000000 0.0000000 -1.0000000
v 0.1984248 0.0047752 -0.2270125
vn 0.0000000 0.0000000 -1.0000000
v 0.2028365 0.0018274 -0.2270125
vn 0.0000000 0.0000000 -1.0000000
v 0.2028365 0.0018274 -0.2270125
vn 0.0000000 0.0000000 -1.0000000
v 0.2002522 0.0044117 -0.2270125
vn 0.0000000 0.0000000 -1.0000000
v 0.2002522 0.0044117 -0.2270125
vn 0.0000000 0.0000000 -1.0000000
v 0.2018014 0.0033765 -0.2270125
vn 0.0000000 0.0000000 -1.0000000
v 0.1796274 0.0250365 -0.2270125
vn 0.0000000 0.0000000 -1.0000000
v 0.1796274 0.0250365 -0.2270125
vn 0.0000000 0.0000000 -1.0000000
v 0.1811766 0.0240014 -0.2270125
vn 0.0000000 0.0000000 -1.0000000
v 0.1822117 0.0224522 -0.2270125
vn 0.0000000 0.0000000 -1.0000000
v 0.1822117 0.0224522 -0.2270125
vn 0.0000000 0.0000000 -1.0000000
v 0.1822117 0.0224522 -0.2270125
vn 0.0000000 0.0000000 -1.0000000
v 0.1777999 0.0254000 -0.2270125
vn 0.0000000 0.0000000 -1.0000000
v 0.1777999 0.0254000 -0.2270125
vn 0.0000000 0.0000000 -1.0000000
v 0.1777999 0.0254000 -0.2270125
vn 0.0000000 0.0000000 -1.0000000
v 0.1825752 0.0206247 -0.2270125
vn 0.0000000 0.0000000 -1.0000000
v 0.1825752 0.0206247 -0.2270125
vn 0.0000000 0.0000000 -1.0000000
v 0.1828169 0.0067351 -0.2270125
vn 0.0000000 0.0000000 -1.0000000
v 0.1828169 0.0067351 -0.2270125
vn 0.0000000 0.0000000 -1.0000000
v 0.1825752 0.0079502 -0.2270125
vn 0.0000000 0.0000000 -1.0000000
v 0.1825752 0.0079502 -0.2270125
vn 0.0000000 0.0000000 1.0000000
v 0.1857502 0.0047752 -0.2047875
vn 0.0000000 0.0000000 1.0000000
v 0.1777999 0.0000000 -0.2047875
vn 0.0000000 0.0000000 1.0000000
v 0.1777999 0.0000000 -0.2047875
vn 0.0000000 0.0000000 1.0000000
v 0.2032000 0.0000000 -0.2047875
vn 0.0000000 0.0000000 1.0000000
v 0.1845352 0.0050169 -0.2047875
vn 0.0000000 0.0000000 1.0000000
v 0.1835051 0.0057051 -0.2047875
vn 0.0000000 0.0000000 1.0000000
v 0.1835051 0.0057051 -0.2047875
vn 0.0000000 0.0000000 1.0000000
v 0.1984248 0.0047752 -0.2047875
vn 0.0000000 0.0000000 1.0000000
v 0.1984248 0.0047752 -0.2047875
vn 0.0000000 0.0000000 1.0000000
v 0.2028365 0.0018274 -0.2047875
vn 0.0000000 0.0000000 1.0000000
v 0.2028365 0.0018274 -0.2047875
vn 0.0000000 0.0000000 1.0000000
v 0.2028365 0.0018274 -0.2047875
vn 0.0000000 0.0000000 1.0000000
v 0.2018014 0.0033765 -0.2047875
vn 0.0000000 0.0000000 1.0000000
v 0.2002522 0.0044117 -0.2047875
vn 0.0000000 0.0000000 1.0000000
v 0.2002522 0.0044117 -0.2047875
vn 0.0000000 0.0000000 1.0000000
v 0.1796274 0.0250365 -0.2047875
vn 0.0000000 0.0000000 1.0000000
v 0.1796274 0.0250365 -0.2047875
vn 0.0000000 0.0000000 1.0000000
v 0.1822117 0.0224522 -0.2047875
vn 0.0000000 0.0000000 1.0000000
v 0.1822117 0.0224522 -0.2047875
vn 0.0000000 0.0000000 1.0000000
v 0.1822117 0.0224522 -0.2047875
vn 0.0000000 0.0000000 1.0000000
v 0.1811766 0.0240014 -0.2047875
vn 0.0000000 0.0000000 1.0000000
v 0.1777999 0.0254000 -0.2047875
vn 0.0000000 0.0000000 1.0000000
v 0.1777999 0.0254000 -0.2047875
vn 0.0000000 0.0000000 1.0000000
v 0.1777999 0.0254000 -0.2047875
vn 0.0000000 0.0000000 1.0000000
v 0.1825752 0.0206247 -0.2047875
vn 0.0000000 0.0000000 1.0000000
v 0.1825752 0.0206247 -0.2047875
vn 0.0000000 0.0000000 1.0000000
v 0.1828169 0.0067351 -0.2047875
vn 0.0000000 0.0000000 1.0000000
v 0.1828169 0.0067351 -0.2047875
vn 0.0000000 0.0000000 1.0000000
v 0.1825752 0.0079502 -0.2047875
vn 0.0000000 -0.2225722 -0.9749162
v 0.1801876 0.0127000 -0.2123312
vn 0.0000000 -0.4338947 -0.9009636
v 0.1825752 0.0142484 -0.2126847
vn 0.0000000 -0.2225722 -0.9749162
v 0.1825752 0.0127000 -0.2123312
vn 0.0000000 -0.9749275 -0.2225225
v 0.1825752 0.0161792 -0.2151058
vn 0.0000000 -0.7818217 -0.6235021
v 0.1825752 0.0154901 -0.2136749
vn 0.0000000 -0.7818217 -0.6235021
v 0.1777999 0.0154901 -0.2136749
vn 0.0000000 -0.4338947 -0.9009636
v 0.1777999 0.0142484 -0.2126847
vn 0.0000000 -0.2225722 -0.9749162
v 0.1777999 0.0127000 -0.2123312
vn 0.0000000 -0.9749275 0.2225225
v 0.1777999 0.0161792 -0.2166941
vn 0.0000000 -0.9749275 0.2225225
v 0.1825752 0.0161792 -0.2166941
vn 0.0000000 -0.7818377 0.6234820
v 0.1777999 0.0154901 -0.2181250
vn 0.0000000 -0.2225098 0.9749305
v 0.1801876 0.0127000 -0.2194687
vn 0.0000000 -0.2225098 0.9749305
v 0.1825752 0.0127000 -0.2194687
vn 0.0000000 -0.4338891 0.9009663
v 0.1825752 0.0142484 -0.2191153
vn 0.0000000 -0.7818377 0.6234820
v 0.1825752 0.0154901 -0.2181250
vn 0.0000000 -0.4338891 0.9009663
v 0.1777999 0.0142484 -0.2191153
vn 0.0000000 -0.2225098 0.9749305
v 0.1777999 0.0127000 -0.2194687
vn -0.2225120 0.0000000 0.9749300
v 0.1905000 0.0023876 -0.2194687
vn -0.4338972 0.0000000 0.9009624
v 0.1920484 0.0047752 -0.2191153
vn -0.2225119 0.0000000 0.9749299
v 0.1905000 0.0047752 -0.2194687
vn -0.7818403 0.0000000 0.6234788
v 0.1932901 0.0047752 -0.2181250
vn -0.7818402 0.0000000 0.6234788
v 0.1932901 0.0000000 -0.2181250
vn -0.9749267 0.0000000 0.2225264
v 0.1939792 0.0000000 -0.2166941
vn -0.4338972 0.0000000 0.9009624
v 0.1920484 0.0000000 -0.2191153
vn -0.2225119 0.0000000 0.9749299
v 0.1905000 0.0000000 -0.2194687
vn -0.9749267 0.0000000 -0.2225264
v 0.1939792 0.0000000 -0.2151058
vn -0.9749267 0.0000000 -0.2225264
v 0.1939792 0.0047752 -0.2151058
vn -0.7818242 0.0000000 -0.6234989
v 0.1932901 0.0047752 -0.2136749
vn -0.2225744 0.0000000 -0.9749157
v 0.1905000 0.0023876 -0.2123312
vn -0.2225744 0.0000000 -0.9749157
v 0.1905000 0.0047752 -0.2123312
vn -0.4339029 0.0000000 -0.9009597
v 0.1920484 0.0047752 -0.2126847
vn -0.7818242 0.0000000 -0.6234989
v 0.1932901 0.0000000 -0.2136749
vn -0.2225744 0.0000000 -0.9749157
v 0.1905000 0.0000000 -0.2123312
vn -0.4339029 0.0000000 -0.9009596
v 0.1920484 0.0000000 -0.2126847
vn 0.0000000 -0.9749275 -0.2225225
v 0.1777999 0.0161792 -0.2151058
vn -0.9749267 0.0000000 0.2225264
v 0.1939792 0.0047752 -0.2166941
# 5059 vertices, 0 vertices normals


usemtl material_0
vt 0.0314600 0.3347300
vt 0.0629300 0.3347300
vt 0.0629300 0.3557000
f 1/1/1 2/2/2 3/3/3
vt 0.0629300 0.3976400
vt 0.0000000 0.3976400
vt 0.0000000 0.3766700
f 4/4/4 5/5/5 6/6/6
vt 0.0629300 0.3766700
vt 0.0000000 0.3557000
f 7/7/7 6/6/6 8/8/8
vt 0.0000000 0.3347300
f 8/8/8 9/9/9 1/1/1
f 3/3/3 8/8/8 1/1/1
vt 0.0629300 0.4186100
f 5/5/5 4/4/4 10/10/10
vt 0.0629300 0.4395800
vt 0.0000000 0.4395800
vt 0.0000000 0.4186100
f 11/11/11 12/12/12 13/13/13
vt 0.0314600 0.4815200
vt 0.0629300 0.4605500
vt 0.0629300 0.4815200
f 14/14/14 15/15/15 16/16/16
vt 0.0000000 0.4605500
f 15/15/15 17/17/17 12/12/12
vt 0.0000000 0.4815200
f 18/18/18 17/17/17 14/14/14
f 15/15/15 14/14/14 17/17/17
vt 0.1141000 0.3347300
vt 0.1455600 0.3347300
vt 0.1455600 0.3557000
f 19/19/19 20/20/20 21/21/21
vt 0.1455600 0.3766700
vt 0.1455600 0.3976400
vt 0.0826300 0.3976400
f 22/22/22 23/23/23 24/24/24
vt 0.0826300 0.3766700
f 21/21/21 22/22/22 25/25/25
vt 0.0826300 0.3557000
vt 0.0826300 0.3347300
f 26/26/26 27/27/27 19/19/19
f 21/21/21 26/26/26 19/19/19
vt 0.1455600 0.4186100
f 24/24/24 23/23/23 28/28/28
vt 0.1455600 0.4395800
vt 0.0826300 0.4395800
f 28/28/28 29/29/29 30/30/30
vt 0.1141000 0.4815200
vt 0.1455600 0.4605500
vt 0.1455600 0.4815200
f 31/31/31 32/32/32 33/33/33
vt 0.0826300 0.4605500
f 29/29/29 32/32/32 34/34/34
vt 0.0826300 0.4815200
f 35/35/35 34/34/34 31/31/31
f 32/32/32 31/31/31 34/34/34
vt 0.4769900 0.4329400
vt 0.6234300 0.4329400
vt 0.4874500 0.4910100
f 36/36/36 38/37/38 39/38/39
vt 0.5063100 0.5000100
f 40/39/40 39/38/39 38/37/38
vt 0.5193600 0.5162300
f 38/37/38 41/40/41 40/39/40
vt 0.5240200 0.5364600
f 37/37/37 43/41/43 42/40/42
vt 0.6234300 0.5985100
f 44/41/44 38/37/38 45/42/45
vt 0.4665200 0.4910100
vt 0.3305400 0.4329400
f 48/43/48 49/44/49 36/36/36
vt 0.4476600 0.5000100
vt 0.4346100 0.5162300
f 49/44/49 52/45/52 53/46/53
f 50/44/50 47/43/47 51/45/51
f 48/43/48 36/36/36 39/38/39
vt 0.4299600 0.5364600
f 54/47/54 49/44/49 53/46/53
vt 0.5063100 0.5729100
vt 0.5193600 0.5566900
f 46/42/46 56/48/56 57/49/57
vt 0.4874500 0.5819100
vt 0.4769900 0.5985100
f 59/50/59 55/48/55 60/51/60
f 45/42/45 60/51/60 55/48/55
vt 0.4665200 0.5819100
f 61/52/61 59/50/59 60/51/60
f 45/42/45 58/49/58 44/41/44
vt 0.3305400 0.5985100
vt 0.4346100 0.5566900
f 62/53/62 54/47/54 63/54/63
vt 0.4476600 0.5729100
f 64/55/64 61/52/61 60/51/60
f 62/53/62 64/55/64 60/51/60
f 63/54/63 64/55/64 62/53/62
f 49/44/49 54/47/54 62/53/62
vt 0.8319000 0.0994200
vt 0.9985400 0.0000000
vt 0.8522200 0.1040700
f 66/56/66 67/57/67 69/58/69
vt 0.8685100 0.1171200
f 70/59/70 69/58/69 67/57/67
vt 0.8775500 0.1359800
f 67/57/67 71/60/71 70/59/70
vt 0.9985400 0.2928900
f 71/60/71 67/57/67 73/61/73
vt 0.8115900 0.1040700
vt 0.6652700 0.0000000
f 74/62/74 75/63/75 66/56/66
f 68/57/68 65/56/65 76/63/76
vt 0.6652700 0.1464400
vt 0.7953000 0.1171200
f 77/64/77 75/63/75 78/65/78
f 75/63/75 74/62/74 78/65/78
vt 0.7862500 0.1359800
f 79/66/79 77/64/77 78/65/78
vt 0.8685100 0.1757700
vt 0.8775500 0.1569100
f 73/61/73 80/67/80 81/68/81
vt 0.8319000 0.1934700
vt 0.8522200 0.1888200
f 82/69/82 84/70/84 73/61/73
f 80/67/80 73/61/73 84/70/84
vt 0.6652700 0.2928900
f 85/71/85 83/69/83 72/61/72
f 73/61/73 81/68/81 71/60/71
vt 0.7953000 0.1757700
vt 0.7862500 0.1569100
f 87/72/87 77/64/77 88/73/88
f 88/73/88 77/64/77 79/66/79
vt 0.8115900 0.1888200
f 86/71/86 87/72/87 89/74/89
f 82/69/82 86/71/86 89/74/89
f 77/64/77 87/72/87 86/71/86
vt 0.4515200 0.7352700
vt 0.3305400 0.7456800
vt 0.4605700 0.7165100
f 91/75/91 93/76/93 94/77/94
vt 0.3305400 0.5999700
f 97/78/97 94/77/94 93/76/93
vt 0.4768600 0.7035200
f 96/78/96 98/79/98 95/77/95
vt 0.4971700 0.6988900
f 99/79/99 97/78/97 100/80/100
vt 0.4605700 0.7748600
vt 0.3305400 0.8913900
f 102/81/102 104/82/104 93/76/93
vt 0.4768600 0.7878400
f 105/82/105 103/81/103 106/83/106
vt 0.4515200 0.7561000
f 93/76/93 108/84/108 102/81/102
f 109/84/109 92/76/92 90/75/90
vt 0.4971700 0.7924800
f 111/85/111 104/82/104 107/83/107
vt 0.6638100 0.5999700
vt 0.5174900 0.7035200
f 112/86/112 116/87/116 101/80/101
vt 0.5428200 0.7352700
vt 0.5337800 0.7165100
f 117/88/117 118/89/118 113/86/113
f 115/87/115 113/86/113 118/89/118
vt 0.5428200 0.7561000
f 120/90/120 117/88/117 113/86/113
f 113/86/113 100/80/100 97/78/97
vt 0.6638100 0.8913900
vt 0.5174900 0.7878400
f 125/91/125 110/85/110 126/92/126
vt 0.5337800 0.7748600
f 124/91/124 128/93/128 119/90/119
f 114/86/114 122/91/122 121/90/121
f 127/92/127 129/93/129 123/91/123
f 104/82/104 111/85/111 123/91/123
vt 0.1801100 0.6570500
vt 0.1635100 0.6675100
vt 0.1891100 0.6381900
f 130/94/130 131/95/131 133/96/133
vt 0.1635100 0.5210700
f 135/97/135 133/96/133 131/95/131
vt 0.2053300 0.6251400
f 136/97/136 138/98/138 134/96/134
vt 0.2255600 0.6204800
f 137/97/137 141/99/141 139/98/139
vt 0.3290800 0.5210700
f 142/99/142 135/97/135 143/100/143
vt 0.1891100 0.6968400
vt 0.1635100 0.8139600
f 149/101/149 151/102/151 131/95/131
vt 0.2053300 0.7098800
f 152/102/152 150/101/150 155/103/155
vt 0.1801100 0.6779800
f 132/95/132 156/104/156 148/101/148
f 157/104/157 131/95/131 130/94/130
vt 0.2255600 0.7145400
f 160/105/160 153/102/153 154/103/154
vt 0.2620000 0.6381900
vt 0.2457800 0.6251400
f 144/100/144 162/106/162 163/107/163
vt 0.3290800 0.6675100
vt 0.2710100 0.6570500
f 166/108/166 169/109/169 145/100/145
f 161/106/161 146/100/146 167/109/167
vt 0.2710100 0.6779800
f 170/110/170 168/109/168 165/108/165
f 147/100/147 164/107/164 140/99/140
vt 0.3290800 0.8139600
vt 0.2457800 0.7098800
f 173/111/173 158/105/158 176/112/176
vt 0.2620000 0.6968400
f 175/111/175 178/113/178 171/110/171
f 165/108/165 172/111/172 170/110/170
f 177/112/177 179/113/179 174/111/174
f 151/102/151 159/105/159 172/111/172
vt 0.0653000 0.6675100
vt 0.0894900 0.5210700
vt 0.0653000 0.5210700
f 180/114/180 181/115/181 182/116/182
vt 0.0894900 0.8139600
vt 0.1136700 0.8139600
vt 0.1136700 0.5210700
f 183/117/183 184/118/184 185/119/185
vt 0.0653000 0.8139600
f 186/120/186 183/117/183 180/114/180
f 181/115/181 180/114/180 183/117/183
vt 0.1620500 0.6675100
vt 0.1620500 0.5210700
vt 0.1378600 0.5210700
f 187/121/187 188/122/188 189/123/189
vt 0.1378600 0.8139600
f 190/124/190 187/121/187 189/123/189
f 190/124/190 189/123/189 185/119/185
vt 0.1620500 0.8139600
f 187/121/187 190/124/190 191/125/191
vt 0.0000000 0.6675100
vt 0.0000000 0.5210700
vt 0.0159600 0.5210700
f 192/126/192 193/127/193 194/128/194
vt 0.0159600 0.8139600
vt 0.0319200 0.5210700
f 195/129/195 194/128/194 196/130/196
vt 0.0000000 0.8139600
f 197/131/197 192/126/192 195/129/195
f 194/128/194 195/129/195 192/126/192
vt 0.0638400 0.6675100
vt 0.0478800 0.5210700
vt 0.0638400 0.5210700
f 198/132/198 199/133/199 200/134/200
vt 0.0478800 0.8139600
f 201/135/201 199/133/199 198/132/198
vt 0.0319200 0.8139600
f 199/133/199 201/135/201 202/136/202
vt 0.4769900 0.3347300
vt 0.6234300 0.3589200
vt 0.6234300 0.3347300
f 203/137/203 204/138/204 205/139/205
vt 0.3305400 0.3589200
vt 0.3305400 0.3831000
vt 0.6234300 0.3831000
f 206/140/206 207/141/207 208/142/208
vt 0.3305400 0.3347300
f 209/143/209 206/140/206 203/137/203
f 204/138/204 203/137/203 206/140/206
vt 0.4769900 0.4314800
vt 0.6234300 0.4314800
vt 0.6234300 0.4072900
f 210/144/210 211/145/211 212/146/212
vt 0.3305400 0.4072900
vt 0.3305400 0.4314800
f 213/147/213 214/148/214 210/144/210
f 212/146/212 208/142/208 207/141/207
vt 0.2299600 0.0626500
vt 0.3347300 0.0000000
vt 0.0000000 0.0000000
f 215/149/215 217/150/217 220/151/220
vt 0.2459700 0.0658200
f 221/152/221 217/150/217 215/149/215
vt 0.2595500 0.0748500
f 221/152/221 222/153/222 217/150/217
vt 0.0629300 0.0626500
f 225/154/225 215/149/215 220/151/220
vt 0.0047900 0.0239800
f 227/155/227 226/154/226 219/151/219
vt 0.0184300 0.0443000
vt 0.0388500 0.0578800
f 229/155/229 230/156/230 232/157/232
f 228/155/228 231/157/231 224/154/224
vt 0.3106500 0.3285000
vt 0.2765900 0.2945900
vt 0.2902300 0.3149100
f 234/158/234 236/159/236 237/160/237
vt 0.3347300 0.3332600
vt 0.2718000 0.2706100
f 233/158/233 239/161/239 240/162/240
f 240/162/240 235/159/235 233/158/233
vt 0.2686200 0.0883700
f 218/150/218 223/153/223 242/163/242
vt 0.2718000 0.1043100
f 239/161/239 243/164/243 240/162/240
f 241/163/241 243/164/243 217/150/217
f 238/161/238 216/150/216 244/164/244
vt 0.8942200 0.4796000
vt 0.6652700 0.4166700
vt 0.9985400 0.4166700
f 245/165/245 246/166/246 250/167/250
vt 0.9101600 0.4827800
f 251/168/251 245/165/245 250/167/250
vt 0.9236800 0.4918500
f 251/168/251 250/167/250 253/169/253
vt 0.7279200 0.4796000
f 254/170/254 246/166/246 245/165/245
vt 0.6700400 0.4407500
f 258/171/258 247/166/247 255/170/255
vt 0.7039500 0.4748100
vt 0.6836200 0.4611600
f 257/171/257 260/172/260 262/173/262
f 259/171/259 256/170/256 261/172/261
vt 0.9745600 0.7466100
vt 0.9542300 0.7329600
vt 0.9406500 0.7125500
f 263/174/263 266/175/266 268/176/268
vt 0.9358800 0.6884700
vt 0.9985400 0.7514000
f 265/174/265 271/177/271 273/178/273
f 270/177/270 264/174/264 267/176/267
vt 0.9327100 0.5054300
f 249/167/249 275/179/275 252/169/252
vt 0.9358800 0.5214400
f 272/178/272 269/177/269 277/180/277
f 276/179/276 250/167/250 278/180/278
f 274/178/274 279/180/279 248/167/248
vt 0.1967400 0.3347300
vt 0.2282000 0.3347300
vt 0.2282000 0.3557000
f 280/181/280 281/182/281 282/183/282
vt 0.2282000 0.3976400
vt 0.1652700 0.3976400
vt 0.1652700 0.3766700
f 283/184/283 284/185/284 285/186/285
vt 0.2282000 0.3766700
vt 0.1652700 0.3557000
f 286/187/286 285/186/285 287/188/287
vt 0.1652700 0.3347300
f 287/188/287 288/189/288 280/181/280
f 282/183/282 287/188/287 280/181/280
vt 0.2282000 0.4186100
f 284/185/284 283/184/283 289/190/289
vt 0.2282000 0.4395800
vt 0.1652700 0.4395800
vt 0.1652700 0.4186100
f 290/191/290 291/192/291 292/193/292
vt 0.1967400 0.4815200
vt 0.2282000 0.4605500
vt 0.2282000 0.4815200
f 293/194/293 294/195/294 295/196/295
vt 0.1652700 0.4605500
f 290/191/290 294/195/294 296/197/296
vt 0.1652700 0.4815200
f 297/198/297 296/197/296 293/194/293
f 294/195/294 293/194/293 296/197/296
vt 0.2793700 0.3347300
vt 0.3108400 0.3347300
vt 0.3108400 0.3557000
f 298/199/298 299/200/299 300/201/300
vt 0.3108400 0.3766700
vt 0.3108400 0.3976400
vt 0.2479100 0.3976400
f 301/202/301 302/203/302 303/204/303
vt 0.2479100 0.3766700
f 300/201/300 301/202/301 304/205/304
vt 0.2479100 0.3557000
vt 0.2479100 0.3347300
f 305/206/305 306/207/306 298/199/298
f 300/201/300 305/206/305 298/199/298
vt 0.3108400 0.4186100
f 303/204/303 302/203/302 307/208/307
vt 0.3108400 0.4395800
vt 0.2479100 0.4395800
vt 0.2479100 0.4186100
f 308/209/308 309/210/309 310/211/310
vt 0.2793700 0.4815200
vt 0.3108400 0.4605500
vt 0.3108400 0.4815200
f 311/212/311 312/213/312 313/214/313
vt 0.2479100 0.4605500
f 312/213/312 314/215/314 309/210/309
vt 0.2479100 0.4815200
f 315/216/315 314/215/314 311/212/311
f 312/213/312 311/212/311 314/215/314
f 4/4/4 6/6/6 7/7/7
f 7/7/7 8/8/8 3/3/3
f 5/5/5 10/10/10 13/13/13
f 11/11/11 13/13/13 10/10/10
f 15/15/15 12/12/12 11/11/11
f 22/22/22 24/24/24 25/25/25
f 21/21/21 25/25/25 26/26/26
vt 0.0826300 0.4186100
f 24/24/24 28/28/28 316/217/316
f 28/28/28 30/30/30 316/217/316
f 29/29/29 34/34/34 30/30/30
f 183/117/183 185/119/185 181/115/181
f 190/124/190 185/119/185 184/118/184
f 195/129/195 196/130/196 202/136/202
vt 0.0638400 0.8139600
f 201/135/201 198/132/198 317/218/317
f 199/133/199 202/136/202 196/130/196
f 206/140/206 208/142/208 204/138/204
f 213/147/213 210/144/210 212/146/212
f 212/146/212 207/141/207 213/147/213
f 283/184/283 285/186/285 286/187/286
f 286/187/286 287/188/287 282/183/282
f 284/185/284 289/190/289 292/193/292
f 290/191/290 292/193/292 289/190/289
f 290/191/290 296/197/296 291/192/291
f 301/202/301 303/204/303 304/205/304
f 300/201/300 304/205/304 305/206/305
f 303/204/303 307/208/307 310/211/310
f 308/209/308 310/211/310 307/208/307
f 312/213/312 309/210/309 308/209/308
f 318/181/318 319/183/319 320/182/320
f 321/187/321 322/186/322 323/185/323
f 319/183/319 324/188/324 322/186/322
f 324/188/324 318/181/318 325/189/325
f 319/183/319 318/181/318 324/188/324
f 326/184/326 323/185/323 327/193/327
f 328/190/328 327/193/327 329/192/329
f 330/194/330 331/196/331 332/195/332
f 333/191/333 329/192/329 334/197/334
f 335/198/335 330/194/330 334/197/334
f 332/195/332 334/197/334 330/194/330
f 336/1/336 337/3/337 338/2/338
f 339/7/339 340/6/340 341/5/341
f 337/3/337 342/8/342 340/6/340
f 342/8/342 336/1/336 343/9/343
f 337/3/337 336/1/336 342/8/342
f 341/5/341 344/13/344 345/10/345
f 345/10/345 344/13/344 346/12/346
f 347/14/347 348/16/348 349/15/349
f 350/11/350 346/12/346 351/17/351
f 352/18/352 347/14/347 351/17/351
f 349/15/349 351/17/351 347/14/347
vt 0.2215800 0.6570500
f 353/95/353 354/219/354 355/97/355
vt 0.2305800 0.6381900
f 357/220/357 355/97/355 354/219/354
vt 0.2468000 0.6251400
f 355/97/355 357/220/357 359/221/359
vt 0.2670300 0.6204800
f 356/97/356 358/221/358 361/222/361
f 360/222/360 363/100/363 355/97/355
vt 0.2215800 0.6779800
f 364/223/364 353/95/353 367/102/367
vt 0.2468000 0.7098800
vt 0.2305800 0.6968400
f 367/102/367 368/224/368 370/225/370
f 366/102/366 369/225/369 365/223/365
f 364/223/364 354/219/354 353/95/353
vt 0.2670300 0.7145400
f 371/226/371 368/224/368 367/102/367
vt 0.2872600 0.6251400
vt 0.3034800 0.6381900
f 362/100/362 372/227/372 374/228/374
vt 0.3124800 0.6570500
f 376/229/376 377/108/377 375/228/375
f 363/100/363 375/228/375 377/108/377
vt 0.3124800 0.6779800
f 378/230/378 377/108/377 376/229/376
f 363/100/363 360/222/360 373/227/373
vt 0.2872600 0.7098800
f 379/111/379 380/231/380 371/226/371
vt 0.3034800 0.6968400
f 381/232/381 377/108/377 378/230/378
f 379/111/379 377/108/377 381/232/381
f 380/231/380 379/111/379 381/232/381
f 367/102/367 379/111/379 371/226/371
f 382/56/382 384/58/384 386/57/386
f 387/59/387 386/57/386 384/58/384
f 386/57/386 387/59/387 388/60/388
f 388/60/388 389/61/389 386/57/386
f 391/62/391 382/56/382 393/63/393
f 385/57/385 392/63/392 383/56/383
f 394/64/394 395/65/395 393/63/393
f 393/63/393 395/65/395 391/62/391
f 396/66/396 395/65/395 394/64/394
f 389/61/389 397/68/397 398/67/398
f 400/69/400 389/61/389 401/70/401
f 398/67/398 401/70/401 389/61/389
f 402/71/402 390/61/390 399/69/399
f 389/61/389 388/60/388 397/68/397
f 404/72/404 405/73/405 394/64/394
f 405/73/405 396/66/396 394/64/394
f 403/71/403 406/74/406 404/72/404
f 400/69/400 406/74/406 403/71/403
f 394/64/394 403/71/403 404/72/404
f 407/75/407 410/77/410 412/76/412
f 413/78/413 412/76/412 410/77/410
f 414/78/414 409/77/409 415/79/415
f 416/79/416 417/80/417 413/78/413
f 420/81/420 412/76/412 421/82/421
f 422/82/422 423/83/423 419/81/419
f 412/76/412 420/81/420 425/84/425
f 426/84/426 408/75/408 411/76/411
f 427/85/427 424/83/424 421/82/421
f 429/86/429 418/80/418 433/87/433
f 434/88/434 430/86/430 435/89/435
f 432/87/432 435/89/435 430/86/430
f 438/90/438 430/86/430 434/88/434
f 430/86/430 413/78/413 417/80/417
f 439/91/439 444/92/444 428/85/428
f 442/91/442 436/90/436 446/93/446
f 431/86/431 437/90/437 440/91/440
f 443/92/443 441/91/441 445/93/445
f 421/82/421 441/91/441 427/85/427
vt 0.4874500 0.4495400
vt 0.5063100 0.4585400
f 447/233/447 448/234/448 450/36/450
f 454/37/454 450/36/450 448/234/448
vt 0.5193600 0.4747600
f 453/37/453 449/234/449 455/235/455
vt 0.5240200 0.4949900
f 452/37/452 456/235/456 458/236/458
f 457/236/457 460/42/460 454/37/454
vt 0.4476600 0.4585400
f 466/237/466 450/36/450 469/44/469
vt 0.4346100 0.4747600
f 470/44/470 472/238/472 465/237/465
vt 0.4665200 0.4495400
f 451/36/451 467/237/467 473/239/473
f 474/239/474 447/233/447 450/36/450
vt 0.4299600 0.4949900
f 475/240/475 471/238/471 468/44/468
vt 0.5193600 0.5152100
vt 0.5063100 0.5314300
f 464/42/464 479/241/479 480/242/480
vt 0.4874500 0.5404300
f 483/51/483 462/42/462 484/243/484
f 481/242/481 485/243/485 463/42/463
vt 0.4665200 0.5404300
f 487/244/487 482/51/482 486/243/486
f 461/42/461 459/236/459 478/241/478
vt 0.4346100 0.5152100
f 489/53/489 494/245/494 476/240/476
vt 0.4476600 0.5314300
f 492/53/492 488/244/488 496/246/496
f 482/51/482 487/244/487 490/53/490
f 493/245/493 491/53/491 495/246/495
f 469/44/469 490/53/490 477/240/477
f 497/114/497 498/116/498 499/115/499
f 500/117/500 497/114/497 499/115/499
f 497/114/497 500/117/500 501/120/501
f 502/118/502 500/117/500 499/115/499
f 503/119/503 504/123/504 505/124/505
f 506/121/506 504/123/504 507/122/507
f 508/125/508 505/124/505 506/121/506
f 504/123/504 506/121/506 505/124/505
f 509/126/509 510/128/510 511/127/511
f 512/129/512 513/136/513 514/130/514
f 515/131/515 512/129/512 509/126/509
f 510/128/510 509/126/509 512/129/512
f 516/132/516 517/134/517 518/133/518
f 519/135/519 520/218/520 516/132/516
f 518/133/518 514/130/514 513/136/513
f 521/137/521 522/139/522 523/138/523
f 524/140/524 523/138/523 525/142/525
f 526/143/526 521/137/521 524/140/524
f 523/138/523 524/140/524 521/137/521
f 527/144/527 528/146/528 529/145/529
f 530/147/530 528/146/528 527/144/527
f 528/146/528 530/147/530 531/141/531
vt 0.0629300 0.1043100
vt 0.0000000 0.3332600
f 532/247/532 533/248/533 537/151/537
vt 0.0661100 0.0883700
f 538/249/538 532/247/532 537/151/537
vt 0.0751800 0.0748500
f 538/249/538 537/151/537 540/250/540
vt 0.0629300 0.2706100
f 541/251/541 533/248/533 532/247/532
vt 0.0581400 0.2945900
vt 0.0240800 0.3285000
f 544/252/544 546/253/546 534/248/534
vt 0.0445000 0.3149100
f 545/253/545 543/252/543 547/254/547
f 542/252/542 533/248/533 541/251/541
vt 0.2718000 0.0626500
vt 0.3299400 0.0239800
vt 0.3163000 0.0443000
f 549/255/549 551/256/551 553/257/553
f 552/256/552 548/255/548 555/150/555
vt 0.2958800 0.0578800
f 557/258/557 550/255/550 554/257/554
vt 0.0887600 0.0658200
f 536/151/536 558/259/558 539/250/539
vt 0.1047700 0.0626500
f 555/150/555 548/255/548 560/260/560
f 559/259/559 537/151/537 560/260/560
f 556/150/556 561/260/561 535/151/535
vt 0.7279200 0.5214400
vt 0.6652700 0.7514000
f 562/261/562 563/166/563 566/262/566
vt 0.7311000 0.5054300
f 567/263/567 563/166/563 562/261/562
vt 0.7401300 0.4918500
f 567/263/567 568/264/568 563/166/563
vt 0.7279200 0.6884700
f 570/265/570 562/261/562 566/262/566
vt 0.7231600 0.7125500
vt 0.6892500 0.7466100
f 571/266/571 566/262/566 572/267/572
vt 0.7095700 0.7329600
f 572/267/572 573/268/573 571/266/571
f 571/266/571 570/265/570 566/262/566
vt 0.9358800 0.4796000
vt 0.9801800 0.4611600
f 574/269/574 578/270/578 581/167/581
vt 0.9937700 0.4407500
f 579/270/579 584/271/584 582/167/582
vt 0.9598600 0.4748100
f 576/269/576 585/272/585 577/270/577
vt 0.7536400 0.4827800
f 565/166/565 569/264/569 587/273/587
vt 0.7695800 0.4796000
f 583/167/583 590/274/590 575/269/575
f 586/273/586 588/274/588 563/166/563
f 580/167/580 564/166/564 589/274/589
f 591/19/591 592/21/592 593/20/593
f 594/22/594 595/25/595 596/24/596
f 592/21/592 597/26/597 595/25/595
f 597/26/597 591/19/591 598/27/598
f 592/21/592 591/19/591 597/26/597
f 599/23/599 596/24/596 600/217/600
f 601/28/601 600/217/600 602/30/602
f 603/31/603 604/33/604 605/32/605
f 606/29/606 602/30/602 607/34/607
f 608/35/608 603/31/603 607/34/607
f 605/32/605 607/34/607 603/31/603
f 609/199/609 610/201/610 611/200/611
f 612/202/612 613/205/613 614/204/614
f 610/201/610 615/206/615 613/205/613
f 615/206/615 609/199/609 616/207/616
f 610/201/610 609/199/609 615/206/615
f 617/211/617 618/208/618 619/203/619
f 618/208/618 617/211/617 620/210/620
f 621/212/621 622/214/622 623/213/623
f 624/209/624 620/210/620 625/215/625
f 626/216/626 621/212/621 625/215/625
f 623/213/623 625/215/625 621/212/621
f 321/187/321 323/185/323 326/184/326
f 319/183/319 322/186/322 321/187/321
f 326/184/326 327/193/327 328/190/328
f 328/190/328 329/192/329 333/191/333
f 333/191/333 334/197/334 332/195/332
f 339/7/339 341/5/341 627/4/627
f 337/3/337 340/6/340 339/7/339
f 341/5/341 345/10/345 627/4/627
f 345/10/345 346/12/346 350/11/350
f 350/11/350 351/17/351 349/15/349
f 502/118/502 499/115/499 503/119/503
f 503/119/503 505/124/505 502/118/502
f 512/129/512 514/130/514 510/128/510
f 519/135/519 516/132/516 518/133/518
f 518/133/518 513/136/513 519/135/519
f 524/140/524 525/142/525 531/141/531
f 530/147/530 527/144/527 628/148/628
f 528/146/528 531/141/531 525/142/525
f 594/22/594 596/24/596 599/23/599
f 592/21/592 595/25/595 594/22/594
f 599/23/599 600/217/600 601/28/601
f 601/28/601 602/30/602 606/29/606
f 606/29/606 607/34/607 605/32/605
f 612/202/612 614/204/614 619/203/619
f 610/201/610 613/205/613 612/202/612
f 617/211/617 619/203/619 614/204/614
f 618/208/618 620/210/620 624/209/624
f 624/209/624 625/215/625 623/213/623
f 629/181/629 630/182/630 631/183/631
f 632/187/632 633/184/633 634/185/634
f 631/183/631 632/187/632 635/186/635
f 636/188/636 637/189/637 629/181/629
f 631/183/631 636/188/636 629/181/629
f 638/193/638 634/185/634 633/184/633
f 639/190/639 640/191/640 641/192/641
f 642/194/642 643/195/643 644/196/644
f 640/191/640 643/195/643 645/197/645
f 646/198/646 645/197/645 642/194/642
f 643/195/643 642/194/642 645/197/645
f 647/1/647 648/2/648 649/3/649
f 650/7/650 651/4/651 652/5/652
f 649/3/649 650/7/650 653/6/653
f 654/8/654 655/9/655 647/1/647
f 649/3/649 654/8/654 647/1/647
f 652/5/652 651/4/651 656/10/656
f 656/10/656 657/11/657 658/12/658
f 659/14/659 660/15/660 661/16/661
f 657/11/657 660/15/660 662/17/662
f 663/18/663 662/17/662 659/14/659
f 660/15/660 659/14/659 662/17/662
f 664/36/664 665/37/665 667/38/667
f 668/39/668 667/38/667 665/37/665
f 665/37/665 669/40/669 668/39/668
f 666/37/666 671/41/671 670/40/670
f 672/41/672 665/37/665 673/42/673
f 676/43/676 678/44/678 664/36/664
f 678/44/678 679/45/679 681/46/681
f 677/44/677 675/43/675 680/45/680
f 676/43/676 664/36/664 667/38/667
f 682/47/682 678/44/678 681/46/681
f 674/42/674 684/48/684 685/49/685
f 687/50/687 683/48/683 688/51/688
f 673/42/673 688/51/688 683/48/683
f 689/52/689 687/50/687 688/51/688
f 673/42/673 686/49/686 672/41/672
f 690/53/690 682/47/682 691/54/691
f 692/55/692 689/52/689 688/51/688
f 690/53/690 692/55/692 688/51/688
f 691/54/691 692/55/692 690/53/690
f 678/44/678 682/47/682 690/53/690
f 693/80/693 696/86/696 697/87/697
f 698/89/698 697/87/697 696/86/696
f 696/86/696 699/88/699 698/89/698
f 699/88/699 696/86/696 700/91/700
f 702/79/702 703/78/703 693/80/693
f 695/86/695 694/80/694 704/78/704
f 705/76/705 703/78/703 706/77/706
f 703/78/703 702/79/702 706/77/706
f 707/75/707 705/76/705 706/77/706
f 700/91/700 708/93/708 709/90/709
f 711/85/711 712/92/712 700/91/700
f 708/93/708 700/91/700 712/92/712
f 714/82/714 710/85/710 701/91/701
f 700/91/700 709/90/709 699/88/699
f 715/81/715 705/76/705 716/84/716
f 716/84/716 705/76/705 707/75/707
f 713/82/713 715/81/715 717/83/717
f 711/85/711 713/82/713 717/83/717
f 705/76/705 715/81/715 713/82/713
f 719/66/719 721/64/721 722/65/722
f 725/63/725 722/65/722 721/64/721
f 724/63/724 727/62/727 723/65/723
f 726/62/726 725/63/725 728/56/728
f 731/72/731 733/71/733 721/64/721
f 732/71/732 730/72/730 735/74/735
f 721/64/721 736/73/736 731/72/731
f 737/73/737 720/64/720 718/66/718
f 738/69/738 733/71/733 734/74/734
f 742/57/742 743/58/743 729/56/729
f 745/60/745 746/59/746 741/57/741
f 744/58/744 741/57/741 746/59/746
f 749/68/749 745/60/745 741/57/741
f 741/57/741 728/56/728 725/63/725
f 752/61/752 739/69/739 755/70/755
f 751/61/751 757/67/757 747/68/747
f 740/57/740 753/61/753 748/68/748
f 754/70/754 756/67/756 750/61/750
f 733/71/733 738/69/738 750/61/750
f 758/94/758 759/95/759 762/96/762
f 764/97/764 762/96/762 759/95/759
f 765/97/765 766/98/766 761/96/761
f 763/97/763 768/99/768 767/98/767
f 769/99/769 764/97/764 774/100/774
f 776/101/776 779/102/779 759/95/759
f 781/102/781 777/101/777 783/103/783
f 760/95/760 784/104/784 778/101/778
f 785/104/785 759/95/759 758/94/758
f 786/105/786 780/102/780 782/103/782
f 771/100/771 789/106/789 792/107/792
f 793/108/793 797/109/797 775/100/775
f 790/106/790 772/100/772 796/109/796
f 798/110/798 795/109/795 794/108/794
f 773/100/773 791/107/791 770/99/770
f 803/111/803 787/105/787 804/112/804
f 802/111/802 806/113/806 799/110/799
f 794/108/794 800/111/800 798/110/798
f 805/112/805 807/113/807 801/111/801
f 779/102/779 788/105/788 800/111/800
f 808/114/808 809/115/809 810/116/810
f 811/117/811 809/115/809 808/114/808
f 808/114/808 812/120/812 811/117/811
f 813/118/813 814/119/814 809/115/809
f 815/124/815 816/123/816 814/119/814
f 817/121/817 818/122/818 816/123/816
f 819/125/819 817/121/817 815/124/815
f 816/123/816 815/124/815 817/121/817
f 820/126/820 821/127/821 822/128/822
f 823/129/823 822/128/822 824/130/824
f 825/131/825 820/126/820 823/129/823
f 822/128/822 823/129/823 820/126/820
f 826/132/826 827/133/827 828/134/828
f 829/135/829 827/133/827 826/132/826
f 827/133/827 829/135/829 830/136/830
f 831/137/831 832/138/832 833/139/833
f 834/140/834 835/141/835 836/142/836
f 837/143/837 834/140/834 831/137/831
f 832/138/832 831/137/831 834/140/834
f 838/144/838 839/145/839 840/146/840
f 841/147/841 842/148/842 838/144/838
f 840/146/840 836/142/836 835/141/835
f 843/149/843 846/150/846 847/151/847
f 849/152/849 846/150/846 843/149/843
f 849/152/849 851/153/851 846/150/846
f 852/154/852 843/149/843 847/151/847
f 854/156/854 847/151/847 855/155/855
f 848/151/848 853/156/853 856/157/856
f 857/157/857 852/154/852 847/151/847
f 859/158/859 860/159/860 862/160/862
f 858/158/858 864/161/864 865/162/865
f 865/162/865 861/159/861 858/158/858
f 844/150/844 850/153/850 866/163/866
f 864/161/864 869/164/869 865/162/865
f 867/163/867 869/164/869 846/150/846
f 863/161/863 845/150/845 868/164/868
f 870/165/870 871/166/871 874/167/874
f 877/168/877 870/165/870 874/167/874
f 877/168/877 874/167/874 879/169/879
f 880/170/880 871/166/871 870/165/870
f 881/173/881 883/171/883 872/166/872
f 873/166/873 885/172/885 882/173/882
f 884/172/884 871/166/871 880/170/880
f 887/178/887 890/175/890 892/176/892
f 891/175/891 888/178/888 893/174/893
f 887/178/887 892/176/892 895/177/895
f 876/167/876 897/179/897 878/169/878
f 889/178/889 894/177/894 898/180/898
f 896/179/896 874/167/874 899/180/899
f 886/178/886 900/180/900 875/167/875
f 901/19/901 902/20/902 903/21/903
f 904/23/904 905/24/905 906/25/906
f 903/21/903 907/22/907 906/25/906
f 908/26/908 909/27/909 901/19/901
f 903/21/903 908/26/908 901/19/901
f 905/24/905 904/23/904 910/28/910
f 910/28/910 911/29/911 912/30/912
f 913/31/913 914/32/914 915/33/915
f 911/29/911 914/32/914 916/34/916
f 917/35/917 916/34/916 913/31/913
f 914/32/914 913/31/913 916/34/916
f 918/199/918 919/200/919 920/201/920
f 921/202/921 922/203/922 923/204/923
f 920/201/920 921/202/921 924/205/924
f 925/206/925 926/207/926 918/199/918
f 920/201/920 925/206/925 918/199/918
f 927/211/927 923/204/923 922/203/922
f 928/208/928 929/209/929 930/210/930
f 931/212/931 932/213/932 933/214/933
f 929/209/929 932/213/932 934/215/934
f 935/216/935 934/215/934 931/212/931
f 932/213/932 931/212/931 934/215/934
f 632/187/632 634/185/634 635/186/635
f 631/183/631 635/186/635 636/188/636
f 638/193/638 633/184/633 639/190/639
f 639/190/639 641/192/641 638/193/638
f 640/191/640 645/197/645 641/192/641
f 650/7/650 652/5/652 653/6/653
f 649/3/649 653/6/653 654/8/654
f 652/5/652 656/10/656 936/13/936
f 656/10/656 658/12/658 936/13/936
f 657/11/657 662/17/662 658/12/658
f 813/118/813 809/115/809 811/117/811
f 815/124/815 814/119/814 813/118/813
f 823/129/823 824/130/824 830/136/830
f 829/135/829 826/132/826 937/218/937
f 827/133/827 830/136/830 824/130/824
f 834/140/834 836/142/836 832/138/832
f 841/147/841 838/144/838 840/146/840
f 840/146/840 835/141/835 841/147/841
f 904/23/904 906/25/906 907/22/907
f 903/21/903 906/25/906 908/26/908
f 905/24/905 910/28/910 938/217/938
f 910/28/910 912/30/912 938/217/938
f 911/29/911 916/34/916 912/30/912
f 921/202/921 923/204/923 924/205/924
f 920/201/920 924/205/924 925/206/925
f 927/211/927 922/203/922 928/208/928
f 928/208/928 930/210/930 927/211/927
f 929/209/929 934/215/934 930/210/930
f 939/199/939 940/201/940 941/200/941
f 942/202/942 943/205/943 944/204/944
f 940/201/940 945/206/945 943/205/943
f 945/206/945 939/199/939 946/207/946
f 940/201/940 939/199/939 945/206/945
f 944/204/944 947/211/947 948/208/948
f 949/209/949 948/208/948 947/211/947
f 950/212/950 951/214/951 952/213/952
f 952/213/952 949/209/949 953/210/953
f 954/216/954 950/212/950 955/215/955
f 952/213/952 955/215/955 950/212/950
f 956/1/956 957/3/957 958/2/958
f 959/7/959 960/6/960 961/5/961
f 957/3/957 962/8/962 960/6/960
f 962/8/962 956/1/956 963/9/963
f 957/3/957 956/1/956 962/8/962
f 964/4/964 961/5/961 965/13/965
f 966/10/966 965/13/965 967/12/967
f 968/14/968 969/16/969 970/15/970
f 971/11/971 967/12/967 972/17/972
f 973/18/973 968/14/968 972/17/972
f 970/15/970 972/17/972 968/14/968
f 974/95/974 975/219/975 977/97/977
f 978/220/978 977/97/977 975/219/975
f 977/97/977 978/220/978 980/221/980
f 976/97/976 979/221/979 981/222/981
f 982/222/982 983/100/983 977/97/977
f 986/223/986 974/95/974 987/102/987
f 987/102/987 989/224/989 990/225/990
f 988/102/988 991/225/991 985/223/985
f 986/223/986 975/219/975 974/95/974
f 992/226/992 989/224/989 987/102/987
f 984/100/984 994/227/994 995/228/995
f 997/229/997 998/108/998 996/228/996
f 983/100/983 996/228/996 998/108/998
f 999/230/999 998/108/998 997/229/997
f 983/100/983 982/222/982 993/227/993
f 1000/111/1000 1001/231/1001 992/226/992
f 1002/232/1002 998/108/998 999/230/999
f 1000/111/1000 998/108/998 1002/232/1002
f 1001/231/1001 1000/111/1000 1002/232/1002
f 987/102/987 1000/111/1000 992/226/992
f 1004/56/1004 1005/58/1005 1006/57/1006
f 1008/59/1008 1006/57/1006 1005/58/1005
f 1006/57/1006 1008/59/1008 1009/60/1009
f 1009/60/1009 1011/61/1011 1006/57/1006
f 1012/62/1012 1004/56/1004 1013/63/1013
f 1007/57/1007 1014/63/1014 1003/56/1003
f 1015/64/1015 1016/65/1016 1013/63/1013
f 1013/63/1013 1016/65/1016 1012/62/1012
f 1017/66/1017 1016/65/1016 1015/64/1015
f 1011/61/1011 1018/68/1018 1019/67/1019
f 1021/69/1021 1011/61/1011 1022/70/1022
f 1019/67/1019 1022/70/1022 1011/61/1011
f 1024/71/1024 1010/61/1010 1020/69/1020
f 1011/61/1011 1009/60/1009 1018/68/1018
f 1025/72/1025 1026/73/1026 1015/64/1015
f 1026/73/1026 1017/66/1017 1015/64/1015
f 1023/71/1023 1027/74/1027 1025/72/1025
f 1021/69/1021 1027/74/1027 1023/71/1023
f 1015/64/1015 1023/71/1023 1025/72/1025
f 1028/75/1028 1031/77/1031 1033/76/1033
f 1034/78/1034 1033/76/1033 1031/77/1031
f 1035/78/1035 1030/77/1030 1037/79/1037
f 1036/79/1036 1038/80/1038 1034/78/1034
f 1041/81/1041 1033/76/1033 1043/82/1043
f 1042/82/1042 1045/83/1045 1040/81/1040
f 1033/76/1033 1041/81/1041 1047/84/1047
f 1046/84/1046 1029/75/1029 1032/76/1032
f 1049/85/1049 1044/83/1044 1043/82/1043
f 1051/86/1051 1039/80/1039 1053/87/1053
f 1055/88/1055 1052/86/1052 1056/89/1056
f 1054/87/1054 1056/89/1056 1052/86/1052
f 1058/90/1058 1052/86/1052 1055/88/1055
f 1052/86/1052 1034/78/1034 1038/80/1038
f 1061/91/1061 1065/92/1065 1048/85/1048
f 1062/91/1062 1059/90/1059 1067/93/1067
f 1050/86/1050 1057/90/1057 1063/91/1063
f 1064/92/1064 1060/91/1060 1066/93/1066
f 1043/82/1043 1060/91/1060 1049/85/1049
f 1068/233/1068 1070/234/1070 1071/36/1071
f 1074/37/1074 1071/36/1071 1070/234/1070
f 1073/37/1073 1069/234/1069 1076/235/1076
f 1075/37/1075 1077/235/1077 1079/236/1079
f 1078/236/1078 1085/42/1085 1074/37/1074
f 1087/237/1087 1071/36/1071 1090/44/1090
f 1089/44/1089 1092/238/1092 1086/237/1086
f 1072/36/1072 1088/237/1088 1095/239/1095
f 1094/239/1094 1068/233/1068 1071/36/1071
f 1097/240/1097 1093/238/1093 1091/44/1091
f 1084/42/1084 1100/241/1100 1101/242/1101
f 1104/51/1104 1082/42/1082 1105/243/1105
f 1102/242/1102 1107/243/1107 1081/42/1081
f 1109/244/1109 1103/51/1103 1106/243/1106
f 1083/42/1083 1080/236/1080 1099/241/1099
f 1112/53/1112 1114/245/1114 1096/240/1096
f 1110/53/1110 1108/244/1108 1117/246/1117
f 1103/51/1103 1109/244/1109 1111/53/1111
f 1115/245/1115 1113/53/1113 1116/246/1116
f 1090/44/1090 1111/53/1111 1098/240/1098
f 1118/114/1118 1119/116/1119 1120/115/1120
f 1121/117/1121 1120/115/1120 1122/119/1122
f 1123/120/1123 1118/114/1118 1121/117/1121
f 1120/115/1120 1121/117/1121 1118/114/1118
f 1124/121/1124 1125/123/1125 1126/122/1126
f 1127/124/1127 1125/123/1125 1124/121/1124
f 1127/124/1127 1128/118/1128 1122/119/1122
f 1124/121/1124 1129/125/1129 1127/124/1127
f 1130/126/1130 1131/128/1131 1132/127/1132
f 1133/129/1133 1134/136/1134 1135/130/1135
f 1136/131/1136 1133/129/1133 1130/126/1130
f 1131/128/1131 1130/126/1130 1133/129/1133
f 1137/132/1137 1138/134/1138 1139/133/1139
f 1140/135/1140 1141/218/1141 1137/132/1137
f 1139/133/1139 1135/130/1135 1134/136/1134
f 1142/137/1142 1143/139/1143 1144/138/1144
f 1144/138/1144 1145/140/1145 1142/137/1142
f 1146/141/1146 1145/140/1145 1144/138/1144
f 1147/142/1147 1148/146/1148 1149/147/1149
f 1150/144/1150 1148/146/1148 1151/145/1151
f 1152/148/1152 1149/147/1149 1150/144/1150
f 1148/146/1148 1150/144/1150 1149/147/1149
f 1153/149/1153 1155/151/1155 1156/150/1156
f 1159/152/1159 1153/149/1153 1156/150/1156
f 1159/152/1159 1156/150/1156 1160/153/1160
f 1162/154/1162 1155/151/1155 1153/149/1153
f 1166/155/1166 1154/151/1154 1164/154/1164
f 1163/154/1163 1167/156/1167 1165/155/1165
f 1162/154/1162 1169/157/1169 1168/156/1168
f 1171/158/1171 1172/160/1172 1173/159/1173
f 1170/158/1170 1175/162/1175 1176/161/1176
f 1175/162/1175 1170/158/1170 1174/159/1174
f 1158/150/1158 1178/163/1178 1161/153/1161
f 1176/161/1176 1175/162/1175 1180/164/1180
f 1179/163/1179 1156/150/1156 1180/164/1180
f 1177/161/1177 1181/164/1181 1157/150/1157
f 1182/165/1182 1183/167/1183 1187/166/1187
f 1188/168/1188 1183/167/1183 1182/165/1182
f 1188/168/1188 1189/169/1189 1183/167/1183
f 1193/170/1193 1182/165/1182 1187/166/1187
f 1195/171/1195 1191/170/1191 1186/166/1186
f 1192/170/1192 1194/171/1194 1196/173/1196
f 1193/170/1193 1197/173/1197 1198/172/1198
f 1202/178/1202 1203/176/1203 1204/175/1204
f 1205/175/1205 1206/174/1206 1201/178/1201
f 1202/178/1202 1207/177/1207 1203/176/1203
f 1185/167/1185 1190/169/1190 1209/179/1209
f 1199/178/1199 1212/180/1212 1208/177/1208
f 1210/179/1210 1211/180/1211 1183/167/1183
f 1200/178/1200 1184/167/1184 1213/180/1213
f 1214/19/1214 1215/21/1215 1216/20/1216
f 1217/23/1217 1218/22/1218 1219/25/1219
f 1215/21/1215 1220/26/1220 1219/25/1219
f 1220/26/1220 1214/19/1214 1221/27/1221
f 1215/21/1215 1214/19/1214 1220/26/1220
f 1222/24/1222 1223/217/1223 1224/28/1224
f 1225/29/1225 1224/28/1224 1223/217/1223
f 1226/31/1226 1227/33/1227 1228/32/1228
f 1225/29/1225 1229/30/1229 1230/34/1230
f 1231/35/1231 1226/31/1226 1230/34/1230
f 1228/32/1228 1230/34/1230 1226/31/1226
f 1232/181/1232 1233/183/1233 1234/182/1234
f 1235/187/1235 1236/186/1236 1237/185/1237
f 1233/183/1233 1238/188/1238 1236/186/1236
f 1238/188/1238 1232/181/1232 1239/189/1239
f 1233/183/1233 1232/181/1232 1238/188/1238
f 1237/185/1237 1240/193/1240 1241/190/1241
f 1242/191/1242 1241/190/1241 1240/193/1240
f 1243/194/1243 1244/196/1244 1245/195/1245
f 1245/195/1245 1242/191/1242 1246/192/1246
f 1247/198/1247 1243/194/1243 1248/197/1248
f 1245/195/1245 1248/197/1248 1243/194/1243
f 942/202/942 944/204/944 1249/203/1249
f 940/201/940 943/205/943 942/202/942
f 944/204/944 948/208/948 1249/203/1249
f 949/209/949 947/211/947 953/210/953
f 952/213/952 953/210/953 955/215/955
f 959/7/959 961/5/961 964/4/964
f 957/3/957 960/6/960 959/7/959
f 964/4/964 965/13/965 966/10/966
f 966/10/966 967/12/967 971/11/971
f 971/11/971 972/17/972 970/15/970
f 1121/117/1121 1122/119/1122 1128/118/1128
f 1127/124/1127 1122/119/1122 1125/123/1125
f 1133/129/1133 1135/130/1135 1131/128/1131
f 1140/135/1140 1137/132/1137 1139/133/1139
f 1139/133/1139 1134/136/1134 1140/135/1140
f 1145/140/1145 1250/143/1250 1142/137/1142
f 1146/141/1146 1144/138/1144 1147/142/1147
f 1147/142/1147 1149/147/1149 1146/141/1146
f 1217/23/1217 1219/25/1219 1222/24/1222
f 1215/21/1215 1219/25/1219 1218/22/1218
f 1222/24/1222 1224/28/1224 1217/23/1217
f 1225/29/1225 1223/217/1223 1229/30/1229
f 1225/29/1225 1230/34/1230 1228/32/1228
f 1235/187/1235 1237/185/1237 1251/184/1251
f 1233/183/1233 1236/186/1236 1235/187/1235
f 1237/185/1237 1241/190/1241 1251/184/1251
f 1242/191/1242 1240/193/1240 1246/192/1246
f 1245/195/1245 1246/192/1246 1248/197/1248
f 1252/199/1252 1253/200/1253 1254/201/1254
f 1255/202/1255 1256/203/1256 1257/204/1257
f 1254/201/1254 1255/202/1255 1258/205/1258
f 1259/206/1259 1260/207/1260 1252/199/1252
f 1254/201/1254 1259/206/1259 1252/199/1252
f 1257/204/1257 1256/203/1256 1261/208/1261
f 1262/209/1262 1263/210/1263 1264/211/1264
f 1265/212/1265 1266/213/1266 1267/214/1267
f 1262/209/1262 1266/213/1266 1268/215/1268
f 1269/216/1269 1268/215/1268 1265/212/1265
f 1266/213/1266 1265/212/1265 1268/215/1268
f 1270/19/1270 1271/20/1271 1272/21/1272
f 1273/22/1273 1274/23/1274 1275/24/1275
f 1272/21/1272 1273/22/1273 1276/25/1276
f 1277/26/1277 1278/27/1278 1270/19/1270
f 1272/21/1272 1277/26/1277 1270/19/1270
f 1274/23/1274 1279/28/1279 1280/217/1280
f 1279/28/1279 1281/29/1281 1282/30/1282
f 1283/31/1283 1284/32/1284 1285/33/1285
f 1281/29/1281 1284/32/1284 1286/34/1286
f 1287/35/1287 1286/34/1286 1283/31/1283
f 1284/32/1284 1283/31/1283 1286/34/1286
f 1288/95/1288 1289/97/1289 1291/219/1291
f 1292/220/1292 1291/219/1291 1289/97/1289
f 1289/97/1289 1294/221/1294 1292/220/1292
f 1290/97/1290 1296/222/1296 1293/221/1293
f 1295/222/1295 1289/97/1289 1298/100/1298
f 1299/223/1299 1302/102/1302 1288/95/1288
f 1302/102/1302 1303/225/1303 1305/224/1305
f 1301/102/1301 1300/223/1300 1304/225/1304
f 1299/223/1299 1288/95/1288 1291/219/1291
f 1306/226/1306 1302/102/1302 1305/224/1305
f 1297/100/1297 1308/228/1308 1309/227/1309
f 1311/229/1311 1307/228/1307 1312/108/1312
f 1298/100/1298 1312/108/1312 1307/228/1307
f 1313/230/1313 1311/229/1311 1312/108/1312
f 1298/100/1298 1310/227/1310 1295/222/1295
f 1314/111/1314 1306/226/1306 1315/231/1315
f 1316/232/1316 1313/230/1313 1312/108/1312
f 1314/111/1314 1316/232/1316 1312/108/1312
f 1315/231/1315 1316/232/1316 1314/111/1314
f 1302/102/1302 1306/226/1306 1314/111/1314
f 1317/56/1317 1319/57/1319 1321/58/1321
f 1322/59/1322 1321/58/1321 1319/57/1319
f 1319/57/1319 1323/60/1323 1322/59/1322
f 1323/60/1323 1319/57/1319 1324/68/1324
f 1325/62/1325 1327/63/1327 1317/56/1317
f 1320/57/1320 1318/56/1318 1326/63/1326
f 1328/64/1328 1327/63/1327 1329/65/1329
f 1327/63/1327 1325/62/1325 1329/65/1329
f 1330/66/1330 1328/64/1328 1329/65/1329
f 1331/61/1331 1333/67/1333 1324/68/1324
f 1335/69/1335 1336/70/1336 1331/61/1331
f 1333/67/1333 1331/61/1331 1336/70/1336
f 1337/71/1337 1334/69/1334 1332/61/1332
f 1331/61/1331 1324/68/1324 1319/57/1319
f 1339/72/1339 1328/64/1328 1340/73/1340
f 1340/73/1340 1328/64/1328 1330/66/1330
f 1338/71/1338 1339/72/1339 1341/74/1341
f 1335/69/1335 1338/71/1338 1341/74/1341
f 1328/64/1328 1339/72/1339 1338/71/1338
f 1342/75/1342 1344/76/1344 1346/77/1346
f 1349/78/1349 1347/77/1347 1345/76/1345
f 1350/78/1350 1354/79/1354 1348/77/1348
f 1353/79/1353 1351/78/1351 1355/80/1355
f 1359/81/1359 1363/82/1363 1343/76/1343
f 1362/82/1362 1358/81/1358 1364/83/1364
f 1344/76/1344 1366/84/1366 1360/81/1360
f 1366/84/1366 1344/76/1344 1342/75/1342
f 1368/85/1368 1361/82/1361 1365/83/1365
f 1372/86/1372 1374/87/1374 1356/80/1356
f 1377/88/1377 1379/89/1379 1370/86/1370
f 1373/87/1373 1369/86/1369 1378/89/1378
f 1380/91/1380 1375/88/1375 1371/86/1371
f 1369/86/1369 1357/80/1357 1352/78/1352
f 1382/91/1382 1367/85/1367 1385/92/1385
f 1384/91/1384 1388/93/1388 1390/90/1390
f 1376/88/1376 1381/91/1381 1389/90/1389
f 1386/92/1386 1387/93/1387 1383/91/1383
f 1361/82/1361 1368/85/1368 1381/91/1381
f 1392/233/1392 1393/36/1393 1396/234/1396
f 1399/37/1399 1396/234/1396 1393/36/1393
f 1398/37/1398 1401/235/1401 1397/234/1397
f 1400/37/1400 1404/236/1404 1402/235/1402
f 1403/236/1403 1399/37/1399 1406/42/1406
f 1409/237/1409 1411/44/1411 1393/36/1393
f 1411/44/1411 1409/237/1409 1414/238/1414
f 1394/36/1394 1415/239/1415 1410/237/1410
f 1416/239/1416 1395/36/1395 1391/233/1391
f 1419/240/1419 1412/44/1412 1413/238/1413
f 1408/42/1408 1420/242/1420 1423/241/1423
f 1424/51/1424 1427/243/1427 1406/42/1406
f 1421/242/1421 1406/42/1406 1427/243/1427
f 1429/244/1429 1426/243/1426 1425/51/1425
f 1407/42/1407 1422/241/1422 1405/236/1405
f 1432/53/1432 1417/240/1417 1435/245/1435
f 1431/53/1431 1437/246/1437 1428/244/1428
f 1424/51/1424 1433/53/1433 1430/244/1430
f 1434/245/1434 1436/246/1436 1433/53/1433
f 1411/44/1411 1418/240/1418 1433/53/1433
f 1438/114/1438 1439/115/1439 1440/116/1440
f 1441/117/1441 1442/118/1442 1443/119/1443
f 1444/120/1444 1441/117/1441 1438/114/1438
f 1439/115/1439 1438/114/1438 1441/117/1441
f 1445/121/1445 1446/122/1446 1447/123/1447
f 1448/124/1448 1445/121/1445 1447/123/1447
f 1448/124/1448 1447/123/1447 1443/119/1443
f 1445/121/1445 1448/124/1448 1449/125/1449
f 1450/126/1450 1451/127/1451 1452/128/1452
f 1453/129/1453 1452/128/1452 1454/130/1454
f 1455/131/1455 1450/126/1450 1453/129/1453
f 1452/128/1452 1453/129/1453 1450/126/1450
f 1456/132/1456 1457/133/1457 1458/134/1458
f 1459/135/1459 1457/133/1457 1456/132/1456
f 1457/133/1457 1459/135/1459 1460/136/1460
f 1456/132/1456 1461/218/1461 1459/135/1459
f 1462/137/1462 1463/138/1463 1464/139/1464
f 1465/140/1465 1463/138/1463 1462/137/1462
f 1462/137/1462 1466/143/1466 1465/140/1465
f 1467/141/1467 1468/142/1468 1463/138/1463
f 1468/142/1468 1467/141/1467 1469/147/1469
f 1470/144/1470 1471/145/1471 1472/146/1472
f 1473/148/1473 1470/144/1470 1469/147/1469
f 1472/146/1472 1469/147/1469 1470/144/1470
f 1474/149/1474 1475/150/1475 1477/151/1477
f 1478/152/1478 1475/150/1475 1474/149/1474
f 1478/152/1478 1479/153/1479 1475/150/1475
f 1480/154/1480 1474/149/1474 1477/151/1477
f 1485/155/1485 1481/154/1481 1476/151/1476
f 1482/154/1482 1484/155/1484 1486/156/1486
f 1483/154/1483 1487/156/1487 1488/157/1488
f 1490/158/1490 1491/159/1491 1493/160/1493
f 1489/158/1489 1494/161/1494 1495/162/1495
f 1495/162/1495 1492/159/1492 1489/158/1489
f 1475/150/1475 1479/153/1479 1496/163/1496
f 1494/161/1494 1497/164/1497 1495/162/1495
f 1496/163/1496 1497/164/1497 1475/150/1475
f 1494/161/1494 1475/150/1475 1497/164/1497
f 1498/165/1498 1499/166/1499 1500/167/1500
f 1504/168/1504 1498/165/1498 1500/167/1500
f 1504/168/1504 1500/167/1500 1505/169/1505
f 1507/170/1507 1499/166/1499 1498/165/1498
f 1511/171/1511 1499/166/1499 1507/170/1507
f 1508/170/1508 1512/173/1512 1510/171/1510
f 1509/170/1509 1514/172/1514 1513/173/1513
f 1516/178/1516 1518/175/1518 1520/176/1520
f 1518/175/1518 1516/178/1516 1521/174/1521
f 1517/178/1517 1519/176/1519 1522/177/1522
f 1503/167/1503 1525/179/1525 1506/169/1506
f 1516/178/1516 1523/177/1523 1528/180/1528
f 1524/179/1524 1502/167/1502 1526/180/1526
f 1515/178/1515 1527/180/1527 1501/167/1501
f 1529/1/1529 1530/2/1530 1531/3/1531
f 1532/4/1532 1533/5/1533 1534/6/1534
f 1531/3/1531 1535/7/1535 1534/6/1534
f 1536/8/1536 1537/9/1537 1529/1/1529
f 1531/3/1531 1536/8/1536 1529/1/1529
f 1532/4/1532 1538/10/1538 1539/13/1539
f 1538/10/1538 1540/11/1540 1541/12/1541
f 1542/14/1542 1543/15/1543 1544/16/1544
f 1540/11/1540 1543/15/1543 1545/17/1545
f 1546/18/1546 1545/17/1545 1542/14/1542
f 1543/15/1543 1542/14/1542 1545/17/1545
f 1547/181/1547 1548/182/1548 1549/183/1549
f 1550/187/1550 1551/184/1551 1552/185/1552
f 1549/183/1549 1550/187/1550 1553/186/1553
f 1554/188/1554 1555/189/1555 1547/181/1547
f 1549/183/1549 1554/188/1554 1547/181/1547
f 1556/193/1556 1552/185/1552 1551/184/1551
f 1557/190/1557 1558/191/1558 1559/192/1559
f 1560/194/1560 1561/195/1561 1562/196/1562
f 1558/191/1558 1561/195/1561 1563/197/1563
f 1564/198/1564 1563/197/1563 1560/194/1560
f 1561/195/1561 1560/194/1560 1563/197/1563
f 1255/202/1255 1257/204/1257 1258/205/1258
f 1254/201/1254 1258/205/1258 1259/206/1259
f 1257/204/1257 1261/208/1261 1264/211/1264
f 1262/209/1262 1264/211/1264 1261/208/1261
f 1262/209/1262 1268/215/1268 1263/210/1263
f 1273/22/1273 1275/24/1275 1276/25/1276
f 1272/21/1272 1276/25/1276 1277/26/1277
f 1274/23/1274 1280/217/1280 1275/24/1275
f 1279/28/1279 1282/30/1282 1280/217/1280
f 1281/29/1281 1286/34/1286 1282/30/1282
f 1441/117/1441 1443/119/1443 1439/115/1439
f 1448/124/1448 1443/119/1443 1442/118/1442
f 1453/129/1453 1454/130/1454 1460/136/1460
f 1457/133/1457 1460/136/1460 1454/130/1454
f 1467/141/1467 1463/138/1463 1465/140/1465
f 1468/142/1468 1469/147/1469 1472/146/1472
f 1532/4/1532 1534/6/1534 1535/7/1535
f 1531/3/1531 1534/6/1534 1536/8/1536
f 1532/4/1532 1539/13/1539 1533/5/1533
f 1538/10/1538 1541/12/1541 1539/13/1539
f 1540/11/1540 1545/17/1545 1541/12/1541
f 1550/187/1550 1552/185/1552 1553/186/1553
f 1549/183/1549 1553/186/1553 1554/188/1554
f 1556/193/1556 1551/184/1551 1557/190/1557
f 1557/190/1557 1559/192/1559 1556/193/1556
f 1558/191/1558 1563/197/1563 1559/192/1559
f 1565/181/1565 1566/183/1566 1567/182/1567
f 1568/187/1568 1569/186/1569 1570/185/1570
f 1566/183/1566 1571/188/1571 1569/186/1569
f 1571/188/1571 1565/181/1565 1572/189/1572
f 1566/183/1566 1565/181/1565 1571/188/1571
f 1570/185/1570 1573/193/1573 1574/190/1574
f 1574/190/1574 1573/193/1573 1575/192/1575
f 1576/194/1576 1577/196/1577 1578/195/1578
f 1579/191/1579 1575/192/1575 1580/197/1580
f 1581/198/1581 1576/194/1576 1580/197/1580
f 1578/195/1578 1580/197/1580 1576/194/1576
f 1582/1/1582 1583/3/1583 1584/2/1584
f 1585/4/1585 1586/7/1586 1587/6/1587
f 1583/3/1583 1588/8/1588 1587/6/1587
f 1588/8/1588 1582/1/1582 1589/9/1589
f 1583/3/1583 1582/1/1582 1588/8/1588
f 1585/4/1585 1590/5/1590 1591/13/1591
f 1592/10/1592 1591/13/1591 1593/12/1593
f 1594/14/1594 1595/16/1595 1596/15/1596
f 1596/15/1596 1597/11/1597 1593/12/1593
f 1598/18/1598 1594/14/1594 1599/17/1599
f 1596/15/1596 1599/17/1599 1594/14/1594
f 1600/36/1600 1601/38/1601 1602/37/1602
f 1604/39/1604 1602/37/1602 1601/38/1601
f 1602/37/1602 1604/39/1604 1605/40/1605
f 1603/37/1603 1606/40/1606 1607/41/1607
f 1608/41/1608 1610/42/1610 1602/37/1602
f 1611/43/1611 1600/36/1600 1613/44/1613
f 1613/44/1613 1615/46/1615 1616/45/1616
f 1614/44/1614 1617/45/1617 1612/43/1612
f 1611/43/1611 1601/38/1601 1600/36/1600
f 1618/47/1618 1615/46/1615 1613/44/1613
f 1609/42/1609 1619/49/1619 1622/48/1622
f 1623/50/1623 1624/51/1624 1621/48/1621
f 1610/42/1610 1621/48/1621 1624/51/1624
f 1625/52/1625 1624/51/1624 1623/50/1623
f 1610/42/1610 1608/41/1608 1620/49/1620
f 1626/53/1626 1627/54/1627 1618/47/1618
f 1628/55/1628 1624/51/1624 1625/52/1625
f 1626/53/1626 1624/51/1624 1628/55/1628
f 1627/54/1627 1626/53/1626 1628/55/1628
f 1613/44/1613 1626/53/1626 1618/47/1618
f 1629/80/1629 1631/87/1631 1633/86/1633
f 1634/89/1634 1633/86/1633 1631/87/1631
f 1633/86/1633 1634/89/1634 1635/88/1635
f 1635/88/1635 1636/90/1636 1633/86/1633
f 1637/79/1637 1629/80/1629 1638/78/1638
f 1632/86/1632 1639/78/1639 1630/80/1630
f 1640/76/1640 1641/77/1641 1638/78/1638
f 1638/78/1638 1641/77/1641 1637/79/1637
f 1642/75/1642 1641/77/1641 1640/76/1640
f 1643/91/1643 1636/90/1636 1645/93/1645
f 1646/85/1646 1643/91/1643 1648/92/1648
f 1645/93/1645 1648/92/1648 1643/91/1643
f 1650/82/1650 1644/91/1644 1647/85/1647
f 1643/91/1643 1633/86/1633 1636/90/1636
f 1651/81/1651 1652/84/1652 1640/76/1640
f 1652/84/1652 1642/75/1642 1640/76/1640
f 1649/82/1649 1653/83/1653 1651/81/1651
f 1646/85/1646 1653/83/1653 1649/82/1649
f 1640/76/1640 1649/82/1649 1651/81/1651
f 1654/66/1654 1656/65/1656 1660/64/1660
f 1664/63/1664 1659/64/1659 1657/65/1657
f 1661/63/1661 1655/65/1655 1666/62/1666
f 1665/62/1665 1668/56/1668 1663/63/1663
f 1670/72/1670 1658/64/1658 1675/71/1675
f 1674/71/1674 1677/74/1677 1672/72/1672
f 1660/64/1660 1671/72/1671 1678/73/1678
f 1678/73/1678 1654/66/1654 1660/64/1660
f 1679/69/1679 1676/74/1676 1673/71/1673
f 1681/57/1681 1669/56/1669 1685/58/1685
f 1689/60/1689 1683/57/1683 1690/59/1690
f 1686/58/1686 1691/59/1691 1682/57/1682
f 1696/61/1696 1684/57/1684 1687/60/1687
f 1682/57/1682 1662/63/1662 1667/56/1667
f 1692/61/1692 1698/70/1698 1680/69/1680
f 1695/61/1695 1699/68/1699 1701/67/1701
f 1688/60/1688 1700/68/1700 1694/61/1694
f 1697/70/1697 1693/61/1693 1702/67/1702
f 1673/71/1673 1694/61/1694 1679/69/1679
f 1704/94/1704 1705/96/1705 1707/95/1707
f 1711/97/1711 1707/95/1707 1705/96/1705
f 1710/97/1710 1706/96/1706 1713/98/1713
f 1712/97/1712 1714/98/1714 1717/99/1717
f 1716/99/1716 1719/100/1719 1711/97/1711
f 1722/101/1722 1707/95/1707 1724/102/1724
f 1724/102/1724 1726/103/1726 1722/101/1722
f 1708/95/1708 1721/101/1721 1727/104/1727
f 1728/104/1728 1703/94/1703 1709/95/1709
f 1730/105/1730 1725/103/1725 1723/102/1723
f 1720/100/1720 1732/107/1732 1734/106/1734
f 1736/108/1736 1719/100/1719 1739/109/1739
f 1735/106/1735 1739/109/1739 1719/100/1719
f 1742/110/1742 1737/108/1737 1738/109/1738
f 1718/100/1718 1715/99/1715 1733/107/1733
f 1745/111/1745 1746/112/1746 1731/105/1731
f 1743/111/1743 1741/110/1741 1748/113/1748
f 1736/108/1736 1740/110/1740 1744/111/1744
f 1747/112/1747 1744/111/1744 1749/113/1749
f 1724/102/1724 1744/111/1744 1729/105/1729
f 1750/114/1750 1751/116/1751 1752/115/1752
f 1753/117/1753 1750/114/1750 1752/115/1752
f 1750/114/1750 1753/117/1753 1754/120/1754
f 1755/118/1755 1753/117/1753 1752/115/1752
f 1756/124/1756 1755/118/1755 1757/119/1757
f 1758/121/1758 1759/123/1759 1760/122/1760
f 1761/125/1761 1756/124/1756 1758/121/1758
f 1759/123/1759 1758/121/1758 1756/124/1756
f 1762/126/1762 1763/128/1763 1764/127/1764
f 1765/129/1765 1766/136/1766 1767/130/1767
f 1768/131/1768 1765/129/1765 1762/126/1762
f 1763/128/1763 1762/126/1762 1765/129/1765
f 1769/132/1769 1770/134/1770 1771/133/1771
f 1772/135/1772 1769/132/1769 1771/133/1771
f 1771/133/1771 1767/130/1767 1766/136/1766
f 1769/132/1769 1772/135/1772 1773/218/1773
f 1774/137/1774 1775/139/1775 1776/138/1776
f 1777/140/1777 1776/138/1776 1778/142/1778
f 1779/143/1779 1774/137/1774 1777/140/1777
f 1776/138/1776 1777/140/1777 1774/137/1774
f 1780/144/1780 1781/146/1781 1782/145/1782
f 1783/147/1783 1781/146/1781 1780/144/1780
f 1781/146/1781 1783/147/1783 1784/141/1784
f 1780/144/1780 1785/148/1785 1783/147/1783
f 1786/149/1786 1788/151/1788 1790/150/1790
f 1791/152/1791 1786/149/1786 1790/150/1790
f 1791/152/1791 1790/150/1790 1792/153/1792
f 1794/154/1794 1788/151/1788 1786/149/1786
f 1795/156/1795 1797/155/1797 1789/151/1789
f 1788/151/1788 1799/157/1799 1796/156/1796
f 1798/157/1798 1787/151/1787 1793/154/1793
f 1801/158/1801 1802/160/1802 1803/159/1803
f 1800/158/1800 1805/162/1805 1806/161/1806
f 1805/162/1805 1800/158/1800 1804/159/1804
f 1790/150/1790 1807/163/1807 1792/153/1792
f 1806/161/1806 1805/162/1805 1808/164/1808
f 1807/163/1807 1790/150/1790 1808/164/1808
f 1806/161/1806 1808/164/1808 1790/150/1790
f 1809/165/1809 1811/167/1811 1816/166/1816
f 1817/168/1817 1811/167/1811 1809/165/1809
f 1817/168/1817 1819/169/1819 1811/167/1811
f 1820/170/1820 1809/165/1809 1816/166/1816
f 1822/173/1822 1816/166/1816 1824/171/1824
f 1815/166/1815 1823/173/1823 1826/172/1826
f 1825/172/1825 1821/170/1821 1814/166/1814
f 1827/178/1827 1830/176/1830 1832/175/1832
f 1832/175/1832 1833/174/1833 1827/178/1827
f 1829/178/1829 1834/177/1834 1831/176/1831
f 1813/167/1813 1818/169/1818 1836/179/1836
f 1827/178/1827 1840/180/1840 1835/177/1835
f 1837/179/1837 1839/180/1839 1810/167/1810
f 1828/178/1828 1812/167/1812 1838/180/1838
f 1841/19/1841 1842/21/1842 1843/20/1843
f 1844/22/1844 1845/25/1845 1846/24/1846
f 1842/21/1842 1847/26/1847 1845/25/1845
f 1847/26/1847 1841/19/1841 1848/27/1848
f 1842/21/1842 1841/19/1841 1847/26/1847
f 1849/23/1849 1846/24/1846 1850/217/1850
f 1851/28/1851 1850/217/1850 1852/30/1852
f 1853/31/1853 1854/33/1854 1855/32/1855
f 1856/29/1856 1852/30/1852 1857/34/1857
f 1858/35/1858 1853/31/1853 1857/34/1857
f 1855/32/1855 1857/34/1857 1853/31/1853
f 1859/199/1859 1860/201/1860 1861/200/1861
f 1862/202/1862 1863/205/1863 1864/204/1864
f 1860/201/1860 1865/206/1865 1863/205/1863
f 1865/206/1865 1859/199/1859 1866/207/1866
f 1860/201/1860 1859/199/1859 1865/206/1865
f 1864/204/1864 1867/211/1867 1868/208/1868
f 1869/209/1869 1868/208/1868 1867/211/1867
f 1870/212/1870 1871/214/1871 1872/213/1872
f 1869/209/1869 1873/210/1873 1874/215/1874
f 1875/216/1875 1870/212/1870 1874/215/1874
f 1872/213/1872 1874/215/1874 1870/212/1870
f 1568/187/1568 1570/185/1570 1876/184/1876
f 1566/183/1566 1569/186/1569 1568/187/1568
f 1570/185/1570 1574/190/1574 1876/184/1876
f 1574/190/1574 1575/192/1575 1579/191/1579
f 1579/191/1579 1580/197/1580 1578/195/1578
f 1585/4/1585 1587/6/1587 1590/5/1590
f 1583/3/1583 1587/6/1587 1586/7/1586
f 1585/4/1585 1591/13/1591 1592/10/1592
f 1592/10/1592 1593/12/1593 1597/11/1597
f 1596/15/1596 1593/12/1593 1599/17/1599
f 1755/118/1755 1752/115/1752 1757/119/1757
f 1756/124/1756 1757/119/1757 1759/123/1759
f 1765/129/1765 1767/130/1767 1763/128/1763
f 1771/133/1771 1766/136/1766 1772/135/1772
f 1777/140/1777 1778/142/1778 1784/141/1784
f 1781/146/1781 1784/141/1784 1778/142/1778
f 1844/22/1844 1846/24/1846 1849/23/1849
f 1842/21/1842 1845/25/1845 1844/22/1844
f 1849/23/1849 1850/217/1850 1851/28/1851
f 1851/28/1851 1852/30/1852 1856/29/1856
f 1856/29/1856 1857/34/1857 1855/32/1855
f 1862/202/1862 1864/204/1864 1877/203/1877
f 1860/201/1860 1863/205/1863 1862/202/1862
f 1864/204/1864 1868/208/1868 1877/203/1877
f 1869/209/1869 1867/211/1867 1873/210/1873
f 1869/209/1869 1874/215/1874 1872/213/1872
f 1878/19/1878 1879/20/1879 1880/21/1880
f 1881/22/1881 1882/23/1882 1883/24/1883
f 1880/21/1880 1881/22/1881 1884/25/1884
f 1885/26/1885 1886/27/1886 1878/19/1878
f 1880/21/1880 1885/26/1885 1878/19/1878
f 1887/217/1887 1883/24/1883 1882/23/1882
f 1888/28/1888 1889/29/1889 1890/30/1890
f 1891/31/1891 1892/32/1892 1893/33/1893
f 1889/29/1889 1892/32/1892 1894/34/1894
f 1895/35/1895 1894/34/1894 1891/31/1891
f 1892/32/1892 1891/31/1891 1894/34/1894
f 1896/1/1896 1897/2/1897 1898/3/1898
f 1899/4/1899 1900/5/1900 1901/6/1901
f 1898/3/1898 1902/7/1902 1901/6/1901
f 1903/8/1903 1904/9/1904 1896/1/1896
f 1898/3/1898 1903/8/1903 1896/1/1896
f 1905/13/1905 1900/5/1900 1899/4/1899
f 1906/10/1906 1907/11/1907 1908/12/1908
f 1909/14/1909 1910/15/1910 1911/16/1911
f 1910/15/1910 1912/17/1912 1908/12/1908
f 1913/18/1913 1912/17/1912 1909/14/1909
f 1910/15/1910 1909/14/1909 1912/17/1912
f 1914/95/1914 1916/97/1916 1917/219/1917
f 1918/220/1918 1917/219/1917 1916/97/1916
f 1916/97/1916 1920/221/1920 1918/220/1918
f 1915/97/1915 1921/222/1921 1919/221/1919
f 1922/222/1922 1916/97/1916 1923/100/1923
f 1926/223/1926 1928/102/1928 1914/95/1914
f 1928/102/1928 1929/225/1929 1931/224/1931
f 1927/102/1927 1925/223/1925 1930/225/1930
f 1926/223/1926 1914/95/1914 1917/219/1917
f 1932/226/1932 1928/102/1928 1931/224/1931
f 1924/100/1924 1934/228/1934 1936/227/1936
f 1937/229/1937 1933/228/1933 1938/108/1938
f 1923/100/1923 1938/108/1938 1933/228/1933
f 1939/230/1939 1937/229/1937 1938/108/1938
f 1923/100/1923 1935/227/1935 1922/222/1922
f 1940/111/1940 1932/226/1932 1941/231/1941
f 1942/232/1942 1939/230/1939 1938/108/1938
f 1940/111/1940 1942/232/1942 1938/108/1938
f 1941/231/1941 1942/232/1942 1940/111/1940
f 1928/102/1928 1932/226/1932 1940/111/1940
f 1944/56/1944 1945/57/1945 1947/58/1947
f 1948/59/1948 1947/58/1947 1945/57/1945
f 1945/57/1945 1949/60/1949 1948/59/1948
f 1949/60/1949 1945/57/1945 1950/68/1950
f 1951/62/1951 1952/63/1952 1944/56/1944
f 1946/57/1946 1943/56/1943 1953/63/1953
f 1954/64/1954 1952/63/1952 1955/65/1955
f 1952/63/1952 1951/62/1951 1955/65/1955
f 1956/66/1956 1954/64/1954 1955/65/1955
f 1957/61/1957 1959/67/1959 1950/68/1950
f 1960/69/1960 1962/70/1962 1957/61/1957
f 1959/67/1959 1957/61/1957 1962/70/1962
f 1963/71/1963 1961/69/1961 1958/61/1958
f 1957/61/1957 1950/68/1950 1945/57/1945
f 1965/72/1965 1954/64/1954 1966/73/1966
f 1966/73/1966 1954/64/1954 1956/66/1956
f 1964/71/1964 1965/72/1965 1967/74/1967
f 1960/69/1960 1964/71/1964 1967/74/1967
f 1954/64/1954 1965/72/1965 1964/71/1964
f 1968/75/1968 1970/76/1970 1972/77/1972
f 1978/78/1978 1974/77/1974 1969/76/1969
f 1975/78/1975 1979/79/1979 1973/77/1973
f 1980/79/1980 1977/78/1977 1983/80/1983
f 1985/81/1985 1987/82/1987 1971/76/1971
f 1988/82/1988 1986/81/1986 1991/83/1991
f 1970/76/1970 1992/84/1992 1984/81/1984
f 1992/84/1992 1970/76/1970 1968/75/1968
f 1994/85/1994 1989/82/1989 1990/83/1990
f 1996/86/1996 1999/87/1999 1982/80/1982
f 2001/88/2001 2005/89/2005 1998/86/1998
f 2000/87/2000 1995/86/1995 2004/89/2004
f 2007/91/2007 2002/88/2002 1997/86/1997
f 1995/86/1995 1981/80/1981 1976/78/1976
f 2010/91/2010 1993/85/1993 2011/92/2011
f 2006/91/2006 2014/93/2014 2015/90/2015
f 2003/88/2003 2008/91/2008 2016/90/2016
f 2012/92/2012 2013/93/2013 2009/91/2009
f 1989/82/1989 1994/85/1994 2008/91/2008
f 2017/233/2017 2021/36/2021 2022/234/2022
f 2024/37/2024 2022/234/2022 2021/36/2021
f 2025/37/2025 2027/235/2027 2023/234/2023
f 2026/37/2026 2030/236/2030 2028/235/2028
f 2031/236/2031 2024/37/2024 2034/42/2034
f 2036/237/2036 2038/44/2038 2021/36/2021
f 2038/44/2038 2036/237/2036 2039/238/2039
f 2020/36/2020 2041/239/2041 2035/237/2035
f 2042/239/2042 2019/36/2019 2018/233/2018
f 2043/240/2043 2037/44/2037 2040/238/2040
f 2033/42/2033 2047/242/2047 2049/241/2049
f 2051/51/2051 2052/243/2052 2034/42/2034
f 2046/242/2046 2034/42/2034 2052/243/2052
f 2056/244/2056 2053/243/2053 2050/51/2050
f 2032/42/2032 2048/241/2048 2029/236/2029
f 2059/53/2059 2044/240/2044 2061/245/2061
f 2057/53/2057 2063/246/2063 2055/244/2055
f 2051/51/2051 2058/53/2058 2054/244/2054
f 2060/245/2060 2062/246/2062 2058/53/2058
f 2038/44/2038 2045/240/2045 2058/53/2058
f 2064/114/2064 2065/115/2065 2066/116/2066
f 2067/117/2067 2065/115/2065 2064/114/2064
f 2064/114/2064 2068/120/2068 2067/117/2067
f 2069/118/2069 2070/119/2070 2065/115/2065
f 2070/119/2070 2069/118/2069 2071/124/2071
f 2072/121/2072 2073/122/2073 2074/123/2074
f 2075/125/2075 2072/121/2072 2071/124/2071
f 2074/123/2074 2071/124/2071 2072/121/2072
f 2076/126/2076 2077/127/2077 2078/128/2078
f 2079/129/2079 2078/128/2078 2080/130/2080
f 2081/131/2081 2076/126/2076 2079/129/2079
f 2078/128/2078 2079/129/2079 2076/126/2076
f 2082/132/2082 2083/133/2083 2084/134/2084
f 2085/135/2085 2083/133/2083 2082/132/2082
f 2083/133/2083 2085/135/2085 2086/136/2086
f 2082/132/2082 2087/218/2087 2085/135/2085
f 2088/137/2088 2089/138/2089 2090/139/2090
f 2091/140/2091 2092/141/2092 2093/142/2093
f 2094/143/2094 2091/140/2091 2088/137/2088
f 2089/138/2089 2088/137/2088 2091/140/2091
f 2095/144/2095 2096/145/2096 2097/146/2097
f 2098/147/2098 2095/144/2095 2097/146/2097
f 2097/146/2097 2093/142/2093 2092/141/2092
f 2095/144/2095 2098/147/2098 2099/148/2099
f 2100/247/2100 2101/151/2101 2103/248/2103
f 2105/249/2105 2101/151/2101 2100/247/2100
f 2105/249/2105 2106/250/2106 2101/151/2101
f 2108/251/2108 2100/247/2100 2103/248/2103
f 2109/252/2109 2102/248/2102 2112/253/2112
f 2113/253/2113 2114/254/2114 2110/252/2110
f 2111/252/2111 2107/251/2107 2104/248/2104
f 2115/255/2115 2116/257/2116 2117/256/2117
f 2117/256/2117 2118/150/2118 2115/255/2115
f 2119/258/2119 2116/257/2116 2115/255/2115
f 2101/151/2101 2106/250/2106 2120/259/2120
f 2118/150/2118 2121/260/2121 2115/255/2115
f 2120/259/2120 2121/260/2121 2101/151/2101
f 2118/150/2118 2101/151/2101 2121/260/2121
f 2122/261/2122 2123/262/2123 2128/166/2128
f 2129/263/2129 2122/261/2122 2128/166/2128
f 2129/263/2129 2128/166/2128 2130/264/2130
f 2132/265/2132 2123/262/2123 2122/261/2122
f 2134/266/2134 2137/267/2137 2123/262/2123
f 2138/267/2138 2136/266/2136 2139/268/2139
f 2135/266/2135 2124/262/2124 2133/265/2133
f 2140/269/2140 2142/167/2142 2144/270/2144
f 2144/270/2144 2142/167/2142 2146/271/2146
f 2141/269/2141 2145/270/2145 2147/272/2147
f 2125/166/2125 2148/273/2148 2131/264/2131
f 2142/167/2142 2140/269/2140 2150/274/2150
f 2149/273/2149 2126/166/2126 2152/274/2152
f 2143/167/2143 2151/274/2151 2127/166/2127
f 2153/181/2153 2154/182/2154 2155/183/2155
f 2156/184/2156 2157/185/2157 2158/186/2158
f 2155/183/2155 2159/187/2159 2158/186/2158
f 2160/188/2160 2161/189/2161 2153/181/2153
f 2155/183/2155 2160/188/2160 2153/181/2153
f 2157/185/2157 2156/184/2156 2162/190/2162
f 2163/191/2163 2164/192/2164 2165/193/2165
f 2166/194/2166 2167/195/2167 2168/196/2168
f 2167/195/2167 2169/197/2169 2164/192/2164
f 2170/198/2170 2169/197/2169 2166/194/2166
f 2167/195/2167 2166/194/2166 2169/197/2169
f 2171/199/2171 2172/200/2172 2173/201/2173
f 2174/202/2174 2175/203/2175 2176/204/2176
f 2173/201/2173 2174/202/2174 2177/205/2177
f 2178/206/2178 2179/207/2179 2171/199/2171
f 2173/201/2173 2178/206/2178 2171/199/2171
f 2180/211/2180 2176/204/2176 2175/203/2175
f 2181/208/2181 2182/209/2182 2183/210/2183
f 2184/212/2184 2185/213/2185 2186/214/2186
f 2182/209/2182 2185/213/2185 2187/215/2187
f 2188/216/2188 2187/215/2187 2184/212/2184
f 2185/213/2185 2184/212/2184 2187/215/2187
f 1881/22/1881 1883/24/1883 1884/25/1884
f 1880/21/1880 1884/25/1884 1885/26/1885
f 1887/217/1887 1882/23/1882 1888/28/1888
f 1888/28/1888 1890/30/1890 1887/217/1887
f 1889/29/1889 1894/34/1894 1890/30/1890
f 1899/4/1899 1901/6/1901 1902/7/1902
f 1898/3/1898 1901/6/1901 1903/8/1903
f 1905/13/1905 1899/4/1899 1906/10/1906
f 1906/10/1906 1908/12/1908 1905/13/1905
f 1910/15/1910 1908/12/1908 1907/11/1907
f 2069/118/2069 2065/115/2065 2067/117/2067
f 2070/119/2070 2071/124/2071 2074/123/2074
f 2079/129/2079 2080/130/2080 2086/136/2086
f 2083/133/2083 2086/136/2086 2080/130/2080
f 2091/140/2091 2093/142/2093 2089/138/2089
f 2097/146/2097 2092/141/2092 2098/147/2098
f 2156/184/2156 2158/186/2158 2159/187/2159
f 2155/183/2155 2158/186/2158 2160/188/2160
f 2157/185/2157 2162/190/2162 2165/193/2165
f 2163/191/2163 2165/193/2165 2162/190/2162
f 2167/195/2167 2164/192/2164 2163/191/2163
f 2174/202/2174 2176/204/2176 2177/205/2177
f 2173/201/2173 2177/205/2177 2178/206/2178
f 2180/211/2180 2175/203/2175 2181/208/2181
f 2181/208/2181 2183/210/2183 2180/211/2180
f 2182/209/2182 2187/215/2187 2183/210/2183
f 2189/1/2189 2190/3/2190 2191/2/2191
f 2192/7/2192 2193/6/2193 2194/5/2194
f 2190/3/2190 2195/8/2195 2193/6/2193
f 2195/8/2195 2189/1/2189 2196/9/2196
f 2190/3/2190 2189/1/2189 2195/8/2195
f 2194/5/2194 2197/13/2197 2198/10/2198
f 2198/10/2198 2197/13/2197 2199/12/2199
f 2200/14/2200 2201/16/2201 2202/15/2202
f 2203/11/2203 2199/12/2199 2204/17/2204
f 2205/18/2205 2200/14/2200 2204/17/2204
f 2202/15/2202 2204/17/2204 2200/14/2200
f 2206/181/2206 2207/183/2207 2208/182/2208
f 2209/184/2209 2210/187/2210 2211/186/2211
f 2207/183/2207 2212/188/2212 2211/186/2211
f 2212/188/2212 2206/181/2206 2213/189/2213
f 2207/183/2207 2206/181/2206 2212/188/2212
f 2209/184/2209 2214/185/2214 2215/193/2215
f 2216/190/2216 2215/193/2215 2217/192/2217
f 2218/194/2218 2219/196/2219 2220/195/2220
f 2221/191/2221 2217/192/2217 2222/197/2222
f 2223/198/2223 2218/194/2218 2222/197/2222
f 2220/195/2220 2222/197/2222 2218/194/2218
f 2224/36/2224 2225/38/2225 2226/37/2226
f 2228/39/2228 2226/37/2226 2225/38/2225
f 2226/37/2226 2228/39/2228 2229/40/2229
f 2227/37/2227 2230/40/2230 2231/41/2231
f 2232/41/2232 2234/42/2234 2226/37/2226
f 2236/43/2236 2224/36/2224 2237/44/2237
f 2237/44/2237 2239/46/2239 2240/45/2240
f 2238/44/2238 2241/45/2241 2235/43/2235
f 2236/43/2236 2225/38/2225 2224/36/2224
f 2242/47/2242 2239/46/2239 2237/44/2237
f 2233/42/2233 2243/49/2243 2246/48/2246
f 2247/50/2247 2248/51/2248 2245/48/2245
f 2234/42/2234 2245/48/2245 2248/51/2248
f 2249/52/2249 2248/51/2248 2247/50/2247
f 2234/42/2234 2232/41/2232 2244/49/2244
f 2250/53/2250 2251/54/2251 2242/47/2242
f 2252/55/2252 2248/51/2248 2249/52/2249
f 2250/53/2250 2248/51/2248 2252/55/2252
f 2251/54/2251 2250/53/2250 2252/55/2252
f 2237/44/2237 2250/53/2250 2242/47/2242
f 2253/56/2253 2255/58/2255 2256/57/2256
f 2258/59/2258 2256/57/2256 2255/58/2255
f 2256/57/2256 2258/59/2258 2259/60/2259
f 2259/60/2259 2260/68/2260 2256/57/2256
f 2261/62/2261 2253/56/2253 2263/63/2263
f 2257/57/2257 2262/63/2262 2254/56/2254
f 2264/64/2264 2265/65/2265 2263/63/2263
f 2263/63/2263 2265/65/2265 2261/62/2261
f 2266/66/2266 2265/65/2265 2264/64/2264
f 2267/61/2267 2260/68/2260 2269/67/2269
f 2271/69/2271 2267/61/2267 2272/70/2272
f 2269/67/2269 2272/70/2272 2267/61/2267
f 2273/71/2273 2268/61/2268 2270/69/2270
f 2267/61/2267 2256/57/2256 2260/68/2260
f 2275/72/2275 2276/73/2276 2264/64/2264
f 2276/73/2276 2266/66/2266 2264/64/2264
f 2274/71/2274 2277/74/2277 2275/72/2275
f 2271/69/2271 2277/74/2277 2274/71/2274
f 2264/64/2264 2274/71/2274 2275/72/2275
f 2278/75/2278 2279/77/2279 2283/76/2283
f 2285/78/2285 2282/76/2282 2280/77/2280
f 2288/78/2288 2281/77/2281 2290/79/2290
f 2289/79/2289 2291/80/2291 2286/78/2286
f 2294/81/2294 2284/76/2284 2297/82/2297
f 2298/82/2298 2300/83/2300 2296/81/2296
f 2283/76/2283 2295/81/2295 2302/84/2302
f 2302/84/2302 2278/75/2278 2283/76/2283
f 2303/85/2303 2301/83/2301 2299/82/2299
f 2305/86/2305 2293/80/2293 2309/87/2309
f 2311/88/2311 2308/86/2308 2315/89/2315
f 2310/87/2310 2314/89/2314 2306/86/2306
f 2317/91/2317 2307/86/2307 2313/88/2313
f 2306/86/2306 2287/78/2287 2292/80/2292
f 2318/91/2318 2322/92/2322 2304/85/2304
f 2316/91/2316 2323/90/2323 2326/93/2326
f 2312/88/2312 2324/90/2324 2319/91/2319
f 2321/92/2321 2320/91/2320 2325/93/2325
f 2299/82/2299 2319/91/2319 2303/85/2303
f 2327/94/2327 2329/96/2329 2331/95/2331
f 2336/97/2336 2331/95/2331 2329/96/2329
f 2334/97/2334 2330/96/2330 2338/98/2338
f 2335/97/2335 2337/98/2337 2339/99/2339
f 2341/99/2341 2343/100/2343 2336/97/2336
f 2346/101/2346 2331/95/2331 2348/102/2348
f 2348/102/2348 2349/103/2349 2346/101/2346
f 2333/95/2333 2345/101/2345 2352/104/2352
f 2351/104/2351 2328/94/2328 2332/95/2332
f 2354/105/2354 2350/103/2350 2347/102/2347
f 2344/100/2344 2357/107/2357 2358/106/2358
f 2361/108/2361 2343/100/2343 2363/109/2363
f 2359/106/2359 2363/109/2363 2343/100/2343
f 2364/110/2364 2360/108/2360 2362/109/2362
f 2342/100/2342 2340/99/2340 2356/107/2356
f 2369/111/2369 2370/112/2370 2353/105/2353
f 2368/111/2368 2365/110/2365 2373/113/2373
f 2361/108/2361 2366/110/2366 2367/111/2367
f 2371/112/2371 2367/111/2367 2372/113/2372
f 2348/102/2348 2367/111/2367 2355/105/2355
f 2374/114/2374 2375/116/2375 2376/115/2376
f 2377/117/2377 2376/115/2376 2378/119/2378
f 2379/120/2379 2374/114/2374 2377/117/2377
f 2376/115/2376 2377/117/2377 2374/114/2374
f 2380/121/2380 2381/123/2381 2382/122/2382
f 2383/124/2383 2381/123/2381 2380/121/2380
f 2383/124/2383 2384/118/2384 2378/119/2378
f 2380/121/2380 2385/125/2385 2383/124/2383
f 2386/126/2386 2387/128/2387 2388/127/2388
f 2389/129/2389 2390/136/2390 2391/130/2391
f 2392/131/2392 2389/129/2389 2386/126/2386
f 2387/128/2387 2386/126/2386 2389/129/2389
f 2393/132/2393 2394/134/2394 2395/133/2395
f 2396/135/2396 2393/132/2393 2395/133/2395
f 2395/133/2395 2391/130/2391 2390/136/2390
f 2393/132/2393 2396/135/2396 2397/218/2397
f 2398/137/2398 2399/139/2399 2400/138/2400
f 2401/140/2401 2400/138/2400 2402/142/2402
f 2403/143/2403 2398/137/2398 2401/140/2401
f 2400/138/2400 2401/140/2401 2398/137/2398
f 2404/144/2404 2405/146/2405 2406/145/2406
f 2407/147/2407 2405/146/2405 2404/144/2404
f 2405/146/2405 2407/147/2407 2408/141/2408
f 2404/144/2404 2409/148/2409 2407/147/2407
f 2410/149/2410 2411/151/2411 2413/150/2413
f 2414/152/2414 2410/149/2410 2413/150/2413
f 2414/152/2414 2413/150/2413 2415/153/2415
f 2417/154/2417 2411/151/2411 2410/149/2410
f 2420/155/2420 2412/151/2412 2418/154/2418
f 2421/155/2421 2422/157/2422 2424/156/2424
f 2419/155/2419 2416/154/2416 2423/157/2423
f 2425/158/2425 2427/160/2427 2429/159/2429
f 2426/158/2426 2430/162/2430 2431/161/2431
f 2430/162/2430 2426/158/2426 2428/159/2428
f 2413/150/2413 2432/163/2432 2415/153/2415
f 2431/161/2431 2430/162/2430 2433/164/2433
f 2432/163/2432 2413/150/2413 2433/164/2433
f 2431/161/2431 2433/164/2433 2413/150/2413
f 2434/165/2434 2436/167/2436 2439/166/2439
f 2440/168/2440 2436/167/2436 2434/165/2434
f 2440/168/2440 2441/169/2441 2436/167/2436
f 2444/170/2444 2434/165/2434 2439/166/2439
f 2447/171/2447 2444/170/2444 2439/166/2439
f 2445/171/2445 2448/173/2448 2449/172/2449
f 2446/171/2446 2450/172/2450 2443/170/2443
f 2452/174/2452 2453/176/2453 2455/175/2455
f 2452/174/2452 2456/178/2456 2458/177/2458
f 2459/177/2459 2454/176/2454 2451/174/2451
f 2438/167/2438 2442/169/2442 2461/179/2461
f 2456/178/2456 2464/180/2464 2458/177/2458
f 2460/179/2460 2462/180/2462 2437/167/2437
f 2457/178/2457 2435/167/2435 2463/180/2463
f 2465/19/2465 2466/21/2466 2467/20/2467
f 2468/23/2468 2469/22/2469 2470/25/2470
f 2466/21/2466 2471/26/2471 2470/25/2470
f 2471/26/2471 2465/19/2465 2472/27/2472
f 2466/21/2466 2465/19/2465 2471/26/2471
f 2468/23/2468 2473/24/2473 2474/217/2474
f 2475/28/2475 2474/217/2474 2476/30/2476
f 2477/31/2477 2478/33/2478 2479/32/2479
f 2479/32/2479 2480/29/2480 2476/30/2476
f 2481/35/2481 2477/31/2477 2482/34/2482
f 2479/32/2479 2482/34/2482 2477/31/2477
f 2483/199/2483 2484/201/2484 2485/200/2485
f 2486/202/2486 2487/205/2487 2488/204/2488
f 2484/201/2484 2489/206/2489 2487/205/2487
f 2489/206/2489 2483/199/2483 2490/207/2490
f 2484/201/2484 2483/199/2483 2489/206/2489
f 2488/204/2488 2491/211/2491 2492/208/2492
f 2493/209/2493 2492/208/2492 2491/211/2491
f 2494/212/2494 2495/214/2495 2496/213/2496
f 2496/213/2496 2493/209/2493 2497/210/2497
f 2498/216/2498 2494/212/2494 2499/215/2499
f 2496/213/2496 2499/215/2499 2494/212/2494
f 2192/7/2192 2194/5/2194 2500/4/2500
f 2190/3/2190 2193/6/2193 2192/7/2192
f 2194/5/2194 2198/10/2198 2500/4/2500
f 2198/10/2198 2199/12/2199 2203/11/2203
f 2203/11/2203 2204/17/2204 2202/15/2202
f 2209/184/2209 2211/186/2211 2214/185/2214
f 2207/183/2207 2211/186/2211 2210/187/2210
f 2209/184/2209 2215/193/2215 2216/190/2216
f 2216/190/2216 2217/192/2217 2221/191/2221
f 2221/191/2221 2222/197/2222 2220/195/2220
f 2377/117/2377 2378/119/2378 2384/118/2384
f 2383/124/2383 2378/119/2378 2381/123/2381
f 2389/129/2389 2391/130/2391 2387/128/2387
f 2395/133/2395 2390/136/2390 2396/135/2396
f 2401/140/2401 2402/142/2402 2408/141/2408
f 2405/146/2405 2408/141/2408 2402/142/2402
f 2468/23/2468 2470/25/2470 2473/24/2473
f 2466/21/2466 2470/25/2470 2469/22/2469
f 2468/23/2468 2474/217/2474 2475/28/2475
f 2475/28/2475 2476/30/2476 2480/29/2480
f 2479/32/2479 2476/30/2476 2482/34/2482
f 2486/202/2486 2488/204/2488 2501/203/2501
f 2484/201/2484 2487/205/2487 2486/202/2486
f 2488/204/2488 2492/208/2492 2501/203/2501
f 2493/209/2493 2491/211/2491 2497/210/2497
f 2496/213/2496 2497/210/2497 2499/215/2499
f 2502/181/2502 2503/182/2503 2504/183/2504
f 2505/187/2505 2506/184/2506 2507/185/2507
f 2504/183/2504 2505/187/2505 2508/186/2508
f 2509/188/2509 2510/189/2510 2502/181/2502
f 2504/183/2504 2509/188/2509 2502/181/2502
f 2511/193/2511 2507/185/2507 2506/184/2506
f 2512/190/2512 2513/191/2513 2514/192/2514
f 2515/194/2515 2516/195/2516 2517/196/2517
f 2513/191/2513 2516/195/2516 2518/197/2518
f 2519/198/2519 2518/197/2518 2515/194/2515
f 2516/195/2516 2515/194/2515 2518/197/2518
f 2520/19/2520 2521/20/2521 2522/21/2522
f 2523/22/2523 2524/23/2524 2525/24/2525
f 2522/21/2522 2523/22/2523 2526/25/2526
f 2527/26/2527 2528/27/2528 2520/19/2520
f 2522/21/2522 2527/26/2527 2520/19/2520
f 2524/23/2524 2529/28/2529 2530/217/2530
f 2529/28/2529 2531/29/2531 2532/30/2532
f 2533/31/2533 2534/32/2534 2535/33/2535
f 2531/29/2531 2534/32/2534 2536/34/2536
f 2537/35/2537 2536/34/2536 2533/31/2533
f 2534/32/2534 2533/31/2533 2536/34/2536
f 2538/95/2538 2542/97/2542 2543/219/2543
f 2545/220/2545 2544/219/2544 2539/97/2539
f 2541/97/2541 2548/221/2548 2546/220/2546
f 2540/97/2540 2551/222/2551 2547/221/2547
f 2549/222/2549 2542/97/2542 2552/100/2552
f 2556/223/2556 2558/102/2558 2538/95/2538
f 2560/102/2560 2561/225/2561 2564/224/2564
f 2559/102/2559 2557/223/2557 2562/225/2562
f 2556/223/2556 2538/95/2538 2543/219/2543
f 2566/226/2566 2558/102/2558 2563/224/2563
f 2554/100/2554 2567/228/2567 2570/227/2570
f 2572/229/2572 2568/228/2568 2574/108/2574
f 2553/100/2553 2573/108/2573 2569/228/2569
f 2575/230/2575 2572/229/2572 2574/108/2574
f 2555/100/2555 2571/227/2571 2550/222/2550
f 2576/111/2576 2565/226/2565 2580/231/2580
f 2582/232/2582 2575/230/2575 2574/108/2574
f 2579/111/2579 2583/232/2583 2573/108/2573
f 2581/231/2581 2584/232/2584 2578/111/2578
f 2558/102/2558 2566/226/2566 2577/111/2577
f 2585/80/2585 2589/86/2589 2590/87/2590
f 2592/89/2592 2590/87/2590 2589/86/2589
f 2588/86/2588 2594/88/2594 2591/89/2591
f 2587/86/2587 2597/91/2597 2598/90/2598
f 2602/79/2602 2603/78/2603 2585/80/2585
f 2589/86/2589 2585/80/2585 2603/78/2603
f 2605/76/2605 2603/78/2603 2607/77/2607
f 2604/78/2604 2601/79/2601 2606/77/2606
f 2608/75/2608 2605/76/2605 2607/77/2607
f 2595/91/2595 2610/93/2610 2600/90/2600
f 2611/85/2611 2612/92/2612 2596/91/2596
f 2609/93/2609 2596/91/2596 2612/92/2612
f 2613/82/2613 2611/85/2611 2596/91/2596
f 2616/81/2616 2605/76/2605 2617/84/2617
f 2617/84/2617 2605/76/2605 2608/75/2608
f 2614/82/2614 2615/81/2615 2618/83/2618
f 2611/85/2611 2613/82/2613 2619/83/2619
f 2605/76/2605 2616/81/2616 2613/82/2613
f 2620/66/2620 2622/64/2622 2623/65/2623
f 2624/63/2624 2623/65/2623 2622/64/2622
f 2624/63/2624 2625/62/2625 2623/65/2623
f 2625/62/2625 2624/63/2624 2626/56/2626
f 2628/72/2628 2630/71/2630 2622/64/2622
f 2630/71/2630 2628/72/2628 2631/74/2631
f 2621/64/2621 2633/73/2633 2629/72/2629
f 2632/73/2632 2622/64/2622 2620/66/2620
f 2635/69/2635 2630/71/2630 2631/74/2631
f 2637/57/2637 2638/58/2638 2627/56/2627
f 2640/60/2640 2641/59/2641 2636/57/2636
f 2639/58/2639 2636/57/2636 2641/59/2641
f 2643/61/2643 2640/60/2640 2636/57/2636
f 2636/57/2636 2626/56/2626 2624/63/2624
f 2642/61/2642 2634/69/2634 2645/70/2645
f 2643/61/2643 2646/67/2646 2647/68/2647
f 2640/60/2640 2643/61/2643 2647/68/2647
f 2644/70/2644 2646/67/2646 2643/61/2643
f 2630/71/2630 2635/69/2635 2643/61/2643
f 2648/233/2648 2649/36/2649 2651/234/2651
f 2652/37/2652 2651/234/2651 2649/36/2649
f 2652/37/2652 2654/235/2654 2651/234/2651
f 2653/37/2653 2656/236/2656 2655/235/2655
f 2657/236/2657 2652/37/2652 2659/42/2659
f 2660/237/2660 2663/44/2663 2649/36/2649
f 2663/44/2663 2660/237/2660 2666/238/2666
f 2650/36/2650 2668/239/2668 2661/237/2661
f 2667/239/2667 2649/36/2649 2648/233/2648
f 2670/240/2670 2662/44/2662 2665/238/2665
f 2658/42/2658 2672/242/2672 2675/241/2675
f 2676/51/2676 2677/243/2677 2659/42/2659
f 2673/242/2673 2659/42/2659 2677/243/2677
f 2679/244/2679 2677/243/2677 2676/51/2676
f 2659/42/2659 2674/241/2674 2657/236/2657
f 2680/53/2680 2671/240/2671 2683/245/2683
f 2681/53/2681 2685/246/2685 2678/244/2678
f 2676/51/2676 2680/53/2680 2679/244/2679
f 2683/245/2683 2684/246/2684 2680/53/2680
f 2664/44/2664 2669/240/2669 2682/53/2682
f 2686/114/2686 2687/115/2687 2688/116/2688
f 2687/115/2687 2689/117/2689 2690/118/2690
f 2691/120/2691 2689/117/2689 2686/114/2686
f 2687/115/2687 2686/114/2686 2689/117/2689
f 2692/121/2692 2693/122/2693 2694/123/2694
f 2695/124/2695 2692/121/2692 2694/123/2694
f 2695/124/2695 2694/123/2694 2696/119/2696
f 2692/121/2692 2695/124/2695 2697/125/2697
f 2698/126/2698 2699/127/2699 2700/128/2700
f 2701/129/2701 2700/128/2700 2702/130/2702
f 2703/131/2703 2698/126/2698 2701/129/2701
f 2700/128/2700 2701/129/2701 2698/126/2698
f 2704/132/2704 2705/133/2705 2706/134/2706
f 2707/135/2707 2705/133/2705 2704/132/2704
f 2705/133/2705 2707/135/2707 2708/136/2708
f 2704/132/2704 2709/218/2709 2707/135/2707
f 2710/137/2710 2711/138/2711 2712/139/2712
f 2713/140/2713 2714/141/2714 2715/142/2715
f 2716/143/2716 2713/140/2713 2710/137/2710
f 2711/138/2711 2710/137/2710 2713/140/2713
f 2717/144/2717 2718/145/2718 2719/146/2719
f 2720/147/2720 2717/144/2717 2719/146/2719
f 2719/146/2719 2715/142/2715 2714/141/2714
f 2717/144/2717 2720/147/2720 2721/148/2721
f 2722/149/2722 2724/150/2724 2727/151/2727
f 2728/152/2728 2724/150/2724 2722/149/2722
f 2728/152/2728 2729/153/2729 2724/150/2724
f 2731/154/2731 2722/149/2722 2727/151/2727
f 2733/157/2733 2726/151/2726 2737/155/2737
f 2736/155/2736 2738/156/2738 2735/157/2735
f 2734/157/2734 2732/154/2732 2725/151/2725
f 2739/161/2739 2743/159/2743 2746/160/2746
f 2745/160/2745 2747/158/2747 2740/161/2740
f 2742/161/2742 2748/162/2748 2744/159/2744
f 2723/150/2723 2730/153/2730 2751/163/2751
f 2741/161/2741 2752/164/2752 2749/162/2749
f 2750/163/2750 2752/164/2752 2724/150/2724
f 2741/161/2741 2724/150/2724 2752/164/2752
f 2753/165/2753 2755/166/2755 2757/167/2757
f 2759/168/2759 2753/165/2753 2757/167/2757
f 2759/168/2759 2757/167/2757 2761/169/2761
f 2763/170/2763 2755/166/2755 2753/165/2753
f 2765/172/2765 2768/171/2768 2754/166/2754
f 2767/171/2767 2766/172/2766 2769/173/2769
f 2764/172/2764 2756/166/2756 2762/170/2762
f 2771/177/2771 2772/178/2772 2774/175/2774
f 2776/175/2776 2773/178/2773 2777/174/2777
f 2770/177/2770 2775/175/2775 2778/176/2778
f 2758/167/2758 2779/179/2779 2760/169/2760
f 2772/178/2772 2771/177/2771 2781/180/2781
f 2780/179/2780 2757/167/2757 2781/180/2781
f 2772/178/2772 2781/180/2781 2757/167/2757
f 2782/1/2782 2783/2/2783 2784/3/2784
f 2785/7/2785 2786/4/2786 2787/5/2787
f 2784/3/2784 2785/7/2785 2788/6/2788
f 2789/8/2789 2790/9/2790 2782/1/2782
f 2784/3/2784 2789/8/2789 2782/1/2782
f 2786/4/2786 2791/10/2791 2792/13/2792
f 2791/10/2791 2793/11/2793 2794/12/2794
f 2795/14/2795 2796/15/2796 2797/16/2797
f 2793/11/2793 2796/15/2796 2798/17/2798
f 2799/18/2799 2798/17/2798 2795/14/2795
f 2796/15/2796 2795/14/2795 2798/17/2798
f 2800/199/2800 2801/200/2801 2802/201/2802
f 2803/202/2803 2804/203/2804 2805/204/2805
f 2802/201/2802 2803/202/2803 2806/205/2806
f 2807/206/2807 2808/207/2808 2800/199/2800
f 2802/201/2802 2807/206/2807 2800/199/2800
f 2805/204/2805 2804/203/2804 2809/208/2809
f 2809/208/2809 2810/209/2810 2811/210/2811
f 2812/212/2812 2813/213/2813 2814/214/2814
f 2810/209/2810 2813/213/2813 2815/215/2815
f 2816/216/2816 2815/215/2815 2812/212/2812
f 2813/213/2813 2812/212/2812 2815/215/2815
f 2505/187/2505 2507/185/2507 2508/186/2508
f 2504/183/2504 2508/186/2508 2509/188/2509
f 2511/193/2511 2506/184/2506 2512/190/2512
f 2512/190/2512 2514/192/2514 2511/193/2511
f 2513/191/2513 2518/197/2518 2514/192/2514
f 2523/22/2523 2525/24/2525 2526/25/2526
f 2522/21/2522 2526/25/2526 2527/26/2527
f 2524/23/2524 2530/217/2530 2525/24/2525
f 2529/28/2529 2532/30/2532 2530/217/2530
f 2531/29/2531 2536/34/2536 2532/30/2532
f 2586/86/2586 2599/90/2599 2593/88/2593
f 2687/115/2687 2690/118/2690 2696/119/2696
f 2695/124/2695 2696/119/2696 2690/118/2690
f 2701/129/2701 2702/130/2702 2708/136/2708
f 2705/133/2705 2708/136/2708 2702/130/2702
f 2713/140/2713 2715/142/2715 2711/138/2711
f 2719/146/2719 2714/141/2714 2720/147/2720
f 2785/7/2785 2787/5/2787 2788/6/2788
f 2784/3/2784 2788/6/2788 2789/8/2789
f 2786/4/2786 2792/13/2792 2787/5/2787
f 2791/10/2791 2794/12/2794 2792/13/2792
f 2793/11/2793 2798/17/2798 2794/12/2794
f 2803/202/2803 2805/204/2805 2806/205/2806
f 2802/201/2802 2806/205/2806 2807/206/2807
f 2805/204/2805 2809/208/2809 2817/211/2817
f 2809/208/2809 2811/210/2811 2817/211/2817
f 2810/209/2810 2815/215/2815 2811/210/2811
f 2818/181/2818 2819/183/2819 2820/182/2820
f 2821/187/2821 2822/186/2822 2823/185/2823
f 2819/183/2819 2824/188/2824 2822/186/2822
f 2824/188/2824 2818/181/2818 2825/189/2825
f 2819/183/2819 2818/181/2818 2824/188/2824
f 2826/193/2826 2827/190/2827 2828/184/2828
f 2827/190/2827 2826/193/2826 2829/192/2829
f 2830/194/2830 2831/196/2831 2832/195/2832
f 2833/191/2833 2829/192/2829 2834/197/2834
f 2835/198/2835 2830/194/2830 2834/197/2834
f 2832/195/2832 2834/197/2834 2830/194/2830
f 2836/19/2836 2837/21/2837 2838/20/2838
f 2839/22/2839 2840/25/2840 2841/24/2841
f 2837/21/2837 2842/26/2842 2840/25/2840
f 2842/26/2842 2836/19/2836 2843/27/2843
f 2837/21/2837 2836/19/2836 2842/26/2842
f 2844/23/2844 2841/24/2841 2845/217/2845
f 2846/28/2846 2845/217/2845 2847/30/2847
f 2848/31/2848 2849/33/2849 2850/32/2850
f 2851/29/2851 2847/30/2847 2852/34/2852
f 2853/35/2853 2848/31/2848 2852/34/2852
f 2850/32/2850 2852/34/2852 2848/31/2848
f 2854/95/2854 2856/219/2856 2857/97/2857
f 2862/220/2862 2860/97/2860 2855/219/2855
f 2859/97/2859 2861/220/2861 2863/221/2863
f 2858/97/2858 2864/221/2864 2865/222/2865
f 2867/222/2867 2869/100/2869 2857/97/2857
f 2872/223/2872 2854/95/2854 2876/102/2876
f 2874/102/2874 2877/224/2877 2880/225/2880
f 2875/102/2875 2879/225/2879 2873/223/2873
f 2872/223/2872 2856/219/2856 2854/95/2854
f 2881/226/2881 2878/224/2878 2876/102/2876
f 2870/100/2870 2884/227/2884 2885/228/2885
f 2888/229/2888 2889/108/2889 2887/228/2887
f 2868/100/2868 2886/228/2886 2890/108/2890
f 2891/230/2891 2889/108/2889 2888/229/2888
f 2871/100/2871 2866/222/2866 2883/227/2883
f 2894/111/2894 2896/231/2896 2882/226/2882
f 2899/232/2899 2889/108/2889 2891/230/2891
f 2895/111/2895 2890/108/2890 2898/232/2898
f 2897/231/2897 2892/111/2892 2900/232/2900
f 2876/102/2876 2893/111/2893 2881/226/2881
f 2901/80/2901 2902/87/2902 2905/86/2905
f 2907/89/2907 2905/86/2905 2902/87/2902
f 2904/86/2904 2908/89/2908 2909/88/2909
f 2906/86/2906 2910/88/2910 2913/90/2913
f 2914/79/2914 2901/80/2901 2917/78/2917
f 2905/86/2905 2917/78/2917 2901/80/2901
f 2918/76/2918 2920/77/2920 2917/78/2917
f 2916/78/2916 2919/77/2919 2915/79/2915
f 2921/75/2921 2920/77/2920 2918/76/2918
f 2922/91/2922 2911/90/2911 2926/93/2926
f 2927/85/2927 2923/91/2923 2928/92/2928
f 2925/93/2925 2928/92/2928 2923/91/2923
f 2929/82/2929 2923/91/2923 2927/85/2927
f 2932/81/2932 2933/84/2933 2918/76/2918
f 2933/84/2933 2921/75/2921 2918/76/2918
f 2930/82/2930 2934/83/2934 2931/81/2931
f 2927/85/2927 2935/83/2935 2929/82/2929
f 2918/76/2918 2929/82/2929 2932/81/2932
f 2936/66/2936 2937/65/2937 2939/64/2939
f 2940/63/2940 2939/64/2939 2937/65/2937
f 2940/63/2940 2937/65/2937 2941/62/2941
f 2941/62/2941 2943/56/2943 2940/63/2940
f 2944/72/2944 2939/64/2939 2946/71/2946
f 2946/71/2946 2947/74/2947 2944/72/2944
f 2938/64/2938 2945/72/2945 2948/73/2948
f 2949/73/2949 2936/66/2936 2939/64/2939
f 2950/69/2950 2947/74/2947 2946/71/2946
f 2952/57/2952 2942/56/2942 2955/58/2955
f 2956/60/2956 2953/57/2953 2957/59/2957
f 2954/58/2954 2957/59/2957 2953/57/2953
f 2958/61/2958 2953/57/2953 2956/60/2956
f 2953/57/2953 2940/63/2940 2943/56/2943
f 2959/61/2959 2961/70/2961 2951/69/2951
f 2958/61/2958 2962/68/2962 2963/67/2963
f 2956/60/2956 2962/68/2962 2958/61/2958
f 2960/70/2960 2958/61/2958 2963/67/2963
f 2946/71/2946 2958/61/2958 2950/69/2950
f 2964/233/2964 2965/234/2965 2966/36/2966
f 2969/37/2969 2966/36/2966 2965/234/2965
f 2969/37/2969 2965/234/2965 2971/235/2971
f 2968/37/2968 2970/235/2970 2973/236/2973
f 2972/236/2972 2975/42/2975 2969/37/2969
f 2976/237/2976 2966/36/2966 2978/44/2978
f 2978/44/2978 2981/238/2981 2976/237/2976
f 2967/36/2967 2977/237/2977 2983/239/2983
f 2984/239/2984 2964/233/2964 2966/36/2966
f 2986/240/2986 2982/238/2982 2979/44/2979
f 2974/42/2974 2989/241/2989 2991/242/2991
f 2992/51/2992 2975/42/2975 2993/243/2993
f 2990/242/2990 2993/243/2993 2975/42/2975
f 2994/244/2994 2992/51/2992 2993/243/2993
f 2975/42/2975 2972/236/2972 2988/241/2988
f 2997/53/2997 2999/245/2999 2985/240/2985
f 2996/53/2996 2995/244/2995 3001/246/3001
f 2992/51/2992 2994/244/2994 2997/53/2997
f 2999/245/2999 2997/53/2997 3000/246/3000
f 2980/44/2980 2998/53/2998 2987/240/2987
f 3002/114/3002 3003/116/3003 3004/115/3004
f 3004/115/3004 3005/119/3005 3006/118/3006
f 3007/120/3007 3002/114/3002 3008/117/3008
f 3004/115/3004 3008/117/3008 3002/114/3002
f 3009/121/3009 3010/123/3010 3011/122/3011
f 3012/124/3012 3010/123/3010 3009/121/3009
f 3012/124/3012 3006/118/3006 3005/119/3005
f 3009/121/3009 3013/125/3013 3012/124/3012
f 3014/126/3014 3015/128/3015 3016/127/3016
f 3017/129/3017 3018/136/3018 3019/130/3019
f 3020/131/3020 3017/129/3017 3014/126/3014
f 3015/128/3015 3014/126/3014 3017/129/3017
f 3021/132/3021 3022/134/3022 3023/133/3023
f 3024/135/3024 3021/132/3021 3023/133/3023
f 3023/133/3023 3019/130/3019 3018/136/3018
f 3021/132/3021 3024/135/3024 3025/218/3025
f 3026/137/3026 3027/139/3027 3028/138/3028
f 3029/140/3029 3028/138/3028 3030/142/3030
f 3031/143/3031 3026/137/3026 3029/140/3029
f 3028/138/3028 3029/140/3029 3026/137/3026
f 3032/144/3032 3033/146/3033 3034/145/3034
f 3035/147/3035 3033/146/3033 3032/144/3032
f 3033/146/3033 3035/147/3035 3036/141/3036
f 3032/144/3032 3037/148/3037 3035/147/3035
f 3038/149/3038 3041/151/3041 3043/150/3043
f 3044/152/3044 3038/149/3038 3043/150/3043
f 3044/152/3044 3043/150/3043 3045/153/3045
f 3047/154/3047 3041/151/3041 3038/149/3038
f 3049/157/3049 3052/155/3052 3040/151/3040
f 3053/155/3053 3050/157/3050 3054/156/3054
f 3051/157/3051 3039/151/3039 3048/154/3048
f 3055/161/3055 3060/160/3060 3062/159/3062
f 3059/160/3059 3058/161/3058 3063/158/3063
f 3056/161/3056 3061/159/3061 3065/162/3065
f 3042/150/3042 3067/163/3067 3046/153/3046
f 3057/161/3057 3064/162/3064 3068/164/3068
f 3066/163/3066 3043/150/3043 3068/164/3068
f 3057/161/3057 3068/164/3068 3043/150/3043
f 3069/165/3069 3071/167/3071 3074/166/3074
f 3075/168/3075 3071/167/3071 3069/165/3069
f 3075/168/3075 3077/169/3077 3071/167/3071
f 3079/170/3079 3069/165/3069 3074/166/3074
f 3080/172/3080 3072/166/3072 3084/171/3084
f 3083/171/3083 3085/173/3085 3082/172/3082
f 3081/172/3081 3078/170/3078 3073/166/3073
f 3086/177/3086 3090/175/3090 3091/178/3091
f 3089/175/3089 3093/174/3093 3092/178/3092
f 3087/177/3087 3094/176/3094 3088/175/3088
f 3070/167/3070 3076/169/3076 3095/179/3095
f 3091/178/3091 3097/180/3097 3086/177/3086
f 3096/179/3096 3097/180/3097 3071/167/3071
f 3091/178/3091 3071/167/3071 3097/180/3097
f 3098/1/3098 3099/3/3099 3100/2/3100
f 3101/7/3101 3102/6/3102 3103/5/3103
f 3099/3/3099 3104/8/3104 3102/6/3102
f 3104/8/3104 3098/1/3098 3105/9/3105
f 3099/3/3099 3098/1/3098 3104/8/3104
f 3106/4/3106 3103/5/3103 3107/13/3107
f 3108/10/3108 3107/13/3107 3109/12/3109
f 3110/14/3110 3111/16/3111 3112/15/3112
f 3113/11/3113 3109/12/3109 3114/17/3114
f 3115/18/3115 3110/14/3110 3114/17/3114
f 3112/15/3112 3114/17/3114 3110/14/3110
f 3116/199/3116 3117/201/3117 3118/200/3118
f 3119/202/3119 3120/205/3120 3121/204/3121
f 3117/201/3117 3122/206/3122 3120/205/3120
f 3122/206/3122 3116/199/3116 3123/207/3123
f 3117/201/3117 3116/199/3116 3122/206/3122
f 3121/204/3121 3124/211/3124 3125/208/3125
f 3125/208/3125 3124/211/3124 3126/210/3126
f 3127/212/3127 3128/214/3128 3129/213/3129
f 3130/209/3130 3126/210/3126 3131/215/3131
f 3132/216/3132 3127/212/3127 3131/215/3131
f 3129/213/3129 3131/215/3131 3127/212/3127
f 2821/187/2821 2823/185/2823 2828/184/2828
f 2819/183/2819 2822/186/2822 2821/187/2821
f 2826/193/2826 2828/184/2828 2823/185/2823
f 2827/190/2827 2829/192/2829 2833/191/2833
f 2833/191/2833 2834/197/2834 2832/195/2832
f 2839/22/2839 2841/24/2841 2844/23/2844
f 2837/21/2837 2840/25/2840 2839/22/2839
f 2844/23/2844 2845/217/2845 2846/28/2846
f 2846/28/2846 2847/30/2847 2851/29/2851
f 2851/29/2851 2852/34/2852 2850/32/2850
f 2903/86/2903 2912/90/2912 2924/91/2924
f 3004/115/3004 3006/118/3006 3008/117/3008
f 3012/124/3012 3005/119/3005 3010/123/3010
f 3017/129/3017 3019/130/3019 3015/128/3015
f 3023/133/3023 3018/136/3018 3024/135/3024
f 3029/140/3029 3030/142/3030 3036/141/3036
f 3033/146/3033 3036/141/3036 3030/142/3030
f 3101/7/3101 3103/5/3103 3106/4/3106
f 3099/3/3099 3102/6/3102 3101/7/3101
f 3106/4/3106 3107/13/3107 3108/10/3108
f 3108/10/3108 3109/12/3109 3113/11/3113
f 3113/11/3113 3114/17/3114 3112/15/3112
f 3119/202/3119 3121/204/3121 3133/203/3133
f 3117/201/3117 3120/205/3120 3119/202/3119
f 3121/204/3121 3125/208/3125 3133/203/3133
f 3125/208/3125 3126/210/3126 3130/209/3130
f 3130/209/3130 3131/215/3131 3129/213/3129
f 3134/19/3134 3135/20/3135 3136/21/3136
f 3137/22/3137 3138/23/3138 3139/24/3139
f 3136/21/3136 3137/22/3137 3140/25/3140
f 3141/26/3141 3142/27/3142 3134/19/3134
f 3136/21/3136 3141/26/3141 3134/19/3134
f 3143/217/3143 3139/24/3139 3138/23/3138
f 3144/28/3144 3145/29/3145 3146/30/3146
f 3147/31/3147 3148/32/3148 3149/33/3149
f 3145/29/3145 3148/32/3148 3150/34/3150
f 3151/35/3151 3150/34/3150 3147/31/3147
f 3148/32/3148 3147/31/3147 3150/34/3150
f 3152/1/3152 3153/2/3153 3154/3/3154
f 3155/4/3155 3156/5/3156 3157/6/3157
f 3154/3/3154 3158/7/3158 3157/6/3157
f 3159/8/3159 3160/9/3160 3152/1/3152
f 3154/3/3154 3159/8/3159 3152/1/3152
f 3156/5/3156 3155/4/3155 3161/10/3161
f 3162/11/3162 3163/12/3163 3164/13/3164
f 3165/14/3165 3166/15/3166 3167/16/3167
f 3166/15/3166 3168/17/3168 3163/12/3163
f 3169/18/3169 3168/17/3168 3165/14/3165
f 3166/15/3166 3165/14/3165 3168/17/3168
f 3170/95/3170 3174/97/3174 3175/219/3175
f 3177/220/3177 3176/219/3176 3173/97/3173
f 3171/97/3171 3180/221/3180 3178/220/3178
f 3172/97/3172 3181/222/3181 3179/221/3179
f 3182/222/3182 3174/97/3174 3185/100/3185
f 3188/223/3188 3193/102/3193 3170/95/3170
f 3192/102/3192 3194/225/3194 3197/224/3197
f 3190/102/3190 3189/223/3189 3195/225/3195
f 3188/223/3188 3170/95/3170 3175/219/3175
f 3200/226/3200 3191/102/3191 3196/224/3196
f 3186/100/3186 3203/228/3203 3205/227/3205
f 3206/229/3206 3202/228/3202 3207/108/3207
f 3187/100/3187 3208/108/3208 3201/228/3201
f 3209/230/3209 3206/229/3206 3207/108/3207
f 3184/100/3184 3204/227/3204 3183/222/3183
f 3212/111/3212 3199/226/3199 3214/231/3214
f 3218/232/3218 3209/230/3209 3207/108/3207
f 3211/111/3211 3216/232/3216 3208/108/3208
f 3215/231/3215 3217/232/3217 3210/111/3210
f 3193/102/3193 3198/226/3198 3213/111/3213
f 3219/56/3219 3222/57/3222 3227/58/3227
f 3229/59/3229 3226/58/3226 3223/57/3223
f 3225/57/3225 3230/60/3230 3228/59/3228
f 3223/57/3223 3233/61/3233 3235/68/3235
f 3238/62/3238 3242/63/3242 3221/56/3221
f 3223/57/3223 3220/56/3220 3241/63/3241
f 3243/64/3243 3241/63/3241 3245/65/3245
f 3240/63/3240 3239/62/3239 3244/65/3244
f 3246/66/3246 3243/64/3243 3245/65/3245
f 3234/61/3234 3247/67/3247 3236/68/3236
f 3251/69/3251 3252/70/3252 3232/61/3232
f 3248/67/3248 3233/61/3233 3253/70/3253
f 3255/71/3255 3249/69/3249 3233/61/3233
f 3258/72/3258 3243/64/3243 3259/73/3259
f 3259/73/3259 3243/64/3243 3246/66/3246
f 3256/71/3256 3257/72/3257 3261/74/3261
f 3250/69/3250 3254/71/3254 3260/74/3260
f 3243/64/3243 3258/72/3258 3255/71/3255
f 3262/75/3262 3263/76/3263 3266/77/3266
f 3267/78/3267 3266/77/3266 3263/76/3263
f 3268/78/3268 3270/79/3270 3265/77/3265
f 3269/79/3269 3267/78/3267 3272/80/3272
f 3275/81/3275 3276/82/3276 3263/76/3263
f 3277/82/3277 3274/81/3274 3279/83/3279
f 3264/76/3264 3280/84/3280 3273/81/3273
f 3281/84/3281 3263/76/3263 3262/75/3262
f 3283/85/3283 3276/82/3276 3278/83/3278
f 3285/86/3285 3287/87/3287 3271/80/3271
f 3288/88/3288 3289/89/3289 3284/86/3284
f 3286/87/3286 3284/86/3284 3289/89/3289
f 3284/86/3284 3291/91/3291 3293/90/3293
f 3284/86/3284 3272/80/3272 3267/78/3267
f 3292/91/3292 3282/85/3282 3295/92/3295
f 3290/91/3290 3297/93/3297 3294/90/3294
f 3296/92/3296 3298/93/3298 3291/91/3291
f 3276/82/3276 3283/85/3283 3291/91/3291
f 3299/233/3299 3300/36/3300 3302/234/3302
f 3305/37/3305 3302/234/3302 3300/36/3300
f 3304/37/3304 3308/235/3308 3303/234/3303
f 3306/37/3306 3310/236/3310 3307/235/3307
f 3311/236/3311 3305/37/3305 3313/42/3313
f 3317/237/3317 3320/44/3320 3300/36/3300
f 3318/44/3318 3315/237/3315 3321/238/3321
f 3301/36/3301 3323/239/3323 3316/237/3316
f 3324/239/3324 3300/36/3300 3299/233/3299
f 3327/240/3327 3319/44/3319 3322/238/3322
f 3312/42/3312 3328/242/3328 3331/241/3331
f 3332/51/3332 3333/243/3333 3313/42/3313
f 3329/242/3329 3313/42/3313 3333/243/3333
f 3334/244/3334 3333/243/3333 3332/51/3332
f 3314/42/3314 3330/241/3330 3309/236/3309
f 3337/53/3337 3326/240/3326 3339/245/3339
f 3338/53/3338 3341/246/3341 3335/244/3335
f 3332/51/3332 3336/53/3336 3334/244/3334
f 3340/245/3340 3342/246/3342 3336/53/3336
f 3320/44/3320 3325/240/3325 3336/53/3336
f 3343/114/3343 3344/115/3344 3345/116/3345
f 3346/117/3346 3344/115/3344 3343/114/3343
f 3343/114/3343 3347/120/3347 3346/117/3346
f 3348/118/3348 3349/119/3349 3344/115/3344
f 3349/119/3349 3348/118/3348 3350/124/3350
f 3351/121/3351 3352/122/3352 3353/123/3353
f 3354/125/3354 3351/121/3351 3350/124/3350
f 3353/123/3353 3350/124/3350 3351/121/3351
f 3355/126/3355 3356/127/3356 3357/128/3357
f 3358/136/3358 3359/129/3359 3357/128/3357
f 3360/131/3360 3355/126/3355 3359/129/3359
f 3357/128/3357 3359/129/3359 3355/126/3355
f 3361/132/3361 3362/133/3362 3363/134/3363
f 3364/135/3364 3362/133/3362 3361/132/3361
f 3362/133/3362 3364/135/3364 3358/136/3358
f 3361/132/3361 3365/218/3365 3364/135/3364
f 3366/137/3366 3367/138/3367 3368/139/3368
f 3369/140/3369 3367/138/3367 3366/137/3366
f 3366/137/3366 3370/143/3370 3369/140/3369
f 3371/141/3371 3372/142/3372 3367/138/3367
f 3372/142/3372 3371/141/3371 3373/147/3373
f 3374/144/3374 3375/145/3375 3376/146/3376
f 3377/148/3377 3374/144/3374 3373/147/3373
f 3376/146/3376 3373/147/3373 3374/144/3374
f 3378/149/3378 3380/150/3380 3382/151/3382
f 3383/152/3383 3380/150/3380 3378/149/3378
f 3383/152/3383 3384/153/3384 3380/150/3380
f 3386/154/3386 3378/149/3378 3382/151/3382
f 3388/155/3388 3387/154/3387 3381/151/3381
f 3390/156/3390 3386/154/3386 3389/155/3389
f 3390/156/3390 3391/157/3391 3386/154/3386
f 3393/158/3393 3394/159/3394 3397/160/3397
f 3395/159/3395 3392/158/3392 3400/161/3400
f 3398/161/3398 3401/162/3401 3396/159/3396
f 3379/150/3379 3385/153/3385 3403/163/3403
f 3399/161/3399 3405/164/3405 3402/162/3402
f 3404/163/3404 3405/164/3405 3380/150/3380
f 3399/161/3399 3380/150/3380 3405/164/3405
f 3406/165/3406 3407/166/3407 3410/167/3410
f 3411/168/3411 3406/165/3406 3410/167/3410
f 3411/168/3411 3410/167/3410 3413/169/3413
f 3414/170/3414 3407/166/3407 3406/165/3406
f 3416/171/3416 3408/166/3408 3415/170/3415
f 3418/173/3418 3417/171/3417 3414/170/3414
f 3418/173/3418 3414/170/3414 3419/172/3419
f 3421/174/3421 3422/175/3422 3423/176/3423
f 3424/176/3424 3427/178/3427 3420/174/3420
f 3426/178/3426 3425/176/3425 3430/177/3430
f 3409/167/3409 3431/179/3431 3412/169/3412
f 3428/178/3428 3429/177/3429 3433/180/3433
f 3432/179/3432 3410/167/3410 3433/180/3433
f 3428/178/3428 3433/180/3433 3410/167/3410
f 3434/181/3434 3435/182/3435 3436/183/3436
f 3437/184/3437 3438/185/3438 3439/186/3439
f 3436/183/3436 3440/187/3440 3439/186/3439
f 3441/188/3441 3442/189/3442 3434/181/3434
f 3436/183/3436 3441/188/3441 3434/181/3434
f 3438/185/3438 3437/184/3437 3443/190/3443
f 3443/190/3443 3444/191/3444 3445/192/3445
f 3446/194/3446 3447/195/3447 3448/196/3448
f 3444/191/3444 3447/195/3447 3449/197/3449
f 3450/198/3450 3449/197/3449 3446/194/3446
f 3447/195/3447 3446/194/3446 3449/197/3449
f 3451/199/3451 3452/200/3452 3453/201/3453
f 3454/202/3454 3455/203/3455 3456/204/3456
f 3453/201/3453 3454/202/3454 3457/205/3457
f 3458/206/3458 3459/207/3459 3451/199/3451
f 3453/201/3453 3458/206/3458 3451/199/3451
f 3456/204/3456 3455/203/3455 3460/208/3460
f 3460/208/3460 3461/209/3461 3462/210/3462
f 3463/212/3463 3464/213/3464 3465/214/3465
f 3461/209/3461 3464/213/3464 3466/215/3466
f 3467/216/3467 3466/215/3466 3463/212/3463
f 3464/213/3464 3463/212/3463 3466/215/3466
f 3137/22/3137 3139/24/3139 3140/25/3140
f 3136/21/3136 3140/25/3140 3141/26/3141
f 3143/217/3143 3138/23/3138 3144/28/3144
f 3144/28/3144 3146/30/3146 3143/217/3143
f 3145/29/3145 3150/34/3150 3146/30/3146
f 3155/4/3155 3157/6/3157 3158/7/3158
f 3154/3/3154 3157/6/3157 3159/8/3159
f 3156/5/3156 3161/10/3161 3164/13/3164
f 3162/11/3162 3164/13/3164 3161/10/3161
f 3166/15/3166 3163/12/3163 3162/11/3162
f 3224/57/3224 3237/68/3237 3231/60/3231
f 3284/86/3284 3293/90/3293 3288/88/3288
f 3348/118/3348 3344/115/3344 3346/117/3346
f 3349/119/3349 3350/124/3350 3353/123/3353
f 3358/136/3358 3357/128/3357 3468/130/3468
f 3362/133/3362 3358/136/3358 3468/130/3468
f 3371/141/3371 3367/138/3367 3369/140/3369
f 3372/142/3372 3373/147/3373 3376/146/3376
f 3437/184/3437 3439/186/3439 3440/187/3440
f 3436/183/3436 3439/186/3439 3441/188/3441
f 3438/185/3438 3443/190/3443 3469/193/3469
f 3443/190/3443 3445/192/3445 3469/193/3469
f 3444/191/3444 3449/197/3449 3445/192/3445
f 3454/202/3454 3456/204/3456 3457/205/3457
f 3453/201/3453 3457/205/3457 3458/206/3458
f 3456/204/3456 3460/208/3460 3470/211/3470
f 3460/208/3460 3462/210/3462 3470/211/3470
f 3461/209/3461 3466/215/3466 3462/210/3462
f 3471/19/3471 3472/21/3472 3473/20/3473
f 3474/22/3474 3475/25/3475 3476/24/3476
f 3472/21/3472 3477/26/3477 3475/25/3475
f 3477/26/3477 3471/19/3471 3478/27/3478
f 3472/21/3472 3471/19/3471 3477/26/3477
f 3479/217/3479 3480/28/3480 3481/23/3481
f 3480/28/3480 3479/217/3479 3482/30/3482
f 3483/31/3483 3484/33/3484 3485/32/3485
f 3486/29/3486 3482/30/3482 3487/34/3487
f 3488/35/3488 3483/31/3483 3487/34/3487
f 3485/32/3485 3487/34/3487 3483/31/3483
f 3489/1/3489 3490/3/3490 3491/2/3491
f 3492/4/3492 3493/7/3493 3494/6/3494
f 3490/3/3490 3495/8/3495 3494/6/3494
f 3495/8/3495 3489/1/3489 3496/9/3496
f 3490/3/3490 3489/1/3489 3495/8/3495
f 3497/5/3497 3498/13/3498 3499/10/3499
f 3500/11/3500 3499/10/3499 3498/13/3498
f 3501/14/3501 3502/16/3502 3503/15/3503
f 3503/15/3503 3500/11/3500 3504/12/3504
f 3505/18/3505 3501/14/3501 3506/17/3506
f 3503/15/3503 3506/17/3506 3501/14/3501
f 3507/95/3507 3508/219/3508 3513/97/3513
f 3514/220/3514 3510/97/3510 3509/219/3509
f 3511/97/3511 3515/220/3515 3516/221/3516
f 3512/97/3512 3517/221/3517 3519/222/3519
f 3518/222/3518 3524/100/3524 3513/97/3513
f 3526/223/3526 3507/95/3507 3527/102/3527
f 3529/102/3529 3531/224/3531 3533/225/3533
f 3530/102/3530 3534/225/3534 3525/223/3525
f 3526/223/3526 3508/219/3508 3507/95/3507
f 3536/226/3536 3532/224/3532 3528/102/3528
f 3523/100/3523 3538/227/3538 3541/228/3541
f 3543/229/3543 3544/108/3544 3540/228/3540
f 3521/100/3521 3542/228/3542 3545/108/3545
f 3546/230/3546 3544/108/3544 3543/229/3543
f 3522/100/3522 3520/222/3520 3539/227/3539
f 3548/111/3548 3551/231/3551 3535/226/3535
f 3553/232/3553 3544/108/3544 3546/230/3546
f 3547/111/3547 3545/108/3545 3555/232/3555
f 3552/231/3552 3549/111/3549 3554/232/3554
f 3527/102/3527 3550/111/3550 3537/226/3537
f 3557/56/3557 3559/58/3559 3561/57/3561
f 3565/59/3565 3562/57/3562 3560/58/3560
f 3564/57/3564 3566/59/3566 3567/60/3567
f 3563/57/3563 3568/60/3568 3569/68/3569
f 3573/62/3573 3556/56/3556 3576/63/3576
f 3562/57/3562 3574/63/3574 3558/56/3558
f 3577/64/3577 3579/65/3579 3574/63/3574
f 3575/63/3575 3578/65/3578 3572/62/3572
f 3580/66/3580 3579/65/3579 3577/64/3577
f 3582/61/3582 3571/68/3571 3584/67/3584
f 3587/69/3587 3583/61/3583 3589/70/3589
f 3585/67/3585 3590/70/3590 3581/61/3581
f 3591/71/3591 3581/61/3581 3588/69/3588
f 3595/72/3595 3596/73/3596 3577/64/3577
f 3596/73/3596 3580/66/3580 3577/64/3577
f 3593/71/3593 3598/74/3598 3594/72/3594
f 3586/69/3586 3597/74/3597 3592/71/3592
f 3577/64/3577 3591/71/3591 3595/72/3595
f 3599/75/3599 3600/77/3600 3603/76/3603
f 3604/78/3604 3603/76/3603 3600/77/3600
f 3605/78/3605 3601/77/3601 3606/79/3606
f 3607/79/3607 3608/80/3608 3604/78/3604
f 3610/81/3610 3603/76/3603 3613/82/3613
f 3614/82/3614 3615/83/3615 3612/81/3612
f 3602/76/3602 3611/81/3611 3618/84/3618
f 3617/84/3617 3599/75/3599 3603/76/3603
f 3620/85/3620 3616/83/3616 3613/82/3613
f 3621/86/3621 3609/80/3609 3624/87/3624
f 3625/88/3625 3622/86/3622 3626/89/3626
f 3623/87/3623 3626/89/3626 3622/86/3622
f 3622/86/3622 3625/88/3625 3627/90/3627
f 3622/86/3622 3604/78/3604 3608/80/3608
f 3629/91/3629 3632/92/3632 3619/85/3619
f 3631/91/3631 3628/90/3628 3635/93/3635
f 3633/92/3633 3630/91/3630 3634/93/3634
f 3613/82/3613 3630/91/3630 3620/85/3620
f 3636/233/3636 3637/234/3637 3639/36/3639
f 3642/37/3642 3639/36/3639 3637/234/3637
f 3643/37/3643 3638/234/3638 3644/235/3644
f 3641/37/3641 3645/235/3645 3647/236/3647
f 3648/236/3648 3650/42/3650 3642/37/3642
f 3652/237/3652 3639/36/3639 3656/44/3656
f 3657/44/3657 3659/238/3659 3653/237/3653
f 3640/36/3640 3654/237/3654 3660/239/3660
f 3661/239/3661 3636/233/3636 3639/36/3639
f 3662/240/3662 3658/238/3658 3655/44/3655
f 3651/42/3651 3665/241/3665 3667/242/3667
f 3669/51/3669 3650/42/3650 3670/243/3670
f 3668/242/3668 3670/243/3670 3650/42/3650
f 3672/244/3672 3669/51/3669 3670/243/3670
f 3649/42/3649 3646/236/3646 3666/241/3666
f 3675/53/3675 3677/245/3677 3664/240/3664
f 3673/53/3673 3671/244/3671 3679/246/3679
f 3669/51/3669 3672/244/3672 3674/53/3674
f 3676/245/3676 3674/53/3674 3678/246/3678
f 3656/44/3656 3674/53/3674 3663/240/3663
f 3680/114/3680 3681/116/3681 3682/115/3682
f 3683/117/3683 3680/114/3680 3682/115/3682
f 3680/114/3680 3683/117/3683 3684/120/3684
f 3685/118/3685 3683/117/3683 3682/115/3682
f 3686/119/3686 3687/123/3687 3688/124/3688
f 3689/121/3689 3687/123/3687 3690/122/3690
f 3691/125/3691 3688/124/3688 3689/121/3689
f 3687/123/3687 3689/121/3689 3688/124/3688
f 3692/126/3692 3693/128/3693 3694/127/3694
f 3695/136/3695 3696/130/3696 3693/128/3693
f 3697/131/3697 3698/129/3698 3692/126/3692
f 3693/128/3693 3692/126/3692 3698/129/3698
f 3699/132/3699 3700/134/3700 3701/133/3701
f 3702/135/3702 3699/132/3699 3701/133/3701
f 3701/133/3701 3696/130/3696 3695/136/3695
f 3699/132/3699 3702/135/3702 3703/218/3703
f 3704/137/3704 3705/139/3705 3706/138/3706
f 3707/140/3707 3704/137/3704 3706/138/3706
f 3704/137/3704 3707/140/3707 3708/143/3708
f 3709/141/3709 3707/140/3707 3706/138/3706
f 3710/142/3710 3711/146/3711 3712/147/3712
f 3713/144/3713 3711/146/3711 3714/145/3714
f 3715/148/3715 3712/147/3712 3713/144/3713
f 3711/146/3711 3713/144/3713 3712/147/3712
f 3716/149/3716 3717/151/3717 3720/150/3720
f 3721/152/3721 3716/149/3716 3720/150/3720
f 3721/152/3721 3720/150/3720 3723/153/3723
f 3724/154/3724 3717/151/3717 3716/149/3716
f 3726/155/3726 3718/151/3718 3725/154/3725
f 3728/156/3728 3727/155/3727 3724/154/3724
f 3728/156/3728 3724/154/3724 3729/157/3729
f 3730/158/3730 3732/160/3732 3733/159/3733
f 3735/159/3735 3738/161/3738 3731/158/3731
f 3736/161/3736 3734/159/3734 3739/162/3739
f 3719/150/3719 3742/163/3742 3722/153/3722
f 3737/161/3737 3740/162/3740 3743/164/3743
f 3741/163/3741 3720/150/3720 3743/164/3743
f 3737/161/3737 3743/164/3743 3720/150/3720
f 3744/165/3744 3746/167/3746 3747/166/3747
f 3749/168/3749 3746/167/3746 3744/165/3744
f 3749/168/3749 3750/169/3750 3746/167/3746
f 3753/170/3753 3744/165/3744 3747/166/3747
f 3755/171/3755 3752/170/3752 3748/166/3748
f 3756/173/3756 3753/170/3753 3754/171/3754
f 3756/173/3756 3757/172/3757 3753/170/3753
f 3758/174/3758 3761/176/3761 3763/175/3763
f 3762/176/3762 3759/174/3759 3765/178/3765
f 3766/178/3766 3767/177/3767 3760/176/3760
f 3745/167/3745 3751/169/3751 3770/179/3770
f 3764/178/3764 3771/180/3771 3768/177/3768
f 3769/179/3769 3771/180/3771 3746/167/3746
f 3764/178/3764 3746/167/3746 3771/180/3771
f 3772/181/3772 3773/183/3773 3774/182/3774
f 3775/184/3775 3776/187/3776 3777/186/3777
f 3773/183/3773 3778/188/3778 3777/186/3777
f 3778/188/3778 3772/181/3772 3779/189/3779
f 3773/183/3773 3772/181/3772 3778/188/3778
f 3780/185/3780 3781/193/3781 3782/190/3782
f 3782/190/3782 3781/193/3781 3783/192/3783
f 3784/194/3784 3785/196/3785 3786/195/3786
f 3787/191/3787 3783/192/3783 3788/197/3788
f 3789/198/3789 3784/194/3784 3788/197/3788
f 3786/195/3786 3788/197/3788 3784/194/3784
f 3790/199/3790 3791/201/3791 3792/200/3792
f 3793/202/3793 3794/205/3794 3795/204/3795
f 3791/201/3791 3796/206/3796 3794/205/3794
f 3796/206/3796 3790/199/3790 3797/207/3797
f 3791/201/3791 3790/199/3790 3796/206/3796
f 3795/204/3795 3798/211/3798 3799/208/3799
f 3799/208/3799 3798/211/3798 3800/210/3800
f 3801/212/3801 3802/214/3802 3803/213/3803
f 3804/209/3804 3800/210/3800 3805/215/3805
f 3806/216/3806 3801/212/3801 3805/215/3805
f 3803/213/3803 3805/215/3805 3801/212/3801
f 3474/22/3474 3476/24/3476 3481/23/3481
f 3472/21/3472 3475/25/3475 3474/22/3474
f 3479/217/3479 3481/23/3481 3476/24/3476
f 3480/28/3480 3482/30/3482 3486/29/3486
f 3486/29/3486 3487/34/3487 3485/32/3485
f 3492/4/3492 3494/6/3494 3497/5/3497
f 3490/3/3490 3494/6/3494 3493/7/3493
f 3497/5/3497 3499/10/3499 3492/4/3492
f 3500/11/3500 3498/13/3498 3504/12/3504
f 3503/15/3503 3504/12/3504 3506/17/3506
f 3562/57/3562 3570/68/3570 3581/61/3581
f 3622/86/3622 3627/90/3627 3630/91/3630
f 3685/118/3685 3682/115/3682 3686/119/3686
f 3686/119/3686 3688/124/3688 3685/118/3685
f 3695/136/3695 3693/128/3693 3698/129/3698
f 3701/133/3701 3695/136/3695 3702/135/3702
f 3709/141/3709 3706/138/3706 3710/142/3710
f 3710/142/3710 3712/147/3712 3709/141/3709
f 3775/184/3775 3777/186/3777 3780/185/3780
f 3773/183/3773 3777/186/3777 3776/187/3776
f 3780/185/3780 3782/190/3782 3775/184/3775
f 3782/190/3782 3783/192/3783 3787/191/3787
f 3787/191/3787 3788/197/3788 3786/195/3786
f 3793/202/3793 3795/204/3795 3807/203/3807
f 3791/201/3791 3794/205/3794 3793/202/3793
f 3795/204/3795 3799/208/3799 3807/203/3807
f 3799/208/3799 3800/210/3800 3804/209/3804
f 3804/209/3804 3805/215/3805 3803/213/3803
f 3808/1/3808 3809/2/3809 3810/3/3810
f 3811/4/3811 3812/5/3812 3813/6/3813
f 3814/7/3814 3813/6/3813 3815/8/3815
f 3815/8/3815 3816/9/3816 3808/1/3808
f 3810/3/3810 3815/8/3815 3808/1/3808
f 3812/5/3812 3811/4/3811 3817/10/3817
f 3818/11/3818 3819/12/3819 3820/13/3820
f 3821/14/3821 3822/15/3822 3823/16/3823
f 3822/15/3822 3824/17/3824 3819/12/3819
f 3825/18/3825 3824/17/3824 3821/14/3821
f 3822/15/3822 3821/14/3821 3824/17/3824
f 3826/19/3826 3827/20/3827 3828/21/3828
f 3829/23/3829 3830/24/3830 3831/25/3831
f 3828/21/3828 3832/22/3832 3831/25/3831
f 3833/26/3833 3834/27/3834 3826/19/3826
f 3828/21/3828 3833/26/3833 3826/19/3826
f 3829/23/3829 3835/28/3835 3836/217/3836
f 3835/28/3835 3837/29/3837 3838/30/3838
f 3839/31/3839 3840/32/3840 3841/33/3841
f 3837/29/3837 3840/32/3840 3842/34/3842
f 3843/35/3843 3842/34/3842 3839/31/3839
f 3840/32/3840 3839/31/3839 3842/34/3842
f 3844/36/3844 3847/37/3847 3851/38/3851
f 3853/39/3853 3849/38/3849 3848/37/3848
f 3846/37/3846 3854/40/3854 3852/39/3852
f 3846/37/3846 3855/41/3855 3854/40/3854
f 3855/41/3855 3846/37/3846 3856/42/3856
f 3858/43/3858 3861/44/3861 3845/36/3845
f 3859/44/3859 3862/45/3862 3865/46/3865
f 3860/44/3860 3857/43/3857 3863/45/3863
f 3858/43/3858 3845/36/3845 3850/38/3850
f 3866/47/3866 3861/44/3861 3864/46/3864
f 3856/42/3856 3867/48/3867 3868/49/3868
f 3869/50/3869 3867/48/3867 3871/51/3871
f 3856/42/3856 3871/51/3871 3867/48/3867
f 3875/52/3875 3870/50/3870 3873/51/3873
f 3856/42/3856 3868/49/3868 3855/41/3855
f 3876/53/3876 3866/47/3866 3879/54/3879
f 3881/55/3881 3874/52/3874 3872/51/3872
f 3876/53/3876 3880/55/3880 3871/51/3871
f 3878/54/3878 3882/55/3882 3877/53/3877
f 3861/44/3861 3866/47/3866 3876/53/3876
f 3883/56/3883 3884/57/3884 3885/58/3885
f 3886/59/3886 3885/58/3885 3884/57/3884
f 3884/57/3884 3887/60/3887 3886/59/3886
f 3887/60/3887 3884/57/3884 3888/61/3888
f 3889/62/3889 3890/63/3890 3883/56/3883
f 3884/57/3884 3883/56/3883 3890/63/3890
f 3891/64/3891 3890/63/3890 3892/65/3892
f 3890/63/3890 3889/62/3889 3892/65/3892
f 3893/66/3893 3891/64/3891 3892/65/3892
f 3888/61/3888 3894/67/3894 3895/68/3895
f 3896/69/3896 3897/70/3897 3888/61/3888
f 3894/67/3894 3888/61/3888 3897/70/3897
f 3898/71/3898 3896/69/3896 3888/61/3888
f 3888/61/3888 3895/68/3895 3887/60/3887
f 3899/72/3899 3891/64/3891 3900/73/3900
f 3900/73/3900 3891/64/3891 3893/66/3893
f 3898/71/3898 3899/72/3899 3901/74/3901
f 3896/69/3896 3898/71/3898 3901/74/3901
f 3891/64/3891 3899/72/3899 3898/71/3898
f 3902/75/3902 3904/76/3904 3906/77/3906
f 3908/78/3908 3906/77/3906 3904/76/3904
f 3909/78/3909 3910/79/3910 3905/77/3905
f 3911/79/3911 3908/78/3908 3913/80/3913
f 3915/81/3915 3920/82/3920 3904/76/3904
f 3919/82/3919 3917/81/3917 3921/83/3921
f 3903/76/3903 3924/84/3924 3916/81/3916
f 3923/84/3923 3904/76/3904 3902/75/3902
f 3925/85/3925 3920/82/3920 3922/83/3922
f 3928/86/3928 3932/87/3932 3914/80/3914
f 3934/88/3934 3935/89/3935 3930/86/3930
f 3933/87/3933 3929/86/3929 3936/89/3936
f 3937/90/3937 3934/88/3934 3930/86/3930
f 3931/86/3931 3912/80/3912 3907/78/3907
f 3941/91/3941 3927/85/3927 3944/92/3944
f 3942/91/3942 3946/93/3946 3938/90/3938
f 3930/86/3930 3939/91/3939 3937/90/3937
f 3945/92/3945 3947/93/3947 3940/91/3940
f 3918/82/3918 3926/85/3926 3943/91/3943
f 3949/94/3949 3950/95/3950 3954/96/3954
f 3956/97/3956 3953/96/3953 3951/95/3951
f 3958/97/3958 3960/98/3960 3955/96/3955
f 3957/97/3957 3962/99/3962 3959/98/3959
f 3961/99/3961 3956/97/3956 3964/100/3964
f 3967/101/3967 3969/102/3969 3951/95/3951
f 3968/102/3968 3965/101/3965 3971/103/3971
f 3952/95/3952 3973/104/3973 3966/101/3966
f 3974/104/3974 3951/95/3951 3948/94/3948
f 3976/105/3976 3970/102/3970 3972/103/3972
f 3964/100/3964 3978/106/3978 3979/107/3979
f 3980/108/3980 3981/109/3981 3964/100/3964
f 3977/106/3977 3963/100/3963 3982/109/3982
f 3984/110/3984 3981/109/3981 3980/108/3980
f 3964/100/3964 3979/107/3979 3961/99/3961
f 3985/111/3985 3975/105/3975 3987/112/3987
f 3986/111/3986 3989/113/3989 3983/110/3983
f 3980/108/3980 3985/111/3985 3984/110/3984
f 3987/112/3987 3988/113/3988 3985/111/3985
f 3969/102/3969 3975/105/3975 3985/111/3985
f 3990/114/3990 3991/115/3991 3992/116/3992
f 3993/117/3993 3994/118/3994 3995/119/3995
f 3996/120/3996 3993/117/3993 3990/114/3990
f 3991/115/3991 3990/114/3990 3993/117/3993
f 3997/121/3997 3998/122/3998 3999/123/3999
f 4000/124/4000 3997/121/3997 3999/123/3999
f 4000/124/4000 3999/123/3999 3995/119/3995
f 3997/121/3997 4000/124/4000 4001/125/4001
f 4002/126/4002 4003/127/4003 4004/128/4004
f 4005/129/4005 4004/128/4004 4006/130/4006
f 4007/131/4007 4002/126/4002 4005/129/4005
f 4004/128/4004 4005/129/4005 4002/126/4002
f 4008/132/4008 4009/133/4009 4010/134/4010
f 4011/135/4011 4009/133/4009 4008/132/4008
f 4009/133/4009 4011/135/4011 4012/136/4012
f 4008/132/4008 4013/218/4013 4011/135/4011
f 4014/137/4014 4015/138/4015 4016/139/4016
f 4017/140/4017 4018/141/4018 4019/142/4019
f 4020/143/4020 4017/140/4017 4014/137/4014
f 4015/138/4015 4014/137/4014 4017/140/4017
f 4021/144/4021 4022/145/4022 4023/146/4023
f 4024/147/4024 4021/144/4021 4023/146/4023
f 4023/146/4023 4019/142/4019 4018/141/4018
f 4021/144/4021 4024/147/4024 4025/148/4025
f 4026/247/4026 4028/151/4028 4030/248/4030
f 4031/249/4031 4028/151/4028 4026/247/4026
f 4031/249/4031 4032/250/4032 4028/151/4028
f 4034/251/4034 4026/247/4026 4030/248/4030
f 4036/253/4036 4034/251/4034 4030/248/4030
f 4036/253/4036 4038/254/4038 4039/252/4039
f 4037/253/4037 4040/252/4040 4035/251/4035
f 4041/256/4041 4045/258/4045 4046/257/4046
f 4044/258/4044 4042/256/4042 4048/150/4048
f 4049/150/4049 4051/255/4051 4043/258/4043
f 4027/151/4027 4033/250/4033 4053/259/4053
f 4047/150/4047 4054/260/4054 4050/255/4050
f 4052/259/4052 4055/260/4055 4029/151/4029
f 4047/150/4047 4028/151/4028 4054/260/4054
f 4056/261/4056 4057/262/4057 4058/166/4058
f 4060/263/4060 4056/261/4056 4058/166/4058
f 4060/263/4060 4058/166/4058 4061/264/4061
f 4064/265/4064 4057/262/4057 4056/261/4056
f 4067/267/4067 4057/262/4057 4064/265/4064
f 4066/267/4066 4069/266/4069 4070/268/4070
f 4065/267/4065 4063/265/4063 4068/266/4068
f 4071/271/4071 4073/270/4073 4076/272/4076
f 4075/272/4075 4078/167/4078 4072/271/4072
f 4077/167/4077 4074/272/4074 4081/269/4081
f 4059/166/4059 4083/273/4083 4062/264/4062
f 4079/167/4079 4080/269/4080 4084/274/4084
f 4082/273/4082 4058/166/4058 4084/274/4084
f 4079/167/4079 4084/274/4084 4058/166/4058
f 4085/181/4085 4086/182/4086 4087/183/4087
f 4088/184/4088 4089/185/4089 4090/186/4090
f 4087/183/4087 4091/187/4091 4090/186/4090
f 4092/188/4092 4093/189/4093 4085/181/4085
f 4087/183/4087 4092/188/4092 4085/181/4085
f 4094/193/4094 4089/185/4089 4088/184/4088
f 4095/190/4095 4096/191/4096 4097/192/4097
f 4098/194/4098 4099/195/4099 4100/196/4100
f 4096/191/4096 4099/195/4099 4101/197/4101
f 4102/198/4102 4101/197/4101 4098/194/4098
f 4099/195/4099 4098/194/4098 4101/197/4101
f 4103/199/4103 4104/200/4104 4105/201/4105
f 4106/202/4106 4107/203/4107 4108/204/4108
f 4105/201/4105 4106/202/4106 4109/205/4109
f 4110/206/4110 4111/207/4111 4103/199/4103
f 4105/201/4105 4110/206/4110 4103/199/4103
f 4108/204/4108 4107/203/4107 4112/208/4112
f 4113/209/4113 4114/210/4114 4115/211/4115
f 4116/212/4116 4117/213/4117 4118/214/4118
f 4117/213/4117 4119/215/4119 4114/210/4114
f 4120/216/4120 4119/215/4119 4116/212/4116
f 4117/213/4117 4116/212/4116 4119/215/4119
f 3811/4/3811 3813/6/3813 3814/7/3814
f 3814/7/3814 3815/8/3815 3810/3/3810
f 3812/5/3812 3817/10/3817 3820/13/3820
f 3818/11/3818 3820/13/3820 3817/10/3817
f 3822/15/3822 3819/12/3819 3818/11/3818
f 3829/23/3829 3831/25/3831 3832/22/3832
f 3828/21/3828 3831/25/3831 3833/26/3833
f 3829/23/3829 3836/217/3836 3830/24/3830
f 3835/28/3835 3838/30/3838 3836/217/3836
f 3837/29/3837 3842/34/3842 3838/30/3838
f 3993/117/3993 3995/119/3995 3991/115/3991
f 4000/124/4000 3995/119/3995 3994/118/3994
f 4005/129/4005 4006/130/4006 4012/136/4012
f 4009/133/4009 4012/136/4012 4006/130/4006
f 4017/140/4017 4019/142/4019 4015/138/4015
f 4023/146/4023 4018/141/4018 4024/147/4024
f 4088/184/4088 4090/186/4090 4091/187/4091
f 4087/183/4087 4090/186/4090 4092/188/4092
f 4094/193/4094 4088/184/4088 4095/190/4095
f 4095/190/4095 4097/192/4097 4094/193/4094
f 4096/191/4096 4101/197/4101 4097/192/4097
f 4106/202/4106 4108/204/4108 4109/205/4109
f 4105/201/4105 4109/205/4109 4110/206/4110
f 4108/204/4108 4112/208/4112 4115/211/4115
f 4113/209/4113 4115/211/4115 4112/208/4112
f 4117/213/4117 4114/210/4114 4113/209/4113
f 4121/1/4121 4122/3/4122 4123/2/4123
f 4124/4/4124 4125/7/4125 4126/6/4126
f 4125/7/4125 4122/3/4122 4127/8/4127
f 4127/8/4127 4121/1/4121 4128/9/4128
f 4122/3/4122 4121/1/4121 4127/8/4127
f 4129/5/4129 4130/13/4130 4131/10/4131
f 4132/11/4132 4131/10/4131 4130/13/4130
f 4133/14/4133 4134/16/4134 4135/15/4135
f 4135/15/4135 4132/11/4132 4136/12/4136
f 4137/18/4137 4133/14/4133 4138/17/4138
f 4135/15/4135 4138/17/4138 4133/14/4133
f 4139/19/4139 4140/21/4140 4141/20/4141
f 4142/23/4142 4143/22/4143 4144/25/4144
f 4140/21/4140 4145/26/4145 4144/25/4144
f 4145/26/4145 4139/19/4139 4146/27/4146
f 4140/21/4140 4139/19/4139 4145/26/4145
f 4142/23/4142 4147/24/4147 4148/217/4148
f 4149/28/4149 4148/217/4148 4150/30/4150
f 4151/31/4151 4152/33/4152 4153/32/4153
f 4154/29/4154 4150/30/4150 4155/34/4155
f 4156/35/4156 4151/31/4151 4155/34/4155
f 4153/32/4153 4155/34/4155 4151/31/4151
f 4157/36/4157 4161/38/4161 4164/37/4164
f 4166/39/4166 4163/37/4163 4159/38/4159
f 4162/37/4162 4165/39/4165 4167/40/4167
f 4162/37/4162 4167/40/4167 4168/41/4168
f 4168/41/4168 4169/42/4169 4162/37/4162
f 4171/43/4171 4158/36/4158 4172/44/4172
f 4174/44/4174 4176/46/4176 4177/45/4177
f 4173/44/4173 4178/45/4178 4170/43/4170
f 4171/43/4171 4160/38/4160 4158/36/4158
f 4179/47/4179 4175/46/4175 4172/44/4172
f 4169/42/4169 4180/49/4180 4181/48/4181
f 4182/50/4182 4185/51/4185 4181/48/4181
f 4169/42/4169 4181/48/4181 4185/51/4185
f 4187/52/4187 4186/51/4186 4183/50/4183
f 4169/42/4169 4168/41/4168 4180/49/4180
f 4190/53/4190 4191/54/4191 4179/47/4179
f 4193/55/4193 4184/51/4184 4188/52/4188
f 4190/53/4190 4185/51/4185 4195/55/4195
f 4192/54/4192 4189/53/4189 4194/55/4194
f 4172/44/4172 4190/53/4190 4179/47/4179
f 4196/56/4196 4197/58/4197 4198/57/4198
f 4199/59/4199 4198/57/4198 4197/58/4197
f 4198/57/4198 4199/59/4199 4200/60/4200
f 4200/60/4200 4201/61/4201 4198/57/4198
f 4202/62/4202 4196/56/4196 4203/63/4203
f 4198/57/4198 4203/63/4203 4196/56/4196
f 4204/64/4204 4205/65/4205 4203/63/4203
f 4203/63/4203 4205/65/4205 4202/62/4202
f 4206/66/4206 4205/65/4205 4204/64/4204
f 4201/61/4201 4207/68/4207 4208/67/4208
f 4209/69/4209 4201/61/4201 4210/70/4210
f 4208/67/4208 4210/70/4210 4201/61/4201
f 4211/71/4211 4201/61/4201 4209/69/4209
f 4201/61/4201 4200/60/4200 4207/68/4207
f 4212/72/4212 4213/73/4213 4204/64/4204
f 4213/73/4213 4206/66/4206 4204/64/4204
f 4211/71/4211 4214/74/4214 4212/72/4212
f 4209/69/4209 4214/74/4214 4211/71/4211
f 4204/64/4204 4211/71/4211 4212/72/4212
f 4215/75/4215 4217/77/4217 4219/76/4219
f 4220/78/4220 4219/76/4219 4217/77/4217
f 4222/78/4222 4216/77/4216 4223/79/4223
f 4224/79/4224 4225/80/4225 4220/78/4220
f 4230/81/4230 4219/76/4219 4232/82/4232
f 4231/82/4231 4234/83/4234 4229/81/4229
f 4218/76/4218 4228/81/4228 4237/84/4237
f 4236/84/4236 4215/75/4215 4219/76/4219
f 4239/85/4239 4235/83/4235 4232/82/4232
f 4242/86/4242 4227/80/4227 4246/87/4246
f 4247/88/4247 4244/86/4244 4248/89/4248
f 4245/87/4245 4249/89/4249 4243/86/4243
f 4251/90/4251 4244/86/4244 4247/88/4247
f 4241/86/4241 4221/78/4221 4226/80/4226
f 4254/91/4254 4258/92/4258 4240/85/4240
f 4256/91/4256 4250/90/4250 4260/93/4260
f 4244/86/4244 4251/90/4251 4253/91/4253
f 4257/92/4257 4255/91/4255 4259/93/4259
f 4233/82/4233 4252/91/4252 4238/85/4238
f 4262/94/4262 4265/96/4265 4266/95/4266
f 4271/97/4271 4268/95/4268 4263/96/4263
f 4270/97/4270 4264/96/4264 4273/98/4273
f 4269/97/4269 4272/98/4272 4274/99/4274
f 4275/99/4275 4276/100/4276 4271/97/4271
f 4278/101/4278 4268/95/4268 4283/102/4283
f 4281/102/4281 4285/103/4285 4279/101/4279
f 4267/95/4267 4280/101/4280 4287/104/4287
f 4286/104/4286 4261/94/4261 4268/95/4268
f 4289/105/4289 4284/103/4284 4282/102/4282
f 4276/100/4276 4290/107/4290 4292/106/4292
f 4293/108/4293 4276/100/4276 4295/109/4295
f 4291/106/4291 4294/109/4294 4277/100/4277
f 4296/110/4296 4293/108/4293 4295/109/4295
f 4276/100/4276 4275/99/4275 4290/107/4290
f 4298/111/4298 4300/112/4300 4288/105/4288
f 4299/111/4299 4297/110/4297 4301/113/4301
f 4293/108/4293 4296/110/4296 4298/111/4298
f 4300/112/4300 4298/111/4298 4302/113/4302
f 4283/102/4283 4298/111/4298 4288/105/4288
f 4303/114/4303 4304/116/4304 4305/115/4305
f 4306/117/4306 4305/115/4305 4307/119/4307
f 4308/120/4308 4303/114/4303 4306/117/4306
f 4305/115/4305 4306/117/4306 4303/114/4303
f 4309/121/4309 4310/123/4310 4311/122/4311
f 4312/124/4312 4310/123/4310 4309/121/4309
f 4312/124/4312 4313/118/4313 4307/119/4307
f 4309/121/4309 4314/125/4314 4312/124/4312
f 4315/126/4315 4316/128/4316 4317/127/4317
f 4318/129/4318 4319/136/4319 4320/130/4320
f 4321/131/4321 4318/129/4318 4315/126/4315
f 4316/128/4316 4315/126/4315 4318/129/4318
f 4322/132/4322 4323/134/4323 4324/133/4324
f 4325/135/4325 4322/132/4322 4324/133/4324
f 4324/133/4324 4320/130/4320 4319/136/4319
f 4322/132/4322 4325/135/4325 4326/218/4326
f 4327/137/4327 4328/139/4328 4329/138/4329
f 4330/140/4330 4329/138/4329 4331/142/4331
f 4332/143/4332 4327/137/4327 4330/140/4330
f 4329/138/4329 4330/140/4330 4327/137/4327
f 4333/144/4333 4334/146/4334 4335/145/4335
f 4336/147/4336 4334/146/4334 4333/144/4333
f 4334/146/4334 4336/147/4336 4337/141/4337
f 4333/144/4333 4338/148/4338 4336/147/4336
f 4339/247/4339 4340/248/4340 4342/151/4342
f 4344/249/4344 4339/247/4339 4342/151/4342
f 4344/249/4344 4342/151/4342 4345/250/4345
f 4347/251/4347 4340/248/4340 4339/247/4339
f 4350/253/4350 4340/248/4340 4347/251/4347
f 4350/253/4350 4352/252/4352 4353/254/4353
f 4349/253/4349 4348/251/4348 4351/252/4351
f 4354/256/4354 4356/257/4356 4359/258/4359
f 4358/258/4358 4362/150/4362 4355/256/4355
f 4360/150/4360 4357/258/4357 4364/255/4364
f 4341/151/4341 4366/259/4366 4346/250/4346
f 4361/150/4361 4363/255/4363 4368/260/4368
f 4365/259/4365 4343/151/4343 4367/260/4367
f 4361/150/4361 4368/260/4368 4342/151/4342
f 4369/261/4369 4370/166/4370 4372/262/4372
f 4373/263/4373 4370/166/4370 4369/261/4369
f 4373/263/4373 4374/264/4374 4370/166/4370
f 4377/265/4377 4369/261/4369 4372/262/4372
f 4378/267/4378 4377/265/4377 4372/262/4372
f 4380/267/4380 4381/268/4381 4383/266/4383
f 4379/267/4379 4382/266/4382 4376/265/4376
f 4385/271/4385 4386/272/4386 4389/270/4389
f 4388/272/4388 4384/271/4384 4390/167/4390
f 4391/167/4391 4394/269/4394 4387/272/4387
f 4371/166/4371 4375/264/4375 4395/273/4395
f 4392/167/4392 4397/274/4397 4393/269/4393
f 4396/273/4396 4397/274/4397 4370/166/4370
f 4392/167/4392 4370/166/4370 4397/274/4397
f 4398/181/4398 4399/183/4399 4400/182/4400
f 4401/184/4401 4402/187/4402 4403/186/4403
f 4399/183/4399 4404/188/4404 4403/186/4403
f 4404/188/4404 4398/181/4398 4405/189/4405
f 4399/183/4399 4398/181/4398 4404/188/4404
f 4406/193/4406 4407/190/4407 4401/184/4401
f 4407/190/4407 4406/193/4406 4408/192/4408
f 4409/194/4409 4410/196/4410 4411/195/4411
f 4412/191/4412 4408/192/4408 4413/197/4413
f 4414/198/4414 4409/194/4409 4413/197/4413
f 4411/195/4411 4413/197/4413 4409/194/4409
f 4415/199/4415 4416/201/4416 4417/200/4417
f 4418/202/4418 4419/205/4419 4420/204/4420
f 4416/201/4416 4421/206/4421 4419/205/4419
f 4421/206/4421 4415/199/4415 4422/207/4422
f 4416/201/4416 4415/199/4415 4421/206/4421
f 4420/204/4420 4423/211/4423 4424/208/4424
f 4425/209/4425 4424/208/4424 4423/211/4423
f 4426/212/4426 4427/214/4427 4428/213/4428
f 4428/213/4428 4425/209/4425 4429/210/4429
f 4430/216/4430 4426/212/4426 4431/215/4431
f 4428/213/4428 4431/215/4431 4426/212/4426
f 4124/4/4124 4126/6/4126 4129/5/4129
f 4125/7/4125 4127/8/4127 4126/6/4126
f 4129/5/4129 4131/10/4131 4124/4/4124
f 4132/11/4132 4130/13/4130 4136/12/4136
f 4135/15/4135 4136/12/4136 4138/17/4138
f 4142/23/4142 4144/25/4144 4147/24/4147
f 4140/21/4140 4144/25/4144 4143/22/4143
f 4142/23/4142 4148/217/4148 4149/28/4149
f 4149/28/4149 4150/30/4150 4154/29/4154
f 4154/29/4154 4155/34/4155 4153/32/4153
f 4306/117/4306 4307/119/4307 4313/118/4313
f 4312/124/4312 4307/119/4307 4310/123/4310
f 4318/129/4318 4320/130/4320 4316/128/4316
f 4324/133/4324 4319/136/4319 4325/135/4325
f 4330/140/4330 4331/142/4331 4337/141/4337
f 4334/146/4334 4337/141/4337 4331/142/4331
f 4401/184/4401 4403/186/4403 4432/185/4432
f 4399/183/4399 4403/186/4403 4402/187/4402
f 4406/193/4406 4401/184/4401 4432/185/4432
f 4407/190/4407 4408/192/4408 4412/191/4412
f 4412/191/4412 4413/197/4413 4411/195/4411
f 4418/202/4418 4420/204/4420 4433/203/4433
f 4416/201/4416 4419/205/4419 4418/202/4418
f 4420/204/4420 4424/208/4424 4433/203/4433
f 4425/209/4425 4423/211/4423 4429/210/4429
f 4428/213/4428 4429/210/4429 4431/215/4431
f 4434/1/4434 4435/2/4435 4436/3/4436
f 4437/4/4437 4438/5/4438 4439/6/4439
f 4440/7/4440 4439/6/4439 4441/8/4441
f 4441/8/4441 4442/9/4442 4434/1/4434
f 4436/3/4436 4441/8/4441 4434/1/4434
f 4438/5/4438 4437/4/4437 4443/10/4443
f 4444/11/4444 4445/12/4445 4446/13/4446
f 4447/14/4447 4448/15/4448 4449/16/4449
f 4448/15/4448 4450/17/4450 4445/12/4445
f 4451/18/4451 4450/17/4450 4447/14/4447
f 4448/15/4448 4447/14/4447 4450/17/4450
f 4452/19/4452 4453/20/4453 4454/21/4454
f 4455/23/4455 4456/24/4456 4457/25/4457
f 4454/21/4454 4458/22/4458 4457/25/4457
f 4459/26/4459 4460/27/4460 4452/19/4452
f 4454/21/4454 4459/26/4459 4452/19/4452
f 4455/23/4455 4461/28/4461 4462/217/4462
f 4461/28/4461 4463/29/4463 4464/30/4464
f 4465/31/4465 4466/32/4466 4467/33/4467
f 4463/29/4463 4466/32/4466 4468/34/4468
f 4469/35/4469 4468/34/4468 4465/31/4465
f 4466/32/4466 4465/31/4465 4468/34/4468
f 4470/36/4470 4474/37/4474 4475/38/4475
f 4479/39/4479 4476/38/4476 4473/37/4473
f 4472/37/4472 4480/40/4480 4478/39/4478
f 4472/37/4472 4481/41/4481 4480/40/4480
f 4481/41/4481 4472/37/4472 4482/42/4482
f 4483/43/4483 4485/44/4485 4471/36/4471
f 4487/44/4487 4488/45/4488 4490/46/4490
f 4486/44/4486 4484/43/4484 4489/45/4489
f 4483/43/4483 4471/36/4471 4477/38/4477
f 4492/47/4492 4485/44/4485 4491/46/4491
f 4482/42/4482 4493/48/4493 4494/49/4494
f 4496/50/4496 4493/48/4493 4498/51/4498
f 4482/42/4482 4498/51/4498 4493/48/4493
f 4501/52/4501 4495/50/4495 4499/51/4499
f 4482/42/4482 4494/49/4494 4481/41/4481
f 4503/53/4503 4492/47/4492 4505/54/4505
f 4507/55/4507 4500/52/4500 4497/51/4497
f 4503/53/4503 4506/55/4506 4498/51/4498
f 4504/54/4504 4508/55/4508 4502/53/4502
f 4485/44/4485 4492/47/4492 4503/53/4503
f 4509/56/4509 4510/57/4510 4511/58/4511
f 4512/59/4512 4511/58/4511 4510/57/4510
f 4510/57/4510 4513/60/4513 4512/59/4512
f 4513/60/4513 4510/57/4510 4514/61/4514
f 4515/62/4515 4516/63/4516 4509/56/4509
f 4510/57/4510 4509/56/4509 4516/63/4516
f 4517/64/4517 4516/63/4516 4518/65/4518
f 4516/63/4516 4515/62/4515 4518/65/4518
f 4519/66/4519 4517/64/4517 4518/65/4518
f 4514/61/4514 4520/67/4520 4521/68/4521
f 4522/69/4522 4523/70/4523 4514/61/4514
f 4520/67/4520 4514/61/4514 4523/70/4523
f 4524/71/4524 4522/69/4522 4514/61/4514
f 4514/61/4514 4521/68/4521 4513/60/4513
f 4525/72/4525 4517/64/4517 4526/73/4526
f 4526/73/4526 4517/64/4517 4519/66/4519
f 4524/71/4524 4525/72/4525 4527/74/4527
f 4522/69/4522 4524/71/4524 4527/74/4527
f 4517/64/4517 4525/72/4525 4524/71/4524
f 4528/75/4528 4529/76/4529 4531/77/4531
f 4533/78/4533 4531/77/4531 4529/76/4529
f 4534/78/4534 4536/79/4536 4532/77/4532
f 4537/79/4537 4533/78/4533 4539/80/4539
f 4543/81/4543 4544/82/4544 4529/76/4529
f 4546/82/4546 4541/81/4541 4548/83/4548
f 4530/76/4530 4549/84/4549 4542/81/4542
f 4550/84/4550 4529/76/4529 4528/75/4528
f 4553/85/4553 4544/82/4544 4547/83/4547
f 4555/86/4555 4558/87/4558 4540/80/4540
f 4560/88/4560 4562/89/4562 4557/86/4557
f 4559/87/4559 4554/86/4554 4561/89/4561
f 4563/90/4563 4560/88/4560 4557/86/4557
f 4556/86/4556 4538/80/4538 4535/78/4535
f 4566/91/4566 4552/85/4552 4570/92/4570
f 4565/91/4565 4573/93/4573 4564/90/4564
f 4557/86/4557 4567/91/4567 4563/90/4563
f 4571/92/4571 4572/93/4572 4568/91/4568
f 4545/82/4545 4551/85/4551 4569/91/4569
f 4575/94/4575 4578/95/4578 4580/96/4580
f 4582/97/4582 4579/96/4579 4577/95/4577
f 4583/97/4583 4585/98/4585 4581/96/4581
f 4584/97/4584 4588/99/4588 4586/98/4586
f 4587/99/4587 4582/97/4582 4589/100/4589
f 4593/101/4593 4596/102/4596 4577/95/4577
f 4595/102/4595 4591/101/4591 4598/103/4598
f 4576/95/4576 4599/104/4599 4592/101/4592
f 4600/104/4600 4577/95/4577 4574/94/4574
f 4602/105/4602 4594/102/4594 4597/103/4597
f 4589/100/4589 4603/106/4603 4605/107/4605
f 4606/108/4606 4607/109/4607 4589/100/4589
f 4604/106/4604 4590/100/4590 4608/109/4608
f 4610/110/4610 4607/109/4607 4606/108/4606
f 4589/100/4589 4605/107/4605 4587/99/4587
f 4611/111/4611 4601/105/4601 4613/112/4613
f 4612/111/4612 4615/113/4615 4609/110/4609
f 4606/108/4606 4611/111/4611 4610/110/4610
f 4613/112/4613 4614/113/4614 4611/111/4611
f 4596/102/4596 4601/105/4601 4611/111/4611
f 4616/114/4616 4617/115/4617 4618/116/4618
f 4619/117/4619 4620/118/4620 4621/119/4621
f 4622/120/4622 4619/117/4619 4616/114/4616
f 4617/115/4617 4616/114/4616 4619/117/4619
f 4623/121/4623 4624/122/4624 4625/123/4625
f 4626/124/4626 4623/121/4623 4625/123/4625
f 4626/124/4626 4625/123/4625 4621/119/4621
f 4623/121/4623 4626/124/4626 4627/125/4627
f 4628/126/4628 4629/127/4629 4630/128/4630
f 4631/129/4631 4630/128/4630 4632/130/4632
f 4633/131/4633 4628/126/4628 4631/129/4631
f 4630/128/4630 4631/129/4631 4628/126/4628
f 4634/132/4634 4635/133/4635 4636/134/4636
f 4637/135/4637 4635/133/4635 4634/132/4634
f 4635/133/4635 4637/135/4637 4638/136/4638
f 4634/132/4634 4639/218/4639 4637/135/4637
f 4640/137/4640 4641/138/4641 4642/139/4642
f 4643/140/4643 4644/141/4644 4645/142/4645
f 4646/143/4646 4643/140/4643 4640/137/4640
f 4641/138/4641 4640/137/4640 4643/140/4643
f 4647/144/4647 4648/145/4648 4649/146/4649
f 4650/147/4650 4647/144/4647 4649/146/4649
f 4649/146/4649 4645/142/4645 4644/141/4644
f 4647/144/4647 4650/147/4650 4651/148/4651
f 4652/247/4652 4655/151/4655 4656/248/4656
f 4657/249/4657 4655/151/4655 4652/247/4652
f 4657/249/4657 4658/250/4658 4655/151/4655
f 4660/251/4660 4652/247/4652 4656/248/4656
f 4662/253/4662 4660/251/4660 4656/248/4656
f 4662/253/4662 4664/254/4664 4666/252/4666
f 4663/253/4663 4665/252/4665 4661/251/4661
f 4667/256/4667 4671/258/4671 4672/257/4672
f 4670/258/4670 4668/256/4668 4673/150/4673
f 4674/150/4674 4676/255/4676 4669/258/4669
f 4653/151/4653 4659/250/4659 4679/259/4679
f 4675/150/4675 4681/260/4681 4677/255/4677
f 4678/259/4678 4680/260/4680 4654/151/4654
f 4675/150/4675 4655/151/4655 4681/260/4681
f 4682/261/4682 4683/262/4683 4684/166/4684
f 4686/263/4686 4682/261/4682 4684/166/4684
f 4686/263/4686 4684/166/4684 4687/264/4687
f 4690/265/4690 4683/262/4683 4682/261/4682
f 4692/267/4692 4683/262/4683 4690/265/4690
f 4691/267/4691 4694/266/4694 4696/268/4696
f 4693/267/4693 4689/265/4689 4695/266/4695
f 4697/271/4697 4699/270/4699 4702/272/4702
f 4701/272/4701 4705/167/4705 4698/271/4698
f 4704/167/4704 4700/272/4700 4706/269/4706
f 4685/166/4685 4709/273/4709 4688/264/4688
f 4703/167/4703 4707/269/4707 4710/274/4710
f 4708/273/4708 4684/166/4684 4710/274/4710
f 4703/167/4703 4710/274/4710 4684/166/4684
f 4711/181/4711 4712/182/4712 4713/183/4713
f 4714/184/4714 4715/185/4715 4716/186/4716
f 4713/183/4713 4717/187/4717 4716/186/4716
f 4718/188/4718 4719/189/4719 4711/181/4711
f 4713/183/4713 4718/188/4718 4711/181/4711
f 4720/193/4720 4715/185/4715 4714/184/4714
f 4721/190/4721 4722/191/4722 4723/192/4723
f 4724/194/4724 4725/195/4725 4726/196/4726
f 4722/191/4722 4725/195/4725 4727/197/4727
f 4728/198/4728 4727/197/4727 4724/194/4724
f 4725/195/4725 4724/194/4724 4727/197/4727
f 4729/199/4729 4730/200/4730 4731/201/4731
f 4732/202/4732 4733/203/4733 4734/204/4734
f 4731/201/4731 4732/202/4732 4735/205/4735
f 4736/206/4736 4737/207/4737 4729/199/4729
f 4731/201/4731 4736/206/4736 4729/199/4729
f 4734/204/4734 4733/203/4733 4738/208/4738
f 4739/209/4739 4740/210/4740 4741/211/4741
f 4742/212/4742 4743/213/4743 4744/214/4744
f 4743/213/4743 4745/215/4745 4740/210/4740
f 4746/216/4746 4745/215/4745 4742/212/4742
f 4743/213/4743 4742/212/4742 4745/215/4745
f 4437/4/4437 4439/6/4439 4440/7/4440
f 4440/7/4440 4441/8/4441 4436/3/4436
f 4438/5/4438 4443/10/4443 4446/13/4446
f 4444/11/4444 4446/13/4446 4443/10/4443
f 4448/15/4448 4445/12/4445 4444/11/4444
f 4455/23/4455 4457/25/4457 4458/22/4458
f 4454/21/4454 4457/25/4457 4459/26/4459
f 4455/23/4455 4462/217/4462 4456/24/4456
f 4461/28/4461 4464/30/4464 4462/217/4462
f 4463/29/4463 4468/34/4468 4464/30/4464
f 4619/117/4619 4621/119/4621 4617/115/4617
f 4626/124/4626 4621/119/4621 4620/118/4620
f 4631/129/4631 4632/130/4632 4638/136/4638
f 4635/133/4635 4638/136/4638 4632/130/4632
f 4643/140/4643 4645/142/4645 4641/138/4641
f 4649/146/4649 4644/141/4644 4650/147/4650
f 4714/184/4714 4716/186/4716 4717/187/4717
f 4713/183/4713 4716/186/4716 4718/188/4718
f 4720/193/4720 4714/184/4714 4721/190/4721
f 4721/190/4721 4723/192/4723 4720/193/4720
f 4722/191/4722 4727/197/4727 4723/192/4723
f 4732/202/4732 4734/204/4734 4735/205/4735
f 4731/201/4731 4735/205/4735 4736/206/4736
f 4734/204/4734 4738/208/4738 4741/211/4741
f 4739/209/4739 4741/211/4741 4738/208/4738
f 4743/213/4743 4740/210/4740 4739/209/4739
f 4747/1/4747 4748/3/4748 4749/2/4749
f 4750/4/4750 4751/7/4751 4752/6/4752
f 4751/7/4751 4748/3/4748 4753/8/4753
f 4753/8/4753 4747/1/4747 4754/9/4754
f 4748/3/4748 4747/1/4747 4753/8/4753
f 4755/5/4755 4756/13/4756 4757/10/4757
f 4758/11/4758 4757/10/4757 4756/13/4756
f 4759/14/4759 4760/16/4760 4761/15/4761
f 4761/15/4761 4758/11/4758 4762/12/4762
f 4763/18/4763 4759/14/4759 4764/17/4764
f 4761/15/4761 4764/17/4764 4759/14/4759
f 4765/19/4765 4766/21/4766 4767/20/4767
f 4768/23/4768 4769/22/4769 4770/25/4770
f 4766/21/4766 4771/26/4771 4770/25/4770
f 4771/26/4771 4765/19/4765 4772/27/4772
f 4766/21/4766 4765/19/4765 4771/26/4771
f 4768/23/4768 4773/24/4773 4774/217/4774
f 4775/28/4775 4774/217/4774 4776/30/4776
f 4777/31/4777 4778/33/4778 4779/32/4779
f 4780/29/4780 4776/30/4776 4781/34/4781
f 4782/35/4782 4777/31/4777 4781/34/4781
f 4779/32/4779 4781/34/4781 4777/31/4777
f 4784/36/4784 4785/38/4785 4789/37/4789
f 4791/39/4791 4788/37/4788 4787/38/4787
f 4790/37/4790 4792/39/4792 4793/40/4793
f 4790/37/4790 4793/40/4793 4794/41/4794
f 4794/41/4794 4795/42/4795 4790/37/4790
f 4797/43/4797 4783/36/4783 4798/44/4798
f 4800/44/4800 4801/46/4801 4804/45/4804
f 4799/44/4799 4803/45/4803 4796/43/4796
f 4797/43/4797 4786/38/4786 4783/36/4783
f 4805/47/4805 4802/46/4802 4798/44/4798
f 4795/42/4795 4806/49/4806 4807/48/4807
f 4808/50/4808 4812/51/4812 4807/48/4807
f 4795/42/4795 4807/48/4807 4812/51/4812
f 4813/52/4813 4811/51/4811 4809/50/4809
f 4795/42/4795 4794/41/4794 4806/49/4806
f 4815/53/4815 4817/54/4817 4805/47/4805
f 4820/55/4820 4810/51/4810 4814/52/4814
f 4815/53/4815 4812/51/4812 4821/55/4821
f 4818/54/4818 4816/53/4816 4819/55/4819
f 4798/44/4798 4815/53/4815 4805/47/4805
f 4822/56/4822 4823/58/4823 4824/57/4824
f 4825/59/4825 4824/57/4824 4823/58/4823
f 4824/57/4824 4825/59/4825 4826/60/4826
f 4826/60/4826 4827/61/4827 4824/57/4824
f 4828/62/4828 4822/56/4822 4829/63/4829
f 4824/57/4824 4829/63/4829 4822/56/4822
f 4830/64/4830 4831/65/4831 4829/63/4829
f 4829/63/4829 4831/65/4831 4828/62/4828
f 4832/66/4832 4831/65/4831 4830/64/4830
f 4827/61/4827 4833/68/4833 4834/67/4834
f 4835/69/4835 4827/61/4827 4836/70/4836
f 4834/67/4834 4836/70/4836 4827/61/4827
f 4837/71/4837 4827/61/4827 4835/69/4835
f 4827/61/4827 4826/60/4826 4833/68/4833
f 4838/72/4838 4839/73/4839 4830/64/4830
f 4839/73/4839 4832/66/4832 4830/64/4830
f 4837/71/4837 4840/74/4840 4838/72/4838
f 4835/69/4835 4840/74/4840 4837/71/4837
f 4830/64/4830 4837/71/4837 4838/72/4838
f 4841/75/4841 4842/77/4842 4844/76/4844
f 4846/78/4846 4844/76/4844 4842/77/4842
f 4847/78/4847 4843/77/4843 4849/79/4849
f 4850/79/4850 4852/80/4852 4846/78/4846
f 4855/81/4855 4844/76/4844 4858/82/4858
f 4857/82/4857 4861/83/4861 4856/81/4856
f 4845/76/4845 4854/81/4854 4862/84/4862
f 4863/84/4863 4841/75/4841 4844/76/4844
f 4864/85/4864 4860/83/4860 4858/82/4858
f 4868/86/4868 4853/80/4853 4871/87/4871
f 4873/88/4873 4867/86/4867 4875/89/4875
f 4872/87/4872 4874/89/4874 4869/86/4869
f 4877/90/4877 4867/86/4867 4873/88/4873
f 4870/86/4870 4848/78/4848 4851/80/4851
f 4881/91/4881 4883/92/4883 4865/85/4865
f 4880/91/4880 4876/90/4876 4885/93/4885
f 4867/86/4867 4877/90/4877 4879/91/4879
f 4884/92/4884 4878/91/4878 4886/93/4886
f 4859/82/4859 4882/91/4882 4866/85/4866
f 4887/94/4887 4891/96/4891 4892/95/4892
f 4896/97/4896 4893/95/4893 4890/96/4890
f 4895/97/4895 4889/96/4889 4899/98/4899
f 4897/97/4897 4898/98/4898 4901/99/4901
f 4900/99/4900 4902/100/4902 4896/97/4896
f 4904/101/4904 4893/95/4893 4907/102/4907
f 4908/102/4908 4911/103/4911 4905/101/4905
f 4894/95/4894 4906/101/4906 4913/104/4913
f 4912/104/4912 4888/94/4888 4893/95/4893
f 4914/105/4914 4910/103/4910 4909/102/4909
f 4902/100/4902 4916/107/4916 4917/106/4917
f 4919/108/4919 4902/100/4902 4921/109/4921
f 4918/106/4918 4920/109/4920 4903/100/4903
f 4922/110/4922 4919/108/4919 4921/109/4921
f 4902/100/4902 4900/99/4900 4916/107/4916
f 4924/111/4924 4926/112/4926 4915/105/4915
f 4925/111/4925 4923/110/4923 4928/113/4928
f 4919/108/4919 4922/110/4922 4924/111/4924
f 4926/112/4926 4924/111/4924 4927/113/4927
f 4907/102/4907 4924/111/4924 4915/105/4915
f 4929/114/4929 4930/116/4930 4931/115/4931
f 4932/117/4932 4931/115/4931 4933/119/4933
f 4934/120/4934 4929/114/4929 4932/117/4932
f 4931/115/4931 4932/117/4932 4929/114/4929
f 4935/121/4935 4936/123/4936 4937/122/4937
f 4938/124/4938 4936/123/4936 4935/121/4935
f 4938/124/4938 4939/118/4939 4933/119/4933
f 4935/121/4935 4940/125/4940 4938/124/4938
f 4941/126/4941 4942/128/4942 4943/127/4943
f 4944/129/4944 4945/136/4945 4946/130/4946
f 4947/131/4947 4944/129/4944 4941/126/4941
f 4942/128/4942 4941/126/4941 4944/129/4944
f 4948/132/4948 4949/134/4949 4950/133/4950
f 4951/135/4951 4948/132/4948 4950/133/4950
f 4950/133/4950 4946/130/4946 4945/136/4945
f 4948/132/4948 4951/135/4951 4952/218/4952
f 4953/137/4953 4954/139/4954 4955/138/4955
f 4956/140/4956 4955/138/4955 4957/142/4957
f 4958/143/4958 4953/137/4953 4956/140/4956
f 4955/138/4955 4956/140/4956 4953/137/4953
f 4959/144/4959 4960/146/4960 4961/145/4961
f 4962/147/4962 4960/146/4960 4959/144/4959
f 4960/146/4960 4962/147/4962 4963/141/4963
f 4959/144/4959 4964/148/4964 4962/147/4962
f 4965/247/4965 4966/248/4966 4967/151/4967
f 4970/249/4970 4965/247/4965 4967/151/4967
f 4970/249/4970 4967/151/4967 4972/250/4972
f 4973/251/4973 4966/248/4966 4965/247/4965
f 4976/253/4976 4966/248/4966 4973/251/4973
f 4976/253/4976 4977/252/4977 4979/254/4979
f 4975/253/4975 4974/251/4974 4978/252/4978
f 4981/256/4981 4982/257/4982 4983/258/4983
f 4985/258/4985 4987/150/4987 4980/256/4980
f 4986/150/4986 4984/258/4984 4989/255/4989
f 4969/151/4969 4991/259/4991 4971/250/4971
f 4988/150/4988 4990/255/4990 4994/260/4994
f 4992/259/4992 4968/151/4968 4993/260/4993
f 4988/150/4988 4994/260/4994 4967/151/4967
f 4995/261/4995 4996/166/4996 4998/262/4998
f 4999/263/4999 4996/166/4996 4995/261/4995
f 4999/263/4999 5000/264/5000 4996/166/4996
f 5002/265/5002 4995/261/4995 4998/262/4998
f 5006/267/5006 5002/265/5002 4998/262/4998
f 5004/267/5004 5007/268/5007 5008/266/5008
f 5005/267/5005 5009/266/5009 5003/265/5003
f 5011/271/5011 5012/272/5012 5015/270/5015
f 5014/272/5014 5010/271/5010 5016/167/5016
f 5017/167/5017 5019/269/5019 5013/272/5013
f 4997/166/4997 5001/264/5001 5021/273/5021
f 5018/167/5018 5023/274/5023 5020/269/5020
f 5022/273/5022 5023/274/5023 4996/166/4996
f 5018/167/5018 4996/166/4996 5023/274/5023
f 5024/181/5024 5025/183/5025 5026/182/5026
f 5027/184/5027 5028/187/5028 5029/186/5029
f 5025/183/5025 5030/188/5030 5029/186/5029
f 5030/188/5030 5024/181/5024 5031/189/5031
f 5025/183/5025 5024/181/5024 5030/188/5030
f 5032/193/5032 5033/190/5033 5027/184/5027
f 5033/190/5033 5032/193/5032 5034/192/5034
f 5035/194/5035 5036/196/5036 5037/195/5037
f 5038/191/5038 5034/192/5034 5039/197/5039
f 5040/198/5040 5035/194/5035 5039/197/5039
f 5037/195/5037 5039/197/5039 5035/194/5035
f 5041/199/5041 5042/201/5042 5043/200/5043
f 5044/202/5044 5045/205/5045 5046/204/5046
f 5042/201/5042 5047/206/5047 5045/205/5045
f 5047/206/5047 5041/199/5041 5048/207/5048
f 5042/201/5042 5041/199/5041 5047/206/5047
f 5046/204/5046 5049/211/5049 5050/208/5050
f 5051/209/5051 5050/208/5050 5049/211/5049
f 5052/212/5052 5053/214/5053 5054/213/5054
f 5054/213/5054 5051/209/5051 5055/210/5055
f 5056/216/5056 5052/212/5052 5057/215/5057
f 5054/213/5054 5057/215/5057 5052/212/5052
f 4750/4/4750 4752/6/4752 4755/5/4755
f 4751/7/4751 4753/8/4753 4752/6/4752
f 4755/5/4755 4757/10/4757 4750/4/4750
f 4758/11/4758 4756/13/4756 4762/12/4762
f 4761/15/4761 4762/12/4762 4764/17/4764
f 4768/23/4768 4770/25/4770 4773/24/4773
f 4766/21/4766 4770/25/4770 4769/22/4769
f 4768/23/4768 4774/217/4774 4775/28/4775
f 4775/28/4775 4776/30/4776 4780/29/4780
f 4780/29/4780 4781/34/4781 4779/32/4779
f 4932/117/4932 4933/119/4933 4939/118/4939
f 4938/124/4938 4933/119/4933 4936/123/4936
f 4944/129/4944 4946/130/4946 4942/128/4942
f 4950/133/4950 4945/136/4945 4951/135/4951
f 4956/140/4956 4957/142/4957 4963/141/4963
f 4960/146/4960 4963/141/4963 4957/142/4957
f 5027/184/5027 5029/186/5029 5058/185/5058
f 5025/183/5025 5029/186/5029 5028/187/5028
f 5032/193/5032 5027/184/5027 5058/185/5058
f 5033/190/5033 5034/192/5034 5038/191/5038
f 5038/191/5038 5039/197/5039 5037/195/5037
f 5044/202/5044 5046/204/5046 5059/203/5059
f 5042/201/5042 5045/205/5045 5044/202/5044
f 5046/204/5046 5050/208/5050 5059/203/5059
f 5051/209/5051 5049/211/5049 5055/210/5055
f 5054/213/5054 5055/210/5055 5057/215/5057
# 3200 faces, 274 coords texture

# End of File
