####
#
# OBJ File Generated by Meshlab
#
####
# Object quad_table_1.obj
#
# Vertices: 3119
# Faces: 1696
#
####
mtllib ./quad_table_1.obj.mtl

vn 0.8612080 -0.5082527 0.0000000
v -0.4408290 -0.9265751 -0.0478349
vn 0.8612080 -0.5082527 0.0000000
v -0.4408290 -0.9265751 -0.0478349
vn 0.8612080 -0.5082527 0.0000000
v -0.4408290 -0.9265751 -0.0478349
vn 0.8612080 -0.5082527 0.0000000
v -0.4408290 -0.9265751 -0.0605349
vn 0.8612073 -0.5082538 -0.0000085
v -0.4408290 -0.9265751 -0.0605349
vn 0.8612066 -0.5082551 0.0000000
v -0.4408290 -0.9265751 -0.0605349
vn 0.8612080 -0.5082527 0.0000000
v -0.4190525 -0.8896760 -0.0668849
vn 0.8612080 -0.5082527 0.0000000
v -0.4190525 -0.8896760 -0.0668849
vn 0.8612074 -0.5082538 -0.0000085
v -0.4190525 -0.8896760 -0.0668849
vn 0.8612073 -0.5082538 -0.0000085
v -0.4586412 -0.9567568 -0.0668849
vn 0.8612065 -0.5082551 0.0000000
v -0.4586412 -0.9567568 -0.0668849
vn 0.8612073 -0.5082538 0.0000085
v -0.4408290 -0.9265751 -0.0351349
vn 0.8612066 -0.5082551 0.0000000
v -0.4408290 -0.9265751 -0.0351349
vn 0.8612080 -0.5082527 0.0000000
v -0.4408290 -0.9265751 -0.0351349
vn 0.8612080 -0.5082527 0.0000000
v -0.4190525 -0.8896760 -0.0287849
vn 0.8612080 -0.5082527 0.0000000
v -0.4190525 -0.8896760 -0.0287849
vn 0.8612073 -0.5082538 0.0000085
v -0.4190525 -0.8896760 -0.0287849
vn 0.8612065 -0.5082551 0.0000000
v -0.4586412 -0.9567568 -0.0287849
vn 0.8612073 -0.5082538 0.0000085
v -0.4586412 -0.9567568 -0.0287849
vn 0.8612065 -0.5082551 0.0000000
v -0.4586412 -0.9567568 -0.0351349
vn 0.8612066 -0.5082552 0.0000000
v -0.4586412 -0.9567568 -0.0605349
vn 0.0000000 -1.0000000 0.0000000
v -0.4586412 -0.9567568 -0.0287849
vn 0.0000000 -1.0000000 0.0000000
v -0.4880578 -0.9567568 -0.0287849
vn 0.0000000 -1.0000000 0.0000000
v -0.4880578 -0.9567568 -0.0351349
vn -1.0000000 0.0000000 0.0000000
v -0.4880578 -0.9011595 -0.0605349
vn -1.0000000 0.0000000 0.0000000
v -0.4880578 -0.9567568 -0.0668849
vn -1.0000000 0.0000000 0.0000000
v -0.4880578 -0.9567568 -0.0605349
vn -1.0000000 0.0000000 0.0000000
v -0.4880578 -0.9011595 -0.0351349
vn -1.0000000 0.0000000 0.0000000
v -0.4880578 -0.9567568 -0.0351349
vn -1.0000000 0.0000000 0.0000000
v -0.4880578 -0.9567568 -0.0287849
vn -1.0000000 0.0000000 0.0000000
v -0.4880578 -0.9011595 -0.0478349
vn -1.0000000 0.0000000 0.0000000
v -0.4880578 -0.8896760 -0.0668849
vn -1.0000000 0.0000000 0.0000000
v -0.4880578 -0.8896760 -0.0287849
vn 0.0000000 0.0000000 -1.0000000
v -0.4586412 -0.9567568 -0.0668849
vn 0.0000000 0.0000000 -1.0000000
v -0.4880578 -0.9567568 -0.0668849
vn 0.0000000 0.0000000 -1.0000000
v -0.4880578 -0.8896760 -0.0668849
vn 0.0000000 0.0000000 -1.0000000
v -0.4190525 -0.8896760 -0.0668849
vn 0.0000000 0.0000000 1.0000000
v -0.4586412 -0.9567568 -0.0287849
vn 0.0000000 0.0000000 1.0000000
v -0.4880578 -0.8896760 -0.0287849
vn 0.0000000 0.0000000 1.0000000
v -0.4880578 -0.9567568 -0.0287849
vn 0.0000000 0.0000000 1.0000000
v -0.4190525 -0.8896760 -0.0287849
vn 0.9822897 -0.1873689 0.0000000
v -0.0104728 -0.9377000 -0.0478349
vn 0.9268618 -0.3754027 0.0000000
v -0.0131479 -0.9517244 -0.0605349
vn 0.9822896 -0.1873688 0.0000000
v -0.0104728 -0.9377000 -0.0605349
vn 0.3754021 -0.9268621 0.0000000
v -0.0345484 -0.9731249 -0.0605349
vn 0.7071075 -0.7071060 0.0000000
v -0.0216320 -0.9646407 -0.0605349
vn 0.7071076 -0.7071059 0.0000000
v -0.0216320 -0.9646407 -0.0351349
vn 0.3754021 -0.9268621 0.0000000
v -0.0345484 -0.9731249 -0.0351349
vn 0.0000004 -1.0000000 0.0000000
v -0.0485728 -0.9758000 -0.0351349
vn 0.0000004 -1.0000000 0.0000000
v -0.0485728 -0.9758000 -0.0605349
vn 0.9268618 -0.3754027 0.0000000
v -0.0131479 -0.9517244 -0.0351349
vn 0.9822896 -0.1873688 0.0000000
v -0.0104728 -0.9377000 -0.0351349
vn -0.7071072 -0.7071064 0.0000000
v -0.0755135 -0.9646407 -0.0605349
vn -0.3754026 -0.9268619 0.0000000
v -0.0625972 -0.9731249 -0.0605349
vn -0.3754026 -0.9268619 0.0000000
v -0.0625972 -0.9731249 -0.0351349
vn -0.9440332 -0.3285820 0.0288999
v -0.0839977 -0.9517244 -0.0351349
vn -0.9994816 -0.0209424 0.0244538
v -0.0866728 -0.9377000 -0.0605349
vn -0.9268620 -0.3754023 0.0000000
v -0.0839977 -0.9517244 -0.0605349
vn -0.9890453 0.1476124 0.0000000
v -0.0850124 -0.9265751 -0.0478349
vn -0.9890453 0.1476124 0.0000000
v -0.0850124 -0.9265751 -0.0605349
vn -0.7071072 -0.7071064 0.0000000
v -0.0755135 -0.9646407 -0.0351349
vn -0.9980868 0.0094533 0.0611028
v -0.0850124 -0.9265751 -0.0351349
vn 0.0000000 0.0000000 -1.0000000
v -0.0377836 -0.9567568 -0.0605349
vn 0.0000000 0.0000000 -1.0000000
v -0.0377836 -0.9567568 -0.0605349
vn 0.0000000 0.0000000 -1.0000000
v -0.0377836 -0.9567568 -0.0605349
vn 0.0000000 0.0000000 -1.0000000
v -0.0377836 -0.9567568 -0.0605349
vn 0.0000000 0.0000000 -1.0000000
v -0.0377836 -0.9567568 -0.0605349
vn 0.0000000 0.0000000 -1.0000000
v -0.0216320 -0.9646407 -0.0605349
vn 0.0000000 0.0000000 -1.0000000
v -0.0216320 -0.9646407 -0.0605349
vn 0.0000000 0.0000000 -1.0000000
v -0.0345484 -0.9731249 -0.0605349
vn 0.0000000 0.0000000 -1.0000000
v -0.0345484 -0.9731249 -0.0605349
vn 0.0000000 0.0000000 -1.0000000
v -0.0485728 -0.9758000 -0.0605349
vn 0.0000000 0.0000000 -1.0000000
v -0.0485728 -0.9758000 -0.0605349
vn 0.0000000 0.0000000 -1.0000000
v -0.0131479 -0.9517244 -0.0605349
vn 0.0000000 0.0000000 -1.0000000
v -0.0131479 -0.9517244 -0.0605349
vn 0.0000000 0.0000000 -1.0000000
v -0.0104728 -0.9377000 -0.0605349
vn 0.0000000 0.0000000 -1.0000000
v -0.0104728 -0.9377000 -0.0605349
vn 0.0000000 0.0000000 -1.0000000
v -0.0121857 -0.9264045 -0.0605349
vn 0.0000000 0.0000000 -1.0000000
v -0.0121857 -0.9264045 -0.0605349
vn 0.0000000 0.0000000 -1.0000000
v -0.0176964 -0.9153783 -0.0605349
vn 0.0000000 0.0000000 -1.0000000
v -0.0377836 -0.9011595 -0.0605349
vn 0.0000000 0.0000000 -1.0000000
v -0.0672002 -0.9567568 -0.0605349
vn 0.0000000 0.0000000 -1.0000000
v -0.0672002 -0.9567568 -0.0605349
vn 0.0000000 0.0000000 -1.0000000
v -0.0672002 -0.9567568 -0.0605349
vn 0.0000000 0.0000000 -1.0000000
v -0.0672002 -0.9567568 -0.0605349
vn 0.0000000 0.0000000 -1.0000000
v -0.0625972 -0.9731249 -0.0605349
vn 0.0000000 0.0000000 -1.0000000
v -0.0625972 -0.9731249 -0.0605349
vn 0.0000000 0.0000000 -1.0000000
v -0.0839977 -0.9517244 -0.0605349
vn 0.0000000 0.0000000 -1.0000000
v -0.0839977 -0.9517244 -0.0605349
vn 0.0000000 0.0000000 -1.0000000
v -0.0755135 -0.9646407 -0.0605349
vn 0.0000000 0.0000000 -1.0000000
v -0.0755135 -0.9646407 -0.0605349
vn 0.0000000 0.0000000 -1.0000000
v -0.0866728 -0.9377000 -0.0605349
vn 0.0000000 0.0000000 -1.0000000
v -0.0866728 -0.9377000 -0.0605349
vn 0.0000000 0.0000000 -1.0000000
v -0.0850124 -0.9265751 -0.0605349
vn 0.0000000 0.0000000 1.0000000
v -0.0377836 -0.9567568 -0.0351349
vn 0.0000000 0.0000000 1.0000000
v -0.0377836 -0.9567568 -0.0351349
vn 0.0000000 0.0000000 1.0000000
v -0.0377836 -0.9567568 -0.0351349
vn 0.0000000 0.0000000 1.0000000
v -0.0377836 -0.9567568 -0.0351349
vn 0.0000000 0.0000000 1.0000000
v -0.0377836 -0.9567568 -0.0351349
vn 0.0000000 0.0000000 1.0000000
v -0.0377836 -0.9567568 -0.0351349
vn 0.0000000 0.0000000 1.0000000
v -0.0131479 -0.9517244 -0.0351349
vn 0.0000000 0.0000000 1.0000000
v -0.0131479 -0.9517244 -0.0351349
vn 0.0000000 0.0000000 1.0000000
v -0.0104728 -0.9377000 -0.0351349
vn 0.0000000 0.0000000 1.0000000
v -0.0104728 -0.9377000 -0.0351349
vn 0.0000000 0.0000000 1.0000000
v -0.0216320 -0.9646407 -0.0351349
vn 0.0000000 0.0000000 1.0000000
v -0.0216320 -0.9646407 -0.0351349
vn 0.0000000 0.0000000 1.0000000
v -0.0121857 -0.9264045 -0.0351349
vn 0.0000000 0.0000000 1.0000000
v -0.0121857 -0.9264045 -0.0351349
vn 0.0000000 0.0000000 1.0000000
v -0.0176964 -0.9153783 -0.0351349
vn 0.0000000 0.0000000 1.0000000
v -0.0176964 -0.9153783 -0.0351349
vn 0.0000000 0.0000000 1.0000000
v -0.0267060 -0.9064998 -0.0351349
vn 0.0000000 0.0000000 1.0000000
v -0.0345484 -0.9731249 -0.0351349
vn 0.0000000 0.0000000 1.0000000
v -0.0345484 -0.9731249 -0.0351349
vn 0.0000000 0.0000000 1.0000000
v -0.0485728 -0.9758000 -0.0351349
vn 0.0000000 0.0000000 1.0000000
v -0.0485728 -0.9758000 -0.0351349
vn 0.0000000 0.0000000 1.0000000
v -0.0672002 -0.9567568 -0.0351349
vn 0.0000000 0.0000000 1.0000000
v -0.0672002 -0.9567568 -0.0351349
vn 0.0000000 0.0000000 1.0000000
v -0.0672002 -0.9567568 -0.0351349
vn 0.0000000 0.0000000 1.0000000
v -0.0672002 -0.9567568 -0.0351349
vn 0.0000000 0.0000000 1.0000000
v -0.0672002 -0.9567568 -0.0351349
vn 0.0000000 0.0000000 1.0000000
v -0.0625972 -0.9731249 -0.0351349
vn 0.0000000 0.0000000 1.0000000
v -0.0625972 -0.9731249 -0.0351349
vn 0.0000000 0.0000000 1.0000000
v -0.0755135 -0.9646407 -0.0351349
vn 0.0000000 0.0000000 1.0000000
v -0.0755135 -0.9646407 -0.0351349
vn 0.0000000 0.0000000 1.0000000
v -0.0850124 -0.9265751 -0.0351349
vn 0.0000000 0.0000000 1.0000000
v -0.0839977 -0.9517244 -0.0351349
vn 0.0000000 0.0000000 1.0000000
v -0.0839977 -0.9517244 -0.0351349
vn 0.0000000 0.0000000 1.0000000
v -0.0377836 -0.9011595 -0.0351349
vn 1.0000000 0.0000000 0.0000000
v -0.0377836 -0.8896760 -0.0287849
vn 1.0000000 0.0000000 0.0000000
v -0.0377836 -0.8896760 -0.0287849
vn 1.0000000 0.0000000 0.0000000
v -0.0377836 -0.9011595 -0.0478349
vn 1.0000000 0.0000000 0.0000000
v -0.0377836 -0.8896760 -0.0668849
vn 1.0000000 0.0000000 0.0000000
v -0.0377836 -0.9011595 -0.0605349
vn 1.0000000 0.0000000 0.0000000
v -0.0377836 -0.9567568 -0.0287849
vn 1.0000000 0.0000000 0.0000000
v -0.0377836 -0.9567568 -0.0287849
vn 1.0000000 0.0000000 0.0000000
v -0.0377836 -0.9011595 -0.0351349
vn 1.0000000 0.0000000 0.0000000
v -0.0377836 -0.9011595 -0.0351349
vn 1.0000000 0.0000000 0.0000000
v -0.0377836 -0.9567568 -0.0605349
vn 1.0000000 0.0000000 0.0000000
v -0.0377836 -0.9567568 -0.0668849
vn 1.0000000 0.0000000 0.0000000
v -0.0377836 -0.9567568 -0.0351349
vn 0.0000000 -1.0000000 0.0000000
v -0.0377836 -0.9567568 -0.0605349
vn 0.0000000 -1.0000000 0.0000000
v -0.0672002 -0.9567568 -0.0605349
vn 0.0000000 -1.0000000 0.0000000
v -0.0672002 -0.9567568 -0.0668849
vn 0.0000000 0.0000000 -1.0000000
v -0.0377836 -0.8896760 -0.0668849
vn 0.0000000 0.0000000 -1.0000000
v -0.0672002 -0.9567568 -0.0668849
vn 0.0000000 0.0000000 -1.0000000
v -0.1067889 -0.8896760 -0.0668849
vn 0.0000000 0.0000000 -1.0000000
v -0.0377836 -0.9567568 -0.0668849
vn 0.0000000 0.0000000 1.0000000
v -0.0377836 -0.8896760 -0.0287849
vn 0.0000000 0.0000000 1.0000000
v -0.1067889 -0.8896760 -0.0287849
vn 0.0000000 0.0000000 1.0000000
v -0.0672002 -0.9567568 -0.0287849
vn 0.0000000 0.0000000 1.0000000
v -0.0377836 -0.9567568 -0.0287849
vn -0.8612081 -0.5082523 0.0000000
v -0.0850124 -0.9265751 -0.4939991
vn -0.8612082 -0.5082524 0.0000000
v -0.0850124 -0.9265751 -0.4939991
vn -0.8612082 -0.5082523 0.0000000
v -0.0850124 -0.9265751 -0.4939991
vn -0.8612082 -0.5082523 0.0000000
v -0.0850124 -0.9265751 -0.4812992
vn -0.8612075 -0.5082536 0.0000094
v -0.0850124 -0.9265751 -0.4812992
vn -0.8612066 -0.5082549 0.0000000
v -0.0850124 -0.9265751 -0.4812992
vn -0.8612075 -0.5082536 0.0000094
v -0.1067889 -0.8896760 -0.4749491
vn -0.8612082 -0.5082523 0.0000000
v -0.1067889 -0.8896760 -0.4749491
vn -0.8612082 -0.5082523 0.0000000
v -0.1067889 -0.8896760 -0.4749491
vn -0.8612067 -0.5082549 0.0000000
v -0.0672002 -0.9567568 -0.4749491
vn -0.8612074 -0.5082536 0.0000094
v -0.0672002 -0.9567568 -0.4749491
vn -0.8612067 -0.5082549 0.0000000
v -0.0850124 -0.9265751 -0.5066992
vn -0.8612074 -0.5082535 -0.0000092
v -0.0850124 -0.9265751 -0.5066992
vn -0.8612082 -0.5082524 0.0000000
v -0.0850124 -0.9265751 -0.5066992
vn -0.8612082 -0.5082523 0.0000000
v -0.1067889 -0.8896760 -0.5130491
vn -0.8612075 -0.5082536 -0.0000092
v -0.1067889 -0.8896760 -0.5130491
vn -0.8612083 -0.5082524 0.0000000
v -0.1067889 -0.8896760 -0.5130491
vn -0.8612067 -0.5082549 0.0000000
v -0.0672002 -0.9567568 -0.5130491
vn -0.8612075 -0.5082535 -0.0000092
v -0.0672002 -0.9567568 -0.5130491
vn -0.8612067 -0.5082549 0.0000000
v -0.0672002 -0.9567568 -0.5066992
vn -0.8612067 -0.5082549 0.0000000
v -0.0672002 -0.9567568 -0.4812992
vn 0.0000000 -1.0000000 0.0000000
v -0.0672002 -0.9567568 -0.5130491
vn 0.0000000 -1.0000000 0.0000000
v -0.0377836 -0.9567568 -0.5130491
vn 0.0000000 -1.0000000 0.0000000
v -0.0377836 -0.9567568 -0.5066992
vn 1.0000000 0.0000000 0.0000000
v -0.0377836 -0.9011595 -0.4812992
vn 1.0000000 0.0000000 0.0000000
v -0.0377836 -0.9011595 -0.4812992
vn 1.0000000 0.0000000 0.0000000
v -0.0377836 -0.9567568 -0.4749491
vn 1.0000000 0.0000000 0.0000000
v -0.0377836 -0.9567568 -0.4749491
vn 1.0000000 0.0000000 0.0000000
v -0.0377836 -0.9567568 -0.4812992
vn 1.0000000 0.0000000 0.0000000
v -0.0377836 -0.9011595 -0.5066992
vn 1.0000000 0.0000000 0.0000000
v -0.0377836 -0.9011595 -0.5066992
vn 1.0000000 0.0000000 0.0000000
v -0.0377836 -0.9567568 -0.5066992
vn 1.0000000 0.0000000 0.0000000
v -0.0377836 -0.9567568 -0.5130491
vn 1.0000000 0.0000000 0.0000000
v -0.0377836 -0.9567568 -0.5130491
vn 1.0000000 0.0000000 0.0000000
v -0.0377836 -0.9011595 -0.4939991
vn 1.0000000 0.0000000 0.0000000
v -0.0377836 -0.8896760 -0.4749491
vn 1.0000000 0.0000000 0.0000000
v -0.0377836 -0.8896760 -0.4749491
vn 1.0000000 0.0000000 0.0000000
v -0.0377836 -0.8896760 -0.5130491
vn 1.0000000 0.0000000 0.0000000
v -0.0377836 -0.8896760 -0.5130491
vn 0.0000000 0.0000000 1.0000000
v -0.0672002 -0.9567568 -0.4749491
vn 0.0000000 0.0000000 1.0000000
v -0.0672002 -0.9567568 -0.4749491
vn 0.0000000 0.0000000 1.0000000
v -0.0377836 -0.9567568 -0.4749491
vn 0.0000000 0.0000000 1.0000000
v -0.0377836 -0.8896760 -0.4749491
vn 0.0000000 0.0000000 1.0000000
v -0.0377836 -0.8896760 -0.4749491
vn 0.0000000 0.0000000 1.0000000
v -0.1067889 -0.8896760 -0.4749491
vn 0.0000000 0.0000000 -1.0000000
v -0.0672002 -0.9567568 -0.5130491
vn 0.0000000 0.0000000 -1.0000000
v -0.0377836 -0.8896760 -0.5130491
vn 0.0000000 0.0000000 -1.0000000
v -0.0377836 -0.9567568 -0.5130491
vn 0.0000000 0.0000000 -1.0000000
v -0.1067889 -0.8896760 -0.5130491
vn -0.9822897 -0.1873686 0.0000000
v -0.5153687 -0.9377000 -0.4939991
vn -0.9268613 -0.3754041 0.0000000
v -0.5126936 -0.9517244 -0.4812992
vn -0.9822897 -0.1873686 0.0000000
v -0.5153687 -0.9377000 -0.4812992
vn -0.3754029 -0.9268618 0.0000000
v -0.4912931 -0.9731249 -0.4812992
vn -0.7071075 -0.7071060 0.0000000
v -0.5042094 -0.9646407 -0.4812992
vn -0.7071076 -0.7071061 0.0000000
v -0.5042094 -0.9646407 -0.5066992
vn -0.3754029 -0.9268618 0.0000000
v -0.4912931 -0.9731249 -0.5066992
vn 0.0000006 -1.0000000 0.0000000
v -0.4772686 -0.9758000 -0.5066992
vn 0.0000006 -1.0000000 0.0000000
v -0.4772686 -0.9758000 -0.4812992
vn -0.9268613 -0.3754041 0.0000000
v -0.5126936 -0.9517244 -0.5066992
vn -0.9822897 -0.1873686 0.0000000
v -0.5153687 -0.9377000 -0.5066992
vn 0.7071070 -0.7071066 0.0000000
v -0.4503279 -0.9646407 -0.4812992
vn 0.3754034 -0.9268616 0.0000000
v -0.4632442 -0.9731249 -0.4812992
vn 0.3754034 -0.9268615 0.0000000
v -0.4632442 -0.9731249 -0.5066992
vn 0.9440329 -0.3285828 -0.0289004
v -0.4418437 -0.9517244 -0.5066992
vn 0.9994816 -0.0209409 -0.0244542
v -0.4391686 -0.9377000 -0.4812992
vn 0.9268613 -0.3754039 0.0000000
v -0.4418437 -0.9517244 -0.4812992
vn 0.9890446 0.1476169 0.0000000
v -0.4408290 -0.9265751 -0.4939991
vn 0.9890446 0.1476169 0.0000000
v -0.4408290 -0.9265751 -0.4812992
vn 0.7071070 -0.7071066 0.0000000
v -0.4503279 -0.9646407 -0.5066992
vn 0.9980866 0.0094554 -0.0611039
v -0.4408290 -0.9265751 -0.5066992
vn 0.0000000 0.0000000 1.0000000
v -0.4880578 -0.9567568 -0.4812992
vn 0.0000000 0.0000000 1.0000000
v -0.4880578 -0.9567568 -0.4812992
vn 0.0000000 0.0000000 1.0000000
v -0.4880578 -0.9567568 -0.4812992
vn 0.0000000 0.0000000 1.0000000
v -0.4880578 -0.9567568 -0.4812992
vn 0.0000000 0.0000000 1.0000000
v -0.5153687 -0.9377000 -0.4812992
vn 0.0000000 0.0000000 1.0000000
v -0.5153687 -0.9377000 -0.4812992
vn 0.0000000 0.0000000 1.0000000
v -0.5126936 -0.9517244 -0.4812992
vn 0.0000000 0.0000000 1.0000000
v -0.5126936 -0.9517244 -0.4812992
vn 0.0000000 0.0000000 1.0000000
v -0.5042094 -0.9646407 -0.4812992
vn 0.0000000 0.0000000 1.0000000
v -0.5042094 -0.9646407 -0.4812992
vn 0.0000000 0.0000000 1.0000000
v -0.5136558 -0.9264045 -0.4812992
vn 0.0000000 0.0000000 1.0000000
v -0.5081450 -0.9153783 -0.4812992
vn 0.0000000 0.0000000 1.0000000
v -0.4880578 -0.9011595 -0.4812992
vn 0.0000000 0.0000000 1.0000000
v -0.4912931 -0.9731249 -0.4812992
vn 0.0000000 0.0000000 1.0000000
v -0.4772686 -0.9758000 -0.4812992
vn 0.0000000 0.0000000 1.0000000
v -0.4772686 -0.9758000 -0.4812992
vn 0.0000000 0.0000000 1.0000000
v -0.4586412 -0.9567568 -0.4812992
vn 0.0000000 0.0000000 1.0000000
v -0.4586412 -0.9567568 -0.4812992
vn 0.0000000 0.0000000 1.0000000
v -0.4586412 -0.9567568 -0.4812992
vn 0.0000000 0.0000000 1.0000000
v -0.4586412 -0.9567568 -0.4812992
vn 0.0000000 0.0000000 1.0000000
v -0.4586412 -0.9567568 -0.4812992
vn 0.0000000 0.0000000 1.0000000
v -0.4632442 -0.9731249 -0.4812992
vn 0.0000000 0.0000000 1.0000000
v -0.4632442 -0.9731249 -0.4812992
vn 0.0000000 0.0000000 1.0000000
v -0.4503279 -0.9646407 -0.4812992
vn 0.0000000 0.0000000 1.0000000
v -0.4503279 -0.9646407 -0.4812992
vn 0.0000000 0.0000000 1.0000000
v -0.4391686 -0.9377000 -0.4812992
vn 0.0000000 0.0000000 1.0000000
v -0.4391686 -0.9377000 -0.4812992
vn 0.0000000 0.0000000 1.0000000
v -0.4418437 -0.9517244 -0.4812992
vn 0.0000000 0.0000000 1.0000000
v -0.4418437 -0.9517244 -0.4812992
vn 0.0000000 0.0000000 1.0000000
v -0.4408290 -0.9265751 -0.4812992
vn 0.0000000 0.0000000 -1.0000000
v -0.4880578 -0.9567568 -0.5066992
vn 0.0000000 0.0000000 -1.0000000
v -0.4880578 -0.9567568 -0.5066992
vn 0.0000000 0.0000000 -1.0000000
v -0.4880578 -0.9567568 -0.5066992
vn 0.0000000 0.0000000 -1.0000000
v -0.4880578 -0.9567568 -0.5066992
vn 0.0000000 0.0000000 -1.0000000
v -0.4880578 -0.9567568 -0.5066992
vn 0.0000000 0.0000000 -1.0000000
v -0.5126936 -0.9517244 -0.5066992
vn 0.0000000 0.0000000 -1.0000000
v -0.5126936 -0.9517244 -0.5066992
vn 0.0000000 0.0000000 -1.0000000
v -0.5153687 -0.9377000 -0.5066992
vn 0.0000000 0.0000000 -1.0000000
v -0.5153687 -0.9377000 -0.5066992
vn 0.0000000 0.0000000 -1.0000000
v -0.5042094 -0.9646407 -0.5066992
vn 0.0000000 0.0000000 -1.0000000
v -0.5136558 -0.9264045 -0.5066992
vn 0.0000000 0.0000000 -1.0000000
v -0.5136558 -0.9264045 -0.5066992
vn 0.0000000 0.0000000 -1.0000000
v -0.5081450 -0.9153783 -0.5066992
vn 0.0000000 0.0000000 -1.0000000
v -0.5081450 -0.9153783 -0.5066992
vn 0.0000000 0.0000000 -1.0000000
v -0.4991354 -0.9064998 -0.5066992
vn 0.0000000 0.0000000 -1.0000000
v -0.4991354 -0.9064998 -0.5066992
vn 0.0000000 0.0000000 -1.0000000
v -0.4912931 -0.9731249 -0.5066992
vn 0.0000000 0.0000000 -1.0000000
v -0.4772686 -0.9758000 -0.5066992
vn 0.0000000 0.0000000 -1.0000000
v -0.4586412 -0.9567568 -0.5066992
vn 0.0000000 0.0000000 -1.0000000
v -0.4586412 -0.9567568 -0.5066992
vn 0.0000000 0.0000000 -1.0000000
v -0.4586412 -0.9567568 -0.5066992
vn 0.0000000 0.0000000 -1.0000000
v -0.4632442 -0.9731249 -0.5066992
vn 0.0000000 0.0000000 -1.0000000
v -0.4632442 -0.9731249 -0.5066992
vn 0.0000000 0.0000000 -1.0000000
v -0.4503279 -0.9646407 -0.5066992
vn 0.0000000 0.0000000 -1.0000000
v -0.4503279 -0.9646407 -0.5066992
vn 0.0000000 0.0000000 -1.0000000
v -0.4408290 -0.9265751 -0.5066992
vn 0.0000000 0.0000000 -1.0000000
v -0.4418437 -0.9517244 -0.5066992
vn 0.0000000 0.0000000 -1.0000000
v -0.4418437 -0.9517244 -0.5066992
vn 0.0000000 0.0000000 -1.0000000
v -0.4880578 -0.9011595 -0.5066992
vn -1.0000000 0.0000000 0.0000000
v -0.4880578 -0.8896760 -0.5130491
vn -1.0000000 0.0000000 0.0000000
v -0.4880578 -0.9011595 -0.4939991
vn -1.0000000 0.0000000 0.0000000
v -0.4880578 -0.8896760 -0.4749491
vn -1.0000000 0.0000000 0.0000000
v -0.4880578 -0.9011595 -0.4812992
vn -1.0000000 0.0000000 0.0000000
v -0.4880578 -0.9567568 -0.5130491
vn -1.0000000 0.0000000 0.0000000
v -0.4880578 -0.9011595 -0.5066992
vn -1.0000000 0.0000000 0.0000000
v -0.4880578 -0.9567568 -0.4812992
vn -1.0000000 0.0000000 0.0000000
v -0.4880578 -0.9567568 -0.4749491
vn -1.0000000 0.0000000 0.0000000
v -0.4880578 -0.9567568 -0.5066992
vn 0.0000000 -1.0000000 0.0000000
v -0.4880578 -0.9567568 -0.4812992
vn 0.0000000 -1.0000000 0.0000000
v -0.4586412 -0.9567568 -0.4812992
vn 0.0000000 -1.0000000 0.0000000
v -0.4586412 -0.9567568 -0.4749491
vn 0.0000000 0.0000000 1.0000000
v -0.4880578 -0.8896760 -0.4749491
vn 0.0000000 0.0000000 1.0000000
v -0.4586412 -0.9567568 -0.4749491
vn 0.0000000 0.0000000 1.0000000
v -0.4190525 -0.8896760 -0.4749491
vn 0.0000000 0.0000000 1.0000000
v -0.4880578 -0.9567568 -0.4749491
vn 0.0000000 0.0000000 -1.0000000
v -0.4880578 -0.8896760 -0.5130491
vn 0.0000000 0.0000000 -1.0000000
v -0.4880578 -0.8896760 -0.5130491
vn 0.0000000 0.0000000 -1.0000000
v -0.4190525 -0.8896760 -0.5130491
vn 0.0000000 0.0000000 -1.0000000
v -0.4586412 -0.9567568 -0.5130491
vn 0.0000000 0.0000000 -1.0000000
v -0.4586412 -0.9567568 -0.5130491
vn 0.0000000 0.0000000 -1.0000000
v -0.4880578 -0.9567568 -0.5130491
vn 0.0000000 0.0000000 1.0000000
v -0.0279707 -0.2773000 -0.0169170
vn 0.0000000 0.0000000 1.0000000
v -0.4978708 -0.2773000 -0.0169170
vn 0.0000000 0.0000000 1.0000000
v -0.4978708 -0.8896760 -0.0169170
vn -1.0000000 0.0000000 0.0000000
v -0.4978708 -0.8372104 -0.0296170
vn -1.0000000 0.0000000 0.0000000
v -0.4978708 -0.8372104 -0.0296170
vn -1.0000000 0.0000000 0.0000000
v -0.4978708 -0.8592649 -0.0296170
vn -1.0000000 0.0000000 0.0000000
v -0.4978708 -0.8592649 -0.0296170
vn -1.0000000 0.0000000 0.0000000
v -0.4978708 -0.8896760 -0.0169170
vn -1.0000000 0.0000000 0.0000000
v -0.4978708 -0.8896760 -0.0169170
vn -1.0000000 0.0000000 0.0000000
v -0.4978708 -0.8896760 -0.0169170
vn -1.0000000 0.0000000 0.0000000
v -0.4978708 -0.8592649 -0.5122171
vn -1.0000000 0.0000000 0.0000000
v -0.4978708 -0.8592649 -0.5122171
vn -1.0000000 0.0000000 0.0000000
v -0.4978708 -0.5705104 -0.0296170
vn -1.0000000 0.0000000 0.0000000
v -0.4978708 -0.5705104 -0.0296170
vn -1.0000000 0.0000000 0.0000000
v -0.4978708 -0.5705104 -0.0296170
vn -1.0000000 0.0000000 0.0000000
v -0.4978708 -0.2773000 -0.0169170
vn -1.0000000 0.0000000 0.0000000
v -0.4978708 -0.2773000 -0.0169170
vn -1.0000000 0.0000000 0.0000000
v -0.4978708 -0.2773000 -0.0169170
vn -1.0000000 0.0000000 0.0000000
v -0.4978708 -0.2773000 -0.0169170
vn -1.0000000 0.0000000 0.0000000
v -0.4978708 -0.2773000 -0.0169170
vn -1.0000000 0.0000000 0.0000000
v -0.4978708 -0.5542752 -0.0296170
vn -1.0000000 0.0000000 0.0000000
v -0.4978708 -0.5542752 -0.0296170
vn -1.0000000 0.0000000 0.0000000
v -0.4978708 -0.4022758 -0.0296170
vn -1.0000000 0.0000000 0.0000000
v -0.4978708 -0.4209252 -0.0296170
vn -1.0000000 0.0000000 0.0000000
v -0.4978708 -0.4209252 -0.0296170
vn -1.0000000 0.0000000 0.0000000
v -0.4978708 -0.3133757 -0.0296170
vn -1.0000000 0.0000000 0.0000000
v -0.4978708 -0.3133757 -0.0296170
vn -1.0000000 0.0000000 0.0000000
v -0.4978708 -0.2900034 -0.0296170
vn -1.0000000 0.0000000 0.0000000
v -0.4978708 -0.2900034 -0.0296170
vn -1.0000000 0.0000000 0.0000000
v -0.4978708 -0.2773000 -0.5249171
vn -1.0000000 0.0000000 0.0000000
v -0.4978708 -0.2773000 -0.5249171
vn -1.0000000 0.0000000 0.0000000
v -0.4978708 -0.2773000 -0.5249171
vn -1.0000000 0.0000000 0.0000000
v -0.4978708 -0.2773000 -0.5249171
vn -1.0000000 0.0000000 0.0000000
v -0.4978708 -0.2773000 -0.5249171
vn -1.0000000 0.0000000 0.0000000
v -0.4978708 -0.2773000 -0.5249171
vn -1.0000000 0.0000000 0.0000000
v -0.4978708 -0.2900034 -0.5122171
vn -1.0000000 0.0000000 0.0000000
v -0.4978708 -0.8896760 -0.5249171
vn -1.0000000 0.0000000 0.0000000
v -0.4978708 -0.8896760 -0.5249171
vn -1.0000000 0.0000000 0.0000000
v -0.4978708 -0.8896760 -0.5249171
vn -1.0000000 0.0000000 0.0000000
v -0.4978708 -0.8372104 -0.5122171
vn -1.0000000 0.0000000 0.0000000
v -0.4978708 -0.8372104 -0.5122171
vn -1.0000000 0.0000000 0.0000000
v -0.4978708 -0.5705104 -0.5122171
vn -1.0000000 0.0000000 0.0000000
v -0.4978708 -0.5705104 -0.5122171
vn -1.0000000 0.0000000 0.0000000
v -0.4978708 -0.5705104 -0.5122171
vn -1.0000000 0.0000000 0.0000000
v -0.4978708 -0.5542752 -0.5122171
vn -1.0000000 0.0000000 0.0000000
v -0.4978708 -0.5542752 -0.5122171
vn -1.0000000 0.0000000 0.0000000
v -0.4978708 -0.4209252 -0.5122171
vn -1.0000000 0.0000000 0.0000000
v -0.4978708 -0.4209252 -0.5122171
vn -1.0000000 0.0000000 0.0000000
v -0.4978708 -0.4022758 -0.5122171
vn -1.0000000 0.0000000 0.0000000
v -0.4978708 -0.4022758 -0.5122171
vn -1.0000000 0.0000000 0.0000000
v -0.4978708 -0.3133757 -0.5122171
vn -1.0000000 0.0000000 0.0000000
v -0.4978708 -0.3133757 -0.5122171
vn 0.0000000 0.0000000 -1.0000000
v -0.4978708 -0.2773000 -0.5249171
vn 0.0000000 0.0000000 -1.0000000
v -0.0279707 -0.2773000 -0.5249171
vn 0.0000000 0.0000000 -1.0000000
v -0.0279707 -0.8896760 -0.5249171
vn 1.0000000 0.0000000 0.0000000
v -0.0279707 -0.2773000 -0.5249171
vn 1.0000000 0.0000000 0.0000000
v -0.0279707 -0.2900034 -0.5122171
vn 1.0000000 0.0000000 0.0000000
v -0.0279707 -0.8592649 -0.5122171
vn 1.0000000 0.0000000 0.0000000
v -0.0279707 -0.8592649 -0.0296170
vn 1.0000000 0.0000000 0.0000000
v -0.0279707 -0.8896760 -0.0169170
vn 1.0000000 0.0000000 0.0000000
v -0.0279707 -0.8896760 -0.5249171
vn 1.0000000 0.0000000 0.0000000
v -0.0279707 -0.2773000 -0.0169170
vn 0.0000000 -1.0000000 0.0000000
v -0.0377836 -0.8896760 -0.0668849
vn 0.0000000 -1.0000000 0.0000000
v -0.0377836 -0.8896760 -0.0668849
vn 0.0000000 -1.0000000 0.0000000
v -0.0279707 -0.8896760 -0.0169170
vn 0.0000000 -1.0000000 0.0000000
v -0.0279707 -0.8896760 -0.0169170
vn 0.0000000 -1.0000000 0.0000000
v -0.0279707 -0.8896760 -0.0169170
vn 0.0000000 -1.0000000 0.0000000
v -0.0377836 -0.8896760 -0.0287849
vn 0.0000000 -1.0000000 0.0000000
v -0.0377836 -0.8896760 -0.0287849
vn 0.0000000 -1.0000000 0.0000000
v -0.1067889 -0.8896760 -0.0287849
vn 0.0000000 -1.0000000 0.0000000
v -0.1067889 -0.8896760 -0.0668849
vn 0.0000000 -1.0000000 0.0000000
v -0.4190525 -0.8896760 -0.0287849
vn 0.0000000 -1.0000000 0.0000000
v -0.1067889 -0.8896760 -0.4749491
vn 0.0000000 -1.0000000 0.0000000
v -0.0377836 -0.8896760 -0.4749491
vn 0.0000000 -1.0000000 0.0000000
v -0.0377836 -0.8896760 -0.4749491
vn 0.0000000 -1.0000000 0.0000000
v -0.0377836 -0.8896760 -0.5130491
vn 0.0000000 -1.0000000 0.0000000
v -0.0279707 -0.8896760 -0.5249171
vn 0.0000000 -1.0000000 0.0000000
v -0.0279707 -0.8896760 -0.5249171
vn 0.0000000 -1.0000000 0.0000000
v -0.1067889 -0.8896760 -0.5130491
vn 0.0000000 -1.0000000 0.0000000
v -0.4190525 -0.8896760 -0.4749491
vn 0.0000000 -1.0000000 0.0000000
v -0.4190525 -0.8896760 -0.5130491
vn 0.0000000 -1.0000000 0.0000000
v -0.4978708 -0.8896760 -0.5249171
vn 0.0000000 -1.0000000 0.0000000
v -0.4978708 -0.8896760 -0.5249171
vn 0.0000000 -1.0000000 0.0000000
v -0.4190525 -0.8896760 -0.0668849
vn 0.0000000 -1.0000000 0.0000000
v -0.4880578 -0.8896760 -0.0668849
vn 0.0000000 -1.0000000 0.0000000
v -0.4880578 -0.8896760 -0.0668849
vn 0.0000000 -1.0000000 0.0000000
v -0.4880578 -0.8896760 -0.0287849
vn 0.0000000 -1.0000000 0.0000000
v -0.4880578 -0.8896760 -0.0287849
vn 0.0000000 -1.0000000 0.0000000
v -0.4978708 -0.8896760 -0.0169170
vn 0.0000000 -1.0000000 0.0000000
v -0.4978708 -0.8896760 -0.0169170
vn 0.0000000 -1.0000000 0.0000000
v -0.4978708 -0.8896760 -0.0169170
vn 0.0000000 -1.0000000 0.0000000
v -0.4880578 -0.8896760 -0.4749491
vn 0.0000000 -1.0000000 0.0000000
v -0.4880578 -0.8896760 -0.4749491
vn 0.0000000 -1.0000000 0.0000000
v -0.4880578 -0.8896760 -0.5130491
vn 0.0000000 1.0000000 0.0000000
v -0.0279707 -0.2773000 -0.5249171
vn 0.0000000 1.0000000 0.0000000
v -0.4978708 -0.2773000 -0.5249171
vn 0.0000000 1.0000000 0.0000000
v -0.4978708 -0.2773000 -0.0169170
vn 0.0000000 1.0000000 0.0000000
v -0.4978708 -0.8592649 -0.0296170
vn 0.0000000 1.0000000 0.0000000
v -0.0279707 -0.8592649 -0.0296170
vn 0.0000000 1.0000000 0.0000000
v -0.0279707 -0.8592649 -0.5122171
vn 0.0000000 -1.0000000 0.0000000
v -0.4978708 -0.2900034 -0.5122171
vn 0.0000000 -1.0000000 0.0000000
v -0.0279707 -0.2900034 -0.5122171
vn 0.0000000 -1.0000000 0.0000000
v -0.0279707 -0.2900034 -0.0296170
vn 0.0000000 1.0000000 0.0000000
v -0.1930707 -0.3133757 -0.0296170
vn 0.0000000 1.0000000 0.0000000
v -0.1930707 -0.3133757 -0.5122171
vn 0.0000000 1.0000000 0.0000000
v -0.4978708 -0.3133757 -0.5122171
vn 0.0000000 -1.0000000 0.0000000
v -0.1930707 -0.4022758 -0.5122171
vn 0.0000000 -1.0000000 0.0000000
v -0.1930707 -0.4022758 -0.0296170
vn 0.0000000 -1.0000000 0.0000000
v -0.4978708 -0.4022758 -0.0296170
vn -1.0000000 0.0000000 0.0000000
v -0.4978708 -0.3133757 -0.5122171
vn -1.0000000 0.0000000 0.0000000
v -0.4978708 -0.4022758 -0.5122171
vn -1.0000000 0.0000000 0.0000000
v -0.4978708 -0.4022758 -0.0296170
vn 1.0000000 0.0000000 0.0000000
v -0.1930707 -0.3133757 -0.5122171
vn 1.0000000 0.0000000 0.0000000
v -0.1930707 -0.3133757 -0.0296170
vn 1.0000000 0.0000000 0.0000000
v -0.1930707 -0.4022758 -0.0296170
vn 0.0000000 1.0000000 0.0000000
v -0.2946708 -0.4209252 -0.0296170
vn 0.0000000 1.0000000 0.0000000
v -0.2946708 -0.4209252 -0.5122171
vn 0.0000000 1.0000000 0.0000000
v -0.4978708 -0.4209252 -0.5122171
vn 0.0000000 -1.0000000 0.0000000
v -0.2946708 -0.5542752 -0.5122171
vn 0.0000000 -1.0000000 0.0000000
v -0.2946708 -0.5542752 -0.0296170
vn 0.0000000 -1.0000000 0.0000000
v -0.4978708 -0.5542752 -0.0296170
vn -1.0000000 0.0000000 0.0000000
v -0.4978708 -0.4209252 -0.5122171
vn -1.0000000 0.0000000 0.0000000
v -0.4978708 -0.5542752 -0.5122171
vn -1.0000000 0.0000000 0.0000000
v -0.4978708 -0.5542752 -0.0296170
vn 1.0000000 0.0000000 0.0000000
v -0.2946708 -0.4209252 -0.5122171
vn 1.0000000 0.0000000 0.0000000
v -0.2946708 -0.4209252 -0.0296170
vn 1.0000000 0.0000000 0.0000000
v -0.2946708 -0.5542752 -0.0296170
vn 0.0000000 1.0000000 0.0000000
v -0.0914707 -0.5705104 -0.0296170
vn 0.0000000 1.0000000 0.0000000
v -0.0914707 -0.5705104 -0.5122171
vn 0.0000000 1.0000000 0.0000000
v -0.4978708 -0.5705104 -0.5122171
vn 0.0000000 -1.0000000 0.0000000
v -0.0914707 -0.8372104 -0.5122171
vn 0.0000000 -1.0000000 0.0000000
v -0.0914707 -0.8372104 -0.0296170
vn 0.0000000 -1.0000000 0.0000000
v -0.4978708 -0.8372104 -0.0296170
vn -1.0000000 0.0000000 0.0000000
v -0.4978708 -0.5705104 -0.5122171
vn -1.0000000 0.0000000 0.0000000
v -0.4978708 -0.8372104 -0.5122171
vn -1.0000000 0.0000000 0.0000000
v -0.4978708 -0.8372104 -0.0296170
vn 1.0000000 0.0000000 0.0000000
v -0.0914707 -0.5705104 -0.5122171
vn 1.0000000 0.0000000 0.0000000
v -0.0914707 -0.5705104 -0.0296170
vn 1.0000000 0.0000000 0.0000000
v -0.0914707 -0.8372104 -0.0296170
vn 0.0000000 0.0000000 1.0000000
v -0.4978708 -0.8592649 -0.5122171
vn 0.0000000 0.0000000 1.0000000
v -0.4978708 -0.8592649 -0.5122171
vn 0.0000000 0.0000000 1.0000000
v -0.0279707 -0.8592649 -0.5122171
vn 0.0000000 0.0000000 1.0000000
v -0.0279707 -0.8592649 -0.5122171
vn 0.0000000 0.0000000 1.0000000
v -0.0914707 -0.8372104 -0.5122171
vn 0.0000000 0.0000000 1.0000000
v -0.0914707 -0.8372104 -0.5122171
vn 0.0000000 0.0000000 1.0000000
v -0.0914707 -0.5705104 -0.5122171
vn 0.0000000 0.0000000 1.0000000
v -0.0914707 -0.5705104 -0.5122171
vn 0.0000000 0.0000000 1.0000000
v -0.0914707 -0.5705104 -0.5122171
vn 0.0000000 0.0000000 1.0000000
v -0.2946708 -0.5542752 -0.5122171
vn 0.0000000 0.0000000 1.0000000
v -0.2946708 -0.5542752 -0.5122171
vn 0.0000000 0.0000000 1.0000000
v -0.4978708 -0.5705104 -0.5122171
vn 0.0000000 0.0000000 1.0000000
v -0.4978708 -0.5705104 -0.5122171
vn 0.0000000 0.0000000 1.0000000
v -0.1930707 -0.4022758 -0.5122171
vn 0.0000000 0.0000000 1.0000000
v -0.1930707 -0.4022758 -0.5122171
vn 0.0000000 0.0000000 1.0000000
v -0.0279707 -0.2900034 -0.5122171
vn 0.0000000 0.0000000 1.0000000
v -0.0279707 -0.2900034 -0.5122171
vn 0.0000000 0.0000000 1.0000000
v -0.4978708 -0.5542752 -0.5122171
vn 0.0000000 0.0000000 1.0000000
v -0.2946708 -0.4209252 -0.5122171
vn 0.0000000 0.0000000 1.0000000
v -0.4978708 -0.2900034 -0.5122171
vn 0.0000000 0.0000000 1.0000000
v -0.1930707 -0.3133757 -0.5122171
vn 0.0000000 0.0000000 1.0000000
v -0.4978708 -0.4022758 -0.5122171
vn 0.0000000 0.0000000 1.0000000
v -0.4978708 -0.4209252 -0.5122171
vn 0.0000000 0.0000000 -1.0000000
v -0.4978708 -0.2900034 -0.0296170
vn 0.0000000 0.0000000 -1.0000000
v -0.0279707 -0.2900034 -0.0296170
vn 0.0000000 0.0000000 -1.0000000
v -0.1930707 -0.3133757 -0.0296170
vn 0.0000000 0.0000000 -1.0000000
v -0.1930707 -0.4022758 -0.0296170
vn 0.0000000 0.0000000 -1.0000000
v -0.2946708 -0.4209252 -0.0296170
vn 0.0000000 0.0000000 -1.0000000
v -0.4978708 -0.4022758 -0.0296170
vn 0.0000000 0.0000000 -1.0000000
v -0.2946708 -0.5542752 -0.0296170
vn 0.0000000 0.0000000 -1.0000000
v -0.2946708 -0.5542752 -0.0296170
vn 0.0000000 0.0000000 -1.0000000
v -0.0914707 -0.5705104 -0.0296170
vn 0.0000000 0.0000000 -1.0000000
v -0.0914707 -0.5705104 -0.0296170
vn 0.0000000 0.0000000 -1.0000000
v -0.4978708 -0.3133757 -0.0296170
vn 0.0000000 0.0000000 -1.0000000
v -0.4978708 -0.4209252 -0.0296170
vn 0.0000000 0.0000000 -1.0000000
v -0.4978708 -0.8592649 -0.0296170
vn 0.0000000 0.0000000 -1.0000000
v -0.0914707 -0.8372104 -0.0296170
vn 0.0000000 0.0000000 -1.0000000
v -0.0279707 -0.8592649 -0.0296170
vn 0.0000000 0.0000000 -1.0000000
v -0.4978708 -0.5705104 -0.0296170
vn 0.0000000 0.0000000 -1.0000000
v -0.4978708 -0.5705104 -0.0296170
vn 0.0000000 0.0000000 -1.0000000
v -0.4978708 -0.5542752 -0.0296170
vn 0.0000000 0.0000000 -1.0000000
v -0.4978708 -0.8372104 -0.0296170
vn -0.5757617 0.8172861 0.0232786
v -0.4991354 -0.9064998 -0.5066992
vn -0.7739071 0.6326277 0.0291543
v -0.5081450 -0.9153783 -0.4812992
vn -0.5372846 0.8414447 0.0574126
v -0.4880578 -0.9011595 -0.4812992
vn -0.4342521 0.9007914 0.0000000
v -0.4880578 -0.9011595 -0.5066992
vn -0.4342521 0.9007914 0.0000000
v -0.4880578 -0.9011595 -0.4939991
vn -0.8091431 0.5876117 0.0000000
v -0.5081450 -0.9153783 -0.5066992
vn -0.9886963 0.1499320 0.0000000
v -0.5153687 -0.9377000 -0.4939991
vn -0.9886963 0.1499320 0.0000000
v -0.5153687 -0.9377000 -0.4812992
vn -0.9532474 0.3021910 0.0000000
v -0.5136558 -0.9264045 -0.4812992
vn -0.9532474 0.3021910 0.0000000
v -0.5136558 -0.9264045 -0.5066992
vn -0.9886963 0.1499320 0.0000000
v -0.5153687 -0.9377000 -0.5066992
vn 0.0000000 -1.0000000 0.0000000
v -0.4880578 -0.9567568 -0.5130491
vn 0.0000000 -1.0000000 0.0000000
v -0.4586412 -0.9567568 -0.5130491
vn 0.0000000 -1.0000000 0.0000000
v -0.4586412 -0.9567568 -0.5066992
vn 0.8612066 -0.5082551 0.0000000
v -0.4408290 -0.9265751 -0.4812992
vn 0.8612080 -0.5082527 0.0000000
v -0.4408290 -0.9265751 -0.4812992
vn 0.8612073 -0.5082538 0.0000085
v -0.4408290 -0.9265751 -0.4812992
vn 0.8612066 -0.5082551 0.0000000
v -0.4586412 -0.9567568 -0.4749491
vn 0.8612073 -0.5082538 0.0000085
v -0.4586412 -0.9567568 -0.4749491
vn 0.8612065 -0.5082551 0.0000000
v -0.4586412 -0.9567568 -0.4812992
vn 0.8612066 -0.5082552 0.0000000
v -0.4408290 -0.9265751 -0.5066992
vn 0.8612073 -0.5082538 -0.0000085
v -0.4408290 -0.9265751 -0.5066992
vn 0.8612080 -0.5082527 0.0000000
v -0.4408290 -0.9265751 -0.5066992
vn 0.8612066 -0.5082552 0.0000000
v -0.4586412 -0.9567568 -0.5066992
vn 0.8612065 -0.5082551 0.0000000
v -0.4586412 -0.9567568 -0.5130491
vn 0.8612073 -0.5082538 -0.0000085
v -0.4586412 -0.9567568 -0.5130491
vn 0.8612080 -0.5082527 0.0000000
v -0.4408290 -0.9265751 -0.4939991
vn 0.8612080 -0.5082527 0.0000000
v -0.4408290 -0.9265751 -0.4939991
vn 0.8612080 -0.5082527 0.0000000
v -0.4408290 -0.9265751 -0.4939991
vn 0.8612080 -0.5082527 0.0000000
v -0.4190525 -0.8896760 -0.4749491
vn 0.8612080 -0.5082527 0.0000000
v -0.4190525 -0.8896760 -0.4749491
vn 0.8612073 -0.5082538 0.0000085
v -0.4190525 -0.8896760 -0.4749491
vn 0.8612080 -0.5082527 0.0000000
v -0.4190525 -0.8896760 -0.5130491
vn 0.8612073 -0.5082538 -0.0000085
v -0.4190525 -0.8896760 -0.5130491
vn 0.8612080 -0.5082527 0.0000000
v -0.4190525 -0.8896760 -0.5130491
vn 0.0000000 -1.0000000 0.0000000
v -0.0672002 -0.9567568 -0.4812992
vn 0.0000000 -1.0000000 0.0000000
v -0.0377836 -0.9567568 -0.4812992
vn 0.0000000 -1.0000000 0.0000000
v -0.0377836 -0.9567568 -0.4749491
vn -0.9890453 0.1476124 0.0000000
v -0.0850124 -0.9265751 -0.4939991
vn -0.9997967 -0.0201613 0.0000000
v -0.0866728 -0.9377000 -0.4812992
vn -0.9890453 0.1476124 0.0000000
v -0.0850124 -0.9265751 -0.4812992
vn -0.7071072 -0.7071064 0.0000000
v -0.0755135 -0.9646407 -0.4812992
vn -0.9268620 -0.3754023 0.0000000
v -0.0839977 -0.9517244 -0.4812992
vn -0.9268620 -0.3754023 0.0000000
v -0.0839977 -0.9517244 -0.5066992
vn -0.3754026 -0.9268619 0.0000000
v -0.0625972 -0.9731249 -0.4812992
vn -0.7071072 -0.7071063 0.0000000
v -0.0755135 -0.9646407 -0.5066992
vn -0.9997967 -0.0201612 0.0000000
v -0.0866728 -0.9377000 -0.5066992
vn -0.9890453 0.1476124 0.0000000
v -0.0850124 -0.9265751 -0.5066992
vn -0.3754026 -0.9268619 0.0000000
v -0.0625972 -0.9731249 -0.5066992
vn 0.0000004 -1.0000000 0.0000000
v -0.0485728 -0.9758000 -0.5066992
vn 0.0000004 -1.0000000 0.0000000
v -0.0485728 -0.9758000 -0.4812992
vn 0.3754021 -0.9268621 0.0000000
v -0.0345484 -0.9731249 -0.4812992
vn 0.9268618 -0.3754027 0.0000000
v -0.0131479 -0.9517244 -0.4812992
vn 0.7071077 -0.7071059 0.0000000
v -0.0216320 -0.9646407 -0.4812992
vn 0.7071075 -0.7071060 0.0000000
v -0.0216320 -0.9646407 -0.5066992
vn 0.9822897 -0.1873689 0.0000000
v -0.0104728 -0.9377000 -0.4939991
vn 0.9822896 -0.1873689 0.0000000
v -0.0104728 -0.9377000 -0.4812992
vn 0.3754021 -0.9268621 0.0000000
v -0.0345484 -0.9731249 -0.5066992
vn 0.9822897 -0.1873689 0.0000000
v -0.0104728 -0.9377000 -0.5066992
vn 0.9268618 -0.3754027 0.0000000
v -0.0131479 -0.9517244 -0.5066992
vn 0.9886963 0.1499321 0.0000000
v -0.0104728 -0.9377000 -0.4939991
vn 0.9532487 0.3021870 0.0000000
v -0.0121857 -0.9264045 -0.4812992
vn 0.9886963 0.1499321 0.0000000
v -0.0104728 -0.9377000 -0.4812992
vn 0.9886963 0.1499321 0.0000000
v -0.0104728 -0.9377000 -0.5066992
vn 0.9532487 0.3021870 0.0000000
v -0.0121857 -0.9264045 -0.5066992
vn 0.7739094 0.6326249 -0.0291543
v -0.0176964 -0.9153783 -0.5066992
vn 0.8091451 0.5876090 0.0000000
v -0.0176964 -0.9153783 -0.4812992
vn 0.5757607 0.8172868 -0.0232786
v -0.0267060 -0.9064998 -0.4812992
vn 0.4342513 0.9007918 0.0000000
v -0.0377836 -0.9011595 -0.4939991
vn 0.4342512 0.9007918 0.0000000
v -0.0377836 -0.9011595 -0.4812992
vn 0.5372835 0.8414454 -0.0574126
v -0.0377836 -0.9011595 -0.5066992
vn 0.0000000 0.0000000 1.0000000
v -0.0839977 -0.9517244 -0.4812992
vn 0.0000000 0.0000000 1.0000000
v -0.0839977 -0.9517244 -0.4812992
vn 0.0000000 0.0000000 1.0000000
v -0.0755135 -0.9646407 -0.4812992
vn 0.0000000 0.0000000 1.0000000
v -0.0755135 -0.9646407 -0.4812992
vn 0.0000000 0.0000000 1.0000000
v -0.0672002 -0.9567568 -0.4812992
vn 0.0000000 0.0000000 1.0000000
v -0.0672002 -0.9567568 -0.4812992
vn 0.0000000 0.0000000 1.0000000
v -0.0672002 -0.9567568 -0.4812992
vn 0.0000000 0.0000000 1.0000000
v -0.0672002 -0.9567568 -0.4812992
vn 0.0000000 0.0000000 1.0000000
v -0.0625972 -0.9731249 -0.4812992
vn 0.0000000 0.0000000 1.0000000
v -0.0485728 -0.9758000 -0.4812992
vn 0.0000000 0.0000000 1.0000000
v -0.0866728 -0.9377000 -0.4812992
vn 0.0000000 0.0000000 1.0000000
v -0.0866728 -0.9377000 -0.4812992
vn 0.0000000 0.0000000 1.0000000
v -0.0850124 -0.9265751 -0.4812992
vn 0.0000000 0.0000000 1.0000000
v -0.0377836 -0.9567568 -0.4812992
vn 0.0000000 0.0000000 1.0000000
v -0.0377836 -0.9567568 -0.4812992
vn 0.0000000 0.0000000 1.0000000
v -0.0377836 -0.9567568 -0.4812992
vn 0.0000000 0.0000000 1.0000000
v -0.0377836 -0.9567568 -0.4812992
vn 0.0000000 0.0000000 1.0000000
v -0.0377836 -0.9567568 -0.4812992
vn 0.0000000 0.0000000 1.0000000
v -0.0216320 -0.9646407 -0.4812992
vn 0.0000000 0.0000000 1.0000000
v -0.0345484 -0.9731249 -0.4812992
vn 0.0000000 0.0000000 1.0000000
v -0.0131479 -0.9517244 -0.4812992
vn 0.0000000 0.0000000 1.0000000
v -0.0131479 -0.9517244 -0.4812992
vn 0.0000000 0.0000000 1.0000000
v -0.0104728 -0.9377000 -0.4812992
vn 0.0000000 0.0000000 1.0000000
v -0.0104728 -0.9377000 -0.4812992
vn 0.0000000 0.0000000 1.0000000
v -0.0176964 -0.9153783 -0.4812992
vn 0.0000000 0.0000000 1.0000000
v -0.0176964 -0.9153783 -0.4812992
vn 0.0000000 0.0000000 1.0000000
v -0.0267060 -0.9064998 -0.4812992
vn 0.0000000 0.0000000 1.0000000
v -0.0267060 -0.9064998 -0.4812992
vn 0.0000000 0.0000000 1.0000000
v -0.0121857 -0.9264045 -0.4812992
vn 0.0000000 0.0000000 1.0000000
v -0.0121857 -0.9264045 -0.4812992
vn 0.0000000 0.0000000 1.0000000
v -0.0377836 -0.9011595 -0.4812992
vn 0.0000000 0.0000000 -1.0000000
v -0.0625972 -0.9731249 -0.5066992
vn 0.0000000 0.0000000 -1.0000000
v -0.0755135 -0.9646407 -0.5066992
vn 0.0000000 0.0000000 -1.0000000
v -0.0672002 -0.9567568 -0.5066992
vn 0.0000000 0.0000000 -1.0000000
v -0.0672002 -0.9567568 -0.5066992
vn 0.0000000 0.0000000 -1.0000000
v -0.0485728 -0.9758000 -0.5066992
vn 0.0000000 0.0000000 -1.0000000
v -0.0485728 -0.9758000 -0.5066992
vn 0.0000000 0.0000000 -1.0000000
v -0.0866728 -0.9377000 -0.5066992
vn 0.0000000 0.0000000 -1.0000000
v -0.0866728 -0.9377000 -0.5066992
vn 0.0000000 0.0000000 -1.0000000
v -0.0850124 -0.9265751 -0.5066992
vn 0.0000000 0.0000000 -1.0000000
v -0.0839977 -0.9517244 -0.5066992
vn 0.0000000 0.0000000 -1.0000000
v -0.0377836 -0.9567568 -0.5066992
vn 0.0000000 0.0000000 -1.0000000
v -0.0377836 -0.9567568 -0.5066992
vn 0.0000000 0.0000000 -1.0000000
v -0.0377836 -0.9567568 -0.5066992
vn 0.0000000 0.0000000 -1.0000000
v -0.0377836 -0.9567568 -0.5066992
vn 0.0000000 0.0000000 -1.0000000
v -0.0216320 -0.9646407 -0.5066992
vn 0.0000000 0.0000000 -1.0000000
v -0.0216320 -0.9646407 -0.5066992
vn 0.0000000 0.0000000 -1.0000000
v -0.0345484 -0.9731249 -0.5066992
vn 0.0000000 0.0000000 -1.0000000
v -0.0345484 -0.9731249 -0.5066992
vn 0.0000000 0.0000000 -1.0000000
v -0.0131479 -0.9517244 -0.5066992
vn 0.0000000 0.0000000 -1.0000000
v -0.0131479 -0.9517244 -0.5066992
vn 0.0000000 0.0000000 -1.0000000
v -0.0104728 -0.9377000 -0.5066992
vn 0.0000000 0.0000000 -1.0000000
v -0.0176964 -0.9153783 -0.5066992
vn 0.0000000 0.0000000 -1.0000000
v -0.0377836 -0.9011595 -0.5066992
vn 0.0000000 0.0000000 -1.0000000
v -0.0121857 -0.9264045 -0.5066992
vn 0.5757606 0.8172868 -0.0232787
v -0.0267060 -0.9064998 -0.0351349
vn 0.7739094 0.6326249 -0.0291544
v -0.0176964 -0.9153783 -0.0605349
vn 0.5372835 0.8414454 -0.0574126
v -0.0377836 -0.9011595 -0.0605349
vn 0.4342513 0.9007918 0.0000000
v -0.0377836 -0.9011595 -0.0351349
vn 0.4342513 0.9007918 0.0000000
v -0.0377836 -0.9011595 -0.0478349
vn 0.8091451 0.5876090 0.0000000
v -0.0176964 -0.9153783 -0.0351349
vn 0.9886963 0.1499321 0.0000000
v -0.0104728 -0.9377000 -0.0478349
vn 0.9886963 0.1499321 0.0000000
v -0.0104728 -0.9377000 -0.0605349
vn 0.9532487 0.3021870 0.0000000
v -0.0121857 -0.9264045 -0.0605349
vn 0.9532487 0.3021871 0.0000000
v -0.0121857 -0.9264045 -0.0351349
vn 0.9886963 0.1499321 0.0000000
v -0.0104728 -0.9377000 -0.0351349
vn 0.0000000 -1.0000000 0.0000000
v -0.0377836 -0.9567568 -0.0287849
vn 0.0000000 -1.0000000 0.0000000
v -0.0672002 -0.9567568 -0.0287849
vn 0.0000000 -1.0000000 0.0000000
v -0.0672002 -0.9567568 -0.0351349
vn -0.8612075 -0.5082535 -0.0000094
v -0.0850124 -0.9265751 -0.0605349
vn -0.8612067 -0.5082549 0.0000000
v -0.0850124 -0.9265751 -0.0605349
vn -0.8612082 -0.5082524 0.0000000
v -0.0850124 -0.9265751 -0.0605349
vn -0.8612067 -0.5082549 0.0000000
v -0.0672002 -0.9567568 -0.0668849
vn -0.8612075 -0.5082535 -0.0000094
v -0.0672002 -0.9567568 -0.0668849
vn -0.8612067 -0.5082549 0.0000000
v -0.0672002 -0.9567568 -0.0605349
vn -0.8612067 -0.5082550 0.0000000
v -0.0850124 -0.9265751 -0.0351349
vn -0.8612075 -0.5082535 0.0000094
v -0.0850124 -0.9265751 -0.0351349
vn -0.8612083 -0.5082523 0.0000000
v -0.0850124 -0.9265751 -0.0351349
vn -0.8612066 -0.5082550 0.0000000
v -0.0672002 -0.9567568 -0.0351349
vn -0.8612075 -0.5082535 0.0000094
v -0.0672002 -0.9567568 -0.0287849
vn -0.8612067 -0.5082550 0.0000000
v -0.0672002 -0.9567568 -0.0287849
vn -0.8612082 -0.5082523 0.0000000
v -0.0850124 -0.9265751 -0.0478349
vn -0.8612081 -0.5082523 0.0000000
v -0.0850124 -0.9265751 -0.0478349
vn -0.8612082 -0.5082524 0.0000000
v -0.0850124 -0.9265751 -0.0478349
vn -0.8612082 -0.5082524 0.0000000
v -0.1067889 -0.8896760 -0.0668849
vn -0.8612075 -0.5082535 -0.0000094
v -0.1067889 -0.8896760 -0.0668849
vn -0.8612082 -0.5082523 0.0000000
v -0.1067889 -0.8896760 -0.0668849
vn -0.8612075 -0.5082535 0.0000094
v -0.1067889 -0.8896760 -0.0287849
vn -0.8612083 -0.5082523 0.0000000
v -0.1067889 -0.8896760 -0.0287849
vn -0.8612082 -0.5082523 0.0000000
v -0.1067889 -0.8896760 -0.0287849
vn 0.0000000 -1.0000000 0.0000000
v -0.4586412 -0.9567568 -0.0605349
vn 0.0000000 -1.0000000 0.0000000
v -0.4880578 -0.9567568 -0.0605349
vn 0.0000000 -1.0000000 0.0000000
v -0.4880578 -0.9567568 -0.0668849
vn 0.9890446 0.1476169 0.0000000
v -0.4408290 -0.9265751 -0.0478349
vn 0.9997967 -0.0201597 0.0000000
v -0.4391686 -0.9377000 -0.0605349
vn 0.9890446 0.1476169 0.0000000
v -0.4408290 -0.9265751 -0.0605349
vn 0.7071071 -0.7071066 0.0000000
v -0.4503279 -0.9646407 -0.0605349
vn 0.9268613 -0.3754039 0.0000000
v -0.4418437 -0.9517244 -0.0605349
vn 0.9268613 -0.3754040 0.0000000
v -0.4418437 -0.9517244 -0.0351349
vn 0.3754034 -0.9268615 0.0000000
v -0.4632442 -0.9731249 -0.0605349
vn 0.7071071 -0.7071066 0.0000000
v -0.4503279 -0.9646407 -0.0351349
vn 0.9997967 -0.0201597 0.0000000
v -0.4391686 -0.9377000 -0.0351349
vn 0.9890446 0.1476170 0.0000000
v -0.4408290 -0.9265751 -0.0351349
vn 0.3754034 -0.9268615 0.0000000
v -0.4632442 -0.9731249 -0.0351349
vn 0.0000006 -1.0000000 0.0000000
v -0.4772686 -0.9758000 -0.0351349
vn 0.0000006 -1.0000000 0.0000000
v -0.4772686 -0.9758000 -0.0605349
vn -0.3754029 -0.9268618 0.0000000
v -0.4912931 -0.9731249 -0.0605349
vn -0.9268613 -0.3754041 0.0000000
v -0.5126936 -0.9517244 -0.0605349
vn -0.7071075 -0.7071060 0.0000000
v -0.5042094 -0.9646407 -0.0605349
vn -0.7071076 -0.7071061 0.0000000
v -0.5042094 -0.9646407 -0.0351349
vn -0.9822897 -0.1873686 0.0000000
v -0.5153687 -0.9377000 -0.0478349
vn -0.9822897 -0.1873686 0.0000000
v -0.5153687 -0.9377000 -0.0605349
vn -0.3754029 -0.9268618 0.0000000
v -0.4912931 -0.9731249 -0.0351349
vn -0.9822897 -0.1873686 0.0000000
v -0.5153687 -0.9377000 -0.0351349
vn -0.9268613 -0.3754042 0.0000000
v -0.5126936 -0.9517244 -0.0351349
vn -0.9886963 0.1499320 0.0000000
v -0.5153687 -0.9377000 -0.0478349
vn -0.9532474 0.3021910 0.0000000
v -0.5136558 -0.9264045 -0.0605349
vn -0.9886963 0.1499320 0.0000000
v -0.5153687 -0.9377000 -0.0605349
vn -0.9886963 0.1499320 0.0000000
v -0.5153687 -0.9377000 -0.0351349
vn -0.9532474 0.3021910 0.0000000
v -0.5136558 -0.9264045 -0.0351349
vn -0.7739072 0.6326277 0.0291544
v -0.5081450 -0.9153783 -0.0351349
vn -0.8091431 0.5876117 0.0000000
v -0.5081450 -0.9153783 -0.0605349
vn -0.5757617 0.8172861 0.0232786
v -0.4991354 -0.9064998 -0.0605349
vn -0.4342521 0.9007914 0.0000000
v -0.4880578 -0.9011595 -0.0478349
vn -0.4342521 0.9007914 0.0000000
v -0.4880578 -0.9011595 -0.0605349
vn -0.5372846 0.8414447 0.0574127
v -0.4880578 -0.9011595 -0.0351349
vn 0.0000000 0.0000000 -1.0000000
v -0.4418437 -0.9517244 -0.0605349
vn 0.0000000 0.0000000 -1.0000000
v -0.4418437 -0.9517244 -0.0605349
vn 0.0000000 0.0000000 -1.0000000
v -0.4503279 -0.9646407 -0.0605349
vn 0.0000000 0.0000000 -1.0000000
v -0.4503279 -0.9646407 -0.0605349
vn 0.0000000 0.0000000 -1.0000000
v -0.4586412 -0.9567568 -0.0605349
vn 0.0000000 0.0000000 -1.0000000
v -0.4586412 -0.9567568 -0.0605349
vn 0.0000000 0.0000000 -1.0000000
v -0.4586412 -0.9567568 -0.0605349
vn 0.0000000 0.0000000 -1.0000000
v -0.4586412 -0.9567568 -0.0605349
vn 0.0000000 0.0000000 -1.0000000
v -0.4632442 -0.9731249 -0.0605349
vn 0.0000000 0.0000000 -1.0000000
v -0.4772686 -0.9758000 -0.0605349
vn 0.0000000 0.0000000 -1.0000000
v -0.4391686 -0.9377000 -0.0605349
vn 0.0000000 0.0000000 -1.0000000
v -0.4391686 -0.9377000 -0.0605349
vn 0.0000000 0.0000000 -1.0000000
v -0.4408290 -0.9265751 -0.0605349
vn 0.0000000 0.0000000 -1.0000000
v -0.4880578 -0.9567568 -0.0605349
vn 0.0000000 0.0000000 -1.0000000
v -0.4880578 -0.9567568 -0.0605349
vn 0.0000000 0.0000000 -1.0000000
v -0.4880578 -0.9567568 -0.0605349
vn 0.0000000 0.0000000 -1.0000000
v -0.5042094 -0.9646407 -0.0605349
vn 0.0000000 0.0000000 -1.0000000
v -0.4912931 -0.9731249 -0.0605349
vn 0.0000000 0.0000000 -1.0000000
v -0.5126936 -0.9517244 -0.0605349
vn 0.0000000 0.0000000 -1.0000000
v -0.5153687 -0.9377000 -0.0605349
vn 0.0000000 0.0000000 -1.0000000
v -0.5081450 -0.9153783 -0.0605349
vn 0.0000000 0.0000000 -1.0000000
v -0.5081450 -0.9153783 -0.0605349
vn 0.0000000 0.0000000 -1.0000000
v -0.4991354 -0.9064998 -0.0605349
vn 0.0000000 0.0000000 -1.0000000
v -0.4991354 -0.9064998 -0.0605349
vn 0.0000000 0.0000000 -1.0000000
v -0.5136558 -0.9264045 -0.0605349
vn 0.0000000 0.0000000 -1.0000000
v -0.5136558 -0.9264045 -0.0605349
vn 0.0000000 0.0000000 -1.0000000
v -0.4880578 -0.9011595 -0.0605349
vn 0.0000000 0.0000000 1.0000000
v -0.4632442 -0.9731249 -0.0351349
vn 0.0000000 0.0000000 1.0000000
v -0.4632442 -0.9731249 -0.0351349
vn 0.0000000 0.0000000 1.0000000
v -0.4503279 -0.9646407 -0.0351349
vn 0.0000000 0.0000000 1.0000000
v -0.4503279 -0.9646407 -0.0351349
vn 0.0000000 0.0000000 1.0000000
v -0.4586412 -0.9567568 -0.0351349
vn 0.0000000 0.0000000 1.0000000
v -0.4586412 -0.9567568 -0.0351349
vn 0.0000000 0.0000000 1.0000000
v -0.4586412 -0.9567568 -0.0351349
vn 0.0000000 0.0000000 1.0000000
v -0.4586412 -0.9567568 -0.0351349
vn 0.0000000 0.0000000 1.0000000
v -0.4586412 -0.9567568 -0.0351349
vn 0.0000000 0.0000000 1.0000000
v -0.4586412 -0.9567568 -0.0351349
vn 0.0000000 0.0000000 1.0000000
v -0.4772686 -0.9758000 -0.0351349
vn 0.0000000 0.0000000 1.0000000
v -0.4772686 -0.9758000 -0.0351349
vn 0.0000000 0.0000000 1.0000000
v -0.4772686 -0.9758000 -0.0351349
vn 0.0000000 0.0000000 1.0000000
v -0.4391686 -0.9377000 -0.0351349
vn 0.0000000 0.0000000 1.0000000
v -0.4391686 -0.9377000 -0.0351349
vn 0.0000000 0.0000000 1.0000000
v -0.4408290 -0.9265751 -0.0351349
vn 0.0000000 0.0000000 1.0000000
v -0.4418437 -0.9517244 -0.0351349
vn 0.0000000 0.0000000 1.0000000
v -0.4418437 -0.9517244 -0.0351349
vn 0.0000000 0.0000000 1.0000000
v -0.4880578 -0.9567568 -0.0351349
vn 0.0000000 0.0000000 1.0000000
v -0.4880578 -0.9567568 -0.0351349
vn 0.0000000 0.0000000 1.0000000
v -0.4880578 -0.9567568 -0.0351349
vn 0.0000000 0.0000000 1.0000000
v -0.4880578 -0.9567568 -0.0351349
vn 0.0000000 0.0000000 1.0000000
v -0.4880578 -0.9567568 -0.0351349
vn 0.0000000 0.0000000 1.0000000
v -0.5042094 -0.9646407 -0.0351349
vn 0.0000000 0.0000000 1.0000000
v -0.5042094 -0.9646407 -0.0351349
vn 0.0000000 0.0000000 1.0000000
v -0.4912931 -0.9731249 -0.0351349
vn 0.0000000 0.0000000 1.0000000
v -0.4912931 -0.9731249 -0.0351349
vn 0.0000000 0.0000000 1.0000000
v -0.5126936 -0.9517244 -0.0351349
vn 0.0000000 0.0000000 1.0000000
v -0.5126936 -0.9517244 -0.0351349
vn 0.0000000 0.0000000 1.0000000
v -0.5153687 -0.9377000 -0.0351349
vn 0.0000000 0.0000000 1.0000000
v -0.5081450 -0.9153783 -0.0351349
vn 0.0000000 0.0000000 1.0000000
v -0.5081450 -0.9153783 -0.0351349
vn 0.0000000 0.0000000 1.0000000
v -0.4880578 -0.9011595 -0.0351349
vn 0.0000000 0.0000000 1.0000000
v -0.5136558 -0.9264045 -0.0351349
vn 0.0000000 0.0000000 1.0000000
v -0.5136558 -0.9264045 -0.0351349
vn 0.0000000 -1.0000000 0.0000000
v -0.4586412 -0.9567568 -0.0351349
vn 0.0000000 -1.0000000 0.0000000
v -0.0377836 -0.9567568 -0.0668849
vn 0.0000000 -1.0000000 0.0000000
v -0.0672002 -0.9567568 -0.5066992
vn 0.0000000 -1.0000000 0.0000000
v -0.4880578 -0.9567568 -0.4749491
vn 0.0000000 0.0000000 1.0000000
v -0.0279707 -0.8896760 -0.0169170
vn 0.0000000 0.0000000 -1.0000000
v -0.4978708 -0.8896760 -0.5249171
vn 1.0000000 0.0000000 0.0000000
v -0.0279707 -0.2900034 -0.0296170
vn 0.0000000 1.0000000 0.0000000
v -0.0279707 -0.2773000 -0.0169170
vn 0.0000000 1.0000000 0.0000000
v -0.4978708 -0.8592649 -0.5122171
vn 0.0000000 -1.0000000 0.0000000
v -0.4978708 -0.2900034 -0.0296170
vn 0.0000000 1.0000000 0.0000000
v -0.4978708 -0.3133757 -0.0296170
vn 0.0000000 -1.0000000 0.0000000
v -0.4978708 -0.4022758 -0.5122171
vn -1.0000000 0.0000000 0.0000000
v -0.4978708 -0.3133757 -0.0296170
vn 1.0000000 0.0000000 0.0000000
v -0.1930707 -0.4022758 -0.5122171
vn 0.0000000 1.0000000 0.0000000
v -0.4978708 -0.4209252 -0.0296170
vn 0.0000000 -1.0000000 0.0000000
v -0.4978708 -0.5542752 -0.5122171
vn -1.0000000 0.0000000 0.0000000
v -0.4978708 -0.4209252 -0.0296170
vn 1.0000000 0.0000000 0.0000000
v -0.2946708 -0.5542752 -0.5122171
vn 0.0000000 1.0000000 0.0000000
v -0.4978708 -0.5705104 -0.0296170
vn 0.0000000 -1.0000000 0.0000000
v -0.4978708 -0.8372104 -0.5122171
vn -1.0000000 0.0000000 0.0000000
v -0.4978708 -0.5705104 -0.0296170
vn 1.0000000 0.0000000 0.0000000
v -0.0914707 -0.8372104 -0.5122171
vn 0.0000000 0.0000000 1.0000000
v -0.4978708 -0.8372104 -0.5122171
vn 0.0000000 0.0000000 1.0000000
v -0.4978708 -0.3133757 -0.5122171
vn 0.0000000 -1.0000000 0.0000000
v -0.4880578 -0.9567568 -0.5066992
vn 0.0000000 -1.0000000 0.0000000
v -0.0672002 -0.9567568 -0.4749491
vn 0.0000000 -1.0000000 0.0000000
v -0.0377836 -0.9567568 -0.0351349
vn 0.0000000 -1.0000000 0.0000000
v -0.4586412 -0.9567568 -0.0668849
vn 0.8612080 -0.5082527 0.0000000
v -0.4408290 -0.9265751 0.4939991
vn 0.8612080 -0.5082527 0.0000000
v -0.4408290 -0.9265751 0.4939991
vn 0.8612080 -0.5082527 0.0000000
v -0.4408290 -0.9265751 0.4939991
vn 0.8612073 -0.5082538 -0.0000085
v -0.4408290 -0.9265751 0.4812992
vn 0.8612066 -0.5082551 0.0000000
v -0.4408290 -0.9265751 0.4812992
vn 0.8612080 -0.5082527 0.0000000
v -0.4408290 -0.9265751 0.4812992
vn 0.8612080 -0.5082527 0.0000000
v -0.4190525 -0.8896760 0.4749491
vn 0.8612073 -0.5082538 -0.0000085
v -0.4190525 -0.8896760 0.4749491
vn 0.8612080 -0.5082527 0.0000000
v -0.4190525 -0.8896760 0.4749491
vn 0.8612073 -0.5082538 -0.0000085
v -0.4586412 -0.9567568 0.4749491
vn 0.8612066 -0.5082551 0.0000000
v -0.4586412 -0.9567568 0.4749491
vn 0.8612080 -0.5082527 0.0000000
v -0.4408290 -0.9265751 0.5066992
vn 0.8612073 -0.5082538 0.0000085
v -0.4408290 -0.9265751 0.5066992
vn 0.8612066 -0.5082552 0.0000000
v -0.4408290 -0.9265751 0.5066992
vn 0.8612080 -0.5082527 0.0000000
v -0.4190525 -0.8896760 0.5130491
vn 0.8612080 -0.5082527 0.0000000
v -0.4190525 -0.8896760 0.5130491
vn 0.8612073 -0.5082538 0.0000085
v -0.4190525 -0.8896760 0.5130491
vn 0.8612065 -0.5082551 0.0000000
v -0.4586412 -0.9567568 0.5130491
vn 0.8612073 -0.5082538 0.0000085
v -0.4586412 -0.9567568 0.5130491
vn 0.8612066 -0.5082552 0.0000000
v -0.4586412 -0.9567568 0.5066992
vn 0.8612065 -0.5082551 0.0000000
v -0.4586412 -0.9567568 0.4812992
vn 0.0000000 -1.0000000 0.0000000
v -0.4586412 -0.9567568 0.5130491
vn 0.0000000 -1.0000000 0.0000000
v -0.4880578 -0.9567568 0.5130491
vn 0.0000000 -1.0000000 0.0000000
v -0.4880578 -0.9567568 0.5066992
vn -1.0000000 0.0000000 0.0000000
v -0.4880578 -0.9011595 0.4812992
vn -1.0000000 0.0000000 0.0000000
v -0.4880578 -0.9567568 0.4749491
vn -1.0000000 0.0000000 0.0000000
v -0.4880578 -0.9567568 0.4812992
vn -1.0000000 0.0000000 0.0000000
v -0.4880578 -0.9011595 0.5066992
vn -1.0000000 0.0000000 0.0000000
v -0.4880578 -0.9567568 0.5066992
vn -1.0000000 0.0000000 0.0000000
v -0.4880578 -0.9567568 0.5130491
vn -1.0000000 0.0000000 0.0000000
v -0.4880578 -0.9011595 0.4939991
vn -1.0000000 0.0000000 0.0000000
v -0.4880578 -0.8896760 0.4749491
vn -1.0000000 0.0000000 0.0000000
v -0.4880578 -0.8896760 0.5130491
vn 0.0000000 0.0000000 -1.0000000
v -0.4586412 -0.9567568 0.4749491
vn 0.0000000 0.0000000 -1.0000000
v -0.4880578 -0.9567568 0.4749491
vn 0.0000000 0.0000000 -1.0000000
v -0.4880578 -0.8896760 0.4749491
vn 0.0000000 0.0000000 -1.0000000
v -0.4190525 -0.8896760 0.4749491
vn 0.0000000 0.0000000 1.0000000
v -0.4586412 -0.9567568 0.5130491
vn 0.0000000 0.0000000 1.0000000
v -0.4586412 -0.9567568 0.5130491
vn 0.0000000 0.0000000 1.0000000
v -0.4880578 -0.8896760 0.5130491
vn 0.0000000 0.0000000 1.0000000
v -0.4880578 -0.8896760 0.5130491
vn 0.0000000 0.0000000 1.0000000
v -0.4880578 -0.9567568 0.5130491
vn 0.0000000 0.0000000 1.0000000
v -0.4190525 -0.8896760 0.5130491
vn 0.9822897 -0.1873689 0.0000000
v -0.0104728 -0.9377000 0.4939991
vn 0.9268618 -0.3754027 0.0000000
v -0.0131479 -0.9517244 0.4812992
vn 0.9822896 -0.1873689 0.0000000
v -0.0104728 -0.9377000 0.4812992
vn 0.3754021 -0.9268621 0.0000000
v -0.0345484 -0.9731249 0.4812992
vn 0.7071075 -0.7071060 0.0000000
v -0.0216320 -0.9646407 0.4812992
vn 0.7071076 -0.7071060 0.0000000
v -0.0216320 -0.9646407 0.5066992
vn 0.3754021 -0.9268621 0.0000000
v -0.0345484 -0.9731249 0.5066992
vn 0.0000004 -1.0000000 0.0000000
v -0.0485728 -0.9758000 0.5066992
vn 0.0000004 -1.0000000 0.0000000
v -0.0485728 -0.9758000 0.4812992
vn 0.9268618 -0.3754027 0.0000000
v -0.0131479 -0.9517244 0.5066992
vn 0.9822897 -0.1873689 0.0000000
v -0.0104728 -0.9377000 0.5066992
vn -0.7071072 -0.7071063 0.0000000
v -0.0755135 -0.9646407 0.4812992
vn -0.3754026 -0.9268619 0.0000000
v -0.0625972 -0.9731249 0.4812992
vn -0.3754026 -0.9268619 0.0000000
v -0.0625972 -0.9731249 0.5066992
vn -0.9440332 -0.3285820 0.0288998
v -0.0839977 -0.9517244 0.5066992
vn -0.9994816 -0.0209424 0.0244537
v -0.0866728 -0.9377000 0.4812992
vn -0.9268620 -0.3754023 0.0000000
v -0.0839977 -0.9517244 0.4812992
vn -0.9890453 0.1476124 0.0000000
v -0.0850124 -0.9265751 0.4939991
vn -0.9890453 0.1476124 0.0000000
v -0.0850124 -0.9265751 0.4812992
vn -0.7071072 -0.7071064 0.0000000
v -0.0755135 -0.9646407 0.5066992
vn -0.9980868 0.0094533 0.0611028
v -0.0850124 -0.9265751 0.5066992
vn 0.0000000 0.0000000 -1.0000000
v -0.0377836 -0.9567568 0.4812992
vn 0.0000000 0.0000000 -1.0000000
v -0.0377836 -0.9567568 0.4812992
vn 0.0000000 0.0000000 -1.0000000
v -0.0377836 -0.9567568 0.4812992
vn 0.0000000 0.0000000 -1.0000000
v -0.0377836 -0.9567568 0.4812992
vn 0.0000000 0.0000000 -1.0000000
v -0.0216320 -0.9646407 0.4812992
vn 0.0000000 0.0000000 -1.0000000
v -0.0345484 -0.9731249 0.4812992
vn 0.0000000 0.0000000 -1.0000000
v -0.0485728 -0.9758000 0.4812992
vn 0.0000000 0.0000000 -1.0000000
v -0.0131479 -0.9517244 0.4812992
vn 0.0000000 0.0000000 -1.0000000
v -0.0131479 -0.9517244 0.4812992
vn 0.0000000 0.0000000 -1.0000000
v -0.0104728 -0.9377000 0.4812992
vn 0.0000000 0.0000000 -1.0000000
v -0.0104728 -0.9377000 0.4812992
vn 0.0000000 0.0000000 -1.0000000
v -0.0121857 -0.9264045 0.4812992
vn 0.0000000 0.0000000 -1.0000000
v -0.0121857 -0.9264045 0.4812992
vn 0.0000000 0.0000000 -1.0000000
v -0.0176964 -0.9153783 0.4812992
vn 0.0000000 0.0000000 -1.0000000
v -0.0176964 -0.9153783 0.4812992
vn 0.0000000 0.0000000 -1.0000000
v -0.0377836 -0.9011595 0.4812992
vn 0.0000000 0.0000000 -1.0000000
v -0.0672002 -0.9567568 0.4812992
vn 0.0000000 0.0000000 -1.0000000
v -0.0672002 -0.9567568 0.4812992
vn 0.0000000 0.0000000 -1.0000000
v -0.0625972 -0.9731249 0.4812992
vn 0.0000000 0.0000000 -1.0000000
v -0.0839977 -0.9517244 0.4812992
vn 0.0000000 0.0000000 -1.0000000
v -0.0839977 -0.9517244 0.4812992
vn 0.0000000 0.0000000 -1.0000000
v -0.0755135 -0.9646407 0.4812992
vn 0.0000000 0.0000000 -1.0000000
v -0.0755135 -0.9646407 0.4812992
vn 0.0000000 0.0000000 -1.0000000
v -0.0866728 -0.9377000 0.4812992
vn 0.0000000 0.0000000 -1.0000000
v -0.0850124 -0.9265751 0.4812992
vn 0.0000000 0.0000000 1.0000000
v -0.0377836 -0.9567568 0.5066992
vn 0.0000000 0.0000000 1.0000000
v -0.0377836 -0.9567568 0.5066992
vn 0.0000000 0.0000000 1.0000000
v -0.0377836 -0.9567568 0.5066992
vn 0.0000000 0.0000000 1.0000000
v -0.0377836 -0.9567568 0.5066992
vn 0.0000000 0.0000000 1.0000000
v -0.0131479 -0.9517244 0.5066992
vn 0.0000000 0.0000000 1.0000000
v -0.0131479 -0.9517244 0.5066992
vn 0.0000000 0.0000000 1.0000000
v -0.0104728 -0.9377000 0.5066992
vn 0.0000000 0.0000000 1.0000000
v -0.0104728 -0.9377000 0.5066992
vn 0.0000000 0.0000000 1.0000000
v -0.0216320 -0.9646407 0.5066992
vn 0.0000000 0.0000000 1.0000000
v -0.0216320 -0.9646407 0.5066992
vn 0.0000000 0.0000000 1.0000000
v -0.0121857 -0.9264045 0.5066992
vn 0.0000000 0.0000000 1.0000000
v -0.0176964 -0.9153783 0.5066992
vn 0.0000000 0.0000000 1.0000000
v -0.0176964 -0.9153783 0.5066992
vn 0.0000000 0.0000000 1.0000000
v -0.0267060 -0.9064998 0.5066992
vn 0.0000000 0.0000000 1.0000000
v -0.0267060 -0.9064998 0.5066992
vn 0.0000000 0.0000000 1.0000000
v -0.0345484 -0.9731249 0.5066992
vn 0.0000000 0.0000000 1.0000000
v -0.0485728 -0.9758000 0.5066992
vn 0.0000000 0.0000000 1.0000000
v -0.0672002 -0.9567568 0.5066992
vn 0.0000000 0.0000000 1.0000000
v -0.0672002 -0.9567568 0.5066992
vn 0.0000000 0.0000000 1.0000000
v -0.0625972 -0.9731249 0.5066992
vn 0.0000000 0.0000000 1.0000000
v -0.0755135 -0.9646407 0.5066992
vn 0.0000000 0.0000000 1.0000000
v -0.0850124 -0.9265751 0.5066992
vn 0.0000000 0.0000000 1.0000000
v -0.0839977 -0.9517244 0.5066992
vn 0.0000000 0.0000000 1.0000000
v -0.0839977 -0.9517244 0.5066992
vn 0.0000000 0.0000000 1.0000000
v -0.0377836 -0.9011595 0.5066992
vn 1.0000000 0.0000000 0.0000000
v -0.0377836 -0.8896760 0.5130491
vn 1.0000000 0.0000000 0.0000000
v -0.0377836 -0.8896760 0.5130491
vn 1.0000000 0.0000000 0.0000000
v -0.0377836 -0.9011595 0.4939991
vn 1.0000000 0.0000000 0.0000000
v -0.0377836 -0.8896760 0.4749491
vn 1.0000000 0.0000000 0.0000000
v -0.0377836 -0.9011595 0.4812992
vn 1.0000000 0.0000000 0.0000000
v -0.0377836 -0.9567568 0.5130491
vn 1.0000000 0.0000000 0.0000000
v -0.0377836 -0.9567568 0.5130491
vn 1.0000000 0.0000000 0.0000000
v -0.0377836 -0.9011595 0.5066992
vn 1.0000000 0.0000000 0.0000000
v -0.0377836 -0.9011595 0.5066992
vn 1.0000000 0.0000000 0.0000000
v -0.0377836 -0.9567568 0.4812992
vn 1.0000000 0.0000000 0.0000000
v -0.0377836 -0.9567568 0.4749491
vn 1.0000000 0.0000000 0.0000000
v -0.0377836 -0.9567568 0.5066992
vn 0.0000000 -1.0000000 0.0000000
v -0.0377836 -0.9567568 0.4812992
vn 0.0000000 -1.0000000 0.0000000
v -0.0672002 -0.9567568 0.4812992
vn 0.0000000 -1.0000000 0.0000000
v -0.0672002 -0.9567568 0.4749491
vn 0.0000000 0.0000000 -1.0000000
v -0.0377836 -0.8896760 0.4749491
vn 0.0000000 0.0000000 -1.0000000
v -0.0377836 -0.8896760 0.4749491
vn 0.0000000 0.0000000 -1.0000000
v -0.0672002 -0.9567568 0.4749491
vn 0.0000000 0.0000000 -1.0000000
v -0.0672002 -0.9567568 0.4749491
vn 0.0000000 0.0000000 -1.0000000
v -0.1067889 -0.8896760 0.4749491
vn 0.0000000 0.0000000 -1.0000000
v -0.0377836 -0.9567568 0.4749491
vn 0.0000000 0.0000000 1.0000000
v -0.0377836 -0.8896760 0.5130491
vn 0.0000000 0.0000000 1.0000000
v -0.1067889 -0.8896760 0.5130491
vn 0.0000000 0.0000000 1.0000000
v -0.0672002 -0.9567568 0.5130491
vn 0.0000000 0.0000000 1.0000000
v -0.0377836 -0.9567568 0.5130491
vn -0.8612082 -0.5082524 0.0000000
v -0.0850124 -0.9265751 0.0478349
vn -0.8612082 -0.5082523 0.0000000
v -0.0850124 -0.9265751 0.0478349
vn -0.8612081 -0.5082523 0.0000000
v -0.0850124 -0.9265751 0.0478349
vn -0.8612082 -0.5082524 0.0000000
v -0.0850124 -0.9265751 0.0605349
vn -0.8612067 -0.5082549 0.0000000
v -0.0850124 -0.9265751 0.0605349
vn -0.8612075 -0.5082535 0.0000094
v -0.0850124 -0.9265751 0.0605349
vn -0.8612082 -0.5082524 0.0000000
v -0.1067889 -0.8896760 0.0668849
vn -0.8612075 -0.5082535 0.0000094
v -0.1067889 -0.8896760 0.0668849
vn -0.8612082 -0.5082523 0.0000000
v -0.1067889 -0.8896760 0.0668849
vn -0.8612067 -0.5082549 0.0000000
v -0.0672002 -0.9567568 0.0668849
vn -0.8612075 -0.5082535 0.0000094
v -0.0672002 -0.9567568 0.0668849
vn -0.8612083 -0.5082523 0.0000000
v -0.0850124 -0.9265751 0.0351349
vn -0.8612075 -0.5082535 -0.0000092
v -0.0850124 -0.9265751 0.0351349
vn -0.8612067 -0.5082550 0.0000000
v -0.0850124 -0.9265751 0.0351349
vn -0.8612083 -0.5082523 0.0000000
v -0.1067889 -0.8896760 0.0287849
vn -0.8612082 -0.5082523 0.0000000
v -0.1067889 -0.8896760 0.0287849
vn -0.8612075 -0.5082535 -0.0000092
v -0.1067889 -0.8896760 0.0287849
vn -0.8612067 -0.5082550 0.0000000
v -0.0672002 -0.9567568 0.0287849
vn -0.8612075 -0.5082535 -0.0000092
v -0.0672002 -0.9567568 0.0287849
vn -0.8612066 -0.5082550 0.0000000
v -0.0672002 -0.9567568 0.0351349
vn -0.8612067 -0.5082549 0.0000000
v -0.0672002 -0.9567568 0.0605349
vn 0.0000000 -1.0000000 0.0000000
v -0.0672002 -0.9567568 0.0287849
vn 0.0000000 -1.0000000 0.0000000
v -0.0377836 -0.9567568 0.0287849
vn 0.0000000 -1.0000000 0.0000000
v -0.0377836 -0.9567568 0.0351349
vn 1.0000000 0.0000000 0.0000000
v -0.0377836 -0.9011595 0.0605349
vn 1.0000000 0.0000000 0.0000000
v -0.0377836 -0.9011595 0.0605349
vn 1.0000000 0.0000000 0.0000000
v -0.0377836 -0.9567568 0.0668849
vn 1.0000000 0.0000000 0.0000000
v -0.0377836 -0.9567568 0.0668849
vn 1.0000000 0.0000000 0.0000000
v -0.0377836 -0.9567568 0.0605349
vn 1.0000000 0.0000000 0.0000000
v -0.0377836 -0.9011595 0.0351349
vn 1.0000000 0.0000000 0.0000000
v -0.0377836 -0.9011595 0.0351349
vn 1.0000000 0.0000000 0.0000000
v -0.0377836 -0.9567568 0.0351349
vn 1.0000000 0.0000000 0.0000000
v -0.0377836 -0.9567568 0.0287849
vn 1.0000000 0.0000000 0.0000000
v -0.0377836 -0.9567568 0.0287849
vn 1.0000000 0.0000000 0.0000000
v -0.0377836 -0.9011595 0.0478349
vn 1.0000000 0.0000000 0.0000000
v -0.0377836 -0.8896760 0.0668849
vn 1.0000000 0.0000000 0.0000000
v -0.0377836 -0.8896760 0.0668849
vn 1.0000000 0.0000000 0.0000000
v -0.0377836 -0.8896760 0.0287849
vn 1.0000000 0.0000000 0.0000000
v -0.0377836 -0.8896760 0.0287849
vn 0.0000000 0.0000000 1.0000000
v -0.0672002 -0.9567568 0.0668849
vn 0.0000000 0.0000000 1.0000000
v -0.0377836 -0.9567568 0.0668849
vn 0.0000000 0.0000000 1.0000000
v -0.0377836 -0.8896760 0.0668849
vn 0.0000000 0.0000000 1.0000000
v -0.1067889 -0.8896760 0.0668849
vn 0.0000000 0.0000000 -1.0000000
v -0.0672002 -0.9567568 0.0287849
vn 0.0000000 0.0000000 -1.0000000
v -0.0377836 -0.8896760 0.0287849
vn 0.0000000 0.0000000 -1.0000000
v -0.0377836 -0.9567568 0.0287849
vn 0.0000000 0.0000000 -1.0000000
v -0.1067889 -0.8896760 0.0287849
vn -0.9822897 -0.1873686 0.0000000
v -0.5153687 -0.9377000 0.0478349
vn -0.9268613 -0.3754041 0.0000000
v -0.5126936 -0.9517244 0.0605349
vn -0.9822897 -0.1873686 0.0000000
v -0.5153687 -0.9377000 0.0605349
vn -0.3754029 -0.9268618 0.0000000
v -0.4912931 -0.9731249 0.0605349
vn -0.7071076 -0.7071061 0.0000000
v -0.5042094 -0.9646407 0.0605349
vn -0.7071075 -0.7071060 0.0000000
v -0.5042094 -0.9646407 0.0351349
vn -0.3754029 -0.9268618 0.0000000
v -0.4912931 -0.9731249 0.0351349
vn 0.0000006 -1.0000000 0.0000000
v -0.4772686 -0.9758000 0.0351349
vn 0.0000006 -1.0000000 0.0000000
v -0.4772686 -0.9758000 0.0605349
vn -0.9268613 -0.3754042 0.0000000
v -0.5126936 -0.9517244 0.0351349
vn -0.9822897 -0.1873686 0.0000000
v -0.5153687 -0.9377000 0.0351349
vn 0.7071070 -0.7071066 0.0000000
v -0.4503279 -0.9646407 0.0605349
vn 0.3754034 -0.9268615 0.0000000
v -0.4632442 -0.9731249 0.0605349
vn 0.3754034 -0.9268615 0.0000000
v -0.4632442 -0.9731249 0.0351349
vn 0.9440329 -0.3285829 -0.0289004
v -0.4418437 -0.9517244 0.0351349
vn 0.9994816 -0.0209408 -0.0244543
v -0.4391686 -0.9377000 0.0605349
vn 0.9268613 -0.3754039 0.0000000
v -0.4418437 -0.9517244 0.0605349
vn 0.9890446 0.1476170 0.0000000
v -0.4408290 -0.9265751 0.0478349
vn 0.9890446 0.1476169 0.0000000
v -0.4408290 -0.9265751 0.0605349
vn 0.7071071 -0.7071066 0.0000000
v -0.4503279 -0.9646407 0.0351349
vn 0.9980866 0.0094555 -0.0611040
v -0.4408290 -0.9265751 0.0351349
vn 0.0000000 0.0000000 1.0000000
v -0.4880578 -0.9567568 0.0605349
vn 0.0000000 0.0000000 1.0000000
v -0.4880578 -0.9567568 0.0605349
vn 0.0000000 0.0000000 1.0000000
v -0.5153687 -0.9377000 0.0605349
vn 0.0000000 0.0000000 1.0000000
v -0.5126936 -0.9517244 0.0605349
vn 0.0000000 0.0000000 1.0000000
v -0.5042094 -0.9646407 0.0605349
vn 0.0000000 0.0000000 1.0000000
v -0.5136558 -0.9264045 0.0605349
vn 0.0000000 0.0000000 1.0000000
v -0.5136558 -0.9264045 0.0605349
vn 0.0000000 0.0000000 1.0000000
v -0.5081450 -0.9153783 0.0605349
vn 0.0000000 0.0000000 1.0000000
v -0.5081450 -0.9153783 0.0605349
vn 0.0000000 0.0000000 1.0000000
v -0.4880578 -0.9011595 0.0605349
vn 0.0000000 0.0000000 1.0000000
v -0.4912931 -0.9731249 0.0605349
vn 0.0000000 0.0000000 1.0000000
v -0.4772686 -0.9758000 0.0605349
vn 0.0000000 0.0000000 1.0000000
v -0.4586412 -0.9567568 0.0605349
vn 0.0000000 0.0000000 1.0000000
v -0.4586412 -0.9567568 0.0605349
vn 0.0000000 0.0000000 1.0000000
v -0.4632442 -0.9731249 0.0605349
vn 0.0000000 0.0000000 1.0000000
v -0.4503279 -0.9646407 0.0605349
vn 0.0000000 0.0000000 1.0000000
v -0.4391686 -0.9377000 0.0605349
vn 0.0000000 0.0000000 1.0000000
v -0.4391686 -0.9377000 0.0605349
vn 0.0000000 0.0000000 1.0000000
v -0.4418437 -0.9517244 0.0605349
vn 0.0000000 0.0000000 1.0000000
v -0.4408290 -0.9265751 0.0605349
vn 0.0000000 0.0000000 -1.0000000
v -0.4880578 -0.9567568 0.0351349
vn 0.0000000 0.0000000 -1.0000000
v -0.4880578 -0.9567568 0.0351349
vn 0.0000000 0.0000000 -1.0000000
v -0.4880578 -0.9567568 0.0351349
vn 0.0000000 0.0000000 -1.0000000
v -0.4880578 -0.9567568 0.0351349
vn 0.0000000 0.0000000 -1.0000000
v -0.4880578 -0.9567568 0.0351349
vn 0.0000000 0.0000000 -1.0000000
v -0.5126936 -0.9517244 0.0351349
vn 0.0000000 0.0000000 -1.0000000
v -0.5126936 -0.9517244 0.0351349
vn 0.0000000 0.0000000 -1.0000000
v -0.5153687 -0.9377000 0.0351349
vn 0.0000000 0.0000000 -1.0000000
v -0.5153687 -0.9377000 0.0351349
vn 0.0000000 0.0000000 -1.0000000
v -0.5042094 -0.9646407 0.0351349
vn 0.0000000 0.0000000 -1.0000000
v -0.5042094 -0.9646407 0.0351349
vn 0.0000000 0.0000000 -1.0000000
v -0.5136558 -0.9264045 0.0351349
vn 0.0000000 0.0000000 -1.0000000
v -0.5136558 -0.9264045 0.0351349
vn 0.0000000 0.0000000 -1.0000000
v -0.5081450 -0.9153783 0.0351349
vn 0.0000000 0.0000000 -1.0000000
v -0.5081450 -0.9153783 0.0351349
vn 0.0000000 0.0000000 -1.0000000
v -0.4991354 -0.9064998 0.0351349
vn 0.0000000 0.0000000 -1.0000000
v -0.4912931 -0.9731249 0.0351349
vn 0.0000000 0.0000000 -1.0000000
v -0.4912931 -0.9731249 0.0351349
vn 0.0000000 0.0000000 -1.0000000
v -0.4772686 -0.9758000 0.0351349
vn 0.0000000 0.0000000 -1.0000000
v -0.4772686 -0.9758000 0.0351349
vn 0.0000000 0.0000000 -1.0000000
v -0.4586412 -0.9567568 0.0351349
vn 0.0000000 0.0000000 -1.0000000
v -0.4586412 -0.9567568 0.0351349
vn 0.0000000 0.0000000 -1.0000000
v -0.4586412 -0.9567568 0.0351349
vn 0.0000000 0.0000000 -1.0000000
v -0.4632442 -0.9731249 0.0351349
vn 0.0000000 0.0000000 -1.0000000
v -0.4632442 -0.9731249 0.0351349
vn 0.0000000 0.0000000 -1.0000000
v -0.4503279 -0.9646407 0.0351349
vn 0.0000000 0.0000000 -1.0000000
v -0.4503279 -0.9646407 0.0351349
vn 0.0000000 0.0000000 -1.0000000
v -0.4408290 -0.9265751 0.0351349
vn 0.0000000 0.0000000 -1.0000000
v -0.4418437 -0.9517244 0.0351349
vn 0.0000000 0.0000000 -1.0000000
v -0.4418437 -0.9517244 0.0351349
vn 0.0000000 0.0000000 -1.0000000
v -0.4880578 -0.9011595 0.0351349
vn -1.0000000 0.0000000 0.0000000
v -0.4880578 -0.8896760 0.0287849
vn -1.0000000 0.0000000 0.0000000
v -0.4880578 -0.9011595 0.0478349
vn -1.0000000 0.0000000 0.0000000
v -0.4880578 -0.8896760 0.0668849
vn -1.0000000 0.0000000 0.0000000
v -0.4880578 -0.9011595 0.0605349
vn -1.0000000 0.0000000 0.0000000
v -0.4880578 -0.9567568 0.0287849
vn -1.0000000 0.0000000 0.0000000
v -0.4880578 -0.9011595 0.0351349
vn -1.0000000 0.0000000 0.0000000
v -0.4880578 -0.9567568 0.0605349
vn -1.0000000 0.0000000 0.0000000
v -0.4880578 -0.9567568 0.0668849
vn -1.0000000 0.0000000 0.0000000
v -0.4880578 -0.9567568 0.0351349
vn 0.0000000 -1.0000000 0.0000000
v -0.4880578 -0.9567568 0.0605349
vn 0.0000000 -1.0000000 0.0000000
v -0.4586412 -0.9567568 0.0605349
vn 0.0000000 -1.0000000 0.0000000
v -0.4586412 -0.9567568 0.0668849
vn 0.0000000 0.0000000 1.0000000
v -0.4880578 -0.8896760 0.0668849
vn 0.0000000 0.0000000 1.0000000
v -0.4586412 -0.9567568 0.0668849
vn 0.0000000 0.0000000 1.0000000
v -0.4190525 -0.8896760 0.0668849
vn 0.0000000 0.0000000 1.0000000
v -0.4880578 -0.9567568 0.0668849
vn 0.0000000 0.0000000 -1.0000000
v -0.4880578 -0.8896760 0.0287849
vn 0.0000000 0.0000000 -1.0000000
v -0.4190525 -0.8896760 0.0287849
vn 0.0000000 0.0000000 -1.0000000
v -0.4586412 -0.9567568 0.0287849
vn 0.0000000 0.0000000 -1.0000000
v -0.4880578 -0.9567568 0.0287849
vn 0.0000000 0.0000000 1.0000000
v -0.0279707 -0.2773000 0.5249171
vn 0.0000000 0.0000000 1.0000000
v -0.4978708 -0.2773000 0.5249171
vn 0.0000000 0.0000000 1.0000000
v -0.4978708 -0.8896760 0.5249171
vn -1.0000000 0.0000000 0.0000000
v -0.4978708 -0.8372104 0.5122171
vn -1.0000000 0.0000000 0.0000000
v -0.4978708 -0.8372104 0.5122171
vn -1.0000000 0.0000000 0.0000000
v -0.4978708 -0.8592649 0.5122171
vn -1.0000000 0.0000000 0.0000000
v -0.4978708 -0.8592649 0.5122171
vn -1.0000000 0.0000000 0.0000000
v -0.4978708 -0.8896760 0.5249171
vn -1.0000000 0.0000000 0.0000000
v -0.4978708 -0.8896760 0.5249171
vn -1.0000000 0.0000000 0.0000000
v -0.4978708 -0.8896760 0.5249171
vn -1.0000000 0.0000000 0.0000000
v -0.4978708 -0.8592649 0.0296170
vn -1.0000000 0.0000000 0.0000000
v -0.4978708 -0.8592649 0.0296170
vn -1.0000000 0.0000000 0.0000000
v -0.4978708 -0.5705104 0.5122171
vn -1.0000000 0.0000000 0.0000000
v -0.4978708 -0.5705104 0.5122171
vn -1.0000000 0.0000000 0.0000000
v -0.4978708 -0.5705104 0.5122171
vn -1.0000000 0.0000000 0.0000000
v -0.4978708 -0.2773000 0.5249171
vn -1.0000000 0.0000000 0.0000000
v -0.4978708 -0.2773000 0.5249171
vn -1.0000000 0.0000000 0.0000000
v -0.4978708 -0.2773000 0.5249171
vn -1.0000000 0.0000000 0.0000000
v -0.4978708 -0.2773000 0.5249171
vn -1.0000000 0.0000000 0.0000000
v -0.4978708 -0.2773000 0.5249171
vn -1.0000000 0.0000000 0.0000000
v -0.4978708 -0.5542752 0.5122171
vn -1.0000000 0.0000000 0.0000000
v -0.4978708 -0.5542752 0.5122171
vn -1.0000000 0.0000000 0.0000000
v -0.4978708 -0.4022758 0.5122171
vn -1.0000000 0.0000000 0.0000000
v -0.4978708 -0.4209252 0.5122171
vn -1.0000000 0.0000000 0.0000000
v -0.4978708 -0.4209252 0.5122171
vn -1.0000000 0.0000000 0.0000000
v -0.4978708 -0.3133757 0.5122171
vn -1.0000000 0.0000000 0.0000000
v -0.4978708 -0.3133757 0.5122171
vn -1.0000000 0.0000000 0.0000000
v -0.4978708 -0.2900034 0.5122171
vn -1.0000000 0.0000000 0.0000000
v -0.4978708 -0.2900034 0.5122171
vn -1.0000000 0.0000000 0.0000000
v -0.4978708 -0.2773000 0.0169170
vn -1.0000000 0.0000000 0.0000000
v -0.4978708 -0.2773000 0.0169170
vn -1.0000000 0.0000000 0.0000000
v -0.4978708 -0.2773000 0.0169170
vn -1.0000000 0.0000000 0.0000000
v -0.4978708 -0.2773000 0.0169170
vn -1.0000000 0.0000000 0.0000000
v -0.4978708 -0.2773000 0.0169170
vn -1.0000000 0.0000000 0.0000000
v -0.4978708 -0.2773000 0.0169170
vn -1.0000000 0.0000000 0.0000000
v -0.4978708 -0.2900034 0.0296170
vn -1.0000000 0.0000000 0.0000000
v -0.4978708 -0.8896760 0.0169170
vn -1.0000000 0.0000000 0.0000000
v -0.4978708 -0.8896760 0.0169170
vn -1.0000000 0.0000000 0.0000000
v -0.4978708 -0.8896760 0.0169170
vn -1.0000000 0.0000000 0.0000000
v -0.4978708 -0.8372104 0.0296170
vn -1.0000000 0.0000000 0.0000000
v -0.4978708 -0.8372104 0.0296170
vn -1.0000000 0.0000000 0.0000000
v -0.4978708 -0.5705104 0.0296170
vn -1.0000000 0.0000000 0.0000000
v -0.4978708 -0.5705104 0.0296170
vn -1.0000000 0.0000000 0.0000000
v -0.4978708 -0.5705104 0.0296170
vn -1.0000000 0.0000000 0.0000000
v -0.4978708 -0.5542752 0.0296170
vn -1.0000000 0.0000000 0.0000000
v -0.4978708 -0.5542752 0.0296170
vn -1.0000000 0.0000000 0.0000000
v -0.4978708 -0.4209252 0.0296170
vn -1.0000000 0.0000000 0.0000000
v -0.4978708 -0.4209252 0.0296170
vn -1.0000000 0.0000000 0.0000000
v -0.4978708 -0.4022758 0.0296170
vn -1.0000000 0.0000000 0.0000000
v -0.4978708 -0.4022758 0.0296170
vn -1.0000000 0.0000000 0.0000000
v -0.4978708 -0.3133757 0.0296170
vn -1.0000000 0.0000000 0.0000000
v -0.4978708 -0.3133757 0.0296170
vn 0.0000000 0.0000000 -1.0000000
v -0.4978708 -0.2773000 0.0169170
vn 0.0000000 0.0000000 -1.0000000
v -0.0279707 -0.2773000 0.0169170
vn 0.0000000 0.0000000 -1.0000000
v -0.0279707 -0.8896760 0.0169170
vn 1.0000000 0.0000000 0.0000000
v -0.0279707 -0.2773000 0.0169170
vn 1.0000000 0.0000000 0.0000000
v -0.0279707 -0.2900034 0.0296170
vn 1.0000000 0.0000000 0.0000000
v -0.0279707 -0.8592649 0.0296170
vn 1.0000000 0.0000000 0.0000000
v -0.0279707 -0.8592649 0.5122171
vn 1.0000000 0.0000000 0.0000000
v -0.0279707 -0.8896760 0.5249171
vn 1.0000000 0.0000000 0.0000000
v -0.0279707 -0.8896760 0.0169170
vn 1.0000000 0.0000000 0.0000000
v -0.0279707 -0.2773000 0.5249171
vn 0.0000000 -1.0000000 0.0000000
v -0.0377836 -0.8896760 0.4749491
vn 0.0000000 -1.0000000 0.0000000
v -0.0377836 -0.8896760 0.4749491
vn 0.0000000 -1.0000000 0.0000000
v -0.0377836 -0.8896760 0.4749491
vn 0.0000000 -1.0000000 0.0000000
v -0.0377836 -0.8896760 0.4749491
vn 0.0000000 -1.0000000 0.0000000
v -0.0279707 -0.8896760 0.5249171
vn 0.0000000 -1.0000000 0.0000000
v -0.0279707 -0.8896760 0.5249171
vn 0.0000000 -1.0000000 0.0000000
v -0.0279707 -0.8896760 0.5249171
vn 0.0000000 -1.0000000 0.0000000
v -0.0377836 -0.8896760 0.5130491
vn 0.0000000 -1.0000000 0.0000000
v -0.0377836 -0.8896760 0.5130491
vn 0.0000000 -1.0000000 0.0000000
v -0.1067889 -0.8896760 0.5130491
vn 0.0000000 -1.0000000 0.0000000
v -0.1067889 -0.8896760 0.4749491
vn 0.0000000 -1.0000000 0.0000000
v -0.4190525 -0.8896760 0.5130491
vn 0.0000000 -1.0000000 0.0000000
v -0.1067889 -0.8896760 0.0668849
vn 0.0000000 -1.0000000 0.0000000
v -0.0377836 -0.8896760 0.0668849
vn 0.0000000 -1.0000000 0.0000000
v -0.0377836 -0.8896760 0.0668849
vn 0.0000000 -1.0000000 0.0000000
v -0.0279707 -0.8896760 0.0169170
vn 0.0000000 -1.0000000 0.0000000
v -0.0279707 -0.8896760 0.0169170
vn 0.0000000 -1.0000000 0.0000000
v -0.0279707 -0.8896760 0.0169170
vn 0.0000000 -1.0000000 0.0000000
v -0.0377836 -0.8896760 0.0287849
vn 0.0000000 -1.0000000 0.0000000
v -0.1067889 -0.8896760 0.0287849
vn 0.0000000 -1.0000000 0.0000000
v -0.4190525 -0.8896760 0.0668849
vn 0.0000000 -1.0000000 0.0000000
v -0.4190525 -0.8896760 0.0287849
vn 0.0000000 -1.0000000 0.0000000
v -0.4978708 -0.8896760 0.0169170
vn 0.0000000 -1.0000000 0.0000000
v -0.4978708 -0.8896760 0.0169170
vn 0.0000000 -1.0000000 0.0000000
v -0.4190525 -0.8896760 0.4749491
vn 0.0000000 -1.0000000 0.0000000
v -0.4880578 -0.8896760 0.4749491
vn 0.0000000 -1.0000000 0.0000000
v -0.4880578 -0.8896760 0.4749491
vn 0.0000000 -1.0000000 0.0000000
v -0.4880578 -0.8896760 0.4749491
vn 0.0000000 -1.0000000 0.0000000
v -0.4880578 -0.8896760 0.5130491
vn 0.0000000 -1.0000000 0.0000000
v -0.4880578 -0.8896760 0.5130491
vn 0.0000000 -1.0000000 0.0000000
v -0.4978708 -0.8896760 0.5249171
vn 0.0000000 -1.0000000 0.0000000
v -0.4978708 -0.8896760 0.5249171
vn 0.0000000 -1.0000000 0.0000000
v -0.4978708 -0.8896760 0.5249171
vn 0.0000000 -1.0000000 0.0000000
v -0.4880578 -0.8896760 0.0668849
vn 0.0000000 -1.0000000 0.0000000
v -0.4880578 -0.8896760 0.0287849
vn 0.0000000 1.0000000 0.0000000
v -0.0279707 -0.2773000 0.0169170
vn 0.0000000 1.0000000 0.0000000
v -0.4978708 -0.2773000 0.0169170
vn 0.0000000 1.0000000 0.0000000
v -0.4978708 -0.2773000 0.5249171
vn 0.0000000 1.0000000 0.0000000
v -0.4978708 -0.8592649 0.5122171
vn 0.0000000 1.0000000 0.0000000
v -0.0279707 -0.8592649 0.5122171
vn 0.0000000 1.0000000 0.0000000
v -0.0279707 -0.8592649 0.0296170
vn 0.0000000 -1.0000000 0.0000000
v -0.4978708 -0.2900034 0.0296170
vn 0.0000000 -1.0000000 0.0000000
v -0.0279707 -0.2900034 0.0296170
vn 0.0000000 -1.0000000 0.0000000
v -0.0279707 -0.2900034 0.5122171
vn 0.0000000 1.0000000 0.0000000
v -0.1930707 -0.3133757 0.5122171
vn 0.0000000 1.0000000 0.0000000
v -0.1930707 -0.3133757 0.0296170
vn 0.0000000 1.0000000 0.0000000
v -0.4978708 -0.3133757 0.0296170
vn 0.0000000 -1.0000000 0.0000000
v -0.1930707 -0.4022758 0.0296170
vn 0.0000000 -1.0000000 0.0000000
v -0.1930707 -0.4022758 0.5122171
vn 0.0000000 -1.0000000 0.0000000
v -0.4978708 -0.4022758 0.5122171
vn -1.0000000 0.0000000 0.0000000
v -0.4978708 -0.3133757 0.0296170
vn -1.0000000 0.0000000 0.0000000
v -0.4978708 -0.4022758 0.0296170
vn -1.0000000 0.0000000 0.0000000
v -0.4978708 -0.4022758 0.5122171
vn 1.0000000 0.0000000 0.0000000
v -0.1930707 -0.3133757 0.0296170
vn 1.0000000 0.0000000 0.0000000
v -0.1930707 -0.3133757 0.5122171
vn 1.0000000 0.0000000 0.0000000
v -0.1930707 -0.4022758 0.5122171
vn 0.0000000 1.0000000 0.0000000
v -0.2946708 -0.4209252 0.5122171
vn 0.0000000 1.0000000 0.0000000
v -0.2946708 -0.4209252 0.0296170
vn 0.0000000 1.0000000 0.0000000
v -0.4978708 -0.4209252 0.0296170
vn 0.0000000 -1.0000000 0.0000000
v -0.2946708 -0.5542752 0.0296170
vn 0.0000000 -1.0000000 0.0000000
v -0.2946708 -0.5542752 0.5122171
vn 0.0000000 -1.0000000 0.0000000
v -0.4978708 -0.5542752 0.5122171
vn -1.0000000 0.0000000 0.0000000
v -0.4978708 -0.4209252 0.0296170
vn -1.0000000 0.0000000 0.0000000
v -0.4978708 -0.5542752 0.0296170
vn -1.0000000 0.0000000 0.0000000
v -0.4978708 -0.5542752 0.5122171
vn 1.0000000 0.0000000 0.0000000
v -0.2946708 -0.4209252 0.0296170
vn 1.0000000 0.0000000 0.0000000
v -0.2946708 -0.4209252 0.5122171
vn 1.0000000 0.0000000 0.0000000
v -0.2946708 -0.5542752 0.5122171
vn 0.0000000 1.0000000 0.0000000
v -0.0914707 -0.5705104 0.5122171
vn 0.0000000 1.0000000 0.0000000
v -0.0914707 -0.5705104 0.0296170
vn 0.0000000 1.0000000 0.0000000
v -0.4978708 -0.5705104 0.0296170
vn 0.0000000 -1.0000000 0.0000000
v -0.0914707 -0.8372104 0.0296170
vn 0.0000000 -1.0000000 0.0000000
v -0.0914707 -0.8372104 0.5122171
vn 0.0000000 -1.0000000 0.0000000
v -0.4978708 -0.8372104 0.5122171
vn -1.0000000 0.0000000 0.0000000
v -0.4978708 -0.5705104 0.0296170
vn -1.0000000 0.0000000 0.0000000
v -0.4978708 -0.8372104 0.0296170
vn -1.0000000 0.0000000 0.0000000
v -0.4978708 -0.8372104 0.5122171
vn 1.0000000 0.0000000 0.0000000
v -0.0914707 -0.5705104 0.0296170
vn 1.0000000 0.0000000 0.0000000
v -0.0914707 -0.5705104 0.5122171
vn 1.0000000 0.0000000 0.0000000
v -0.0914707 -0.8372104 0.5122171
vn 0.0000000 0.0000000 1.0000000
v -0.4978708 -0.8592649 0.0296170
vn 0.0000000 0.0000000 1.0000000
v -0.0279707 -0.8592649 0.0296170
vn 0.0000000 0.0000000 1.0000000
v -0.0914707 -0.8372104 0.0296170
vn 0.0000000 0.0000000 1.0000000
v -0.0914707 -0.5705104 0.0296170
vn 0.0000000 0.0000000 1.0000000
v -0.0914707 -0.5705104 0.0296170
vn 0.0000000 0.0000000 1.0000000
v -0.2946708 -0.5542752 0.0296170
vn 0.0000000 0.0000000 1.0000000
v -0.2946708 -0.5542752 0.0296170
vn 0.0000000 0.0000000 1.0000000
v -0.4978708 -0.5705104 0.0296170
vn 0.0000000 0.0000000 1.0000000
v -0.4978708 -0.5705104 0.0296170
vn 0.0000000 0.0000000 1.0000000
v -0.1930707 -0.4022758 0.0296170
vn 0.0000000 0.0000000 1.0000000
v -0.0279707 -0.2900034 0.0296170
vn 0.0000000 0.0000000 1.0000000
v -0.4978708 -0.5542752 0.0296170
vn 0.0000000 0.0000000 1.0000000
v -0.2946708 -0.4209252 0.0296170
vn 0.0000000 0.0000000 1.0000000
v -0.4978708 -0.2900034 0.0296170
vn 0.0000000 0.0000000 1.0000000
v -0.1930707 -0.3133757 0.0296170
vn 0.0000000 0.0000000 1.0000000
v -0.4978708 -0.4022758 0.0296170
vn 0.0000000 0.0000000 1.0000000
v -0.4978708 -0.4209252 0.0296170
vn 0.0000000 0.0000000 -1.0000000
v -0.4978708 -0.2900034 0.5122171
vn 0.0000000 0.0000000 -1.0000000
v -0.0279707 -0.2900034 0.5122171
vn 0.0000000 0.0000000 -1.0000000
v -0.0279707 -0.2900034 0.5122171
vn 0.0000000 0.0000000 -1.0000000
v -0.1930707 -0.3133757 0.5122171
vn 0.0000000 0.0000000 -1.0000000
v -0.1930707 -0.4022758 0.5122171
vn 0.0000000 0.0000000 -1.0000000
v -0.1930707 -0.4022758 0.5122171
vn 0.0000000 0.0000000 -1.0000000
v -0.2946708 -0.4209252 0.5122171
vn 0.0000000 0.0000000 -1.0000000
v -0.4978708 -0.4022758 0.5122171
vn 0.0000000 0.0000000 -1.0000000
v -0.2946708 -0.5542752 0.5122171
vn 0.0000000 0.0000000 -1.0000000
v -0.2946708 -0.5542752 0.5122171
vn 0.0000000 0.0000000 -1.0000000
v -0.0914707 -0.5705104 0.5122171
vn 0.0000000 0.0000000 -1.0000000
v -0.0914707 -0.5705104 0.5122171
vn 0.0000000 0.0000000 -1.0000000
v -0.0914707 -0.5705104 0.5122171
vn 0.0000000 0.0000000 -1.0000000
v -0.4978708 -0.3133757 0.5122171
vn 0.0000000 0.0000000 -1.0000000
v -0.4978708 -0.4209252 0.5122171
vn 0.0000000 0.0000000 -1.0000000
v -0.4978708 -0.8592649 0.5122171
vn 0.0000000 0.0000000 -1.0000000
v -0.4978708 -0.8592649 0.5122171
vn 0.0000000 0.0000000 -1.0000000
v -0.0914707 -0.8372104 0.5122171
vn 0.0000000 0.0000000 -1.0000000
v -0.0914707 -0.8372104 0.5122171
vn 0.0000000 0.0000000 -1.0000000
v -0.0279707 -0.8592649 0.5122171
vn 0.0000000 0.0000000 -1.0000000
v -0.0279707 -0.8592649 0.5122171
vn 0.0000000 0.0000000 -1.0000000
v -0.4978708 -0.5705104 0.5122171
vn 0.0000000 0.0000000 -1.0000000
v -0.4978708 -0.5705104 0.5122171
vn 0.0000000 0.0000000 -1.0000000
v -0.4978708 -0.5542752 0.5122171
vn 0.0000000 0.0000000 -1.0000000
v -0.4978708 -0.8372104 0.5122171
vn -0.5757617 0.8172861 0.0232786
v -0.4991354 -0.9064998 0.0351349
vn -0.7739072 0.6326277 0.0291544
v -0.5081450 -0.9153783 0.0605349
vn -0.5372846 0.8414447 0.0574127
v -0.4880578 -0.9011595 0.0605349
vn -0.4342521 0.9007913 0.0000000
v -0.4880578 -0.9011595 0.0351349
vn -0.4342521 0.9007914 0.0000000
v -0.4880578 -0.9011595 0.0478349
vn -0.8091431 0.5876117 0.0000000
v -0.5081450 -0.9153783 0.0351349
vn -0.9886963 0.1499320 0.0000000
v -0.5153687 -0.9377000 0.0478349
vn -0.9886963 0.1499320 0.0000000
v -0.5153687 -0.9377000 0.0605349
vn -0.9532474 0.3021910 0.0000000
v -0.5136558 -0.9264045 0.0605349
vn -0.9532474 0.3021910 0.0000000
v -0.5136558 -0.9264045 0.0351349
vn -0.9886963 0.1499320 0.0000000
v -0.5153687 -0.9377000 0.0351349
vn 0.0000000 -1.0000000 0.0000000
v -0.4880578 -0.9567568 0.0287849
vn 0.0000000 -1.0000000 0.0000000
v -0.4586412 -0.9567568 0.0287849
vn 0.0000000 -1.0000000 0.0000000
v -0.4586412 -0.9567568 0.0351349
vn 0.8612073 -0.5082538 0.0000085
v -0.4408290 -0.9265751 0.0605349
vn 0.8612080 -0.5082527 0.0000000
v -0.4408290 -0.9265751 0.0605349
vn 0.8612066 -0.5082551 0.0000000
v -0.4408290 -0.9265751 0.0605349
vn 0.8612065 -0.5082551 0.0000000
v -0.4586412 -0.9567568 0.0668849
vn 0.8612073 -0.5082538 0.0000085
v -0.4586412 -0.9567568 0.0668849
vn 0.8612066 -0.5082552 0.0000000
v -0.4586412 -0.9567568 0.0605349
vn 0.8612073 -0.5082538 -0.0000085
v -0.4408290 -0.9265751 0.0351349
vn 0.8612066 -0.5082551 0.0000000
v -0.4408290 -0.9265751 0.0351349
vn 0.8612080 -0.5082527 0.0000000
v -0.4408290 -0.9265751 0.0351349
vn 0.8612065 -0.5082551 0.0000000
v -0.4586412 -0.9567568 0.0351349
vn 0.8612073 -0.5082538 -0.0000085
v -0.4586412 -0.9567568 0.0287849
vn 0.8612065 -0.5082551 0.0000000
v -0.4586412 -0.9567568 0.0287849
vn 0.8612080 -0.5082527 0.0000000
v -0.4408290 -0.9265751 0.0478349
vn 0.8612080 -0.5082527 0.0000000
v -0.4408290 -0.9265751 0.0478349
vn 0.8612080 -0.5082527 0.0000000
v -0.4408290 -0.9265751 0.0478349
vn 0.8612074 -0.5082538 0.0000085
v -0.4190525 -0.8896760 0.0668849
vn 0.8612080 -0.5082527 0.0000000
v -0.4190525 -0.8896760 0.0668849
vn 0.8612080 -0.5082527 0.0000000
v -0.4190525 -0.8896760 0.0668849
vn 0.8612080 -0.5082527 0.0000000
v -0.4190525 -0.8896760 0.0287849
vn 0.8612080 -0.5082527 0.0000000
v -0.4190525 -0.8896760 0.0287849
vn 0.8612073 -0.5082538 -0.0000085
v -0.4190525 -0.8896760 0.0287849
vn 0.0000000 -1.0000000 0.0000000
v -0.0672002 -0.9567568 0.0605349
vn 0.0000000 -1.0000000 0.0000000
v -0.0377836 -0.9567568 0.0605349
vn 0.0000000 -1.0000000 0.0000000
v -0.0377836 -0.9567568 0.0668849
vn -0.9890453 0.1476124 0.0000000
v -0.0850124 -0.9265751 0.0478349
vn -0.9997967 -0.0201613 0.0000000
v -0.0866728 -0.9377000 0.0605349
vn -0.9890453 0.1476124 0.0000000
v -0.0850124 -0.9265751 0.0605349
vn -0.7071072 -0.7071064 0.0000000
v -0.0755135 -0.9646407 0.0605349
vn -0.9268620 -0.3754023 0.0000000
v -0.0839977 -0.9517244 0.0605349
vn -0.9268620 -0.3754023 0.0000000
v -0.0839977 -0.9517244 0.0351349
vn -0.3754026 -0.9268619 0.0000000
v -0.0625972 -0.9731249 0.0605349
vn -0.7071072 -0.7071063 0.0000000
v -0.0755135 -0.9646407 0.0351349
vn -0.9997967 -0.0201612 0.0000000
v -0.0866728 -0.9377000 0.0351349
vn -0.9890453 0.1476124 0.0000000
v -0.0850124 -0.9265751 0.0351349
vn -0.3754026 -0.9268619 0.0000000
v -0.0625972 -0.9731249 0.0351349
vn 0.0000004 -1.0000000 0.0000000
v -0.0485728 -0.9758000 0.0351349
vn 0.0000004 -1.0000000 0.0000000
v -0.0485728 -0.9758000 0.0605349
vn 0.3754021 -0.9268621 0.0000000
v -0.0345484 -0.9731249 0.0605349
vn 0.9268618 -0.3754027 0.0000000
v -0.0131479 -0.9517244 0.0605349
vn 0.7071075 -0.7071060 0.0000000
v -0.0216320 -0.9646407 0.0605349
vn 0.7071075 -0.7071060 0.0000000
v -0.0216320 -0.9646407 0.0351349
vn 0.9822897 -0.1873689 0.0000000
v -0.0104728 -0.9377000 0.0478349
vn 0.9822896 -0.1873688 0.0000000
v -0.0104728 -0.9377000 0.0605349
vn 0.3754021 -0.9268621 0.0000000
v -0.0345484 -0.9731249 0.0351349
vn 0.9822896 -0.1873688 0.0000000
v -0.0104728 -0.9377000 0.0351349
vn 0.9268618 -0.3754027 0.0000000
v -0.0131479 -0.9517244 0.0351349
vn 0.9886963 0.1499321 0.0000000
v -0.0104728 -0.9377000 0.0478349
vn 0.9532487 0.3021870 0.0000000
v -0.0121857 -0.9264045 0.0605349
vn 0.9886963 0.1499321 0.0000000
v -0.0104728 -0.9377000 0.0605349
vn 0.9886963 0.1499321 0.0000000
v -0.0104728 -0.9377000 0.0351349
vn 0.9532487 0.3021870 0.0000000
v -0.0121857 -0.9264045 0.0351349
vn 0.7739094 0.6326249 -0.0291544
v -0.0176964 -0.9153783 0.0351349
vn 0.8091451 0.5876090 0.0000000
v -0.0176964 -0.9153783 0.0605349
vn 0.5757607 0.8172868 -0.0232787
v -0.0267060 -0.9064998 0.0605349
vn 0.4342513 0.9007918 0.0000000
v -0.0377836 -0.9011595 0.0478349
vn 0.4342513 0.9007918 0.0000000
v -0.0377836 -0.9011595 0.0605349
vn 0.5372835 0.8414454 -0.0574126
v -0.0377836 -0.9011595 0.0351349
vn 0.0000000 0.0000000 1.0000000
v -0.0839977 -0.9517244 0.0605349
vn 0.0000000 0.0000000 1.0000000
v -0.0839977 -0.9517244 0.0605349
vn 0.0000000 0.0000000 1.0000000
v -0.0755135 -0.9646407 0.0605349
vn 0.0000000 0.0000000 1.0000000
v -0.0755135 -0.9646407 0.0605349
vn 0.0000000 0.0000000 1.0000000
v -0.0672002 -0.9567568 0.0605349
vn 0.0000000 0.0000000 1.0000000
v -0.0672002 -0.9567568 0.0605349
vn 0.0000000 0.0000000 1.0000000
v -0.0672002 -0.9567568 0.0605349
vn 0.0000000 0.0000000 1.0000000
v -0.0672002 -0.9567568 0.0605349
vn 0.0000000 0.0000000 1.0000000
v -0.0672002 -0.9567568 0.0605349
vn 0.0000000 0.0000000 1.0000000
v -0.0625972 -0.9731249 0.0605349
vn 0.0000000 0.0000000 1.0000000
v -0.0625972 -0.9731249 0.0605349
vn 0.0000000 0.0000000 1.0000000
v -0.0485728 -0.9758000 0.0605349
vn 0.0000000 0.0000000 1.0000000
v -0.0485728 -0.9758000 0.0605349
vn 0.0000000 0.0000000 1.0000000
v -0.0866728 -0.9377000 0.0605349
vn 0.0000000 0.0000000 1.0000000
v -0.0866728 -0.9377000 0.0605349
vn 0.0000000 0.0000000 1.0000000
v -0.0850124 -0.9265751 0.0605349
vn 0.0000000 0.0000000 1.0000000
v -0.0377836 -0.9567568 0.0605349
vn 0.0000000 0.0000000 1.0000000
v -0.0377836 -0.9567568 0.0605349
vn 0.0000000 0.0000000 1.0000000
v -0.0377836 -0.9567568 0.0605349
vn 0.0000000 0.0000000 1.0000000
v -0.0377836 -0.9567568 0.0605349
vn 0.0000000 0.0000000 1.0000000
v -0.0377836 -0.9567568 0.0605349
vn 0.0000000 0.0000000 1.0000000
v -0.0377836 -0.9567568 0.0605349
vn 0.0000000 0.0000000 1.0000000
v -0.0377836 -0.9567568 0.0605349
vn 0.0000000 0.0000000 1.0000000
v -0.0216320 -0.9646407 0.0605349
vn 0.0000000 0.0000000 1.0000000
v -0.0216320 -0.9646407 0.0605349
vn 0.0000000 0.0000000 1.0000000
v -0.0345484 -0.9731249 0.0605349
vn 0.0000000 0.0000000 1.0000000
v -0.0345484 -0.9731249 0.0605349
vn 0.0000000 0.0000000 1.0000000
v -0.0131479 -0.9517244 0.0605349
vn 0.0000000 0.0000000 1.0000000
v -0.0131479 -0.9517244 0.0605349
vn 0.0000000 0.0000000 1.0000000
v -0.0104728 -0.9377000 0.0605349
vn 0.0000000 0.0000000 1.0000000
v -0.0104728 -0.9377000 0.0605349
vn 0.0000000 0.0000000 1.0000000
v -0.0176964 -0.9153783 0.0605349
vn 0.0000000 0.0000000 1.0000000
v -0.0176964 -0.9153783 0.0605349
vn 0.0000000 0.0000000 1.0000000
v -0.0267060 -0.9064998 0.0605349
vn 0.0000000 0.0000000 1.0000000
v -0.0267060 -0.9064998 0.0605349
vn 0.0000000 0.0000000 1.0000000
v -0.0121857 -0.9264045 0.0605349
vn 0.0000000 0.0000000 1.0000000
v -0.0121857 -0.9264045 0.0605349
vn 0.0000000 0.0000000 1.0000000
v -0.0377836 -0.9011595 0.0605349
vn 0.0000000 0.0000000 -1.0000000
v -0.0625972 -0.9731249 0.0351349
vn 0.0000000 0.0000000 -1.0000000
v -0.0625972 -0.9731249 0.0351349
vn 0.0000000 0.0000000 -1.0000000
v -0.0755135 -0.9646407 0.0351349
vn 0.0000000 0.0000000 -1.0000000
v -0.0755135 -0.9646407 0.0351349
vn 0.0000000 0.0000000 -1.0000000
v -0.0672002 -0.9567568 0.0351349
vn 0.0000000 0.0000000 -1.0000000
v -0.0672002 -0.9567568 0.0351349
vn 0.0000000 0.0000000 -1.0000000
v -0.0672002 -0.9567568 0.0351349
vn 0.0000000 0.0000000 -1.0000000
v -0.0672002 -0.9567568 0.0351349
vn 0.0000000 0.0000000 -1.0000000
v -0.0672002 -0.9567568 0.0351349
vn 0.0000000 0.0000000 -1.0000000
v -0.0485728 -0.9758000 0.0351349
vn 0.0000000 0.0000000 -1.0000000
v -0.0485728 -0.9758000 0.0351349
vn 0.0000000 0.0000000 -1.0000000
v -0.0485728 -0.9758000 0.0351349
vn 0.0000000 0.0000000 -1.0000000
v -0.0866728 -0.9377000 0.0351349
vn 0.0000000 0.0000000 -1.0000000
v -0.0866728 -0.9377000 0.0351349
vn 0.0000000 0.0000000 -1.0000000
v -0.0850124 -0.9265751 0.0351349
vn 0.0000000 0.0000000 -1.0000000
v -0.0839977 -0.9517244 0.0351349
vn 0.0000000 0.0000000 -1.0000000
v -0.0839977 -0.9517244 0.0351349
vn 0.0000000 0.0000000 -1.0000000
v -0.0377836 -0.9567568 0.0351349
vn 0.0000000 0.0000000 -1.0000000
v -0.0377836 -0.9567568 0.0351349
vn 0.0000000 0.0000000 -1.0000000
v -0.0377836 -0.9567568 0.0351349
vn 0.0000000 0.0000000 -1.0000000
v -0.0377836 -0.9567568 0.0351349
vn 0.0000000 0.0000000 -1.0000000
v -0.0377836 -0.9567568 0.0351349
vn 0.0000000 0.0000000 -1.0000000
v -0.0216320 -0.9646407 0.0351349
vn 0.0000000 0.0000000 -1.0000000
v -0.0216320 -0.9646407 0.0351349
vn 0.0000000 0.0000000 -1.0000000
v -0.0345484 -0.9731249 0.0351349
vn 0.0000000 0.0000000 -1.0000000
v -0.0345484 -0.9731249 0.0351349
vn 0.0000000 0.0000000 -1.0000000
v -0.0131479 -0.9517244 0.0351349
vn 0.0000000 0.0000000 -1.0000000
v -0.0131479 -0.9517244 0.0351349
vn 0.0000000 0.0000000 -1.0000000
v -0.0104728 -0.9377000 0.0351349
vn 0.0000000 0.0000000 -1.0000000
v -0.0176964 -0.9153783 0.0351349
vn 0.0000000 0.0000000 -1.0000000
v -0.0176964 -0.9153783 0.0351349
vn 0.0000000 0.0000000 -1.0000000
v -0.0377836 -0.9011595 0.0351349
vn 0.0000000 0.0000000 -1.0000000
v -0.0121857 -0.9264045 0.0351349
vn 0.0000000 0.0000000 -1.0000000
v -0.0121857 -0.9264045 0.0351349
vn 0.5757607 0.8172868 -0.0232786
v -0.0267060 -0.9064998 0.5066992
vn 0.7739094 0.6326249 -0.0291543
v -0.0176964 -0.9153783 0.4812992
vn 0.5372835 0.8414454 -0.0574126
v -0.0377836 -0.9011595 0.4812992
vn 0.4342513 0.9007918 0.0000000
v -0.0377836 -0.9011595 0.5066992
vn 0.4342513 0.9007918 0.0000000
v -0.0377836 -0.9011595 0.4939991
vn 0.8091451 0.5876090 0.0000000
v -0.0176964 -0.9153783 0.5066992
vn 0.9886963 0.1499321 0.0000000
v -0.0104728 -0.9377000 0.4939991
vn 0.9886963 0.1499321 0.0000000
v -0.0104728 -0.9377000 0.4812992
vn 0.9532487 0.3021870 0.0000000
v -0.0121857 -0.9264045 0.4812992
vn 0.9532487 0.3021870 0.0000000
v -0.0121857 -0.9264045 0.5066992
vn 0.9886963 0.1499321 0.0000000
v -0.0104728 -0.9377000 0.5066992
vn 0.0000000 -1.0000000 0.0000000
v -0.0377836 -0.9567568 0.5130491
vn 0.0000000 -1.0000000 0.0000000
v -0.0672002 -0.9567568 0.5130491
vn 0.0000000 -1.0000000 0.0000000
v -0.0672002 -0.9567568 0.5066992
vn -0.8612082 -0.5082523 0.0000000
v -0.0850124 -0.9265751 0.4812992
vn -0.8612066 -0.5082549 0.0000000
v -0.0850124 -0.9265751 0.4812992
vn -0.8612075 -0.5082536 -0.0000094
v -0.0850124 -0.9265751 0.4812992
vn -0.8612074 -0.5082536 -0.0000094
v -0.0672002 -0.9567568 0.4749491
vn -0.8612067 -0.5082549 0.0000000
v -0.0672002 -0.9567568 0.4749491
vn -0.8612067 -0.5082549 0.0000000
v -0.0672002 -0.9567568 0.4812992
vn -0.8612067 -0.5082549 0.0000000
v -0.0850124 -0.9265751 0.5066992
vn -0.8612082 -0.5082523 0.0000000
v -0.0850124 -0.9265751 0.5066992
vn -0.8612074 -0.5082535 0.0000094
v -0.0850124 -0.9265751 0.5066992
vn -0.8612067 -0.5082549 0.0000000
v -0.0672002 -0.9567568 0.5066992
vn -0.8612075 -0.5082535 0.0000094
v -0.0672002 -0.9567568 0.5130491
vn -0.8612067 -0.5082549 0.0000000
v -0.0672002 -0.9567568 0.5130491
vn -0.8612082 -0.5082524 0.0000000
v -0.0850124 -0.9265751 0.4939991
vn -0.8612082 -0.5082523 0.0000000
v -0.0850124 -0.9265751 0.4939991
vn -0.8612082 -0.5082523 0.0000000
v -0.0850124 -0.9265751 0.4939991
vn -0.8612082 -0.5082523 0.0000000
v -0.1067889 -0.8896760 0.4749491
vn -0.8612075 -0.5082536 -0.0000094
v -0.1067889 -0.8896760 0.4749491
vn -0.8612082 -0.5082523 0.0000000
v -0.1067889 -0.8896760 0.4749491
vn -0.8612075 -0.5082536 0.0000094
v -0.1067889 -0.8896760 0.5130491
vn -0.8612082 -0.5082523 0.0000000
v -0.1067889 -0.8896760 0.5130491
vn -0.8612082 -0.5082523 0.0000000
v -0.1067889 -0.8896760 0.5130491
vn 0.0000000 -1.0000000 0.0000000
v -0.4586412 -0.9567568 0.4812992
vn 0.0000000 -1.0000000 0.0000000
v -0.4880578 -0.9567568 0.4812992
vn 0.0000000 -1.0000000 0.0000000
v -0.4880578 -0.9567568 0.4749491
vn 0.9890446 0.1476169 0.0000000
v -0.4408290 -0.9265751 0.4939991
vn 0.9997967 -0.0201597 0.0000000
v -0.4391686 -0.9377000 0.4812992
vn 0.9890446 0.1476169 0.0000000
v -0.4408290 -0.9265751 0.4812992
vn 0.7071070 -0.7071066 0.0000000
v -0.4503279 -0.9646407 0.4812992
vn 0.9268613 -0.3754039 0.0000000
v -0.4418437 -0.9517244 0.4812992
vn 0.9268613 -0.3754039 0.0000000
v -0.4418437 -0.9517244 0.5066992
vn 0.3754034 -0.9268615 0.0000000
v -0.4632442 -0.9731249 0.4812992
vn 0.7071070 -0.7071066 0.0000000
v -0.4503279 -0.9646407 0.5066992
vn 0.9997967 -0.0201597 0.0000000
v -0.4391686 -0.9377000 0.5066992
vn 0.9890446 0.1476169 0.0000000
v -0.4408290 -0.9265751 0.5066992
vn 0.3754034 -0.9268616 0.0000000
v -0.4632442 -0.9731249 0.5066992
vn 0.0000006 -1.0000000 0.0000000
v -0.4772686 -0.9758000 0.5066992
vn 0.0000006 -1.0000000 0.0000000
v -0.4772686 -0.9758000 0.4812992
vn -0.3754029 -0.9268618 0.0000000
v -0.4912931 -0.9731249 0.4812992
vn -0.9268612 -0.3754042 0.0000000
v -0.5126936 -0.9517244 0.4812992
vn -0.7071075 -0.7071061 0.0000000
v -0.5042094 -0.9646407 0.4812992
vn -0.7071075 -0.7071061 0.0000000
v -0.5042094 -0.9646407 0.5066992
vn -0.9822897 -0.1873686 0.0000000
v -0.5153687 -0.9377000 0.4939991
vn -0.9822897 -0.1873686 0.0000000
v -0.5153687 -0.9377000 0.4812992
vn -0.3754029 -0.9268618 0.0000000
v -0.4912931 -0.9731249 0.5066992
vn -0.9822897 -0.1873686 0.0000000
v -0.5153687 -0.9377000 0.5066992
vn -0.9268613 -0.3754041 0.0000000
v -0.5126936 -0.9517244 0.5066992
vn -0.9886963 0.1499320 0.0000000
v -0.5153687 -0.9377000 0.4939991
vn -0.9532474 0.3021910 0.0000000
v -0.5136558 -0.9264045 0.4812992
vn -0.9886963 0.1499320 0.0000000
v -0.5153687 -0.9377000 0.4812992
vn -0.9886963 0.1499320 0.0000000
v -0.5153687 -0.9377000 0.5066992
vn -0.9532474 0.3021910 0.0000000
v -0.5136558 -0.9264045 0.5066992
vn -0.7739071 0.6326277 0.0291543
v -0.5081450 -0.9153783 0.5066992
vn -0.8091431 0.5876117 0.0000000
v -0.5081450 -0.9153783 0.4812992
vn -0.5757617 0.8172861 0.0232786
v -0.4991354 -0.9064998 0.4812992
vn -0.4342521 0.9007914 0.0000000
v -0.4880578 -0.9011595 0.4939991
vn -0.4342521 0.9007913 0.0000000
v -0.4880578 -0.9011595 0.4812992
vn -0.5372846 0.8414447 0.0574127
v -0.4880578 -0.9011595 0.5066992
vn 0.0000000 0.0000000 -1.0000000
v -0.4418437 -0.9517244 0.4812992
vn 0.0000000 0.0000000 -1.0000000
v -0.4418437 -0.9517244 0.4812992
vn 0.0000000 0.0000000 -1.0000000
v -0.4503279 -0.9646407 0.4812992
vn 0.0000000 0.0000000 -1.0000000
v -0.4503279 -0.9646407 0.4812992
vn 0.0000000 0.0000000 -1.0000000
v -0.4586412 -0.9567568 0.4812992
vn 0.0000000 0.0000000 -1.0000000
v -0.4586412 -0.9567568 0.4812992
vn 0.0000000 0.0000000 -1.0000000
v -0.4586412 -0.9567568 0.4812992
vn 0.0000000 0.0000000 -1.0000000
v -0.4586412 -0.9567568 0.4812992
vn 0.0000000 0.0000000 -1.0000000
v -0.4586412 -0.9567568 0.4812992
vn 0.0000000 0.0000000 -1.0000000
v -0.4586412 -0.9567568 0.4812992
vn 0.0000000 0.0000000 -1.0000000
v -0.4632442 -0.9731249 0.4812992
vn 0.0000000 0.0000000 -1.0000000
v -0.4632442 -0.9731249 0.4812992
vn 0.0000000 0.0000000 -1.0000000
v -0.4772686 -0.9758000 0.4812992
vn 0.0000000 0.0000000 -1.0000000
v -0.4772686 -0.9758000 0.4812992
vn 0.0000000 0.0000000 -1.0000000
v -0.4772686 -0.9758000 0.4812992
vn 0.0000000 0.0000000 -1.0000000
v -0.4391686 -0.9377000 0.4812992
vn 0.0000000 0.0000000 -1.0000000
v -0.4391686 -0.9377000 0.4812992
vn 0.0000000 0.0000000 -1.0000000
v -0.4408290 -0.9265751 0.4812992
vn 0.0000000 0.0000000 -1.0000000
v -0.4880578 -0.9567568 0.4812992
vn 0.0000000 0.0000000 -1.0000000
v -0.4880578 -0.9567568 0.4812992
vn 0.0000000 0.0000000 -1.0000000
v -0.4880578 -0.9567568 0.4812992
vn 0.0000000 0.0000000 -1.0000000
v -0.4880578 -0.9567568 0.4812992
vn 0.0000000 0.0000000 -1.0000000
v -0.5042094 -0.9646407 0.4812992
vn 0.0000000 0.0000000 -1.0000000
v -0.5042094 -0.9646407 0.4812992
vn 0.0000000 0.0000000 -1.0000000
v -0.4912931 -0.9731249 0.4812992
vn 0.0000000 0.0000000 -1.0000000
v -0.5126936 -0.9517244 0.4812992
vn 0.0000000 0.0000000 -1.0000000
v -0.5126936 -0.9517244 0.4812992
vn 0.0000000 0.0000000 -1.0000000
v -0.5153687 -0.9377000 0.4812992
vn 0.0000000 0.0000000 -1.0000000
v -0.5153687 -0.9377000 0.4812992
vn 0.0000000 0.0000000 -1.0000000
v -0.5081450 -0.9153783 0.4812992
vn 0.0000000 0.0000000 -1.0000000
v -0.4991354 -0.9064998 0.4812992
vn 0.0000000 0.0000000 -1.0000000
v -0.5136558 -0.9264045 0.4812992
vn 0.0000000 0.0000000 -1.0000000
v -0.4880578 -0.9011595 0.4812992
vn 0.0000000 0.0000000 1.0000000
v -0.4632442 -0.9731249 0.5066992
vn 0.0000000 0.0000000 1.0000000
v -0.4632442 -0.9731249 0.5066992
vn 0.0000000 0.0000000 1.0000000
v -0.4503279 -0.9646407 0.5066992
vn 0.0000000 0.0000000 1.0000000
v -0.4586412 -0.9567568 0.5066992
vn 0.0000000 0.0000000 1.0000000
v -0.4586412 -0.9567568 0.5066992
vn 0.0000000 0.0000000 1.0000000
v -0.4586412 -0.9567568 0.5066992
vn 0.0000000 0.0000000 1.0000000
v -0.4772686 -0.9758000 0.5066992
vn 0.0000000 0.0000000 1.0000000
v -0.4772686 -0.9758000 0.5066992
vn 0.0000000 0.0000000 1.0000000
v -0.4772686 -0.9758000 0.5066992
vn 0.0000000 0.0000000 1.0000000
v -0.4391686 -0.9377000 0.5066992
vn 0.0000000 0.0000000 1.0000000
v -0.4391686 -0.9377000 0.5066992
vn 0.0000000 0.0000000 1.0000000
v -0.4408290 -0.9265751 0.5066992
vn 0.0000000 0.0000000 1.0000000
v -0.4418437 -0.9517244 0.5066992
vn 0.0000000 0.0000000 1.0000000
v -0.4880578 -0.9567568 0.5066992
vn 0.0000000 0.0000000 1.0000000
v -0.4880578 -0.9567568 0.5066992
vn 0.0000000 0.0000000 1.0000000
v -0.4880578 -0.9567568 0.5066992
vn 0.0000000 0.0000000 1.0000000
v -0.4880578 -0.9567568 0.5066992
vn 0.0000000 0.0000000 1.0000000
v -0.4880578 -0.9567568 0.5066992
vn 0.0000000 0.0000000 1.0000000
v -0.5042094 -0.9646407 0.5066992
vn 0.0000000 0.0000000 1.0000000
v -0.5042094 -0.9646407 0.5066992
vn 0.0000000 0.0000000 1.0000000
v -0.4912931 -0.9731249 0.5066992
vn 0.0000000 0.0000000 1.0000000
v -0.4912931 -0.9731249 0.5066992
vn 0.0000000 0.0000000 1.0000000
v -0.5126936 -0.9517244 0.5066992
vn 0.0000000 0.0000000 1.0000000
v -0.5153687 -0.9377000 0.5066992
vn 0.0000000 0.0000000 1.0000000
v -0.5153687 -0.9377000 0.5066992
vn 0.0000000 0.0000000 1.0000000
v -0.5081450 -0.9153783 0.5066992
vn 0.0000000 0.0000000 1.0000000
v -0.5081450 -0.9153783 0.5066992
vn 0.0000000 0.0000000 1.0000000
v -0.4880578 -0.9011595 0.5066992
vn 0.0000000 0.0000000 1.0000000
v -0.5136558 -0.9264045 0.5066992
vn 0.0000000 0.0000000 1.0000000
v -0.5136558 -0.9264045 0.5066992
vn 0.0000000 -1.0000000 0.0000000
v -0.4586412 -0.9567568 0.5066992
vn 0.0000000 -1.0000000 0.0000000
v -0.0377836 -0.9567568 0.4749491
vn 0.0000000 -1.0000000 0.0000000
v -0.0672002 -0.9567568 0.0351349
vn 0.0000000 -1.0000000 0.0000000
v -0.4880578 -0.9567568 0.0668849
vn 0.0000000 0.0000000 1.0000000
v -0.0279707 -0.8896760 0.5249171
vn 0.0000000 0.0000000 -1.0000000
v -0.4978708 -0.8896760 0.0169170
vn 1.0000000 0.0000000 0.0000000
v -0.0279707 -0.2900034 0.5122171
vn 0.0000000 1.0000000 0.0000000
v -0.0279707 -0.2773000 0.5249171
vn 0.0000000 1.0000000 0.0000000
v -0.4978708 -0.8592649 0.0296170
vn 0.0000000 -1.0000000 0.0000000
v -0.4978708 -0.2900034 0.5122171
vn 0.0000000 1.0000000 0.0000000
v -0.4978708 -0.3133757 0.5122171
vn 0.0000000 -1.0000000 0.0000000
v -0.4978708 -0.4022758 0.0296170
vn -1.0000000 0.0000000 0.0000000
v -0.4978708 -0.3133757 0.5122171
vn 1.0000000 0.0000000 0.0000000
v -0.1930707 -0.4022758 0.0296170
vn 0.0000000 1.0000000 0.0000000
v -0.4978708 -0.4209252 0.5122171
vn 0.0000000 -1.0000000 0.0000000
v -0.4978708 -0.5542752 0.0296170
vn -1.0000000 0.0000000 0.0000000
v -0.4978708 -0.4209252 0.5122171
vn 1.0000000 0.0000000 0.0000000
v -0.2946708 -0.5542752 0.0296170
vn 0.0000000 1.0000000 0.0000000
v -0.4978708 -0.5705104 0.5122171
vn 0.0000000 -1.0000000 0.0000000
v -0.4978708 -0.8372104 0.0296170
vn -1.0000000 0.0000000 0.0000000
v -0.4978708 -0.5705104 0.5122171
vn 1.0000000 0.0000000 0.0000000
v -0.0914707 -0.8372104 0.0296170
vn 0.0000000 0.0000000 1.0000000
v -0.4978708 -0.8372104 0.0296170
vn 0.0000000 0.0000000 1.0000000
v -0.4978708 -0.3133757 0.0296170
vn 0.0000000 -1.0000000 0.0000000
v -0.4880578 -0.9567568 0.0351349
vn 0.0000000 -1.0000000 0.0000000
v -0.0672002 -0.9567568 0.0668849
vn 0.0000000 -1.0000000 0.0000000
v -0.0377836 -0.9567568 0.5066992
vn 0.0000000 -1.0000000 0.0000000
v -0.4586412 -0.9567568 0.4749491
vn -0.8612080 -0.5082527 0.0000000
v 0.4421295 -0.9265751 -0.0478349
vn -0.8612080 -0.5082527 0.0000000
v 0.4421295 -0.9265751 -0.0478349
vn -0.8612080 -0.5082527 0.0000000
v 0.4421295 -0.9265751 -0.0478349
vn -0.8612080 -0.5082527 0.0000000
v 0.4203530 -0.8896760 -0.0668849
vn -0.8612078 -0.5082529 -0.0000019
v 0.4203530 -0.8896760 -0.0668849
vn -0.8612080 -0.5082527 0.0000000
v 0.4203530 -0.8896760 -0.0668849
vn -0.8612077 -0.5082532 0.0000000
v 0.4421295 -0.9265751 -0.0605349
vn -0.8612080 -0.5082527 0.0000000
v 0.4421295 -0.9265751 -0.0605349
vn -0.8612078 -0.5082529 -0.0000019
v 0.4421295 -0.9265751 -0.0605349
vn -0.8612078 -0.5082529 -0.0000019
v 0.4599416 -0.9567568 -0.0668849
vn -0.8612077 -0.5082532 0.0000000
v 0.4599416 -0.9567568 -0.0668849
vn -0.8612078 -0.5082529 0.0000016
v 0.4421295 -0.9265751 -0.0351349
vn -0.8612077 -0.5082532 0.0000000
v 0.4421295 -0.9265751 -0.0351349
vn -0.8612080 -0.5082527 0.0000000
v 0.4421295 -0.9265751 -0.0351349
vn -0.8612079 -0.5082529 0.0000016
v 0.4203530 -0.8896760 -0.0287849
vn -0.8612080 -0.5082527 0.0000000
v 0.4203530 -0.8896760 -0.0287849
vn -0.8612080 -0.5082527 0.0000000
v 0.4203530 -0.8896760 -0.0287849
vn -0.8612077 -0.5082533 0.0000000
v 0.4599416 -0.9567568 -0.0287849
vn -0.8612078 -0.5082529 0.0000016
v 0.4599416 -0.9567568 -0.0287849
vn -0.8612077 -0.5082532 0.0000000
v 0.4599416 -0.9567568 -0.0351349
vn -0.8612077 -0.5082532 0.0000000
v 0.4599416 -0.9567568 -0.0605349
vn 0.0000000 -1.0000000 0.0000000
v 0.4599416 -0.9567568 -0.0287849
vn 0.0000000 -1.0000000 0.0000000
v 0.4599416 -0.9567568 -0.0351349
vn 0.0000000 -1.0000000 0.0000000
v 0.4893583 -0.9567568 -0.0351349
vn 1.0000000 0.0000000 0.0000000
v 0.4893583 -0.9011595 -0.0605349
vn 1.0000000 0.0000000 0.0000000
v 0.4893583 -0.9011595 -0.0605349
vn 1.0000000 0.0000000 0.0000000
v 0.4893583 -0.9567568 -0.0605349
vn 1.0000000 0.0000000 0.0000000
v 0.4893583 -0.9567568 -0.0668849
vn 1.0000000 0.0000000 0.0000000
v 0.4893583 -0.9567568 -0.0668849
vn 1.0000000 0.0000000 0.0000000
v 0.4893583 -0.9011595 -0.0351349
vn 1.0000000 0.0000000 0.0000000
v 0.4893583 -0.9011595 -0.0351349
vn 1.0000000 0.0000000 0.0000000
v 0.4893583 -0.9567568 -0.0287849
vn 1.0000000 0.0000000 0.0000000
v 0.4893583 -0.9567568 -0.0287849
vn 1.0000000 0.0000000 0.0000000
v 0.4893583 -0.9567568 -0.0351349
vn 1.0000000 0.0000000 0.0000000
v 0.4893583 -0.9011595 -0.0478349
vn 1.0000000 0.0000000 0.0000000
v 0.4893583 -0.8896760 -0.0668849
vn 1.0000000 0.0000000 0.0000000
v 0.4893583 -0.8896760 -0.0668849
vn 1.0000000 0.0000000 0.0000000
v 0.4893583 -0.8896760 -0.0287849
vn 1.0000000 0.0000000 0.0000000
v 0.4893583 -0.8896760 -0.0287849
vn 0.0000000 0.0000000 -1.0000000
v 0.4599416 -0.9567568 -0.0668849
vn 0.0000000 0.0000000 -1.0000000
v 0.4893583 -0.8896760 -0.0668849
vn 0.0000000 0.0000000 -1.0000000
v 0.4893583 -0.9567568 -0.0668849
vn 0.0000000 0.0000000 -1.0000000
v 0.4203530 -0.8896760 -0.0668849
vn 0.0000000 0.0000000 1.0000000
v 0.4599416 -0.9567568 -0.0287849
vn 0.0000000 0.0000000 1.0000000
v 0.4893583 -0.9567568 -0.0287849
vn 0.0000000 0.0000000 1.0000000
v 0.4893583 -0.8896760 -0.0287849
vn 0.0000000 0.0000000 1.0000000
v 0.4203530 -0.8896760 -0.0287849
vn -0.9822897 -0.1873689 0.0000000
v 0.0117732 -0.9377000 -0.0478349
vn -0.9822896 -0.1873688 0.0000000
v 0.0117732 -0.9377000 -0.0605349
vn -0.9268618 -0.3754027 0.0000000
v 0.0144483 -0.9517244 -0.0605349
vn -0.3754021 -0.9268621 0.0000000
v 0.0358488 -0.9731249 -0.0605349
vn -0.3754021 -0.9268621 0.0000000
v 0.0358488 -0.9731249 -0.0351349
vn -0.7071077 -0.7071059 0.0000000
v 0.0229325 -0.9646407 -0.0351349
vn -0.0000003 -1.0000000 0.0000000
v 0.0498732 -0.9758000 -0.0605349
vn -0.7071077 -0.7071059 0.0000000
v 0.0229325 -0.9646407 -0.0605349
vn -0.9268618 -0.3754027 0.0000000
v 0.0144483 -0.9517244 -0.0351349
vn -0.9822896 -0.1873688 0.0000000
v 0.0117732 -0.9377000 -0.0351349
vn 0.7071071 -0.7071066 0.0000000
v 0.0768140 -0.9646407 -0.0605349
vn 0.7071071 -0.7071065 0.0000000
v 0.0768140 -0.9646407 -0.0351349
vn 0.3754028 -0.9268618 0.0000000
v 0.0638977 -0.9731249 -0.0351349
vn 0.9440331 -0.3285823 0.0288997
v 0.0852982 -0.9517244 -0.0351349
vn 0.9268621 -0.3754022 0.0000000
v 0.0852982 -0.9517244 -0.0605349
vn 0.9994816 -0.0209425 0.0244536
v 0.0879732 -0.9377000 -0.0605349
vn 0.9890455 0.1476111 0.0000000
v 0.0863129 -0.9265751 -0.0478349
vn 0.9890455 0.1476111 0.0000000
v 0.0863129 -0.9265751 -0.0605349
vn 0.3754028 -0.9268618 0.0000000
v 0.0638977 -0.9731249 -0.0605349
vn -0.0000003 -1.0000000 0.0000000
v 0.0498732 -0.9758000 -0.0351349
vn 0.9980868 0.0094530 0.0611024
v 0.0863129 -0.9265751 -0.0351349
vn 0.0000000 0.0000000 -1.0000000
v 0.0390841 -0.9567568 -0.0605349
vn 0.0000000 0.0000000 -1.0000000
v 0.0390841 -0.9567568 -0.0605349
vn 0.0000000 0.0000000 -1.0000000
v 0.0390841 -0.9567568 -0.0605349
vn 0.0000000 0.0000000 -1.0000000
v 0.0390841 -0.9567568 -0.0605349
vn 0.0000000 0.0000000 -1.0000000
v 0.0358488 -0.9731249 -0.0605349
vn 0.0000000 0.0000000 -1.0000000
v 0.0358488 -0.9731249 -0.0605349
vn 0.0000000 0.0000000 -1.0000000
v 0.0229325 -0.9646407 -0.0605349
vn 0.0000000 0.0000000 -1.0000000
v 0.0229325 -0.9646407 -0.0605349
vn 0.0000000 0.0000000 -1.0000000
v 0.0498732 -0.9758000 -0.0605349
vn 0.0000000 0.0000000 -1.0000000
v 0.0498732 -0.9758000 -0.0605349
vn 0.0000000 0.0000000 -1.0000000
v 0.0144483 -0.9517244 -0.0605349
vn 0.0000000 0.0000000 -1.0000000
v 0.0144483 -0.9517244 -0.0605349
vn 0.0000000 0.0000000 -1.0000000
v 0.0117732 -0.9377000 -0.0605349
vn 0.0000000 0.0000000 -1.0000000
v 0.0117732 -0.9377000 -0.0605349
vn 0.0000000 0.0000000 -1.0000000
v 0.0134861 -0.9264045 -0.0605349
vn 0.0000000 0.0000000 -1.0000000
v 0.0134861 -0.9264045 -0.0605349
vn 0.0000000 0.0000000 -1.0000000
v 0.0189968 -0.9153783 -0.0605349
vn 0.0000000 0.0000000 -1.0000000
v 0.0390841 -0.9011595 -0.0605349
vn 0.0000000 0.0000000 -1.0000000
v 0.0685007 -0.9567568 -0.0605349
vn 0.0000000 0.0000000 -1.0000000
v 0.0685007 -0.9567568 -0.0605349
vn 0.0000000 0.0000000 -1.0000000
v 0.0685007 -0.9567568 -0.0605349
vn 0.0000000 0.0000000 -1.0000000
v 0.0638977 -0.9731249 -0.0605349
vn 0.0000000 0.0000000 -1.0000000
v 0.0638977 -0.9731249 -0.0605349
vn 0.0000000 0.0000000 -1.0000000
v 0.0852982 -0.9517244 -0.0605349
vn 0.0000000 0.0000000 -1.0000000
v 0.0852982 -0.9517244 -0.0605349
vn 0.0000000 0.0000000 -1.0000000
v 0.0768140 -0.9646407 -0.0605349
vn 0.0000000 0.0000000 -1.0000000
v 0.0768140 -0.9646407 -0.0605349
vn 0.0000000 0.0000000 -1.0000000
v 0.0879732 -0.9377000 -0.0605349
vn 0.0000000 0.0000000 -1.0000000
v 0.0863129 -0.9265751 -0.0605349
vn 0.0000000 0.0000000 1.0000000
v 0.0390841 -0.9567568 -0.0351349
vn 0.0000000 0.0000000 1.0000000
v 0.0390841 -0.9567568 -0.0351349
vn 0.0000000 0.0000000 1.0000000
v 0.0390841 -0.9567568 -0.0351349
vn 0.0000000 0.0000000 1.0000000
v 0.0390841 -0.9567568 -0.0351349
vn 0.0000000 0.0000000 1.0000000
v 0.0390841 -0.9567568 -0.0351349
vn 0.0000000 0.0000000 1.0000000
v 0.0390841 -0.9567568 -0.0351349
vn 0.0000000 0.0000000 1.0000000
v 0.0117732 -0.9377000 -0.0351349
vn 0.0000000 0.0000000 1.0000000
v 0.0117732 -0.9377000 -0.0351349
vn 0.0000000 0.0000000 1.0000000
v 0.0144483 -0.9517244 -0.0351349
vn 0.0000000 0.0000000 1.0000000
v 0.0229325 -0.9646407 -0.0351349
vn 0.0000000 0.0000000 1.0000000
v 0.0229325 -0.9646407 -0.0351349
vn 0.0000000 0.0000000 1.0000000
v 0.0134861 -0.9264045 -0.0351349
vn 0.0000000 0.0000000 1.0000000
v 0.0134861 -0.9264045 -0.0351349
vn 0.0000000 0.0000000 1.0000000
v 0.0189968 -0.9153783 -0.0351349
vn 0.0000000 0.0000000 1.0000000
v 0.0189968 -0.9153783 -0.0351349
vn 0.0000000 0.0000000 1.0000000
v 0.0280064 -0.9064998 -0.0351349
vn 0.0000000 0.0000000 1.0000000
v 0.0358488 -0.9731249 -0.0351349
vn 0.0000000 0.0000000 1.0000000
v 0.0358488 -0.9731249 -0.0351349
vn 0.0000000 0.0000000 1.0000000
v 0.0498732 -0.9758000 -0.0351349
vn 0.0000000 0.0000000 1.0000000
v 0.0498732 -0.9758000 -0.0351349
vn 0.0000000 0.0000000 1.0000000
v 0.0498732 -0.9758000 -0.0351349
vn 0.0000000 0.0000000 1.0000000
v 0.0685007 -0.9567568 -0.0351349
vn 0.0000000 0.0000000 1.0000000
v 0.0685007 -0.9567568 -0.0351349
vn 0.0000000 0.0000000 1.0000000
v 0.0685007 -0.9567568 -0.0351349
vn 0.0000000 0.0000000 1.0000000
v 0.0685007 -0.9567568 -0.0351349
vn 0.0000000 0.0000000 1.0000000
v 0.0638977 -0.9731249 -0.0351349
vn 0.0000000 0.0000000 1.0000000
v 0.0638977 -0.9731249 -0.0351349
vn 0.0000000 0.0000000 1.0000000
v 0.0768140 -0.9646407 -0.0351349
vn 0.0000000 0.0000000 1.0000000
v 0.0768140 -0.9646407 -0.0351349
vn 0.0000000 0.0000000 1.0000000
v 0.0852982 -0.9517244 -0.0351349
vn 0.0000000 0.0000000 1.0000000
v 0.0852982 -0.9517244 -0.0351349
vn 0.0000000 0.0000000 1.0000000
v 0.0863129 -0.9265751 -0.0351349
vn 0.0000000 0.0000000 1.0000000
v 0.0390841 -0.9011595 -0.0351349
vn -1.0000000 0.0000000 0.0000000
v 0.0390841 -0.8896760 -0.0287849
vn -1.0000000 0.0000000 0.0000000
v 0.0390841 -0.8896760 -0.0287849
vn -1.0000000 0.0000000 0.0000000
v 0.0390841 -0.8896760 -0.0668849
vn -1.0000000 0.0000000 0.0000000
v 0.0390841 -0.8896760 -0.0668849
vn -1.0000000 0.0000000 0.0000000
v 0.0390841 -0.9011595 -0.0478349
vn -1.0000000 0.0000000 0.0000000
v 0.0390841 -0.9011595 -0.0605349
vn -1.0000000 0.0000000 0.0000000
v 0.0390841 -0.9011595 -0.0605349
vn -1.0000000 0.0000000 0.0000000
v 0.0390841 -0.9567568 -0.0287849
vn -1.0000000 0.0000000 0.0000000
v 0.0390841 -0.9567568 -0.0287849
vn -1.0000000 0.0000000 0.0000000
v 0.0390841 -0.9011595 -0.0351349
vn -1.0000000 0.0000000 0.0000000
v 0.0390841 -0.9011595 -0.0351349
vn -1.0000000 0.0000000 0.0000000
v 0.0390841 -0.9567568 -0.0605349
vn -1.0000000 0.0000000 0.0000000
v 0.0390841 -0.9567568 -0.0668849
vn -1.0000000 0.0000000 0.0000000
v 0.0390841 -0.9567568 -0.0668849
vn -1.0000000 0.0000000 0.0000000
v 0.0390841 -0.9567568 -0.0351349
vn 0.0000000 -1.0000000 0.0000000
v 0.0390841 -0.9567568 -0.0605349
vn 0.0000000 -1.0000000 0.0000000
v 0.0390841 -0.9567568 -0.0668849
vn 0.0000000 -1.0000000 0.0000000
v 0.0685007 -0.9567568 -0.0668849
vn 0.0000000 0.0000000 -1.0000000
v 0.0390841 -0.8896760 -0.0668849
vn 0.0000000 0.0000000 -1.0000000
v 0.1080894 -0.8896760 -0.0668849
vn 0.0000000 0.0000000 -1.0000000
v 0.0685007 -0.9567568 -0.0668849
vn 0.0000000 0.0000000 -1.0000000
v 0.0390841 -0.9567568 -0.0668849
vn 0.0000000 0.0000000 1.0000000
v 0.0390841 -0.8896760 -0.0287849
vn 0.0000000 0.0000000 1.0000000
v 0.0685007 -0.9567568 -0.0287849
vn 0.0000000 0.0000000 1.0000000
v 0.1080894 -0.8896760 -0.0287849
vn 0.0000000 0.0000000 1.0000000
v 0.0390841 -0.9567568 -0.0287849
vn 0.8612078 -0.5082530 0.0000000
v 0.0863129 -0.9265751 -0.4939991
vn 0.8612078 -0.5082530 0.0000000
v 0.0863129 -0.9265751 -0.4939991
vn 0.8612078 -0.5082530 0.0000000
v 0.0863129 -0.9265751 -0.4939991
vn 0.8612078 -0.5082530 0.0000000
v 0.1080894 -0.8896760 -0.4749491
vn 0.8612078 -0.5082530 0.0000000
v 0.1080894 -0.8896760 -0.4749491
vn 0.8612072 -0.5082539 0.0000082
v 0.1080894 -0.8896760 -0.4749491
vn 0.8612078 -0.5082530 0.0000000
v 0.0863129 -0.9265751 -0.4812992
vn 0.8612072 -0.5082540 0.0000082
v 0.0863129 -0.9265751 -0.4812992
vn 0.8612065 -0.5082553 0.0000000
v 0.0863129 -0.9265751 -0.4812992
vn 0.8612073 -0.5082540 0.0000082
v 0.0685007 -0.9567568 -0.4749491
vn 0.8612065 -0.5082553 0.0000000
v 0.0685007 -0.9567568 -0.4749491
vn 0.8612064 -0.5082552 0.0000000
v 0.0863129 -0.9265751 -0.5066992
vn 0.8612078 -0.5082530 0.0000000
v 0.0863129 -0.9265751 -0.5066992
vn 0.8612072 -0.5082540 -0.0000082
v 0.0863129 -0.9265751 -0.5066992
vn 0.8612078 -0.5082530 0.0000000
v 0.1080894 -0.8896760 -0.5130491
vn 0.8612078 -0.5082530 0.0000000
v 0.1080894 -0.8896760 -0.5130491
vn 0.8612072 -0.5082541 -0.0000082
v 0.1080894 -0.8896760 -0.5130491
vn 0.8612072 -0.5082541 -0.0000082
v 0.0685007 -0.9567568 -0.5130491
vn 0.8612065 -0.5082553 0.0000000
v 0.0685007 -0.9567568 -0.5130491
vn 0.8612065 -0.5082553 0.0000000
v 0.0685007 -0.9567568 -0.5066992
vn 0.8612065 -0.5082553 0.0000000
v 0.0685007 -0.9567568 -0.4812992
vn 0.0000000 -1.0000000 0.0000000
v 0.0685007 -0.9567568 -0.5130491
vn 0.0000000 -1.0000000 0.0000000
v 0.0685007 -0.9567568 -0.5066992
vn 0.0000000 -1.0000000 0.0000000
v 0.0390841 -0.9567568 -0.5066992
vn -1.0000000 0.0000000 0.0000000
v 0.0390841 -0.9011595 -0.4812992
vn -1.0000000 0.0000000 0.0000000
v 0.0390841 -0.9011595 -0.4812992
vn -1.0000000 0.0000000 0.0000000
v 0.0390841 -0.9567568 -0.4812992
vn -1.0000000 0.0000000 0.0000000
v 0.0390841 -0.9567568 -0.4749491
vn -1.0000000 0.0000000 0.0000000
v 0.0390841 -0.9567568 -0.4749491
vn -1.0000000 0.0000000 0.0000000
v 0.0390841 -0.9011595 -0.5066992
vn -1.0000000 0.0000000 0.0000000
v 0.0390841 -0.9011595 -0.5066992
vn -1.0000000 0.0000000 0.0000000
v 0.0390841 -0.9567568 -0.5130491
vn -1.0000000 0.0000000 0.0000000
v 0.0390841 -0.9567568 -0.5130491
vn -1.0000000 0.0000000 0.0000000
v 0.0390841 -0.9567568 -0.5066992
vn -1.0000000 0.0000000 0.0000000
v 0.0390841 -0.9011595 -0.4939991
vn -1.0000000 0.0000000 0.0000000
v 0.0390841 -0.8896760 -0.4749491
vn -1.0000000 0.0000000 0.0000000
v 0.0390841 -0.8896760 -0.4749491
vn -1.0000000 0.0000000 0.0000000
v 0.0390841 -0.8896760 -0.5130491
vn -1.0000000 0.0000000 0.0000000
v 0.0390841 -0.8896760 -0.5130491
vn 0.0000000 0.0000000 1.0000000
v 0.0685007 -0.9567568 -0.4749491
vn 0.0000000 0.0000000 1.0000000
v 0.0390841 -0.8896760 -0.4749491
vn 0.0000000 0.0000000 1.0000000
v 0.0390841 -0.9567568 -0.4749491
vn 0.0000000 0.0000000 1.0000000
v 0.1080894 -0.8896760 -0.4749491
vn 0.0000000 0.0000000 -1.0000000
v 0.0685007 -0.9567568 -0.5130491
vn 0.0000000 0.0000000 -1.0000000
v 0.0685007 -0.9567568 -0.5130491
vn 0.0000000 0.0000000 -1.0000000
v 0.0390841 -0.9567568 -0.5130491
vn 0.0000000 0.0000000 -1.0000000
v 0.0390841 -0.8896760 -0.5130491
vn 0.0000000 0.0000000 -1.0000000
v 0.0390841 -0.8896760 -0.5130491
vn 0.0000000 0.0000000 -1.0000000
v 0.1080894 -0.8896760 -0.5130491
vn 0.9822882 -0.1873766 0.0000000
v 0.5166692 -0.9377000 -0.4939991
vn 0.9822881 -0.1873766 0.0000000
v 0.5166692 -0.9377000 -0.4812992
vn 0.9268609 -0.3754050 0.0000000
v 0.5139940 -0.9517244 -0.4812992
vn 0.3754015 -0.9268624 0.0000000
v 0.4925935 -0.9731249 -0.4812992
vn 0.3754015 -0.9268624 0.0000000
v 0.4925935 -0.9731249 -0.5066992
vn 0.7071084 -0.7071053 0.0000000
v 0.5055099 -0.9646407 -0.5066992
vn -0.0000002 -1.0000000 0.0000000
v 0.4785691 -0.9758000 -0.4812992
vn 0.7071083 -0.7071053 0.0000000
v 0.5055099 -0.9646407 -0.4812992
vn 0.9268609 -0.3754050 0.0000000
v 0.5139940 -0.9517244 -0.5066992
vn 0.9822882 -0.1873766 0.0000000
v 0.5166692 -0.9377000 -0.5066992
vn -0.7071078 -0.7071058 0.0000000
v 0.4516283 -0.9646407 -0.4812992
vn -0.7071078 -0.7071058 0.0000000
v 0.4516283 -0.9646407 -0.5066992
vn -0.3754016 -0.9268622 0.0000000
v 0.4645447 -0.9731249 -0.5066992
vn -0.9440342 -0.3285792 -0.0288989
v 0.4431442 -0.9517244 -0.5066992
vn -0.9268637 -0.3753981 0.0000000
v 0.4431442 -0.9517244 -0.4812992
vn -0.9994816 -0.0209430 -0.0244530
v 0.4404692 -0.9377000 -0.4812992
vn -0.9890462 0.1476066 0.0000000
v 0.4421295 -0.9265751 -0.4939991
vn -0.9890461 0.1476066 0.0000000
v 0.4421295 -0.9265751 -0.4812992
vn -0.3754016 -0.9268622 0.0000000
v 0.4645447 -0.9731249 -0.4812992
vn -0.0000002 -1.0000000 0.0000000
v 0.4785691 -0.9758000 -0.5066992
vn -0.9980869 0.0094517 -0.0611008
v 0.4421295 -0.9265751 -0.5066992
vn 0.0000000 0.0000000 1.0000000
v 0.4893583 -0.9567568 -0.4812992
vn 0.0000000 0.0000000 1.0000000
v 0.4893583 -0.9567568 -0.4812992
vn 0.0000000 0.0000000 1.0000000
v 0.4893583 -0.9567568 -0.4812992
vn 0.0000000 0.0000000 1.0000000
v 0.4893583 -0.9567568 -0.4812992
vn 0.0000000 0.0000000 1.0000000
v 0.4893583 -0.9567568 -0.4812992
vn 0.0000000 0.0000000 1.0000000
v 0.5139940 -0.9517244 -0.4812992
vn 0.0000000 0.0000000 1.0000000
v 0.5139940 -0.9517244 -0.4812992
vn 0.0000000 0.0000000 1.0000000
v 0.5166692 -0.9377000 -0.4812992
vn 0.0000000 0.0000000 1.0000000
v 0.5166692 -0.9377000 -0.4812992
vn 0.0000000 0.0000000 1.0000000
v 0.5055099 -0.9646407 -0.4812992
vn 0.0000000 0.0000000 1.0000000
v 0.5055099 -0.9646407 -0.4812992
vn 0.0000000 0.0000000 1.0000000
v 0.5149562 -0.9264045 -0.4812992
vn 0.0000000 0.0000000 1.0000000
v 0.5149562 -0.9264045 -0.4812992
vn 0.0000000 0.0000000 1.0000000
v 0.5094455 -0.9153783 -0.4812992
vn 0.0000000 0.0000000 1.0000000
v 0.4893583 -0.9011595 -0.4812992
vn 0.0000000 0.0000000 1.0000000
v 0.4925935 -0.9731249 -0.4812992
vn 0.0000000 0.0000000 1.0000000
v 0.4925935 -0.9731249 -0.4812992
vn 0.0000000 0.0000000 1.0000000
v 0.4785691 -0.9758000 -0.4812992
vn 0.0000000 0.0000000 1.0000000
v 0.4785691 -0.9758000 -0.4812992
vn 0.0000000 0.0000000 1.0000000
v 0.4785691 -0.9758000 -0.4812992
vn 0.0000000 0.0000000 1.0000000
v 0.4599416 -0.9567568 -0.4812992
vn 0.0000000 0.0000000 1.0000000
v 0.4599416 -0.9567568 -0.4812992
vn 0.0000000 0.0000000 1.0000000
v 0.4599416 -0.9567568 -0.4812992
vn 0.0000000 0.0000000 1.0000000
v 0.4599416 -0.9567568 -0.4812992
vn 0.0000000 0.0000000 1.0000000
v 0.4599416 -0.9567568 -0.4812992
vn 0.0000000 0.0000000 1.0000000
v 0.4599416 -0.9567568 -0.4812992
vn 0.0000000 0.0000000 1.0000000
v 0.4645447 -0.9731249 -0.4812992
vn 0.0000000 0.0000000 1.0000000
v 0.4645447 -0.9731249 -0.4812992
vn 0.0000000 0.0000000 1.0000000
v 0.4516283 -0.9646407 -0.4812992
vn 0.0000000 0.0000000 1.0000000
v 0.4516283 -0.9646407 -0.4812992
vn 0.0000000 0.0000000 1.0000000
v 0.4404692 -0.9377000 -0.4812992
vn 0.0000000 0.0000000 1.0000000
v 0.4404692 -0.9377000 -0.4812992
vn 0.0000000 0.0000000 1.0000000
v 0.4431442 -0.9517244 -0.4812992
vn 0.0000000 0.0000000 1.0000000
v 0.4431442 -0.9517244 -0.4812992
vn 0.0000000 0.0000000 1.0000000
v 0.4421295 -0.9265751 -0.4812992
vn 0.0000000 0.0000000 -1.0000000
v 0.4893583 -0.9567568 -0.5066992
vn 0.0000000 0.0000000 -1.0000000
v 0.4893583 -0.9567568 -0.5066992
vn 0.0000000 0.0000000 -1.0000000
v 0.4893583 -0.9567568 -0.5066992
vn 0.0000000 0.0000000 -1.0000000
v 0.4893583 -0.9567568 -0.5066992
vn 0.0000000 0.0000000 -1.0000000
v 0.4893583 -0.9567568 -0.5066992
vn 0.0000000 0.0000000 -1.0000000
v 0.5166692 -0.9377000 -0.5066992
vn 0.0000000 0.0000000 -1.0000000
v 0.5166692 -0.9377000 -0.5066992
vn 0.0000000 0.0000000 -1.0000000
v 0.5139940 -0.9517244 -0.5066992
vn 0.0000000 0.0000000 -1.0000000
v 0.5139940 -0.9517244 -0.5066992
vn 0.0000000 0.0000000 -1.0000000
v 0.5055099 -0.9646407 -0.5066992
vn 0.0000000 0.0000000 -1.0000000
v 0.5149562 -0.9264045 -0.5066992
vn 0.0000000 0.0000000 -1.0000000
v 0.5149562 -0.9264045 -0.5066992
vn 0.0000000 0.0000000 -1.0000000
v 0.5094455 -0.9153783 -0.5066992
vn 0.0000000 0.0000000 -1.0000000
v 0.5094455 -0.9153783 -0.5066992
vn 0.0000000 0.0000000 -1.0000000
v 0.5004359 -0.9064998 -0.5066992
vn 0.0000000 0.0000000 -1.0000000
v 0.5004359 -0.9064998 -0.5066992
vn 0.0000000 0.0000000 -1.0000000
v 0.4925935 -0.9731249 -0.5066992
vn 0.0000000 0.0000000 -1.0000000
v 0.4785691 -0.9758000 -0.5066992
vn 0.0000000 0.0000000 -1.0000000
v 0.4599416 -0.9567568 -0.5066992
vn 0.0000000 0.0000000 -1.0000000
v 0.4599416 -0.9567568 -0.5066992
vn 0.0000000 0.0000000 -1.0000000
v 0.4599416 -0.9567568 -0.5066992
vn 0.0000000 0.0000000 -1.0000000
v 0.4645447 -0.9731249 -0.5066992
vn 0.0000000 0.0000000 -1.0000000
v 0.4516283 -0.9646407 -0.5066992
vn 0.0000000 0.0000000 -1.0000000
v 0.4516283 -0.9646407 -0.5066992
vn 0.0000000 0.0000000 -1.0000000
v 0.4431442 -0.9517244 -0.5066992
vn 0.0000000 0.0000000 -1.0000000
v 0.4431442 -0.9517244 -0.5066992
vn 0.0000000 0.0000000 -1.0000000
v 0.4421295 -0.9265751 -0.5066992
vn 0.0000000 0.0000000 -1.0000000
v 0.4893583 -0.9011595 -0.5066992
vn 1.0000000 0.0000000 0.0000000
v 0.4893583 -0.8896760 -0.5130491
vn 1.0000000 0.0000000 0.0000000
v 0.4893583 -0.8896760 -0.5130491
vn 1.0000000 0.0000000 0.0000000
v 0.4893583 -0.8896760 -0.4749491
vn 1.0000000 0.0000000 0.0000000
v 0.4893583 -0.8896760 -0.4749491
vn 1.0000000 0.0000000 0.0000000
v 0.4893583 -0.9011595 -0.4939991
vn 1.0000000 0.0000000 0.0000000
v 0.4893583 -0.9011595 -0.4812992
vn 1.0000000 0.0000000 0.0000000
v 0.4893583 -0.9011595 -0.4812992
vn 1.0000000 0.0000000 0.0000000
v 0.4893583 -0.9567568 -0.5130491
vn 1.0000000 0.0000000 0.0000000
v 0.4893583 -0.9567568 -0.5130491
vn 1.0000000 0.0000000 0.0000000
v 0.4893583 -0.9011595 -0.5066992
vn 1.0000000 0.0000000 0.0000000
v 0.4893583 -0.9011595 -0.5066992
vn 1.0000000 0.0000000 0.0000000
v 0.4893583 -0.9567568 -0.4749491
vn 1.0000000 0.0000000 0.0000000
v 0.4893583 -0.9567568 -0.4749491
vn 1.0000000 0.0000000 0.0000000
v 0.4893583 -0.9567568 -0.4812992
vn 1.0000000 0.0000000 0.0000000
v 0.4893583 -0.9567568 -0.5066992
vn 0.0000000 -1.0000000 0.0000000
v 0.4893583 -0.9567568 -0.4812992
vn 0.0000000 -1.0000000 0.0000000
v 0.4893583 -0.9567568 -0.4749491
vn 0.0000000 -1.0000000 0.0000000
v 0.4599416 -0.9567568 -0.4749491
vn 0.0000000 0.0000000 1.0000000
v 0.4893583 -0.8896760 -0.4749491
vn 0.0000000 0.0000000 1.0000000
v 0.4893583 -0.8896760 -0.4749491
vn 0.0000000 0.0000000 1.0000000
v 0.4203530 -0.8896760 -0.4749491
vn 0.0000000 0.0000000 1.0000000
v 0.4599416 -0.9567568 -0.4749491
vn 0.0000000 0.0000000 1.0000000
v 0.4599416 -0.9567568 -0.4749491
vn 0.0000000 0.0000000 1.0000000
v 0.4893583 -0.9567568 -0.4749491
vn 0.0000000 0.0000000 -1.0000000
v 0.4893583 -0.8896760 -0.5130491
vn 0.0000000 0.0000000 -1.0000000
v 0.4599416 -0.9567568 -0.5130491
vn 0.0000000 0.0000000 -1.0000000
v 0.4203530 -0.8896760 -0.5130491
vn 0.0000000 0.0000000 -1.0000000
v 0.4893583 -0.9567568 -0.5130491
vn 0.0000000 0.0000000 1.0000000
v 0.0292712 -0.2773000 -0.0169170
vn 0.0000000 0.0000000 1.0000000
v 0.0292712 -0.8896760 -0.0169170
vn 0.0000000 0.0000000 1.0000000
v 0.4991712 -0.8896760 -0.0169170
vn 1.0000000 0.0000000 0.0000000
v 0.4991712 -0.8372104 -0.0296170
vn 1.0000000 0.0000000 0.0000000
v 0.4991712 -0.8896760 -0.0169170
vn 1.0000000 0.0000000 0.0000000
v 0.4991712 -0.8592649 -0.0296170
vn 1.0000000 0.0000000 0.0000000
v 0.4991712 -0.8896760 -0.5249171
vn 1.0000000 0.0000000 0.0000000
v 0.4991712 -0.8592649 -0.5122171
vn 1.0000000 0.0000000 0.0000000
v 0.4991712 -0.5705104 -0.0296170
vn 1.0000000 0.0000000 0.0000000
v 0.4991712 -0.2773000 -0.0169170
vn 1.0000000 0.0000000 0.0000000
v 0.4991712 -0.2773000 -0.0169170
vn 1.0000000 0.0000000 0.0000000
v 0.4991712 -0.2773000 -0.0169170
vn 1.0000000 0.0000000 0.0000000
v 0.4991712 -0.5542752 -0.0296170
vn 1.0000000 0.0000000 0.0000000
v 0.4991712 -0.5542752 -0.0296170
vn 1.0000000 0.0000000 0.0000000
v 0.4991712 -0.4022758 -0.0296170
vn 1.0000000 0.0000000 0.0000000
v 0.4991712 -0.4022758 -0.0296170
vn 1.0000000 0.0000000 0.0000000
v 0.4991712 -0.4209252 -0.0296170
vn 1.0000000 0.0000000 0.0000000
v 0.4991712 -0.4209252 -0.0296170
vn 1.0000000 0.0000000 0.0000000
v 0.4991712 -0.3133757 -0.0296170
vn 1.0000000 0.0000000 0.0000000
v 0.4991712 -0.3133757 -0.0296170
vn 1.0000000 0.0000000 0.0000000
v 0.4991712 -0.2900034 -0.0296170
vn 1.0000000 0.0000000 0.0000000
v 0.4991712 -0.2773000 -0.5249171
vn 1.0000000 0.0000000 0.0000000
v 0.4991712 -0.2773000 -0.5249171
vn 1.0000000 0.0000000 0.0000000
v 0.4991712 -0.2773000 -0.5249171
vn 1.0000000 0.0000000 0.0000000
v 0.4991712 -0.2773000 -0.5249171
vn 1.0000000 0.0000000 0.0000000
v 0.4991712 -0.8372104 -0.5122171
vn 1.0000000 0.0000000 0.0000000
v 0.4991712 -0.5542752 -0.5122171
vn 1.0000000 0.0000000 0.0000000
v 0.4991712 -0.5542752 -0.5122171
vn 1.0000000 0.0000000 0.0000000
v 0.4991712 -0.5705104 -0.5122171
vn 1.0000000 0.0000000 0.0000000
v 0.4991712 -0.4022758 -0.5122171
vn 1.0000000 0.0000000 0.0000000
v 0.4991712 -0.4022758 -0.5122171
vn 1.0000000 0.0000000 0.0000000
v 0.4991712 -0.4209252 -0.5122171
vn 1.0000000 0.0000000 0.0000000
v 0.4991712 -0.4209252 -0.5122171
vn 1.0000000 0.0000000 0.0000000
v 0.4991712 -0.2900034 -0.5122171
vn 1.0000000 0.0000000 0.0000000
v 0.4991712 -0.3133757 -0.5122171
vn 1.0000000 0.0000000 0.0000000
v 0.4991712 -0.3133757 -0.5122171
vn 0.0000000 0.0000000 -1.0000000
v 0.4991712 -0.2773000 -0.5249171
vn 0.0000000 0.0000000 -1.0000000
v 0.4991712 -0.8896760 -0.5249171
vn 0.0000000 0.0000000 -1.0000000
v 0.0292712 -0.8896760 -0.5249171
vn -1.0000000 0.0000000 0.0000000
v 0.0292712 -0.2773000 -0.5249171
vn -1.0000000 0.0000000 0.0000000
v 0.0292712 -0.2773000 -0.5249171
vn -1.0000000 0.0000000 0.0000000
v 0.0292712 -0.8896760 -0.5249171
vn -1.0000000 0.0000000 0.0000000
v 0.0292712 -0.8896760 -0.5249171
vn -1.0000000 0.0000000 0.0000000
v 0.0292712 -0.8592649 -0.5122171
vn -1.0000000 0.0000000 0.0000000
v 0.0292712 -0.8592649 -0.5122171
vn -1.0000000 0.0000000 0.0000000
v 0.0292712 -0.8592649 -0.0296170
vn -1.0000000 0.0000000 0.0000000
v 0.0292712 -0.8592649 -0.0296170
vn -1.0000000 0.0000000 0.0000000
v 0.0292712 -0.2900034 -0.5122171
vn -1.0000000 0.0000000 0.0000000
v 0.0292712 -0.2900034 -0.0296170
vn -1.0000000 0.0000000 0.0000000
v 0.0292712 -0.2773000 -0.0169170
vn -1.0000000 0.0000000 0.0000000
v 0.0292712 -0.2773000 -0.0169170
vn -1.0000000 0.0000000 0.0000000
v 0.0292712 -0.8896760 -0.0169170
vn -1.0000000 0.0000000 0.0000000
v 0.0292712 -0.8896760 -0.0169170
vn 0.0000000 -1.0000000 0.0000000
v 0.0390841 -0.8896760 -0.0668849
vn 0.0000000 -1.0000000 0.0000000
v 0.0390841 -0.8896760 -0.0668849
vn 0.0000000 -1.0000000 0.0000000
v 0.0390841 -0.8896760 -0.0287849
vn 0.0000000 -1.0000000 0.0000000
v 0.0390841 -0.8896760 -0.0287849
vn 0.0000000 -1.0000000 0.0000000
v 0.0292712 -0.8896760 -0.0169170
vn 0.0000000 -1.0000000 0.0000000
v 0.0292712 -0.8896760 -0.0169170
vn 0.0000000 -1.0000000 0.0000000
v 0.0292712 -0.8896760 -0.0169170
vn 0.0000000 -1.0000000 0.0000000
v 0.1080894 -0.8896760 -0.0287849
vn 0.0000000 -1.0000000 0.0000000
v 0.1080894 -0.8896760 -0.0668849
vn 0.0000000 -1.0000000 0.0000000
v 0.4203530 -0.8896760 -0.0668849
vn 0.0000000 -1.0000000 0.0000000
v 0.4203530 -0.8896760 -0.0287849
vn 0.0000000 -1.0000000 0.0000000
v 0.0390841 -0.8896760 -0.4749491
vn 0.0000000 -1.0000000 0.0000000
v 0.0390841 -0.8896760 -0.4749491
vn 0.0000000 -1.0000000 0.0000000
v 0.4991712 -0.8896760 -0.0169170
vn 0.0000000 -1.0000000 0.0000000
v 0.4991712 -0.8896760 -0.0169170
vn 0.0000000 -1.0000000 0.0000000
v 0.4991712 -0.8896760 -0.0169170
vn 0.0000000 -1.0000000 0.0000000
v 0.0390841 -0.8896760 -0.5130491
vn 0.0000000 -1.0000000 0.0000000
v 0.0292712 -0.8896760 -0.5249171
vn 0.0000000 -1.0000000 0.0000000
v 0.0292712 -0.8896760 -0.5249171
vn 0.0000000 -1.0000000 0.0000000
v 0.1080894 -0.8896760 -0.5130491
vn 0.0000000 -1.0000000 0.0000000
v 0.4203530 -0.8896760 -0.5130491
vn 0.0000000 -1.0000000 0.0000000
v 0.4203530 -0.8896760 -0.4749491
vn 0.0000000 -1.0000000 0.0000000
v 0.4991712 -0.8896760 -0.5249171
vn 0.0000000 -1.0000000 0.0000000
v 0.4991712 -0.8896760 -0.5249171
vn 0.0000000 -1.0000000 0.0000000
v 0.1080894 -0.8896760 -0.4749491
vn 0.0000000 -1.0000000 0.0000000
v 0.4893583 -0.8896760 -0.0668849
vn 0.0000000 -1.0000000 0.0000000
v 0.4893583 -0.8896760 -0.0668849
vn 0.0000000 -1.0000000 0.0000000
v 0.4893583 -0.8896760 -0.0287849
vn 0.0000000 -1.0000000 0.0000000
v 0.4893583 -0.8896760 -0.0287849
vn 0.0000000 -1.0000000 0.0000000
v 0.4893583 -0.8896760 -0.4749491
vn 0.0000000 -1.0000000 0.0000000
v 0.4893583 -0.8896760 -0.4749491
vn 0.0000000 -1.0000000 0.0000000
v 0.4893583 -0.8896760 -0.5130491
vn 0.0000000 1.0000000 0.0000000
v 0.0292712 -0.2773000 -0.5249171
vn 0.0000000 1.0000000 0.0000000
v 0.0292712 -0.2773000 -0.0169170
vn 0.0000000 1.0000000 0.0000000
v 0.4991712 -0.2773000 -0.0169170
vn 0.0000000 1.0000000 0.0000000
v 0.4991712 -0.8592649 -0.0296170
vn 0.0000000 1.0000000 0.0000000
v 0.4991712 -0.8592649 -0.5122171
vn 0.0000000 1.0000000 0.0000000
v 0.0292712 -0.8592649 -0.5122171
vn 0.0000000 -1.0000000 0.0000000
v 0.4991712 -0.2900034 -0.5122171
vn 0.0000000 -1.0000000 0.0000000
v 0.4991712 -0.2900034 -0.0296170
vn 0.0000000 -1.0000000 0.0000000
v 0.0292712 -0.2900034 -0.0296170
vn 0.0000000 1.0000000 0.0000000
v 0.1943712 -0.3133757 -0.0296170
vn 0.0000000 1.0000000 0.0000000
v 0.4991712 -0.3133757 -0.0296170
vn 0.0000000 1.0000000 0.0000000
v 0.4991712 -0.3133757 -0.5122171
vn 0.0000000 -1.0000000 0.0000000
v 0.1943712 -0.4022758 -0.5122171
vn 0.0000000 -1.0000000 0.0000000
v 0.4991712 -0.4022758 -0.5122171
vn 0.0000000 -1.0000000 0.0000000
v 0.4991712 -0.4022758 -0.0296170
vn 1.0000000 0.0000000 0.0000000
v 0.4991712 -0.3133757 -0.5122171
vn 1.0000000 0.0000000 0.0000000
v 0.4991712 -0.3133757 -0.0296170
vn 1.0000000 0.0000000 0.0000000
v 0.4991712 -0.4022758 -0.0296170
vn -1.0000000 0.0000000 0.0000000
v 0.1943712 -0.3133757 -0.5122171
vn -1.0000000 0.0000000 0.0000000
v 0.1943712 -0.4022758 -0.5122171
vn -1.0000000 0.0000000 0.0000000
v 0.1943712 -0.4022758 -0.0296170
vn 0.0000000 1.0000000 0.0000000
v 0.2959712 -0.4209252 -0.0296170
vn 0.0000000 1.0000000 0.0000000
v 0.4991712 -0.4209252 -0.0296170
vn 0.0000000 1.0000000 0.0000000
v 0.4991712 -0.4209252 -0.5122171
vn 0.0000000 -1.0000000 0.0000000
v 0.2959712 -0.5542752 -0.5122171
vn 0.0000000 -1.0000000 0.0000000
v 0.4991712 -0.5542752 -0.5122171
vn 0.0000000 -1.0000000 0.0000000
v 0.4991712 -0.5542752 -0.0296170
vn 1.0000000 0.0000000 0.0000000
v 0.4991712 -0.4209252 -0.5122171
vn 1.0000000 0.0000000 0.0000000
v 0.4991712 -0.4209252 -0.0296170
vn 1.0000000 0.0000000 0.0000000
v 0.4991712 -0.5542752 -0.0296170
vn -1.0000000 0.0000000 0.0000000
v 0.2959712 -0.4209252 -0.5122171
vn -1.0000000 0.0000000 0.0000000
v 0.2959712 -0.5542752 -0.5122171
vn -1.0000000 0.0000000 0.0000000
v 0.2959712 -0.5542752 -0.0296170
vn 0.0000000 1.0000000 0.0000000
v 0.0927712 -0.5705104 -0.0296170
vn 0.0000000 1.0000000 0.0000000
v 0.4991712 -0.5705104 -0.0296170
vn 0.0000000 1.0000000 0.0000000
v 0.4991712 -0.5705104 -0.5122171
vn 0.0000000 -1.0000000 0.0000000
v 0.0927712 -0.8372104 -0.5122171
vn 0.0000000 -1.0000000 0.0000000
v 0.4991712 -0.8372104 -0.5122171
vn 0.0000000 -1.0000000 0.0000000
v 0.4991712 -0.8372104 -0.0296170
vn 1.0000000 0.0000000 0.0000000
v 0.4991712 -0.5705104 -0.5122171
vn 1.0000000 0.0000000 0.0000000
v 0.4991712 -0.5705104 -0.0296170
vn 1.0000000 0.0000000 0.0000000
v 0.4991712 -0.8372104 -0.0296170
vn -1.0000000 0.0000000 0.0000000
v 0.0927712 -0.5705104 -0.5122171
vn -1.0000000 0.0000000 0.0000000
v 0.0927712 -0.8372104 -0.5122171
vn -1.0000000 0.0000000 0.0000000
v 0.0927712 -0.8372104 -0.0296170
vn 0.0000000 0.0000000 1.0000000
v 0.4991712 -0.8592649 -0.5122171
vn 0.0000000 0.0000000 1.0000000
v 0.4991712 -0.8592649 -0.5122171
vn 0.0000000 0.0000000 1.0000000
v 0.4991712 -0.8372104 -0.5122171
vn 0.0000000 0.0000000 1.0000000
v 0.0927712 -0.8372104 -0.5122171
vn 0.0000000 0.0000000 1.0000000
v 0.0927712 -0.8372104 -0.5122171
vn 0.0000000 0.0000000 1.0000000
v 0.0927712 -0.5705104 -0.5122171
vn 0.0000000 0.0000000 1.0000000
v 0.0927712 -0.5705104 -0.5122171
vn 0.0000000 0.0000000 1.0000000
v 0.0927712 -0.5705104 -0.5122171
vn 0.0000000 0.0000000 1.0000000
v 0.0292712 -0.8592649 -0.5122171
vn 0.0000000 0.0000000 1.0000000
v 0.0292712 -0.8592649 -0.5122171
vn 0.0000000 0.0000000 1.0000000
v 0.4991712 -0.5705104 -0.5122171
vn 0.0000000 0.0000000 1.0000000
v 0.4991712 -0.5705104 -0.5122171
vn 0.0000000 0.0000000 1.0000000
v 0.2959712 -0.5542752 -0.5122171
vn 0.0000000 0.0000000 1.0000000
v 0.2959712 -0.5542752 -0.5122171
vn 0.0000000 0.0000000 1.0000000
v 0.1943712 -0.4022758 -0.5122171
vn 0.0000000 0.0000000 1.0000000
v 0.1943712 -0.4022758 -0.5122171
vn 0.0000000 0.0000000 1.0000000
v 0.1943712 -0.4022758 -0.5122171
vn 0.0000000 0.0000000 1.0000000
v 0.0292712 -0.2900034 -0.5122171
vn 0.0000000 0.0000000 1.0000000
v 0.0292712 -0.2900034 -0.5122171
vn 0.0000000 0.0000000 1.0000000
v 0.0292712 -0.2900034 -0.5122171
vn 0.0000000 0.0000000 1.0000000
v 0.4991712 -0.5542752 -0.5122171
vn 0.0000000 0.0000000 1.0000000
v 0.2959712 -0.4209252 -0.5122171
vn 0.0000000 0.0000000 1.0000000
v 0.2959712 -0.4209252 -0.5122171
vn 0.0000000 0.0000000 1.0000000
v 0.1943712 -0.3133757 -0.5122171
vn 0.0000000 0.0000000 1.0000000
v 0.1943712 -0.3133757 -0.5122171
vn 0.0000000 0.0000000 1.0000000
v 0.4991712 -0.2900034 -0.5122171
vn 0.0000000 0.0000000 1.0000000
v 0.4991712 -0.2900034 -0.5122171
vn 0.0000000 0.0000000 1.0000000
v 0.4991712 -0.4209252 -0.5122171
vn 0.0000000 0.0000000 1.0000000
v 0.4991712 -0.4022758 -0.5122171
vn 0.0000000 0.0000000 1.0000000
v 0.4991712 -0.4022758 -0.5122171
vn 0.0000000 0.0000000 -1.0000000
v 0.4991712 -0.2900034 -0.0296170
vn 0.0000000 0.0000000 -1.0000000
v 0.1943712 -0.3133757 -0.0296170
vn 0.0000000 0.0000000 -1.0000000
v 0.0292712 -0.2900034 -0.0296170
vn 0.0000000 0.0000000 -1.0000000
v 0.1943712 -0.4022758 -0.0296170
vn 0.0000000 0.0000000 -1.0000000
v 0.1943712 -0.4022758 -0.0296170
vn 0.0000000 0.0000000 -1.0000000
v 0.4991712 -0.4022758 -0.0296170
vn 0.0000000 0.0000000 -1.0000000
v 0.4991712 -0.4022758 -0.0296170
vn 0.0000000 0.0000000 -1.0000000
v 0.2959712 -0.4209252 -0.0296170
vn 0.0000000 0.0000000 -1.0000000
v 0.2959712 -0.4209252 -0.0296170
vn 0.0000000 0.0000000 -1.0000000
v 0.2959712 -0.5542752 -0.0296170
vn 0.0000000 0.0000000 -1.0000000
v 0.2959712 -0.5542752 -0.0296170
vn 0.0000000 0.0000000 -1.0000000
v 0.0927712 -0.5705104 -0.0296170
vn 0.0000000 0.0000000 -1.0000000
v 0.0927712 -0.5705104 -0.0296170
vn 0.0000000 0.0000000 -1.0000000
v 0.4991712 -0.3133757 -0.0296170
vn 0.0000000 0.0000000 -1.0000000
v 0.4991712 -0.4209252 -0.0296170
vn 0.0000000 0.0000000 -1.0000000
v 0.4991712 -0.8592649 -0.0296170
vn 0.0000000 0.0000000 -1.0000000
v 0.0292712 -0.8592649 -0.0296170
vn 0.0000000 0.0000000 -1.0000000
v 0.0927712 -0.8372104 -0.0296170
vn 0.0000000 0.0000000 -1.0000000
v 0.4991712 -0.5542752 -0.0296170
vn 0.0000000 0.0000000 -1.0000000
v 0.4991712 -0.5705104 -0.0296170
vn 0.0000000 0.0000000 -1.0000000
v 0.4991712 -0.5705104 -0.0296170
vn 0.0000000 0.0000000 -1.0000000
v 0.4991712 -0.8372104 -0.0296170
vn 0.5757615 0.8172863 0.0232784
v 0.5004359 -0.9064998 -0.5066992
vn 0.5372849 0.8414445 0.0574122
v 0.4893583 -0.9011595 -0.4812992
vn 0.7739097 0.6326246 0.0291541
v 0.5094455 -0.9153783 -0.4812992
vn 0.4342530 0.9007909 0.0000000
v 0.4893583 -0.9011595 -0.5066992
vn 0.4342530 0.9007909 0.0000000
v 0.4893583 -0.9011595 -0.4939991
vn 0.8091452 0.5876089 0.0000000
v 0.5094455 -0.9153783 -0.5066992
vn 0.9886948 0.1499422 0.0000000
v 0.5166692 -0.9377000 -0.4939991
vn 0.9532472 0.3021918 0.0000000
v 0.5149562 -0.9264045 -0.4812992
vn 0.9886947 0.1499421 0.0000000
v 0.5166692 -0.9377000 -0.4812992
vn 0.9532472 0.3021918 0.0000000
v 0.5149562 -0.9264045 -0.5066992
vn 0.0000000 -1.0000000 0.0000000
v 0.4893583 -0.9567568 -0.5130491
vn 0.0000000 -1.0000000 0.0000000
v 0.4893583 -0.9567568 -0.5066992
vn 0.0000000 -1.0000000 0.0000000
v 0.4599416 -0.9567568 -0.5066992
vn -0.8612078 -0.5082530 0.0000019
v 0.4421295 -0.9265751 -0.4812992
vn -0.8612076 -0.5082532 0.0000000
v 0.4421295 -0.9265751 -0.4812992
vn -0.8612080 -0.5082527 0.0000000
v 0.4421295 -0.9265751 -0.4812992
vn -0.8612077 -0.5082532 0.0000000
v 0.4599416 -0.9567568 -0.4812992
vn -0.8612078 -0.5082530 0.0000019
v 0.4599416 -0.9567568 -0.4749491
vn -0.8612077 -0.5082532 0.0000000
v 0.4599416 -0.9567568 -0.4749491
vn -0.8612078 -0.5082529 -0.0000019
v 0.4421295 -0.9265751 -0.5066992
vn -0.8612080 -0.5082527 0.0000000
v 0.4421295 -0.9265751 -0.5066992
vn -0.8612077 -0.5082532 0.0000000
v 0.4421295 -0.9265751 -0.5066992
vn -0.8612078 -0.5082530 -0.0000019
v 0.4599416 -0.9567568 -0.5130491
vn -0.8612076 -0.5082532 0.0000000
v 0.4599416 -0.9567568 -0.5130491
vn -0.8612077 -0.5082532 0.0000000
v 0.4599416 -0.9567568 -0.5066992
vn -0.8612080 -0.5082527 0.0000000
v 0.4421295 -0.9265751 -0.4939991
vn -0.8612080 -0.5082527 0.0000000
v 0.4421295 -0.9265751 -0.4939991
vn -0.8612080 -0.5082527 0.0000000
v 0.4421295 -0.9265751 -0.4939991
vn -0.8612080 -0.5082527 0.0000000
v 0.4203530 -0.8896760 -0.4749491
vn -0.8612080 -0.5082527 0.0000000
v 0.4203530 -0.8896760 -0.4749491
vn -0.8612078 -0.5082530 0.0000019
v 0.4203530 -0.8896760 -0.4749491
vn -0.8612080 -0.5082527 0.0000000
v 0.4203530 -0.8896760 -0.5130491
vn -0.8612080 -0.5082527 0.0000000
v 0.4203530 -0.8896760 -0.5130491
vn -0.8612077 -0.5082530 -0.0000019
v 0.4203530 -0.8896760 -0.5130491
vn 0.0000000 -1.0000000 0.0000000
v 0.0685007 -0.9567568 -0.4812992
vn 0.0000000 -1.0000000 0.0000000
v 0.0685007 -0.9567568 -0.4749491
vn 0.0000000 -1.0000000 0.0000000
v 0.0390841 -0.9567568 -0.4749491
vn 0.9890455 0.1476111 0.0000000
v 0.0863129 -0.9265751 -0.4939991
vn 0.9890455 0.1476111 0.0000000
v 0.0863129 -0.9265751 -0.4812992
vn 0.9997967 -0.0201614 0.0000000
v 0.0879732 -0.9377000 -0.4812992
vn 0.7071071 -0.7071066 0.0000000
v 0.0768140 -0.9646407 -0.4812992
vn 0.7071071 -0.7071066 0.0000000
v 0.0768140 -0.9646407 -0.5066992
vn 0.9268621 -0.3754022 0.0000000
v 0.0852982 -0.9517244 -0.5066992
vn 0.3754028 -0.9268618 0.0000000
v 0.0638977 -0.9731249 -0.4812992
vn 0.3754027 -0.9268618 0.0000000
v 0.0638977 -0.9731249 -0.5066992
vn 0.9268621 -0.3754022 0.0000000
v 0.0852982 -0.9517244 -0.4812992
vn 0.9997967 -0.0201614 0.0000000
v 0.0879732 -0.9377000 -0.5066992
vn 0.9890455 0.1476111 0.0000000
v 0.0863129 -0.9265751 -0.5066992
vn -0.0000003 -1.0000000 0.0000000
v 0.0498732 -0.9758000 -0.4812992
vn -0.3754021 -0.9268621 0.0000000
v 0.0358488 -0.9731249 -0.4812992
vn -0.3754021 -0.9268621 0.0000000
v 0.0358488 -0.9731249 -0.5066992
vn -0.0000003 -1.0000000 0.0000000
v 0.0498732 -0.9758000 -0.5066992
vn -0.9268618 -0.3754027 0.0000000
v 0.0144483 -0.9517244 -0.4812992
vn -0.9268618 -0.3754027 0.0000000
v 0.0144483 -0.9517244 -0.5066992
vn -0.7071077 -0.7071059 0.0000000
v 0.0229325 -0.9646407 -0.5066992
vn -0.9822897 -0.1873689 0.0000000
v 0.0117732 -0.9377000 -0.4939991
vn -0.9822896 -0.1873689 0.0000000
v 0.0117732 -0.9377000 -0.4812992
vn -0.7071076 -0.7071059 0.0000000
v 0.0229325 -0.9646407 -0.4812992
vn -0.9822897 -0.1873689 0.0000000
v 0.0117732 -0.9377000 -0.5066992
vn -0.9886963 0.1499321 0.0000000
v 0.0117732 -0.9377000 -0.4939991
vn -0.9886963 0.1499321 0.0000000
v 0.0117732 -0.9377000 -0.4812992
vn -0.9532487 0.3021870 0.0000000
v 0.0134861 -0.9264045 -0.4812992
vn -0.9886963 0.1499321 0.0000000
v 0.0117732 -0.9377000 -0.5066992
vn -0.9532487 0.3021870 0.0000000
v 0.0134861 -0.9264045 -0.5066992
vn -0.8091451 0.5876089 0.0000000
v 0.0189968 -0.9153783 -0.4812992
vn -0.7739094 0.6326249 -0.0291543
v 0.0189968 -0.9153783 -0.5066992
vn -0.5757606 0.8172869 -0.0232786
v 0.0280064 -0.9064998 -0.4812992
vn -0.4342513 0.9007918 0.0000000
v 0.0390841 -0.9011595 -0.4939991
vn -0.4342512 0.9007918 0.0000000
v 0.0390841 -0.9011595 -0.4812992
vn -0.5372835 0.8414454 -0.0574126
v 0.0390841 -0.9011595 -0.5066992
vn 0.0000000 0.0000000 1.0000000
v 0.0852982 -0.9517244 -0.4812992
vn 0.0000000 0.0000000 1.0000000
v 0.0852982 -0.9517244 -0.4812992
vn 0.0000000 0.0000000 1.0000000
v 0.0685007 -0.9567568 -0.4812992
vn 0.0000000 0.0000000 1.0000000
v 0.0685007 -0.9567568 -0.4812992
vn 0.0000000 0.0000000 1.0000000
v 0.0768140 -0.9646407 -0.4812992
vn 0.0000000 0.0000000 1.0000000
v 0.0768140 -0.9646407 -0.4812992
vn 0.0000000 0.0000000 1.0000000
v 0.0638977 -0.9731249 -0.4812992
vn 0.0000000 0.0000000 1.0000000
v 0.0498732 -0.9758000 -0.4812992
vn 0.0000000 0.0000000 1.0000000
v 0.0498732 -0.9758000 -0.4812992
vn 0.0000000 0.0000000 1.0000000
v 0.0879732 -0.9377000 -0.4812992
vn 0.0000000 0.0000000 1.0000000
v 0.0863129 -0.9265751 -0.4812992
vn 0.0000000 0.0000000 1.0000000
v 0.0390841 -0.9567568 -0.4812992
vn 0.0000000 0.0000000 1.0000000
v 0.0390841 -0.9567568 -0.4812992
vn 0.0000000 0.0000000 1.0000000
v 0.0390841 -0.9567568 -0.4812992
vn 0.0000000 0.0000000 1.0000000
v 0.0390841 -0.9567568 -0.4812992
vn 0.0000000 0.0000000 1.0000000
v 0.0390841 -0.9567568 -0.4812992
vn 0.0000000 0.0000000 1.0000000
v 0.0390841 -0.9567568 -0.4812992
vn 0.0000000 0.0000000 1.0000000
v 0.0390841 -0.9567568 -0.4812992
vn 0.0000000 0.0000000 1.0000000
v 0.0229325 -0.9646407 -0.4812992
vn 0.0000000 0.0000000 1.0000000
v 0.0229325 -0.9646407 -0.4812992
vn 0.0000000 0.0000000 1.0000000
v 0.0358488 -0.9731249 -0.4812992
vn 0.0000000 0.0000000 1.0000000
v 0.0358488 -0.9731249 -0.4812992
vn 0.0000000 0.0000000 1.0000000
v 0.0144483 -0.9517244 -0.4812992
vn 0.0000000 0.0000000 1.0000000
v 0.0144483 -0.9517244 -0.4812992
vn 0.0000000 0.0000000 1.0000000
v 0.0117732 -0.9377000 -0.4812992
vn 0.0000000 0.0000000 1.0000000
v 0.0117732 -0.9377000 -0.4812992
vn 0.0000000 0.0000000 1.0000000
v 0.0189968 -0.9153783 -0.4812992
vn 0.0000000 0.0000000 1.0000000
v 0.0189968 -0.9153783 -0.4812992
vn 0.0000000 0.0000000 1.0000000
v 0.0280064 -0.9064998 -0.4812992
vn 0.0000000 0.0000000 1.0000000
v 0.0280064 -0.9064998 -0.4812992
vn 0.0000000 0.0000000 1.0000000
v 0.0134861 -0.9264045 -0.4812992
vn 0.0000000 0.0000000 1.0000000
v 0.0134861 -0.9264045 -0.4812992
vn 0.0000000 0.0000000 1.0000000
v 0.0390841 -0.9011595 -0.4812992
vn 0.0000000 0.0000000 -1.0000000
v 0.0638977 -0.9731249 -0.5066992
vn 0.0000000 0.0000000 -1.0000000
v 0.0685007 -0.9567568 -0.5066992
vn 0.0000000 0.0000000 -1.0000000
v 0.0685007 -0.9567568 -0.5066992
vn 0.0000000 0.0000000 -1.0000000
v 0.0768140 -0.9646407 -0.5066992
vn 0.0000000 0.0000000 -1.0000000
v 0.0498732 -0.9758000 -0.5066992
vn 0.0000000 0.0000000 -1.0000000
v 0.0498732 -0.9758000 -0.5066992
vn 0.0000000 0.0000000 -1.0000000
v 0.0863129 -0.9265751 -0.5066992
vn 0.0000000 0.0000000 -1.0000000
v 0.0879732 -0.9377000 -0.5066992
vn 0.0000000 0.0000000 -1.0000000
v 0.0879732 -0.9377000 -0.5066992
vn 0.0000000 0.0000000 -1.0000000
v 0.0852982 -0.9517244 -0.5066992
vn 0.0000000 0.0000000 -1.0000000
v 0.0390841 -0.9567568 -0.5066992
vn 0.0000000 0.0000000 -1.0000000
v 0.0390841 -0.9567568 -0.5066992
vn 0.0000000 0.0000000 -1.0000000
v 0.0390841 -0.9567568 -0.5066992
vn 0.0000000 0.0000000 -1.0000000
v 0.0390841 -0.9567568 -0.5066992
vn 0.0000000 0.0000000 -1.0000000
v 0.0229325 -0.9646407 -0.5066992
vn 0.0000000 0.0000000 -1.0000000
v 0.0229325 -0.9646407 -0.5066992
vn 0.0000000 0.0000000 -1.0000000
v 0.0358488 -0.9731249 -0.5066992
vn 0.0000000 0.0000000 -1.0000000
v 0.0358488 -0.9731249 -0.5066992
vn 0.0000000 0.0000000 -1.0000000
v 0.0144483 -0.9517244 -0.5066992
vn 0.0000000 0.0000000 -1.0000000
v 0.0117732 -0.9377000 -0.5066992
vn 0.0000000 0.0000000 -1.0000000
v 0.0189968 -0.9153783 -0.5066992
vn 0.0000000 0.0000000 -1.0000000
v 0.0189968 -0.9153783 -0.5066992
vn 0.0000000 0.0000000 -1.0000000
v 0.0390841 -0.9011595 -0.5066992
vn 0.0000000 0.0000000 -1.0000000
v 0.0134861 -0.9264045 -0.5066992
vn 0.0000000 0.0000000 -1.0000000
v 0.0134861 -0.9264045 -0.5066992
vn -0.5757606 0.8172869 -0.0232787
v 0.0280064 -0.9064998 -0.0351349
vn -0.5372834 0.8414454 -0.0574126
v 0.0390841 -0.9011595 -0.0605349
vn -0.7739094 0.6326249 -0.0291543
v 0.0189968 -0.9153783 -0.0605349
vn -0.4342513 0.9007918 0.0000000
v 0.0390841 -0.9011595 -0.0351349
vn -0.4342513 0.9007918 0.0000000
v 0.0390841 -0.9011595 -0.0478349
vn -0.8091451 0.5876090 0.0000000
v 0.0189968 -0.9153783 -0.0351349
vn -0.9886963 0.1499321 0.0000000
v 0.0117732 -0.9377000 -0.0478349
vn -0.9532487 0.3021870 0.0000000
v 0.0134861 -0.9264045 -0.0605349
vn -0.9886963 0.1499321 0.0000000
v 0.0117732 -0.9377000 -0.0605349
vn -0.9532487 0.3021870 0.0000000
v 0.0134861 -0.9264045 -0.0351349
vn 0.0000000 -1.0000000 0.0000000
v 0.0390841 -0.9567568 -0.0287849
vn 0.0000000 -1.0000000 0.0000000
v 0.0390841 -0.9567568 -0.0351349
vn 0.0000000 -1.0000000 0.0000000
v 0.0685007 -0.9567568 -0.0351349
vn 0.8612078 -0.5082529 0.0000000
v 0.0863129 -0.9265751 -0.0605349
vn 0.8612072 -0.5082541 -0.0000082
v 0.0863129 -0.9265751 -0.0605349
vn 0.8612065 -0.5082553 0.0000000
v 0.0863129 -0.9265751 -0.0605349
vn 0.8612065 -0.5082553 0.0000000
v 0.0685007 -0.9567568 -0.0605349
vn 0.8612065 -0.5082553 0.0000000
v 0.0685007 -0.9567568 -0.0668849
vn 0.8612072 -0.5082541 -0.0000082
v 0.0685007 -0.9567568 -0.0668849
vn 0.8612078 -0.5082530 0.0000000
v 0.0863129 -0.9265751 -0.0351349
vn 0.8612064 -0.5082552 0.0000000
v 0.0863129 -0.9265751 -0.0351349
vn 0.8612072 -0.5082541 0.0000082
v 0.0863129 -0.9265751 -0.0351349
vn 0.8612071 -0.5082541 0.0000082
v 0.0685007 -0.9567568 -0.0287849
vn 0.8612065 -0.5082553 0.0000000
v 0.0685007 -0.9567568 -0.0287849
vn 0.8612065 -0.5082553 0.0000000
v 0.0685007 -0.9567568 -0.0351349
vn 0.8612078 -0.5082530 0.0000000
v 0.0863129 -0.9265751 -0.0478349
vn 0.8612078 -0.5082530 0.0000000
v 0.0863129 -0.9265751 -0.0478349
vn 0.8612078 -0.5082529 0.0000000
v 0.0863129 -0.9265751 -0.0478349
vn 0.8612078 -0.5082530 0.0000000
v 0.1080894 -0.8896760 -0.0668849
vn 0.8612072 -0.5082541 -0.0000082
v 0.1080894 -0.8896760 -0.0668849
vn 0.8612078 -0.5082530 0.0000000
v 0.1080894 -0.8896760 -0.0668849
vn 0.8612072 -0.5082541 0.0000082
v 0.1080894 -0.8896760 -0.0287849
vn 0.8612078 -0.5082530 0.0000000
v 0.1080894 -0.8896760 -0.0287849
vn 0.8612078 -0.5082529 0.0000000
v 0.1080894 -0.8896760 -0.0287849
vn 0.0000000 -1.0000000 0.0000000
v 0.4599416 -0.9567568 -0.0605349
vn 0.0000000 -1.0000000 0.0000000
v 0.4599416 -0.9567568 -0.0668849
vn 0.0000000 -1.0000000 0.0000000
v 0.4893583 -0.9567568 -0.0668849
vn -0.9890462 0.1476066 0.0000000
v 0.4421295 -0.9265751 -0.0478349
vn -0.9890461 0.1476066 0.0000000
v 0.4421295 -0.9265751 -0.0605349
vn -0.9997967 -0.0201619 0.0000000
v 0.4404692 -0.9377000 -0.0605349
vn -0.7071078 -0.7071058 0.0000000
v 0.4516283 -0.9646407 -0.0605349
vn -0.7071078 -0.7071058 0.0000000
v 0.4516283 -0.9646407 -0.0351349
vn -0.9268637 -0.3753981 0.0000000
v 0.4431442 -0.9517244 -0.0351349
vn -0.3754016 -0.9268622 0.0000000
v 0.4645447 -0.9731249 -0.0605349
vn -0.3754016 -0.9268622 0.0000000
v 0.4645447 -0.9731249 -0.0351349
vn -0.9268637 -0.3753981 0.0000000
v 0.4431442 -0.9517244 -0.0605349
vn -0.9997967 -0.0201619 0.0000000
v 0.4404692 -0.9377000 -0.0351349
vn -0.9890461 0.1476066 0.0000000
v 0.4421295 -0.9265751 -0.0351349
vn -0.0000002 -1.0000000 0.0000000
v 0.4785691 -0.9758000 -0.0605349
vn 0.3754015 -0.9268624 0.0000000
v 0.4925935 -0.9731249 -0.0605349
vn 0.3754014 -0.9268624 0.0000000
v 0.4925935 -0.9731249 -0.0351349
vn -0.0000002 -1.0000000 0.0000000
v 0.4785691 -0.9758000 -0.0351349
vn 0.9268609 -0.3754050 0.0000000
v 0.5139940 -0.9517244 -0.0605349
vn 0.9268609 -0.3754050 0.0000000
v 0.5139940 -0.9517244 -0.0351349
vn 0.7071083 -0.7071053 0.0000000
v 0.5055099 -0.9646407 -0.0351349
vn 0.9822882 -0.1873766 0.0000000
v 0.5166692 -0.9377000 -0.0478349
vn 0.9822881 -0.1873767 0.0000000
v 0.5166692 -0.9377000 -0.0605349
vn 0.7071083 -0.7071053 0.0000000
v 0.5055099 -0.9646407 -0.0605349
vn 0.9822881 -0.1873766 0.0000000
v 0.5166692 -0.9377000 -0.0351349
vn 0.9886948 0.1499422 0.0000000
v 0.5166692 -0.9377000 -0.0478349
vn 0.9886947 0.1499421 0.0000000
v 0.5166692 -0.9377000 -0.0605349
vn 0.9532472 0.3021918 0.0000000
v 0.5149562 -0.9264045 -0.0605349
vn 0.9886947 0.1499421 0.0000000
v 0.5166692 -0.9377000 -0.0351349
vn 0.9532472 0.3021918 0.0000000
v 0.5149562 -0.9264045 -0.0351349
vn 0.8091452 0.5876088 0.0000000
v 0.5094455 -0.9153783 -0.0605349
vn 0.7739098 0.6326244 0.0291541
v 0.5094455 -0.9153783 -0.0351349
vn 0.5757615 0.8172863 0.0232784
v 0.5004359 -0.9064998 -0.0605349
vn 0.4342530 0.9007909 0.0000000
v 0.4893583 -0.9011595 -0.0478349
vn 0.4342530 0.9007909 0.0000000
v 0.4893583 -0.9011595 -0.0605349
vn 0.5372849 0.8414445 0.0574122
v 0.4893583 -0.9011595 -0.0351349
vn 0.0000000 0.0000000 -1.0000000
v 0.4431442 -0.9517244 -0.0605349
vn 0.0000000 0.0000000 -1.0000000
v 0.4431442 -0.9517244 -0.0605349
vn 0.0000000 0.0000000 -1.0000000
v 0.4599416 -0.9567568 -0.0605349
vn 0.0000000 0.0000000 -1.0000000
v 0.4599416 -0.9567568 -0.0605349
vn 0.0000000 0.0000000 -1.0000000
v 0.4599416 -0.9567568 -0.0605349
vn 0.0000000 0.0000000 -1.0000000
v 0.4599416 -0.9567568 -0.0605349
vn 0.0000000 0.0000000 -1.0000000
v 0.4516283 -0.9646407 -0.0605349
vn 0.0000000 0.0000000 -1.0000000
v 0.4516283 -0.9646407 -0.0605349
vn 0.0000000 0.0000000 -1.0000000
v 0.4645447 -0.9731249 -0.0605349
vn 0.0000000 0.0000000 -1.0000000
v 0.4785691 -0.9758000 -0.0605349
vn 0.0000000 0.0000000 -1.0000000
v 0.4404692 -0.9377000 -0.0605349
vn 0.0000000 0.0000000 -1.0000000
v 0.4404692 -0.9377000 -0.0605349
vn 0.0000000 0.0000000 -1.0000000
v 0.4421295 -0.9265751 -0.0605349
vn 0.0000000 0.0000000 -1.0000000
v 0.4893583 -0.9567568 -0.0605349
vn 0.0000000 0.0000000 -1.0000000
v 0.4893583 -0.9567568 -0.0605349
vn 0.0000000 0.0000000 -1.0000000
v 0.4893583 -0.9567568 -0.0605349
vn 0.0000000 0.0000000 -1.0000000
v 0.5055099 -0.9646407 -0.0605349
vn 0.0000000 0.0000000 -1.0000000
v 0.4925935 -0.9731249 -0.0605349
vn 0.0000000 0.0000000 -1.0000000
v 0.5139940 -0.9517244 -0.0605349
vn 0.0000000 0.0000000 -1.0000000
v 0.5166692 -0.9377000 -0.0605349
vn 0.0000000 0.0000000 -1.0000000
v 0.5094455 -0.9153783 -0.0605349
vn 0.0000000 0.0000000 -1.0000000
v 0.5094455 -0.9153783 -0.0605349
vn 0.0000000 0.0000000 -1.0000000
v 0.5004359 -0.9064998 -0.0605349
vn 0.0000000 0.0000000 -1.0000000
v 0.5004359 -0.9064998 -0.0605349
vn 0.0000000 0.0000000 -1.0000000
v 0.5149562 -0.9264045 -0.0605349
vn 0.0000000 0.0000000 -1.0000000
v 0.5149562 -0.9264045 -0.0605349
vn 0.0000000 0.0000000 -1.0000000
v 0.4893583 -0.9011595 -0.0605349
vn 0.0000000 0.0000000 1.0000000
v 0.4645447 -0.9731249 -0.0351349
vn 0.0000000 0.0000000 1.0000000
v 0.4645447 -0.9731249 -0.0351349
vn 0.0000000 0.0000000 1.0000000
v 0.4599416 -0.9567568 -0.0351349
vn 0.0000000 0.0000000 1.0000000
v 0.4599416 -0.9567568 -0.0351349
vn 0.0000000 0.0000000 1.0000000
v 0.4599416 -0.9567568 -0.0351349
vn 0.0000000 0.0000000 1.0000000
v 0.4599416 -0.9567568 -0.0351349
vn 0.0000000 0.0000000 1.0000000
v 0.4599416 -0.9567568 -0.0351349
vn 0.0000000 0.0000000 1.0000000
v 0.4599416 -0.9567568 -0.0351349
vn 0.0000000 0.0000000 1.0000000
v 0.4516283 -0.9646407 -0.0351349
vn 0.0000000 0.0000000 1.0000000
v 0.4516283 -0.9646407 -0.0351349
vn 0.0000000 0.0000000 1.0000000
v 0.4785691 -0.9758000 -0.0351349
vn 0.0000000 0.0000000 1.0000000
v 0.4785691 -0.9758000 -0.0351349
vn 0.0000000 0.0000000 1.0000000
v 0.4785691 -0.9758000 -0.0351349
vn 0.0000000 0.0000000 1.0000000
v 0.4421295 -0.9265751 -0.0351349
vn 0.0000000 0.0000000 1.0000000
v 0.4404692 -0.9377000 -0.0351349
vn 0.0000000 0.0000000 1.0000000
v 0.4404692 -0.9377000 -0.0351349
vn 0.0000000 0.0000000 1.0000000
v 0.4431442 -0.9517244 -0.0351349
vn 0.0000000 0.0000000 1.0000000
v 0.4431442 -0.9517244 -0.0351349
vn 0.0000000 0.0000000 1.0000000
v 0.4893583 -0.9567568 -0.0351349
vn 0.0000000 0.0000000 1.0000000
v 0.4893583 -0.9567568 -0.0351349
vn 0.0000000 0.0000000 1.0000000
v 0.4893583 -0.9567568 -0.0351349
vn 0.0000000 0.0000000 1.0000000
v 0.4893583 -0.9567568 -0.0351349
vn 0.0000000 0.0000000 1.0000000
v 0.4893583 -0.9567568 -0.0351349
vn 0.0000000 0.0000000 1.0000000
v 0.4893583 -0.9567568 -0.0351349
vn 0.0000000 0.0000000 1.0000000
v 0.5055099 -0.9646407 -0.0351349
vn 0.0000000 0.0000000 1.0000000
v 0.5055099 -0.9646407 -0.0351349
vn 0.0000000 0.0000000 1.0000000
v 0.4925935 -0.9731249 -0.0351349
vn 0.0000000 0.0000000 1.0000000
v 0.4925935 -0.9731249 -0.0351349
vn 0.0000000 0.0000000 1.0000000
v 0.5139940 -0.9517244 -0.0351349
vn 0.0000000 0.0000000 1.0000000
v 0.5139940 -0.9517244 -0.0351349
vn 0.0000000 0.0000000 1.0000000
v 0.5166692 -0.9377000 -0.0351349
vn 0.0000000 0.0000000 1.0000000
v 0.5094455 -0.9153783 -0.0351349
vn 0.0000000 0.0000000 1.0000000
v 0.5094455 -0.9153783 -0.0351349
vn 0.0000000 0.0000000 1.0000000
v 0.4893583 -0.9011595 -0.0351349
vn 0.0000000 0.0000000 1.0000000
v 0.5149562 -0.9264045 -0.0351349
vn 0.0000000 0.0000000 1.0000000
v 0.5149562 -0.9264045 -0.0351349
vn 0.0000000 -1.0000000 0.0000000
v 0.4893583 -0.9567568 -0.0287849
vn 0.0000000 -1.0000000 0.0000000
v 0.0685007 -0.9567568 -0.0605349
vn 0.0000000 -1.0000000 0.0000000
v 0.0390841 -0.9567568 -0.5130491
vn 0.0000000 -1.0000000 0.0000000
v 0.4599416 -0.9567568 -0.4812992
vn 0.0000000 0.0000000 1.0000000
v 0.4991712 -0.2773000 -0.0169170
vn 0.0000000 0.0000000 -1.0000000
v 0.0292712 -0.2773000 -0.5249171
vn 0.0000000 1.0000000 0.0000000
v 0.4991712 -0.2773000 -0.5249171
vn 0.0000000 1.0000000 0.0000000
v 0.0292712 -0.8592649 -0.0296170
vn 0.0000000 -1.0000000 0.0000000
v 0.0292712 -0.2900034 -0.5122171
vn 0.0000000 1.0000000 0.0000000
v 0.1943712 -0.3133757 -0.5122171
vn 0.0000000 -1.0000000 0.0000000
v 0.1943712 -0.4022758 -0.0296170
vn 1.0000000 0.0000000 0.0000000
v 0.4991712 -0.4022758 -0.5122171
vn -1.0000000 0.0000000 0.0000000
v 0.1943712 -0.3133757 -0.0296170
vn 0.0000000 1.0000000 0.0000000
v 0.2959712 -0.4209252 -0.5122171
vn 0.0000000 -1.0000000 0.0000000
v 0.2959712 -0.5542752 -0.0296170
vn 1.0000000 0.0000000 0.0000000
v 0.4991712 -0.5542752 -0.5122171
vn -1.0000000 0.0000000 0.0000000
v 0.2959712 -0.4209252 -0.0296170
vn 0.0000000 1.0000000 0.0000000
v 0.0927712 -0.5705104 -0.5122171
vn 0.0000000 -1.0000000 0.0000000
v 0.0927712 -0.8372104 -0.0296170
vn 1.0000000 0.0000000 0.0000000
v 0.4991712 -0.8372104 -0.5122171
vn -1.0000000 0.0000000 0.0000000
v 0.0927712 -0.5705104 -0.0296170
vn 0.0000000 0.0000000 1.0000000
v 0.4991712 -0.3133757 -0.5122171
vn 0.9886947 0.1499422 0.0000000
v 0.5166692 -0.9377000 -0.5066992
vn 0.0000000 -1.0000000 0.0000000
v 0.4599416 -0.9567568 -0.5130491
vn 0.0000000 -1.0000000 0.0000000
v 0.0390841 -0.9567568 -0.4812992
vn -0.9886963 0.1499321 0.0000000
v 0.0117732 -0.9377000 -0.0351349
vn 0.0000000 -1.0000000 0.0000000
v 0.0685007 -0.9567568 -0.0287849
vn 0.0000000 -1.0000000 0.0000000
v 0.4893583 -0.9567568 -0.0605349
vn -0.8612080 -0.5082527 0.0000000
v 0.4421295 -0.9265751 0.4939991
vn -0.8612080 -0.5082527 0.0000000
v 0.4421295 -0.9265751 0.4939991
vn -0.8612080 -0.5082527 0.0000000
v 0.4421295 -0.9265751 0.4939991
vn -0.8612080 -0.5082527 0.0000000
v 0.4203530 -0.8896760 0.4749491
vn -0.8612078 -0.5082530 -0.0000019
v 0.4203530 -0.8896760 0.4749491
vn -0.8612080 -0.5082527 0.0000000
v 0.4203530 -0.8896760 0.4749491
vn -0.8612078 -0.5082530 -0.0000019
v 0.4421295 -0.9265751 0.4812992
vn -0.8612080 -0.5082527 0.0000000
v 0.4421295 -0.9265751 0.4812992
vn -0.8612076 -0.5082532 0.0000000
v 0.4421295 -0.9265751 0.4812992
vn -0.8612077 -0.5082532 0.0000000
v 0.4599416 -0.9567568 0.4749491
vn -0.8612078 -0.5082530 -0.0000019
v 0.4599416 -0.9567568 0.4749491
vn -0.8612080 -0.5082527 0.0000000
v 0.4421295 -0.9265751 0.5066992
vn -0.8612077 -0.5082532 0.0000000
v 0.4421295 -0.9265751 0.5066992
vn -0.8612078 -0.5082529 0.0000016
v 0.4421295 -0.9265751 0.5066992
vn -0.8612077 -0.5082530 0.0000016
v 0.4203530 -0.8896760 0.5130491
vn -0.8612080 -0.5082527 0.0000000
v 0.4203530 -0.8896760 0.5130491
vn -0.8612080 -0.5082527 0.0000000
v 0.4203530 -0.8896760 0.5130491
vn -0.8612076 -0.5082532 0.0000000
v 0.4599416 -0.9567568 0.5130491
vn -0.8612078 -0.5082530 0.0000016
v 0.4599416 -0.9567568 0.5130491
vn -0.8612077 -0.5082532 0.0000000
v 0.4599416 -0.9567568 0.5066992
vn -0.8612077 -0.5082532 0.0000000
v 0.4599416 -0.9567568 0.4812992
vn 0.0000000 -1.0000000 0.0000000
v 0.4599416 -0.9567568 0.5130491
vn 0.0000000 -1.0000000 0.0000000
v 0.4599416 -0.9567568 0.5066992
vn 0.0000000 -1.0000000 0.0000000
v 0.4893583 -0.9567568 0.5066992
vn 1.0000000 0.0000000 0.0000000
v 0.4893583 -0.9011595 0.4812992
vn 1.0000000 0.0000000 0.0000000
v 0.4893583 -0.9011595 0.4812992
vn 1.0000000 0.0000000 0.0000000
v 0.4893583 -0.9567568 0.4812992
vn 1.0000000 0.0000000 0.0000000
v 0.4893583 -0.9567568 0.4749491
vn 1.0000000 0.0000000 0.0000000
v 0.4893583 -0.9567568 0.4749491
vn 1.0000000 0.0000000 0.0000000
v 0.4893583 -0.9011595 0.5066992
vn 1.0000000 0.0000000 0.0000000
v 0.4893583 -0.9011595 0.5066992
vn 1.0000000 0.0000000 0.0000000
v 0.4893583 -0.9567568 0.5130491
vn 1.0000000 0.0000000 0.0000000
v 0.4893583 -0.9567568 0.5130491
vn 1.0000000 0.0000000 0.0000000
v 0.4893583 -0.9567568 0.5066992
vn 1.0000000 0.0000000 0.0000000
v 0.4893583 -0.9011595 0.4939991
vn 1.0000000 0.0000000 0.0000000
v 0.4893583 -0.8896760 0.4749491
vn 1.0000000 0.0000000 0.0000000
v 0.4893583 -0.8896760 0.4749491
vn 1.0000000 0.0000000 0.0000000
v 0.4893583 -0.8896760 0.5130491
vn 1.0000000 0.0000000 0.0000000
v 0.4893583 -0.8896760 0.5130491
vn 0.0000000 0.0000000 -1.0000000
v 0.4599416 -0.9567568 0.4749491
vn 0.0000000 0.0000000 -1.0000000
v 0.4599416 -0.9567568 0.4749491
vn 0.0000000 0.0000000 -1.0000000
v 0.4893583 -0.8896760 0.4749491
vn 0.0000000 0.0000000 -1.0000000
v 0.4893583 -0.8896760 0.4749491
vn 0.0000000 0.0000000 -1.0000000
v 0.4893583 -0.9567568 0.4749491
vn 0.0000000 0.0000000 -1.0000000
v 0.4203530 -0.8896760 0.4749491
vn 0.0000000 0.0000000 1.0000000
v 0.4599416 -0.9567568 0.5130491
vn 0.0000000 0.0000000 1.0000000
v 0.4893583 -0.9567568 0.5130491
vn 0.0000000 0.0000000 1.0000000
v 0.4893583 -0.8896760 0.5130491
vn 0.0000000 0.0000000 1.0000000
v 0.4203530 -0.8896760 0.5130491
vn -0.9822897 -0.1873689 0.0000000
v 0.0117732 -0.9377000 0.4939991
vn -0.9822896 -0.1873689 0.0000000
v 0.0117732 -0.9377000 0.4812992
vn -0.9268618 -0.3754027 0.0000000
v 0.0144483 -0.9517244 0.4812992
vn -0.3754021 -0.9268621 0.0000000
v 0.0358488 -0.9731249 0.4812992
vn -0.3754021 -0.9268621 0.0000000
v 0.0358488 -0.9731249 0.5066992
vn -0.7071076 -0.7071059 0.0000000
v 0.0229325 -0.9646407 0.5066992
vn -0.0000003 -1.0000000 0.0000000
v 0.0498732 -0.9758000 0.4812992
vn -0.7071077 -0.7071059 0.0000000
v 0.0229325 -0.9646407 0.4812992
vn -0.9268618 -0.3754027 0.0000000
v 0.0144483 -0.9517244 0.5066992
vn -0.9822897 -0.1873689 0.0000000
v 0.0117732 -0.9377000 0.5066992
vn 0.7071071 -0.7071066 0.0000000
v 0.0768140 -0.9646407 0.4812992
vn 0.7071071 -0.7071066 0.0000000
v 0.0768140 -0.9646407 0.5066992
vn 0.3754028 -0.9268618 0.0000000
v 0.0638977 -0.9731249 0.5066992
vn 0.9440331 -0.3285823 0.0288996
v 0.0852982 -0.9517244 0.5066992
vn 0.9268621 -0.3754022 0.0000000
v 0.0852982 -0.9517244 0.4812992
vn 0.9994816 -0.0209425 0.0244536
v 0.0879732 -0.9377000 0.4812992
vn 0.9890455 0.1476111 0.0000000
v 0.0863129 -0.9265751 0.4939991
vn 0.9890455 0.1476111 0.0000000
v 0.0863129 -0.9265751 0.4812992
vn 0.3754027 -0.9268618 0.0000000
v 0.0638977 -0.9731249 0.4812992
vn -0.0000003 -1.0000000 0.0000000
v 0.0498732 -0.9758000 0.5066992
vn 0.9980868 0.0094529 0.0611023
v 0.0863129 -0.9265751 0.5066992
vn 0.0000000 0.0000000 -1.0000000
v 0.0390841 -0.9567568 0.4812992
vn 0.0000000 0.0000000 -1.0000000
v 0.0390841 -0.9567568 0.4812992
vn 0.0000000 0.0000000 -1.0000000
v 0.0390841 -0.9567568 0.4812992
vn 0.0000000 0.0000000 -1.0000000
v 0.0390841 -0.9567568 0.4812992
vn 0.0000000 0.0000000 -1.0000000
v 0.0390841 -0.9567568 0.4812992
vn 0.0000000 0.0000000 -1.0000000
v 0.0358488 -0.9731249 0.4812992
vn 0.0000000 0.0000000 -1.0000000
v 0.0358488 -0.9731249 0.4812992
vn 0.0000000 0.0000000 -1.0000000
v 0.0229325 -0.9646407 0.4812992
vn 0.0000000 0.0000000 -1.0000000
v 0.0229325 -0.9646407 0.4812992
vn 0.0000000 0.0000000 -1.0000000
v 0.0498732 -0.9758000 0.4812992
vn 0.0000000 0.0000000 -1.0000000
v 0.0498732 -0.9758000 0.4812992
vn 0.0000000 0.0000000 -1.0000000
v 0.0144483 -0.9517244 0.4812992
vn 0.0000000 0.0000000 -1.0000000
v 0.0144483 -0.9517244 0.4812992
vn 0.0000000 0.0000000 -1.0000000
v 0.0117732 -0.9377000 0.4812992
vn 0.0000000 0.0000000 -1.0000000
v 0.0117732 -0.9377000 0.4812992
vn 0.0000000 0.0000000 -1.0000000
v 0.0134861 -0.9264045 0.4812992
vn 0.0000000 0.0000000 -1.0000000
v 0.0134861 -0.9264045 0.4812992
vn 0.0000000 0.0000000 -1.0000000
v 0.0189968 -0.9153783 0.4812992
vn 0.0000000 0.0000000 -1.0000000
v 0.0189968 -0.9153783 0.4812992
vn 0.0000000 0.0000000 -1.0000000
v 0.0390841 -0.9011595 0.4812992
vn 0.0000000 0.0000000 -1.0000000
v 0.0685007 -0.9567568 0.4812992
vn 0.0000000 0.0000000 -1.0000000
v 0.0685007 -0.9567568 0.4812992
vn 0.0000000 0.0000000 -1.0000000
v 0.0638977 -0.9731249 0.4812992
vn 0.0000000 0.0000000 -1.0000000
v 0.0852982 -0.9517244 0.4812992
vn 0.0000000 0.0000000 -1.0000000
v 0.0852982 -0.9517244 0.4812992
vn 0.0000000 0.0000000 -1.0000000
v 0.0768140 -0.9646407 0.4812992
vn 0.0000000 0.0000000 -1.0000000
v 0.0768140 -0.9646407 0.4812992
vn 0.0000000 0.0000000 -1.0000000
v 0.0879732 -0.9377000 0.4812992
vn 0.0000000 0.0000000 -1.0000000
v 0.0863129 -0.9265751 0.4812992
vn 0.0000000 0.0000000 1.0000000
v 0.0390841 -0.9567568 0.5066992
vn 0.0000000 0.0000000 1.0000000
v 0.0390841 -0.9567568 0.5066992
vn 0.0000000 0.0000000 1.0000000
v 0.0390841 -0.9567568 0.5066992
vn 0.0000000 0.0000000 1.0000000
v 0.0390841 -0.9567568 0.5066992
vn 0.0000000 0.0000000 1.0000000
v 0.0390841 -0.9567568 0.5066992
vn 0.0000000 0.0000000 1.0000000
v 0.0390841 -0.9567568 0.5066992
vn 0.0000000 0.0000000 1.0000000
v 0.0117732 -0.9377000 0.5066992
vn 0.0000000 0.0000000 1.0000000
v 0.0117732 -0.9377000 0.5066992
vn 0.0000000 0.0000000 1.0000000
v 0.0144483 -0.9517244 0.5066992
vn 0.0000000 0.0000000 1.0000000
v 0.0144483 -0.9517244 0.5066992
vn 0.0000000 0.0000000 1.0000000
v 0.0229325 -0.9646407 0.5066992
vn 0.0000000 0.0000000 1.0000000
v 0.0229325 -0.9646407 0.5066992
vn 0.0000000 0.0000000 1.0000000
v 0.0134861 -0.9264045 0.5066992
vn 0.0000000 0.0000000 1.0000000
v 0.0134861 -0.9264045 0.5066992
vn 0.0000000 0.0000000 1.0000000
v 0.0189968 -0.9153783 0.5066992
vn 0.0000000 0.0000000 1.0000000
v 0.0189968 -0.9153783 0.5066992
vn 0.0000000 0.0000000 1.0000000
v 0.0280064 -0.9064998 0.5066992
vn 0.0000000 0.0000000 1.0000000
v 0.0280064 -0.9064998 0.5066992
vn 0.0000000 0.0000000 1.0000000
v 0.0358488 -0.9731249 0.5066992
vn 0.0000000 0.0000000 1.0000000
v 0.0358488 -0.9731249 0.5066992
vn 0.0000000 0.0000000 1.0000000
v 0.0498732 -0.9758000 0.5066992
vn 0.0000000 0.0000000 1.0000000
v 0.0685007 -0.9567568 0.5066992
vn 0.0000000 0.0000000 1.0000000
v 0.0685007 -0.9567568 0.5066992
vn 0.0000000 0.0000000 1.0000000
v 0.0638977 -0.9731249 0.5066992
vn 0.0000000 0.0000000 1.0000000
v 0.0768140 -0.9646407 0.5066992
vn 0.0000000 0.0000000 1.0000000
v 0.0852982 -0.9517244 0.5066992
vn 0.0000000 0.0000000 1.0000000
v 0.0852982 -0.9517244 0.5066992
vn 0.0000000 0.0000000 1.0000000
v 0.0863129 -0.9265751 0.5066992
vn 0.0000000 0.0000000 1.0000000
v 0.0390841 -0.9011595 0.5066992
vn -1.0000000 0.0000000 0.0000000
v 0.0390841 -0.8896760 0.5130491
vn -1.0000000 0.0000000 0.0000000
v 0.0390841 -0.8896760 0.5130491
vn -1.0000000 0.0000000 0.0000000
v 0.0390841 -0.8896760 0.4749491
vn -1.0000000 0.0000000 0.0000000
v 0.0390841 -0.8896760 0.4749491
vn -1.0000000 0.0000000 0.0000000
v 0.0390841 -0.9011595 0.4939991
vn -1.0000000 0.0000000 0.0000000
v 0.0390841 -0.9011595 0.4812992
vn -1.0000000 0.0000000 0.0000000
v 0.0390841 -0.9011595 0.4812992
vn -1.0000000 0.0000000 0.0000000
v 0.0390841 -0.9567568 0.5130491
vn -1.0000000 0.0000000 0.0000000
v 0.0390841 -0.9567568 0.5130491
vn -1.0000000 0.0000000 0.0000000
v 0.0390841 -0.9011595 0.5066992
vn -1.0000000 0.0000000 0.0000000
v 0.0390841 -0.9011595 0.5066992
vn -1.0000000 0.0000000 0.0000000
v 0.0390841 -0.9567568 0.4812992
vn -1.0000000 0.0000000 0.0000000
v 0.0390841 -0.9567568 0.4749491
vn -1.0000000 0.0000000 0.0000000
v 0.0390841 -0.9567568 0.4749491
vn -1.0000000 0.0000000 0.0000000
v 0.0390841 -0.9567568 0.5066992
vn 0.0000000 -1.0000000 0.0000000
v 0.0390841 -0.9567568 0.4812992
vn 0.0000000 -1.0000000 0.0000000
v 0.0390841 -0.9567568 0.4749491
vn 0.0000000 -1.0000000 0.0000000
v 0.0685007 -0.9567568 0.4749491
vn 0.0000000 0.0000000 -1.0000000
v 0.0390841 -0.8896760 0.4749491
vn 0.0000000 0.0000000 -1.0000000
v 0.1080894 -0.8896760 0.4749491
vn 0.0000000 0.0000000 -1.0000000
v 0.0685007 -0.9567568 0.4749491
vn 0.0000000 0.0000000 -1.0000000
v 0.0390841 -0.9567568 0.4749491
vn 0.0000000 0.0000000 1.0000000
v 0.0390841 -0.8896760 0.5130491
vn 0.0000000 0.0000000 1.0000000
v 0.0390841 -0.8896760 0.5130491
vn 0.0000000 0.0000000 1.0000000
v 0.0685007 -0.9567568 0.5130491
vn 0.0000000 0.0000000 1.0000000
v 0.0685007 -0.9567568 0.5130491
vn 0.0000000 0.0000000 1.0000000
v 0.1080894 -0.8896760 0.5130491
vn 0.0000000 0.0000000 1.0000000
v 0.0390841 -0.9567568 0.5130491
vn 0.8612078 -0.5082530 0.0000000
v 0.0863129 -0.9265751 0.0478349
vn 0.8612078 -0.5082529 0.0000000
v 0.0863129 -0.9265751 0.0478349
vn 0.8612078 -0.5082530 0.0000000
v 0.0863129 -0.9265751 0.0478349
vn 0.8612072 -0.5082541 0.0000082
v 0.1080894 -0.8896760 0.0668849
vn 0.8612078 -0.5082530 0.0000000
v 0.1080894 -0.8896760 0.0668849
vn 0.8612078 -0.5082530 0.0000000
v 0.1080894 -0.8896760 0.0668849
vn 0.8612065 -0.5082553 0.0000000
v 0.0863129 -0.9265751 0.0605349
vn 0.8612072 -0.5082541 0.0000082
v 0.0863129 -0.9265751 0.0605349
vn 0.8612078 -0.5082529 0.0000000
v 0.0863129 -0.9265751 0.0605349
vn 0.8612072 -0.5082541 0.0000082
v 0.0685007 -0.9567568 0.0668849
vn 0.8612065 -0.5082553 0.0000000
v 0.0685007 -0.9567568 0.0668849
vn 0.8612064 -0.5082552 0.0000000
v 0.0863129 -0.9265751 0.0351349
vn 0.8612072 -0.5082541 -0.0000082
v 0.0863129 -0.9265751 0.0351349
vn 0.8612078 -0.5082530 0.0000000
v 0.0863129 -0.9265751 0.0351349
vn 0.8612078 -0.5082530 0.0000000
v 0.1080894 -0.8896760 0.0287849
vn 0.8612072 -0.5082541 -0.0000082
v 0.1080894 -0.8896760 0.0287849
vn 0.8612078 -0.5082529 0.0000000
v 0.1080894 -0.8896760 0.0287849
vn 0.8612065 -0.5082553 0.0000000
v 0.0685007 -0.9567568 0.0287849
vn 0.8612071 -0.5082541 -0.0000082
v 0.0685007 -0.9567568 0.0287849
vn 0.8612065 -0.5082553 0.0000000
v 0.0685007 -0.9567568 0.0351349
vn 0.8612065 -0.5082553 0.0000000
v 0.0685007 -0.9567568 0.0605349
vn 0.0000000 -1.0000000 0.0000000
v 0.0685007 -0.9567568 0.0287849
vn 0.0000000 -1.0000000 0.0000000
v 0.0685007 -0.9567568 0.0351349
vn 0.0000000 -1.0000000 0.0000000
v 0.0390841 -0.9567568 0.0351349
vn -1.0000000 0.0000000 0.0000000
v 0.0390841 -0.9011595 0.0605349
vn -1.0000000 0.0000000 0.0000000
v 0.0390841 -0.9011595 0.0605349
vn -1.0000000 0.0000000 0.0000000
v 0.0390841 -0.9567568 0.0605349
vn -1.0000000 0.0000000 0.0000000
v 0.0390841 -0.9567568 0.0668849
vn -1.0000000 0.0000000 0.0000000
v 0.0390841 -0.9567568 0.0668849
vn -1.0000000 0.0000000 0.0000000
v 0.0390841 -0.9011595 0.0351349
vn -1.0000000 0.0000000 0.0000000
v 0.0390841 -0.9011595 0.0351349
vn -1.0000000 0.0000000 0.0000000
v 0.0390841 -0.9567568 0.0287849
vn -1.0000000 0.0000000 0.0000000
v 0.0390841 -0.9567568 0.0287849
vn -1.0000000 0.0000000 0.0000000
v 0.0390841 -0.9567568 0.0351349
vn -1.0000000 0.0000000 0.0000000
v 0.0390841 -0.9011595 0.0478349
vn -1.0000000 0.0000000 0.0000000
v 0.0390841 -0.8896760 0.0668849
vn -1.0000000 0.0000000 0.0000000
v 0.0390841 -0.8896760 0.0668849
vn -1.0000000 0.0000000 0.0000000
v 0.0390841 -0.8896760 0.0287849
vn -1.0000000 0.0000000 0.0000000
v 0.0390841 -0.8896760 0.0287849
vn 0.0000000 0.0000000 1.0000000
v 0.0685007 -0.9567568 0.0668849
vn 0.0000000 0.0000000 1.0000000
v 0.0390841 -0.8896760 0.0668849
vn 0.0000000 0.0000000 1.0000000
v 0.0390841 -0.9567568 0.0668849
vn 0.0000000 0.0000000 1.0000000
v 0.1080894 -0.8896760 0.0668849
vn 0.0000000 0.0000000 -1.0000000
v 0.0685007 -0.9567568 0.0287849
vn 0.0000000 0.0000000 -1.0000000
v 0.0390841 -0.9567568 0.0287849
vn 0.0000000 0.0000000 -1.0000000
v 0.0390841 -0.8896760 0.0287849
vn 0.0000000 0.0000000 -1.0000000
v 0.1080894 -0.8896760 0.0287849
vn 0.9822882 -0.1873766 0.0000000
v 0.5166692 -0.9377000 0.0478349
vn 0.9822881 -0.1873767 0.0000000
v 0.5166692 -0.9377000 0.0605349
vn 0.9268609 -0.3754050 0.0000000
v 0.5139940 -0.9517244 0.0605349
vn 0.3754015 -0.9268624 0.0000000
v 0.4925935 -0.9731249 0.0605349
vn 0.3754015 -0.9268624 0.0000000
v 0.4925935 -0.9731249 0.0351349
vn 0.7071084 -0.7071053 0.0000000
v 0.5055099 -0.9646407 0.0351349
vn -0.0000002 -1.0000000 0.0000000
v 0.4785691 -0.9758000 0.0605349
vn 0.7071083 -0.7071053 0.0000000
v 0.5055099 -0.9646407 0.0605349
vn 0.9268609 -0.3754050 0.0000000
v 0.5139940 -0.9517244 0.0351349
vn 0.9822881 -0.1873766 0.0000000
v 0.5166692 -0.9377000 0.0351349
vn -0.7071078 -0.7071058 0.0000000
v 0.4516283 -0.9646407 0.0605349
vn -0.7071078 -0.7071058 0.0000000
v 0.4516283 -0.9646407 0.0351349
vn -0.3754016 -0.9268622 0.0000000
v 0.4645447 -0.9731249 0.0351349
vn -0.9440342 -0.3285792 -0.0288989
v 0.4431442 -0.9517244 0.0351349
vn -0.9268637 -0.3753981 0.0000000
v 0.4431442 -0.9517244 0.0605349
vn -0.9994816 -0.0209430 -0.0244530
v 0.4404692 -0.9377000 0.0605349
vn -0.9890462 0.1476066 0.0000000
v 0.4421295 -0.9265751 0.0478349
vn -0.9890461 0.1476066 0.0000000
v 0.4421295 -0.9265751 0.0605349
vn -0.3754016 -0.9268622 0.0000000
v 0.4645447 -0.9731249 0.0605349
vn -0.0000002 -1.0000000 0.0000000
v 0.4785691 -0.9758000 0.0351349
vn -0.9980869 0.0094518 -0.0611009
v 0.4421295 -0.9265751 0.0351349
vn 0.0000000 0.0000000 1.0000000
v 0.4893583 -0.9567568 0.0605349
vn 0.0000000 0.0000000 1.0000000
v 0.4893583 -0.9567568 0.0605349
vn 0.0000000 0.0000000 1.0000000
v 0.5139940 -0.9517244 0.0605349
vn 0.0000000 0.0000000 1.0000000
v 0.5166692 -0.9377000 0.0605349
vn 0.0000000 0.0000000 1.0000000
v 0.5055099 -0.9646407 0.0605349
vn 0.0000000 0.0000000 1.0000000
v 0.5149562 -0.9264045 0.0605349
vn 0.0000000 0.0000000 1.0000000
v 0.5149562 -0.9264045 0.0605349
vn 0.0000000 0.0000000 1.0000000
v 0.5094455 -0.9153783 0.0605349
vn 0.0000000 0.0000000 1.0000000
v 0.5094455 -0.9153783 0.0605349
vn 0.0000000 0.0000000 1.0000000
v 0.4893583 -0.9011595 0.0605349
vn 0.0000000 0.0000000 1.0000000
v 0.4925935 -0.9731249 0.0605349
vn 0.0000000 0.0000000 1.0000000
v 0.4785691 -0.9758000 0.0605349
vn 0.0000000 0.0000000 1.0000000
v 0.4599416 -0.9567568 0.0605349
vn 0.0000000 0.0000000 1.0000000
v 0.4599416 -0.9567568 0.0605349
vn 0.0000000 0.0000000 1.0000000
v 0.4645447 -0.9731249 0.0605349
vn 0.0000000 0.0000000 1.0000000
v 0.4516283 -0.9646407 0.0605349
vn 0.0000000 0.0000000 1.0000000
v 0.4404692 -0.9377000 0.0605349
vn 0.0000000 0.0000000 1.0000000
v 0.4404692 -0.9377000 0.0605349
vn 0.0000000 0.0000000 1.0000000
v 0.4431442 -0.9517244 0.0605349
vn 0.0000000 0.0000000 1.0000000
v 0.4421295 -0.9265751 0.0605349
vn 0.0000000 0.0000000 -1.0000000
v 0.4893583 -0.9567568 0.0351349
vn 0.0000000 0.0000000 -1.0000000
v 0.4893583 -0.9567568 0.0351349
vn 0.0000000 0.0000000 -1.0000000
v 0.4893583 -0.9567568 0.0351349
vn 0.0000000 0.0000000 -1.0000000
v 0.4893583 -0.9567568 0.0351349
vn 0.0000000 0.0000000 -1.0000000
v 0.4893583 -0.9567568 0.0351349
vn 0.0000000 0.0000000 -1.0000000
v 0.5166692 -0.9377000 0.0351349
vn 0.0000000 0.0000000 -1.0000000
v 0.5166692 -0.9377000 0.0351349
vn 0.0000000 0.0000000 -1.0000000
v 0.5139940 -0.9517244 0.0351349
vn 0.0000000 0.0000000 -1.0000000
v 0.5139940 -0.9517244 0.0351349
vn 0.0000000 0.0000000 -1.0000000
v 0.5055099 -0.9646407 0.0351349
vn 0.0000000 0.0000000 -1.0000000
v 0.5055099 -0.9646407 0.0351349
vn 0.0000000 0.0000000 -1.0000000
v 0.5149562 -0.9264045 0.0351349
vn 0.0000000 0.0000000 -1.0000000
v 0.5149562 -0.9264045 0.0351349
vn 0.0000000 0.0000000 -1.0000000
v 0.5094455 -0.9153783 0.0351349
vn 0.0000000 0.0000000 -1.0000000
v 0.5094455 -0.9153783 0.0351349
vn 0.0000000 0.0000000 -1.0000000
v 0.5004359 -0.9064998 0.0351349
vn 0.0000000 0.0000000 -1.0000000
v 0.4925935 -0.9731249 0.0351349
vn 0.0000000 0.0000000 -1.0000000
v 0.4925935 -0.9731249 0.0351349
vn 0.0000000 0.0000000 -1.0000000
v 0.4785691 -0.9758000 0.0351349
vn 0.0000000 0.0000000 -1.0000000
v 0.4785691 -0.9758000 0.0351349
vn 0.0000000 0.0000000 -1.0000000
v 0.4599416 -0.9567568 0.0351349
vn 0.0000000 0.0000000 -1.0000000
v 0.4599416 -0.9567568 0.0351349
vn 0.0000000 0.0000000 -1.0000000
v 0.4599416 -0.9567568 0.0351349
vn 0.0000000 0.0000000 -1.0000000
v 0.4645447 -0.9731249 0.0351349
vn 0.0000000 0.0000000 -1.0000000
v 0.4645447 -0.9731249 0.0351349
vn 0.0000000 0.0000000 -1.0000000
v 0.4516283 -0.9646407 0.0351349
vn 0.0000000 0.0000000 -1.0000000
v 0.4516283 -0.9646407 0.0351349
vn 0.0000000 0.0000000 -1.0000000
v 0.4431442 -0.9517244 0.0351349
vn 0.0000000 0.0000000 -1.0000000
v 0.4431442 -0.9517244 0.0351349
vn 0.0000000 0.0000000 -1.0000000
v 0.4421295 -0.9265751 0.0351349
vn 0.0000000 0.0000000 -1.0000000
v 0.4893583 -0.9011595 0.0351349
vn 1.0000000 0.0000000 0.0000000
v 0.4893583 -0.8896760 0.0287849
vn 1.0000000 0.0000000 0.0000000
v 0.4893583 -0.8896760 0.0287849
vn 1.0000000 0.0000000 0.0000000
v 0.4893583 -0.8896760 0.0668849
vn 1.0000000 0.0000000 0.0000000
v 0.4893583 -0.8896760 0.0668849
vn 1.0000000 0.0000000 0.0000000
v 0.4893583 -0.9011595 0.0478349
vn 1.0000000 0.0000000 0.0000000
v 0.4893583 -0.9011595 0.0605349
vn 1.0000000 0.0000000 0.0000000
v 0.4893583 -0.9011595 0.0605349
vn 1.0000000 0.0000000 0.0000000
v 0.4893583 -0.9567568 0.0287849
vn 1.0000000 0.0000000 0.0000000
v 0.4893583 -0.9567568 0.0287849
vn 1.0000000 0.0000000 0.0000000
v 0.4893583 -0.9011595 0.0351349
vn 1.0000000 0.0000000 0.0000000
v 0.4893583 -0.9011595 0.0351349
vn 1.0000000 0.0000000 0.0000000
v 0.4893583 -0.9567568 0.0668849
vn 1.0000000 0.0000000 0.0000000
v 0.4893583 -0.9567568 0.0668849
vn 1.0000000 0.0000000 0.0000000
v 0.4893583 -0.9567568 0.0605349
vn 1.0000000 0.0000000 0.0000000
v 0.4893583 -0.9567568 0.0351349
vn 0.0000000 -1.0000000 0.0000000
v 0.4893583 -0.9567568 0.0605349
vn 0.0000000 -1.0000000 0.0000000
v 0.4893583 -0.9567568 0.0668849
vn 0.0000000 -1.0000000 0.0000000
v 0.4599416 -0.9567568 0.0668849
vn 0.0000000 0.0000000 1.0000000
v 0.4893583 -0.8896760 0.0668849
vn 0.0000000 0.0000000 1.0000000
v 0.4203530 -0.8896760 0.0668849
vn 0.0000000 0.0000000 1.0000000
v 0.4599416 -0.9567568 0.0668849
vn 0.0000000 0.0000000 1.0000000
v 0.4893583 -0.9567568 0.0668849
vn 0.0000000 0.0000000 -1.0000000
v 0.4893583 -0.8896760 0.0287849
vn 0.0000000 0.0000000 -1.0000000
v 0.4599416 -0.9567568 0.0287849
vn 0.0000000 0.0000000 -1.0000000
v 0.4203530 -0.8896760 0.0287849
vn 0.0000000 0.0000000 -1.0000000
v 0.4893583 -0.9567568 0.0287849
vn 0.0000000 0.0000000 1.0000000
v 0.0292712 -0.2773000 0.5249171
vn 0.0000000 0.0000000 1.0000000
v 0.0292712 -0.8896760 0.5249171
vn 0.0000000 0.0000000 1.0000000
v 0.4991712 -0.8896760 0.5249171
vn 1.0000000 0.0000000 0.0000000
v 0.4991712 -0.8372104 0.5122171
vn 1.0000000 0.0000000 0.0000000
v 0.4991712 -0.8896760 0.5249171
vn 1.0000000 0.0000000 0.0000000
v 0.4991712 -0.8592649 0.5122171
vn 1.0000000 0.0000000 0.0000000
v 0.4991712 -0.8896760 0.0169170
vn 1.0000000 0.0000000 0.0000000
v 0.4991712 -0.8592649 0.0296170
vn 1.0000000 0.0000000 0.0000000
v 0.4991712 -0.5705104 0.5122171
vn 1.0000000 0.0000000 0.0000000
v 0.4991712 -0.2773000 0.5249171
vn 1.0000000 0.0000000 0.0000000
v 0.4991712 -0.2773000 0.5249171
vn 1.0000000 0.0000000 0.0000000
v 0.4991712 -0.2773000 0.5249171
vn 1.0000000 0.0000000 0.0000000
v 0.4991712 -0.5542752 0.5122171
vn 1.0000000 0.0000000 0.0000000
v 0.4991712 -0.5542752 0.5122171
vn 1.0000000 0.0000000 0.0000000
v 0.4991712 -0.4022758 0.5122171
vn 1.0000000 0.0000000 0.0000000
v 0.4991712 -0.4022758 0.5122171
vn 1.0000000 0.0000000 0.0000000
v 0.4991712 -0.4209252 0.5122171
vn 1.0000000 0.0000000 0.0000000
v 0.4991712 -0.4209252 0.5122171
vn 1.0000000 0.0000000 0.0000000
v 0.4991712 -0.3133757 0.5122171
vn 1.0000000 0.0000000 0.0000000
v 0.4991712 -0.3133757 0.5122171
vn 1.0000000 0.0000000 0.0000000
v 0.4991712 -0.2900034 0.5122171
vn 1.0000000 0.0000000 0.0000000
v 0.4991712 -0.2773000 0.0169170
vn 1.0000000 0.0000000 0.0000000
v 0.4991712 -0.2773000 0.0169170
vn 1.0000000 0.0000000 0.0000000
v 0.4991712 -0.2773000 0.0169170
vn 1.0000000 0.0000000 0.0000000
v 0.4991712 -0.2773000 0.0169170
vn 1.0000000 0.0000000 0.0000000
v 0.4991712 -0.8372104 0.0296170
vn 1.0000000 0.0000000 0.0000000
v 0.4991712 -0.5542752 0.0296170
vn 1.0000000 0.0000000 0.0000000
v 0.4991712 -0.5542752 0.0296170
vn 1.0000000 0.0000000 0.0000000
v 0.4991712 -0.5705104 0.0296170
vn 1.0000000 0.0000000 0.0000000
v 0.4991712 -0.4022758 0.0296170
vn 1.0000000 0.0000000 0.0000000
v 0.4991712 -0.4022758 0.0296170
vn 1.0000000 0.0000000 0.0000000
v 0.4991712 -0.4209252 0.0296170
vn 1.0000000 0.0000000 0.0000000
v 0.4991712 -0.4209252 0.0296170
vn 1.0000000 0.0000000 0.0000000
v 0.4991712 -0.2900034 0.0296170
vn 1.0000000 0.0000000 0.0000000
v 0.4991712 -0.3133757 0.0296170
vn 1.0000000 0.0000000 0.0000000
v 0.4991712 -0.3133757 0.0296170
vn 0.0000000 0.0000000 -1.0000000
v 0.4991712 -0.2773000 0.0169170
vn 0.0000000 0.0000000 -1.0000000
v 0.4991712 -0.8896760 0.0169170
vn 0.0000000 0.0000000 -1.0000000
v 0.0292712 -0.8896760 0.0169170
vn -1.0000000 0.0000000 0.0000000
v 0.0292712 -0.2773000 0.0169170
vn -1.0000000 0.0000000 0.0000000
v 0.0292712 -0.2773000 0.0169170
vn -1.0000000 0.0000000 0.0000000
v 0.0292712 -0.8896760 0.0169170
vn -1.0000000 0.0000000 0.0000000
v 0.0292712 -0.8896760 0.0169170
vn -1.0000000 0.0000000 0.0000000
v 0.0292712 -0.8592649 0.0296170
vn -1.0000000 0.0000000 0.0000000
v 0.0292712 -0.8592649 0.0296170
vn -1.0000000 0.0000000 0.0000000
v 0.0292712 -0.8592649 0.5122171
vn -1.0000000 0.0000000 0.0000000
v 0.0292712 -0.8592649 0.5122171
vn -1.0000000 0.0000000 0.0000000
v 0.0292712 -0.2900034 0.0296170
vn -1.0000000 0.0000000 0.0000000
v 0.0292712 -0.2900034 0.5122171
vn -1.0000000 0.0000000 0.0000000
v 0.0292712 -0.2773000 0.5249171
vn -1.0000000 0.0000000 0.0000000
v 0.0292712 -0.2773000 0.5249171
vn -1.0000000 0.0000000 0.0000000
v 0.0292712 -0.8896760 0.5249171
vn -1.0000000 0.0000000 0.0000000
v 0.0292712 -0.8896760 0.5249171
vn 0.0000000 -1.0000000 0.0000000
v 0.0390841 -0.8896760 0.4749491
vn 0.0000000 -1.0000000 0.0000000
v 0.0390841 -0.8896760 0.4749491
vn 0.0000000 -1.0000000 0.0000000
v 0.0390841 -0.8896760 0.4749491
vn 0.0000000 -1.0000000 0.0000000
v 0.0390841 -0.8896760 0.4749491
vn 0.0000000 -1.0000000 0.0000000
v 0.0390841 -0.8896760 0.5130491
vn 0.0000000 -1.0000000 0.0000000
v 0.0390841 -0.8896760 0.5130491
vn 0.0000000 -1.0000000 0.0000000
v 0.0292712 -0.8896760 0.5249171
vn 0.0000000 -1.0000000 0.0000000
v 0.0292712 -0.8896760 0.5249171
vn 0.0000000 -1.0000000 0.0000000
v 0.0292712 -0.8896760 0.5249171
vn 0.0000000 -1.0000000 0.0000000
v 0.1080894 -0.8896760 0.5130491
vn 0.0000000 -1.0000000 0.0000000
v 0.1080894 -0.8896760 0.4749491
vn 0.0000000 -1.0000000 0.0000000
v 0.4203530 -0.8896760 0.4749491
vn 0.0000000 -1.0000000 0.0000000
v 0.4203530 -0.8896760 0.5130491
vn 0.0000000 -1.0000000 0.0000000
v 0.0390841 -0.8896760 0.0668849
vn 0.0000000 -1.0000000 0.0000000
v 0.0390841 -0.8896760 0.0668849
vn 0.0000000 -1.0000000 0.0000000
v 0.4991712 -0.8896760 0.5249171
vn 0.0000000 -1.0000000 0.0000000
v 0.4991712 -0.8896760 0.5249171
vn 0.0000000 -1.0000000 0.0000000
v 0.4991712 -0.8896760 0.5249171
vn 0.0000000 -1.0000000 0.0000000
v 0.0292712 -0.8896760 0.0169170
vn 0.0000000 -1.0000000 0.0000000
v 0.0292712 -0.8896760 0.0169170
vn 0.0000000 -1.0000000 0.0000000
v 0.0292712 -0.8896760 0.0169170
vn 0.0000000 -1.0000000 0.0000000
v 0.0390841 -0.8896760 0.0287849
vn 0.0000000 -1.0000000 0.0000000
v 0.1080894 -0.8896760 0.0287849
vn 0.0000000 -1.0000000 0.0000000
v 0.4203530 -0.8896760 0.0287849
vn 0.0000000 -1.0000000 0.0000000
v 0.4203530 -0.8896760 0.0668849
vn 0.0000000 -1.0000000 0.0000000
v 0.4991712 -0.8896760 0.0169170
vn 0.0000000 -1.0000000 0.0000000
v 0.4991712 -0.8896760 0.0169170
vn 0.0000000 -1.0000000 0.0000000
v 0.4991712 -0.8896760 0.0169170
vn 0.0000000 -1.0000000 0.0000000
v 0.1080894 -0.8896760 0.0668849
vn 0.0000000 -1.0000000 0.0000000
v 0.4893583 -0.8896760 0.4749491
vn 0.0000000 -1.0000000 0.0000000
v 0.4893583 -0.8896760 0.4749491
vn 0.0000000 -1.0000000 0.0000000
v 0.4893583 -0.8896760 0.4749491
vn 0.0000000 -1.0000000 0.0000000
v 0.4893583 -0.8896760 0.4749491
vn 0.0000000 -1.0000000 0.0000000
v 0.4893583 -0.8896760 0.5130491
vn 0.0000000 -1.0000000 0.0000000
v 0.4893583 -0.8896760 0.5130491
vn 0.0000000 -1.0000000 0.0000000
v 0.4893583 -0.8896760 0.0287849
vn 0.0000000 -1.0000000 0.0000000
v 0.4893583 -0.8896760 0.0668849
vn 0.0000000 -1.0000000 0.0000000
v 0.4893583 -0.8896760 0.0668849
vn 0.0000000 1.0000000 0.0000000
v 0.0292712 -0.2773000 0.0169170
vn 0.0000000 1.0000000 0.0000000
v 0.0292712 -0.2773000 0.5249171
vn 0.0000000 1.0000000 0.0000000
v 0.4991712 -0.2773000 0.5249171
vn 0.0000000 1.0000000 0.0000000
v 0.4991712 -0.8592649 0.5122171
vn 0.0000000 1.0000000 0.0000000
v 0.4991712 -0.8592649 0.0296170
vn 0.0000000 1.0000000 0.0000000
v 0.0292712 -0.8592649 0.0296170
vn 0.0000000 -1.0000000 0.0000000
v 0.4991712 -0.2900034 0.0296170
vn 0.0000000 -1.0000000 0.0000000
v 0.4991712 -0.2900034 0.5122171
vn 0.0000000 -1.0000000 0.0000000
v 0.0292712 -0.2900034 0.5122171
vn 0.0000000 1.0000000 0.0000000
v 0.1943712 -0.3133757 0.5122171
vn 0.0000000 1.0000000 0.0000000
v 0.4991712 -0.3133757 0.5122171
vn 0.0000000 1.0000000 0.0000000
v 0.4991712 -0.3133757 0.0296170
vn 0.0000000 -1.0000000 0.0000000
v 0.1943712 -0.4022758 0.0296170
vn 0.0000000 -1.0000000 0.0000000
v 0.4991712 -0.4022758 0.0296170
vn 0.0000000 -1.0000000 0.0000000
v 0.4991712 -0.4022758 0.5122171
vn 1.0000000 0.0000000 0.0000000
v 0.4991712 -0.3133757 0.0296170
vn 1.0000000 0.0000000 0.0000000
v 0.4991712 -0.3133757 0.5122171
vn 1.0000000 0.0000000 0.0000000
v 0.4991712 -0.4022758 0.5122171
vn -1.0000000 0.0000000 0.0000000
v 0.1943712 -0.3133757 0.0296170
vn -1.0000000 0.0000000 0.0000000
v 0.1943712 -0.4022758 0.0296170
vn -1.0000000 0.0000000 0.0000000
v 0.1943712 -0.4022758 0.5122171
vn 0.0000000 1.0000000 0.0000000
v 0.2959712 -0.4209252 0.5122171
vn 0.0000000 1.0000000 0.0000000
v 0.4991712 -0.4209252 0.5122171
vn 0.0000000 1.0000000 0.0000000
v 0.4991712 -0.4209252 0.0296170
vn 0.0000000 -1.0000000 0.0000000
v 0.2959712 -0.5542752 0.0296170
vn 0.0000000 -1.0000000 0.0000000
v 0.4991712 -0.5542752 0.0296170
vn 0.0000000 -1.0000000 0.0000000
v 0.4991712 -0.5542752 0.5122171
vn 1.0000000 0.0000000 0.0000000
v 0.4991712 -0.4209252 0.0296170
vn 1.0000000 0.0000000 0.0000000
v 0.4991712 -0.4209252 0.5122171
vn 1.0000000 0.0000000 0.0000000
v 0.4991712 -0.5542752 0.5122171
vn -1.0000000 0.0000000 0.0000000
v 0.2959712 -0.4209252 0.0296170
vn -1.0000000 0.0000000 0.0000000
v 0.2959712 -0.5542752 0.0296170
vn -1.0000000 0.0000000 0.0000000
v 0.2959712 -0.5542752 0.5122171
vn 0.0000000 1.0000000 0.0000000
v 0.0927712 -0.5705104 0.5122171
vn 0.0000000 1.0000000 0.0000000
v 0.4991712 -0.5705104 0.5122171
vn 0.0000000 1.0000000 0.0000000
v 0.4991712 -0.5705104 0.0296170
vn 0.0000000 -1.0000000 0.0000000
v 0.0927712 -0.8372104 0.0296170
vn 0.0000000 -1.0000000 0.0000000
v 0.4991712 -0.8372104 0.0296170
vn 0.0000000 -1.0000000 0.0000000
v 0.4991712 -0.8372104 0.5122171
vn 1.0000000 0.0000000 0.0000000
v 0.4991712 -0.5705104 0.0296170
vn 1.0000000 0.0000000 0.0000000
v 0.4991712 -0.5705104 0.5122171
vn 1.0000000 0.0000000 0.0000000
v 0.4991712 -0.8372104 0.5122171
vn -1.0000000 0.0000000 0.0000000
v 0.0927712 -0.5705104 0.0296170
vn -1.0000000 0.0000000 0.0000000
v 0.0927712 -0.8372104 0.0296170
vn -1.0000000 0.0000000 0.0000000
v 0.0927712 -0.8372104 0.5122171
vn 0.0000000 0.0000000 1.0000000
v 0.4991712 -0.8592649 0.0296170
vn 0.0000000 0.0000000 1.0000000
v 0.4991712 -0.8372104 0.0296170
vn 0.0000000 0.0000000 1.0000000
v 0.0927712 -0.8372104 0.0296170
vn 0.0000000 0.0000000 1.0000000
v 0.0927712 -0.5705104 0.0296170
vn 0.0000000 0.0000000 1.0000000
v 0.0927712 -0.5705104 0.0296170
vn 0.0000000 0.0000000 1.0000000
v 0.0292712 -0.8592649 0.0296170
vn 0.0000000 0.0000000 1.0000000
v 0.4991712 -0.5705104 0.0296170
vn 0.0000000 0.0000000 1.0000000
v 0.4991712 -0.5705104 0.0296170
vn 0.0000000 0.0000000 1.0000000
v 0.2959712 -0.5542752 0.0296170
vn 0.0000000 0.0000000 1.0000000
v 0.2959712 -0.5542752 0.0296170
vn 0.0000000 0.0000000 1.0000000
v 0.1943712 -0.4022758 0.0296170
vn 0.0000000 0.0000000 1.0000000
v 0.1943712 -0.4022758 0.0296170
vn 0.0000000 0.0000000 1.0000000
v 0.0292712 -0.2900034 0.0296170
vn 0.0000000 0.0000000 1.0000000
v 0.4991712 -0.5542752 0.0296170
vn 0.0000000 0.0000000 1.0000000
v 0.2959712 -0.4209252 0.0296170
vn 0.0000000 0.0000000 1.0000000
v 0.2959712 -0.4209252 0.0296170
vn 0.0000000 0.0000000 1.0000000
v 0.1943712 -0.3133757 0.0296170
vn 0.0000000 0.0000000 1.0000000
v 0.4991712 -0.2900034 0.0296170
vn 0.0000000 0.0000000 1.0000000
v 0.4991712 -0.4209252 0.0296170
vn 0.0000000 0.0000000 1.0000000
v 0.4991712 -0.4022758 0.0296170
vn 0.0000000 0.0000000 1.0000000
v 0.4991712 -0.4022758 0.0296170
vn 0.0000000 0.0000000 -1.0000000
v 0.4991712 -0.2900034 0.5122171
vn 0.0000000 0.0000000 -1.0000000
v 0.4991712 -0.2900034 0.5122171
vn 0.0000000 0.0000000 -1.0000000
v 0.1943712 -0.3133757 0.5122171
vn 0.0000000 0.0000000 -1.0000000
v 0.1943712 -0.3133757 0.5122171
vn 0.0000000 0.0000000 -1.0000000
v 0.0292712 -0.2900034 0.5122171
vn 0.0000000 0.0000000 -1.0000000
v 0.0292712 -0.2900034 0.5122171
vn 0.0000000 0.0000000 -1.0000000
v 0.0292712 -0.2900034 0.5122171
vn 0.0000000 0.0000000 -1.0000000
v 0.1943712 -0.4022758 0.5122171
vn 0.0000000 0.0000000 -1.0000000
v 0.1943712 -0.4022758 0.5122171
vn 0.0000000 0.0000000 -1.0000000
v 0.1943712 -0.4022758 0.5122171
vn 0.0000000 0.0000000 -1.0000000
v 0.4991712 -0.4022758 0.5122171
vn 0.0000000 0.0000000 -1.0000000
v 0.4991712 -0.4022758 0.5122171
vn 0.0000000 0.0000000 -1.0000000
v 0.2959712 -0.4209252 0.5122171
vn 0.0000000 0.0000000 -1.0000000
v 0.2959712 -0.4209252 0.5122171
vn 0.0000000 0.0000000 -1.0000000
v 0.2959712 -0.5542752 0.5122171
vn 0.0000000 0.0000000 -1.0000000
v 0.2959712 -0.5542752 0.5122171
vn 0.0000000 0.0000000 -1.0000000
v 0.0927712 -0.5705104 0.5122171
vn 0.0000000 0.0000000 -1.0000000
v 0.0927712 -0.5705104 0.5122171
vn 0.0000000 0.0000000 -1.0000000
v 0.0927712 -0.5705104 0.5122171
vn 0.0000000 0.0000000 -1.0000000
v 0.4991712 -0.3133757 0.5122171
vn 0.0000000 0.0000000 -1.0000000
v 0.4991712 -0.4209252 0.5122171
vn 0.0000000 0.0000000 -1.0000000
v 0.4991712 -0.8592649 0.5122171
vn 0.0000000 0.0000000 -1.0000000
v 0.4991712 -0.8592649 0.5122171
vn 0.0000000 0.0000000 -1.0000000
v 0.0292712 -0.8592649 0.5122171
vn 0.0000000 0.0000000 -1.0000000
v 0.0292712 -0.8592649 0.5122171
vn 0.0000000 0.0000000 -1.0000000
v 0.0927712 -0.8372104 0.5122171
vn 0.0000000 0.0000000 -1.0000000
v 0.0927712 -0.8372104 0.5122171
vn 0.0000000 0.0000000 -1.0000000
v 0.4991712 -0.5542752 0.5122171
vn 0.0000000 0.0000000 -1.0000000
v 0.4991712 -0.5705104 0.5122171
vn 0.0000000 0.0000000 -1.0000000
v 0.4991712 -0.5705104 0.5122171
vn 0.0000000 0.0000000 -1.0000000
v 0.4991712 -0.8372104 0.5122171
vn 0.5757615 0.8172863 0.0232784
v 0.5004359 -0.9064998 0.0351349
vn 0.5372849 0.8414445 0.0574122
v 0.4893583 -0.9011595 0.0605349
vn 0.7739098 0.6326244 0.0291541
v 0.5094455 -0.9153783 0.0605349
vn 0.4342531 0.9007909 0.0000000
v 0.4893583 -0.9011595 0.0351349
vn 0.4342530 0.9007909 0.0000000
v 0.4893583 -0.9011595 0.0478349
vn 0.8091452 0.5876088 0.0000000
v 0.5094455 -0.9153783 0.0351349
vn 0.9886948 0.1499422 0.0000000
v 0.5166692 -0.9377000 0.0478349
vn 0.9532472 0.3021918 0.0000000
v 0.5149562 -0.9264045 0.0605349
vn 0.9886947 0.1499421 0.0000000
v 0.5166692 -0.9377000 0.0605349
vn 0.9532472 0.3021918 0.0000000
v 0.5149562 -0.9264045 0.0351349
vn 0.0000000 -1.0000000 0.0000000
v 0.4893583 -0.9567568 0.0287849
vn 0.0000000 -1.0000000 0.0000000
v 0.4893583 -0.9567568 0.0351349
vn 0.0000000 -1.0000000 0.0000000
v 0.4599416 -0.9567568 0.0351349
vn -0.8612077 -0.5082532 0.0000000
v 0.4421295 -0.9265751 0.0605349
vn -0.8612078 -0.5082529 0.0000019
v 0.4421295 -0.9265751 0.0605349
vn -0.8612080 -0.5082527 0.0000000
v 0.4421295 -0.9265751 0.0605349
vn -0.8612077 -0.5082532 0.0000000
v 0.4599416 -0.9567568 0.0605349
vn -0.8612077 -0.5082532 0.0000000
v 0.4599416 -0.9567568 0.0668849
vn -0.8612078 -0.5082529 0.0000019
v 0.4599416 -0.9567568 0.0668849
vn -0.8612080 -0.5082527 0.0000000
v 0.4421295 -0.9265751 0.0351349
vn -0.8612077 -0.5082532 0.0000000
v 0.4421295 -0.9265751 0.0351349
vn -0.8612078 -0.5082529 -0.0000019
v 0.4421295 -0.9265751 0.0351349
vn -0.8612078 -0.5082529 -0.0000019
v 0.4599416 -0.9567568 0.0287849
vn -0.8612077 -0.5082533 0.0000000
v 0.4599416 -0.9567568 0.0287849
vn -0.8612077 -0.5082532 0.0000000
v 0.4599416 -0.9567568 0.0351349
vn -0.8612080 -0.5082527 0.0000000
v 0.4421295 -0.9265751 0.0478349
vn -0.8612080 -0.5082527 0.0000000
v 0.4421295 -0.9265751 0.0478349
vn -0.8612080 -0.5082527 0.0000000
v 0.4421295 -0.9265751 0.0478349
vn -0.8612078 -0.5082529 0.0000019
v 0.4203530 -0.8896760 0.0668849
vn -0.8612080 -0.5082527 0.0000000
v 0.4203530 -0.8896760 0.0668849
vn -0.8612080 -0.5082527 0.0000000
v 0.4203530 -0.8896760 0.0668849
vn -0.8612080 -0.5082527 0.0000000
v 0.4203530 -0.8896760 0.0287849
vn -0.8612079 -0.5082529 -0.0000019
v 0.4203530 -0.8896760 0.0287849
vn -0.8612080 -0.5082527 0.0000000
v 0.4203530 -0.8896760 0.0287849
vn 0.0000000 -1.0000000 0.0000000
v 0.0685007 -0.9567568 0.0605349
vn 0.0000000 -1.0000000 0.0000000
v 0.0685007 -0.9567568 0.0668849
vn 0.0000000 -1.0000000 0.0000000
v 0.0390841 -0.9567568 0.0668849
vn 0.9890455 0.1476111 0.0000000
v 0.0863129 -0.9265751 0.0478349
vn 0.9890455 0.1476111 0.0000000
v 0.0863129 -0.9265751 0.0605349
vn 0.9997967 -0.0201614 0.0000000
v 0.0879732 -0.9377000 0.0605349
vn 0.7071071 -0.7071066 0.0000000
v 0.0768140 -0.9646407 0.0605349
vn 0.7071071 -0.7071066 0.0000000
v 0.0768140 -0.9646407 0.0351349
vn 0.9268621 -0.3754022 0.0000000
v 0.0852982 -0.9517244 0.0351349
vn 0.3754028 -0.9268618 0.0000000
v 0.0638977 -0.9731249 0.0605349
vn 0.3754028 -0.9268618 0.0000000
v 0.0638977 -0.9731249 0.0351349
vn 0.9268621 -0.3754022 0.0000000
v 0.0852982 -0.9517244 0.0605349
vn 0.9997967 -0.0201614 0.0000000
v 0.0879732 -0.9377000 0.0351349
vn 0.9890455 0.1476111 0.0000000
v 0.0863129 -0.9265751 0.0351349
vn -0.0000003 -1.0000000 0.0000000
v 0.0498732 -0.9758000 0.0605349
vn -0.3754021 -0.9268621 0.0000000
v 0.0358488 -0.9731249 0.0605349
vn -0.3754021 -0.9268621 0.0000000
v 0.0358488 -0.9731249 0.0351349
vn -0.0000003 -1.0000000 0.0000000
v 0.0498732 -0.9758000 0.0351349
vn -0.9268618 -0.3754027 0.0000000
v 0.0144483 -0.9517244 0.0605349
vn -0.9268618 -0.3754027 0.0000000
v 0.0144483 -0.9517244 0.0351349
vn -0.7071076 -0.7071059 0.0000000
v 0.0229325 -0.9646407 0.0351349
vn -0.9822897 -0.1873689 0.0000000
v 0.0117732 -0.9377000 0.0478349
vn -0.9822896 -0.1873688 0.0000000
v 0.0117732 -0.9377000 0.0605349
vn -0.7071077 -0.7071059 0.0000000
v 0.0229325 -0.9646407 0.0605349
vn -0.9822896 -0.1873688 0.0000000
v 0.0117732 -0.9377000 0.0351349
vn -0.9886963 0.1499321 0.0000000
v 0.0117732 -0.9377000 0.0478349
vn -0.9886963 0.1499321 0.0000000
v 0.0117732 -0.9377000 0.0605349
vn -0.9532487 0.3021870 0.0000000
v 0.0134861 -0.9264045 0.0605349
vn -0.9886963 0.1499321 0.0000000
v 0.0117732 -0.9377000 0.0351349
vn -0.9532487 0.3021870 0.0000000
v 0.0134861 -0.9264045 0.0351349
vn -0.8091451 0.5876090 0.0000000
v 0.0189968 -0.9153783 0.0605349
vn -0.7739094 0.6326249 -0.0291543
v 0.0189968 -0.9153783 0.0351349
vn -0.5757606 0.8172869 -0.0232787
v 0.0280064 -0.9064998 0.0605349
vn -0.4342513 0.9007918 0.0000000
v 0.0390841 -0.9011595 0.0478349
vn -0.4342513 0.9007918 0.0000000
v 0.0390841 -0.9011595 0.0605349
vn -0.5372834 0.8414454 -0.0574126
v 0.0390841 -0.9011595 0.0351349
vn 0.0000000 0.0000000 1.0000000
v 0.0852982 -0.9517244 0.0605349
vn 0.0000000 0.0000000 1.0000000
v 0.0852982 -0.9517244 0.0605349
vn 0.0000000 0.0000000 1.0000000
v 0.0685007 -0.9567568 0.0605349
vn 0.0000000 0.0000000 1.0000000
v 0.0685007 -0.9567568 0.0605349
vn 0.0000000 0.0000000 1.0000000
v 0.0685007 -0.9567568 0.0605349
vn 0.0000000 0.0000000 1.0000000
v 0.0685007 -0.9567568 0.0605349
vn 0.0000000 0.0000000 1.0000000
v 0.0768140 -0.9646407 0.0605349
vn 0.0000000 0.0000000 1.0000000
v 0.0768140 -0.9646407 0.0605349
vn 0.0000000 0.0000000 1.0000000
v 0.0638977 -0.9731249 0.0605349
vn 0.0000000 0.0000000 1.0000000
v 0.0638977 -0.9731249 0.0605349
vn 0.0000000 0.0000000 1.0000000
v 0.0498732 -0.9758000 0.0605349
vn 0.0000000 0.0000000 1.0000000
v 0.0498732 -0.9758000 0.0605349
vn 0.0000000 0.0000000 1.0000000
v 0.0879732 -0.9377000 0.0605349
vn 0.0000000 0.0000000 1.0000000
v 0.0879732 -0.9377000 0.0605349
vn 0.0000000 0.0000000 1.0000000
v 0.0863129 -0.9265751 0.0605349
vn 0.0000000 0.0000000 1.0000000
v 0.0390841 -0.9567568 0.0605349
vn 0.0000000 0.0000000 1.0000000
v 0.0390841 -0.9567568 0.0605349
vn 0.0000000 0.0000000 1.0000000
v 0.0390841 -0.9567568 0.0605349
vn 0.0000000 0.0000000 1.0000000
v 0.0390841 -0.9567568 0.0605349
vn 0.0000000 0.0000000 1.0000000
v 0.0390841 -0.9567568 0.0605349
vn 0.0000000 0.0000000 1.0000000
v 0.0390841 -0.9567568 0.0605349
vn 0.0000000 0.0000000 1.0000000
v 0.0390841 -0.9567568 0.0605349
vn 0.0000000 0.0000000 1.0000000
v 0.0229325 -0.9646407 0.0605349
vn 0.0000000 0.0000000 1.0000000
v 0.0229325 -0.9646407 0.0605349
vn 0.0000000 0.0000000 1.0000000
v 0.0358488 -0.9731249 0.0605349
vn 0.0000000 0.0000000 1.0000000
v 0.0358488 -0.9731249 0.0605349
vn 0.0000000 0.0000000 1.0000000
v 0.0144483 -0.9517244 0.0605349
vn 0.0000000 0.0000000 1.0000000
v 0.0144483 -0.9517244 0.0605349
vn 0.0000000 0.0000000 1.0000000
v 0.0117732 -0.9377000 0.0605349
vn 0.0000000 0.0000000 1.0000000
v 0.0117732 -0.9377000 0.0605349
vn 0.0000000 0.0000000 1.0000000
v 0.0189968 -0.9153783 0.0605349
vn 0.0000000 0.0000000 1.0000000
v 0.0189968 -0.9153783 0.0605349
vn 0.0000000 0.0000000 1.0000000
v 0.0280064 -0.9064998 0.0605349
vn 0.0000000 0.0000000 1.0000000
v 0.0280064 -0.9064998 0.0605349
vn 0.0000000 0.0000000 1.0000000
v 0.0134861 -0.9264045 0.0605349
vn 0.0000000 0.0000000 1.0000000
v 0.0134861 -0.9264045 0.0605349
vn 0.0000000 0.0000000 1.0000000
v 0.0390841 -0.9011595 0.0605349
vn 0.0000000 0.0000000 -1.0000000
v 0.0638977 -0.9731249 0.0351349
vn 0.0000000 0.0000000 -1.0000000
v 0.0638977 -0.9731249 0.0351349
vn 0.0000000 0.0000000 -1.0000000
v 0.0685007 -0.9567568 0.0351349
vn 0.0000000 0.0000000 -1.0000000
v 0.0685007 -0.9567568 0.0351349
vn 0.0000000 0.0000000 -1.0000000
v 0.0685007 -0.9567568 0.0351349
vn 0.0000000 0.0000000 -1.0000000
v 0.0685007 -0.9567568 0.0351349
vn 0.0000000 0.0000000 -1.0000000
v 0.0768140 -0.9646407 0.0351349
vn 0.0000000 0.0000000 -1.0000000
v 0.0768140 -0.9646407 0.0351349
vn 0.0000000 0.0000000 -1.0000000
v 0.0498732 -0.9758000 0.0351349
vn 0.0000000 0.0000000 -1.0000000
v 0.0498732 -0.9758000 0.0351349
vn 0.0000000 0.0000000 -1.0000000
v 0.0498732 -0.9758000 0.0351349
vn 0.0000000 0.0000000 -1.0000000
v 0.0863129 -0.9265751 0.0351349
vn 0.0000000 0.0000000 -1.0000000
v 0.0879732 -0.9377000 0.0351349
vn 0.0000000 0.0000000 -1.0000000
v 0.0852982 -0.9517244 0.0351349
vn 0.0000000 0.0000000 -1.0000000
v 0.0852982 -0.9517244 0.0351349
vn 0.0000000 0.0000000 -1.0000000
v 0.0390841 -0.9567568 0.0351349
vn 0.0000000 0.0000000 -1.0000000
v 0.0390841 -0.9567568 0.0351349
vn 0.0000000 0.0000000 -1.0000000
v 0.0390841 -0.9567568 0.0351349
vn 0.0000000 0.0000000 -1.0000000
v 0.0390841 -0.9567568 0.0351349
vn 0.0000000 0.0000000 -1.0000000
v 0.0390841 -0.9567568 0.0351349
vn 0.0000000 0.0000000 -1.0000000
v 0.0390841 -0.9567568 0.0351349
vn 0.0000000 0.0000000 -1.0000000
v 0.0229325 -0.9646407 0.0351349
vn 0.0000000 0.0000000 -1.0000000
v 0.0229325 -0.9646407 0.0351349
vn 0.0000000 0.0000000 -1.0000000
v 0.0358488 -0.9731249 0.0351349
vn 0.0000000 0.0000000 -1.0000000
v 0.0358488 -0.9731249 0.0351349
vn 0.0000000 0.0000000 -1.0000000
v 0.0144483 -0.9517244 0.0351349
vn 0.0000000 0.0000000 -1.0000000
v 0.0117732 -0.9377000 0.0351349
vn 0.0000000 0.0000000 -1.0000000
v 0.0117732 -0.9377000 0.0351349
vn 0.0000000 0.0000000 -1.0000000
v 0.0189968 -0.9153783 0.0351349
vn 0.0000000 0.0000000 -1.0000000
v 0.0189968 -0.9153783 0.0351349
vn 0.0000000 0.0000000 -1.0000000
v 0.0390841 -0.9011595 0.0351349
vn 0.0000000 0.0000000 -1.0000000
v 0.0134861 -0.9264045 0.0351349
vn 0.0000000 0.0000000 -1.0000000
v 0.0134861 -0.9264045 0.0351349
vn -0.5757606 0.8172869 -0.0232786
v 0.0280064 -0.9064998 0.5066992
vn -0.5372835 0.8414454 -0.0574126
v 0.0390841 -0.9011595 0.4812992
vn -0.7739094 0.6326249 -0.0291543
v 0.0189968 -0.9153783 0.4812992
vn -0.4342513 0.9007918 0.0000000
v 0.0390841 -0.9011595 0.5066992
vn -0.4342513 0.9007918 0.0000000
v 0.0390841 -0.9011595 0.4939991
vn -0.8091451 0.5876089 0.0000000
v 0.0189968 -0.9153783 0.5066992
vn -0.9886963 0.1499321 0.0000000
v 0.0117732 -0.9377000 0.4939991
vn -0.9532487 0.3021870 0.0000000
v 0.0134861 -0.9264045 0.4812992
vn -0.9886963 0.1499321 0.0000000
v 0.0117732 -0.9377000 0.4812992
vn -0.9532487 0.3021870 0.0000000
v 0.0134861 -0.9264045 0.5066992
vn 0.0000000 -1.0000000 0.0000000
v 0.0390841 -0.9567568 0.5130491
vn 0.0000000 -1.0000000 0.0000000
v 0.0390841 -0.9567568 0.5066992
vn 0.0000000 -1.0000000 0.0000000
v 0.0685007 -0.9567568 0.5066992
vn 0.8612072 -0.5082540 -0.0000082
v 0.0863129 -0.9265751 0.4812992
vn 0.8612065 -0.5082553 0.0000000
v 0.0863129 -0.9265751 0.4812992
vn 0.8612078 -0.5082530 0.0000000
v 0.0863129 -0.9265751 0.4812992
vn 0.8612065 -0.5082553 0.0000000
v 0.0685007 -0.9567568 0.4812992
vn 0.8612065 -0.5082553 0.0000000
v 0.0685007 -0.9567568 0.4749491
vn 0.8612073 -0.5082540 -0.0000082
v 0.0685007 -0.9567568 0.4749491
vn 0.8612078 -0.5082530 0.0000000
v 0.0863129 -0.9265751 0.5066992
vn 0.8612072 -0.5082540 0.0000082
v 0.0863129 -0.9265751 0.5066992
vn 0.8612064 -0.5082552 0.0000000
v 0.0863129 -0.9265751 0.5066992
vn 0.8612072 -0.5082541 0.0000082
v 0.0685007 -0.9567568 0.5130491
vn 0.8612065 -0.5082553 0.0000000
v 0.0685007 -0.9567568 0.5130491
vn 0.8612065 -0.5082553 0.0000000
v 0.0685007 -0.9567568 0.5066992
vn 0.8612078 -0.5082530 0.0000000
v 0.0863129 -0.9265751 0.4939991
vn 0.8612078 -0.5082530 0.0000000
v 0.0863129 -0.9265751 0.4939991
vn 0.8612078 -0.5082530 0.0000000
v 0.0863129 -0.9265751 0.4939991
vn 0.8612078 -0.5082530 0.0000000
v 0.1080894 -0.8896760 0.4749491
vn 0.8612072 -0.5082539 -0.0000082
v 0.1080894 -0.8896760 0.4749491
vn 0.8612078 -0.5082530 0.0000000
v 0.1080894 -0.8896760 0.4749491
vn 0.8612078 -0.5082530 0.0000000
v 0.1080894 -0.8896760 0.5130491
vn 0.8612078 -0.5082530 0.0000000
v 0.1080894 -0.8896760 0.5130491
vn 0.8612072 -0.5082541 0.0000082
v 0.1080894 -0.8896760 0.5130491
vn 0.0000000 -1.0000000 0.0000000
v 0.4599416 -0.9567568 0.4812992
vn 0.0000000 -1.0000000 0.0000000
v 0.4599416 -0.9567568 0.4749491
vn 0.0000000 -1.0000000 0.0000000
v 0.4893583 -0.9567568 0.4749491
vn -0.9890462 0.1476066 0.0000000
v 0.4421295 -0.9265751 0.4939991
vn -0.9890461 0.1476066 0.0000000
v 0.4421295 -0.9265751 0.4812992
vn -0.9997967 -0.0201619 0.0000000
v 0.4404692 -0.9377000 0.4812992
vn -0.7071078 -0.7071058 0.0000000
v 0.4516283 -0.9646407 0.4812992
vn -0.7071078 -0.7071058 0.0000000
v 0.4516283 -0.9646407 0.5066992
vn -0.9268637 -0.3753981 0.0000000
v 0.4431442 -0.9517244 0.5066992
vn -0.3754017 -0.9268622 0.0000000
v 0.4645447 -0.9731249 0.4812992
vn -0.3754016 -0.9268622 0.0000000
v 0.4645447 -0.9731249 0.5066992
vn -0.9268637 -0.3753981 0.0000000
v 0.4431442 -0.9517244 0.4812992
vn -0.9997967 -0.0201619 0.0000000
v 0.4404692 -0.9377000 0.5066992
vn -0.9890461 0.1476066 0.0000000
v 0.4421295 -0.9265751 0.5066992
vn -0.0000002 -1.0000000 0.0000000
v 0.4785691 -0.9758000 0.4812992
vn 0.3754015 -0.9268624 0.0000000
v 0.4925935 -0.9731249 0.4812992
vn 0.3754015 -0.9268624 0.0000000
v 0.4925935 -0.9731249 0.5066992
vn -0.0000002 -1.0000000 0.0000000
v 0.4785691 -0.9758000 0.5066992
vn 0.9268609 -0.3754050 0.0000000
v 0.5139940 -0.9517244 0.4812992
vn 0.9268609 -0.3754050 0.0000000
v 0.5139940 -0.9517244 0.5066992
vn 0.7071083 -0.7071053 0.0000000
v 0.5055099 -0.9646407 0.5066992
vn 0.9822882 -0.1873766 0.0000000
v 0.5166692 -0.9377000 0.4939991
vn 0.9822881 -0.1873766 0.0000000
v 0.5166692 -0.9377000 0.4812992
vn 0.7071084 -0.7071053 0.0000000
v 0.5055099 -0.9646407 0.4812992
vn 0.9822882 -0.1873766 0.0000000
v 0.5166692 -0.9377000 0.5066992
vn 0.9886948 0.1499422 0.0000000
v 0.5166692 -0.9377000 0.4939991
vn 0.9886947 0.1499421 0.0000000
v 0.5166692 -0.9377000 0.4812992
vn 0.9532472 0.3021918 0.0000000
v 0.5149562 -0.9264045 0.4812992
vn 0.9886947 0.1499422 0.0000000
v 0.5166692 -0.9377000 0.5066992
vn 0.9532472 0.3021918 0.0000000
v 0.5149562 -0.9264045 0.5066992
vn 0.8091452 0.5876089 0.0000000
v 0.5094455 -0.9153783 0.4812992
vn 0.7739097 0.6326246 0.0291541
v 0.5094455 -0.9153783 0.5066992
vn 0.5757615 0.8172863 0.0232784
v 0.5004359 -0.9064998 0.4812992
vn 0.4342531 0.9007909 0.0000000
v 0.4893583 -0.9011595 0.4939991
vn 0.4342531 0.9007909 0.0000000
v 0.4893583 -0.9011595 0.4812992
vn 0.5372849 0.8414445 0.0574122
v 0.4893583 -0.9011595 0.5066992
vn 0.0000000 0.0000000 -1.0000000
v 0.4431442 -0.9517244 0.4812992
vn 0.0000000 0.0000000 -1.0000000
v 0.4431442 -0.9517244 0.4812992
vn 0.0000000 0.0000000 -1.0000000
v 0.4599416 -0.9567568 0.4812992
vn 0.0000000 0.0000000 -1.0000000
v 0.4599416 -0.9567568 0.4812992
vn 0.0000000 0.0000000 -1.0000000
v 0.4599416 -0.9567568 0.4812992
vn 0.0000000 0.0000000 -1.0000000
v 0.4599416 -0.9567568 0.4812992
vn 0.0000000 0.0000000 -1.0000000
v 0.4599416 -0.9567568 0.4812992
vn 0.0000000 0.0000000 -1.0000000
v 0.4516283 -0.9646407 0.4812992
vn 0.0000000 0.0000000 -1.0000000
v 0.4645447 -0.9731249 0.4812992
vn 0.0000000 0.0000000 -1.0000000
v 0.4645447 -0.9731249 0.4812992
vn 0.0000000 0.0000000 -1.0000000
v 0.4785691 -0.9758000 0.4812992
vn 0.0000000 0.0000000 -1.0000000
v 0.4785691 -0.9758000 0.4812992
vn 0.0000000 0.0000000 -1.0000000
v 0.4785691 -0.9758000 0.4812992
vn 0.0000000 0.0000000 -1.0000000
v 0.4404692 -0.9377000 0.4812992
vn 0.0000000 0.0000000 -1.0000000
v 0.4404692 -0.9377000 0.4812992
vn 0.0000000 0.0000000 -1.0000000
v 0.4421295 -0.9265751 0.4812992
vn 0.0000000 0.0000000 -1.0000000
v 0.4893583 -0.9567568 0.4812992
vn 0.0000000 0.0000000 -1.0000000
v 0.4893583 -0.9567568 0.4812992
vn 0.0000000 0.0000000 -1.0000000
v 0.4893583 -0.9567568 0.4812992
vn 0.0000000 0.0000000 -1.0000000
v 0.4893583 -0.9567568 0.4812992
vn 0.0000000 0.0000000 -1.0000000
v 0.4893583 -0.9567568 0.4812992
vn 0.0000000 0.0000000 -1.0000000
v 0.4893583 -0.9567568 0.4812992
vn 0.0000000 0.0000000 -1.0000000
v 0.5055099 -0.9646407 0.4812992
vn 0.0000000 0.0000000 -1.0000000
v 0.5055099 -0.9646407 0.4812992
vn 0.0000000 0.0000000 -1.0000000
v 0.4925935 -0.9731249 0.4812992
vn 0.0000000 0.0000000 -1.0000000
v 0.4925935 -0.9731249 0.4812992
vn 0.0000000 0.0000000 -1.0000000
v 0.5139940 -0.9517244 0.4812992
vn 0.0000000 0.0000000 -1.0000000
v 0.5139940 -0.9517244 0.4812992
vn 0.0000000 0.0000000 -1.0000000
v 0.5166692 -0.9377000 0.4812992
vn 0.0000000 0.0000000 -1.0000000
v 0.5166692 -0.9377000 0.4812992
vn 0.0000000 0.0000000 -1.0000000
v 0.5094455 -0.9153783 0.4812992
vn 0.0000000 0.0000000 -1.0000000
v 0.5004359 -0.9064998 0.4812992
vn 0.0000000 0.0000000 -1.0000000
v 0.5149562 -0.9264045 0.4812992
vn 0.0000000 0.0000000 -1.0000000
v 0.5149562 -0.9264045 0.4812992
vn 0.0000000 0.0000000 -1.0000000
v 0.4893583 -0.9011595 0.4812992
vn 0.0000000 0.0000000 1.0000000
v 0.4645447 -0.9731249 0.5066992
vn 0.0000000 0.0000000 1.0000000
v 0.4599416 -0.9567568 0.5066992
vn 0.0000000 0.0000000 1.0000000
v 0.4599416 -0.9567568 0.5066992
vn 0.0000000 0.0000000 1.0000000
v 0.4599416 -0.9567568 0.5066992
vn 0.0000000 0.0000000 1.0000000
v 0.4516283 -0.9646407 0.5066992
vn 0.0000000 0.0000000 1.0000000
v 0.4516283 -0.9646407 0.5066992
vn 0.0000000 0.0000000 1.0000000
v 0.4785691 -0.9758000 0.5066992
vn 0.0000000 0.0000000 1.0000000
v 0.4785691 -0.9758000 0.5066992
vn 0.0000000 0.0000000 1.0000000
v 0.4421295 -0.9265751 0.5066992
vn 0.0000000 0.0000000 1.0000000
v 0.4404692 -0.9377000 0.5066992
vn 0.0000000 0.0000000 1.0000000
v 0.4404692 -0.9377000 0.5066992
vn 0.0000000 0.0000000 1.0000000
v 0.4431442 -0.9517244 0.5066992
vn 0.0000000 0.0000000 1.0000000
v 0.4431442 -0.9517244 0.5066992
vn 0.0000000 0.0000000 1.0000000
v 0.4893583 -0.9567568 0.5066992
vn 0.0000000 0.0000000 1.0000000
v 0.4893583 -0.9567568 0.5066992
vn 0.0000000 0.0000000 1.0000000
v 0.4893583 -0.9567568 0.5066992
vn 0.0000000 0.0000000 1.0000000
v 0.4893583 -0.9567568 0.5066992
vn 0.0000000 0.0000000 1.0000000
v 0.4893583 -0.9567568 0.5066992
vn 0.0000000 0.0000000 1.0000000
v 0.4893583 -0.9567568 0.5066992
vn 0.0000000 0.0000000 1.0000000
v 0.5055099 -0.9646407 0.5066992
vn 0.0000000 0.0000000 1.0000000
v 0.5055099 -0.9646407 0.5066992
vn 0.0000000 0.0000000 1.0000000
v 0.4925935 -0.9731249 0.5066992
vn 0.0000000 0.0000000 1.0000000
v 0.4925935 -0.9731249 0.5066992
vn 0.0000000 0.0000000 1.0000000
v 0.5139940 -0.9517244 0.5066992
vn 0.0000000 0.0000000 1.0000000
v 0.5139940 -0.9517244 0.5066992
vn 0.0000000 0.0000000 1.0000000
v 0.5166692 -0.9377000 0.5066992
vn 0.0000000 0.0000000 1.0000000
v 0.5166692 -0.9377000 0.5066992
vn 0.0000000 0.0000000 1.0000000
v 0.5094455 -0.9153783 0.5066992
vn 0.0000000 0.0000000 1.0000000
v 0.5094455 -0.9153783 0.5066992
vn 0.0000000 0.0000000 1.0000000
v 0.4893583 -0.9011595 0.5066992
vn 0.0000000 0.0000000 1.0000000
v 0.5149562 -0.9264045 0.5066992
vn 0.0000000 0.0000000 1.0000000
v 0.5149562 -0.9264045 0.5066992
vn 0.0000000 -1.0000000 0.0000000
v 0.4893583 -0.9567568 0.5130491
vn 0.0000000 -1.0000000 0.0000000
v 0.0685007 -0.9567568 0.4812992
vn 0.0000000 -1.0000000 0.0000000
v 0.0390841 -0.9567568 0.0287849
vn 0.0000000 -1.0000000 0.0000000
v 0.4599416 -0.9567568 0.0605349
vn 0.0000000 0.0000000 1.0000000
v 0.4991712 -0.2773000 0.5249171
vn 0.0000000 0.0000000 -1.0000000
v 0.0292712 -0.2773000 0.0169170
vn 0.0000000 1.0000000 0.0000000
v 0.4991712 -0.2773000 0.0169170
vn 0.0000000 1.0000000 0.0000000
v 0.0292712 -0.8592649 0.5122171
vn 0.0000000 -1.0000000 0.0000000
v 0.0292712 -0.2900034 0.0296170
vn 0.0000000 1.0000000 0.0000000
v 0.1943712 -0.3133757 0.0296170
vn 0.0000000 -1.0000000 0.0000000
v 0.1943712 -0.4022758 0.5122171
vn 1.0000000 0.0000000 0.0000000
v 0.4991712 -0.4022758 0.0296170
vn -1.0000000 0.0000000 0.0000000
v 0.1943712 -0.3133757 0.5122171
vn 0.0000000 1.0000000 0.0000000
v 0.2959712 -0.4209252 0.0296170
vn 0.0000000 -1.0000000 0.0000000
v 0.2959712 -0.5542752 0.5122171
vn 1.0000000 0.0000000 0.0000000
v 0.4991712 -0.5542752 0.0296170
vn -1.0000000 0.0000000 0.0000000
v 0.2959712 -0.4209252 0.5122171
vn 0.0000000 1.0000000 0.0000000
v 0.0927712 -0.5705104 0.0296170
vn 0.0000000 -1.0000000 0.0000000
v 0.0927712 -0.8372104 0.5122171
vn 1.0000000 0.0000000 0.0000000
v 0.4991712 -0.8372104 0.0296170
vn -1.0000000 0.0000000 0.0000000
v 0.0927712 -0.5705104 0.5122171
vn 0.0000000 0.0000000 1.0000000
v 0.4991712 -0.3133757 0.0296170
vn 0.9886947 0.1499421 0.0000000
v 0.5166692 -0.9377000 0.0351349
vn 0.0000000 -1.0000000 0.0000000
v 0.4599416 -0.9567568 0.0287849
vn 0.0000000 -1.0000000 0.0000000
v 0.0390841 -0.9567568 0.0605349
vn -0.9886963 0.1499321 0.0000000
v 0.0117732 -0.9377000 0.5066992
vn 0.0000000 -1.0000000 0.0000000
v 0.0685007 -0.9567568 0.5130491
vn 0.0000000 -1.0000000 0.0000000
v 0.4893583 -0.9567568 0.4812992
# 3119 vertices, 0 vertices normals


usemtl material_0
vt 0.7165400 0.4743200
vt 0.7165400 0.4691800
vt 0.6991900 0.4666100
f 1/1/1 4/2/4 8/3/8
vt 0.7307200 0.4666100
f 10/4/10 9/3/9 5/2/5
vt 0.7165400 0.4794700
vt 0.6991900 0.4820400
f 14/5/14 2/1/2 15/6/15
f 7/3/7 16/6/16 3/1/3
vt 0.7307200 0.4820400
vt 0.7307200 0.4794700
f 18/7/18 20/8/20 13/5/13
f 17/6/17 19/7/19 12/5/12
vt 0.7307200 0.4691800
f 11/4/11 6/2/6 21/9/21
vt 0.6991900 0.5267100
vt 0.7111000 0.5267100
vt 0.7111000 0.5241400
f 22/10/22 23/11/23 24/12/24
vt 0.8599700 0.4081700
vt 0.8625400 0.3856600
vt 0.8599700 0.3856600
f 25/13/25 26/14/26 27/15/27
vt 0.8496800 0.4081700
vt 0.8496800 0.3856600
vt 0.8471100 0.3856600
f 28/16/28 29/17/29 30/18/30
vt 0.8548300 0.4081700
vt 0.8625400 0.4128200
f 31/19/31 32/20/32 25/13/25
f 26/14/26 25/13/25 32/20/32
vt 0.8471100 0.4128200
f 28/16/28 33/21/33 31/19/31
f 32/20/32 31/19/31 33/21/33
f 30/18/30 33/21/33 28/16/28
vt 0.0000000 0.6911100
vt 0.0000000 0.6792000
vt 0.0271600 0.6792000
f 34/22/34 35/23/35 36/24/36
vt 0.0271600 0.7071400
f 36/24/36 37/25/37 34/22/34
vt 0.7962100 0.5543800
vt 0.8233700 0.5424700
vt 0.7962100 0.5424700
f 38/26/38 39/27/39 40/28/40
vt 0.8233700 0.5704100
f 39/27/39 38/26/38 41/29/41
vt 0.7970800 0.3856600
vt 0.8022200 0.3916500
vt 0.8022200 0.3856600
f 42/30/42 43/31/43 44/32/44
vt 0.8022200 0.4036400
vt 0.8022200 0.3976400
vt 0.7919400 0.3976400
f 45/33/45 46/34/46 47/35/47
vt 0.7919400 0.4036400
vt 0.7919400 0.4096300
vt 0.8022200 0.4096300
f 48/36/48 49/37/49 50/38/50
vt 0.7919400 0.3916500
f 46/34/46 43/31/43 51/39/51
vt 0.7919400 0.3856600
f 51/39/51 42/30/42 52/40/52
f 43/31/43 42/30/42 51/39/51
vt 0.8022200 0.4216100
vt 0.8022200 0.4156200
vt 0.7919400 0.4156200
f 53/41/53 54/42/54 55/43/55
vt 0.7919400 0.4276000
vt 0.8022200 0.4336000
vt 0.8022200 0.4276000
f 56/44/56 57/45/57 58/46/58
vt 0.7970800 0.4383600
vt 0.8022200 0.4383600
f 59/47/59 60/48/60 57/45/57
vt 0.7919400 0.4216100
f 58/46/58 53/41/53 61/49/61
f 54/42/54 50/38/50 49/37/49
vt 0.7919400 0.4383600
f 56/44/56 62/50/62 57/45/57
f 62/50/62 59/47/59 57/45/57
vt 0.8763500 0.4961400
vt 0.8698100 0.4929500
vt 0.8750400 0.4895100
f 67/51/67 68/52/68 71/53/71
vt 0.8807200 0.4884300
f 73/54/73 65/51/65 70/53/70
vt 0.8663800 0.4981800
f 74/55/74 69/52/69 66/51/66
vt 0.8652900 0.5038600
f 63/51/63 76/56/76 75/55/75
vt 0.8659900 0.5084300
f 64/51/64 78/57/78 77/56/77
vt 0.8682200 0.5128900
f 80/58/80 79/57/79 67/51/67
vt 0.8763500 0.5186500
f 80/58/80 67/51/67 81/59/81
vt 0.8882600 0.4961400
vt 0.8864000 0.4895100
f 82/60/82 72/54/72 87/61/87
vt 0.8950600 0.4981800
vt 0.8916300 0.4929500
f 89/62/89 84/60/84 90/63/90
f 86/61/86 91/63/91 83/60/83
vt 0.8961400 0.5038600
f 93/64/93 82/60/82 88/62/88
vt 0.8954700 0.5083600
f 92/64/92 94/65/94 85/60/85
f 72/54/72 82/60/82 67/51/67
vt 0.8881800 0.3967200
vt 0.8861500 0.3867400
vt 0.8804700 0.3856600
f 97/66/97 101/67/101 104/68/104
vt 0.8913800 0.3901800
f 96/66/96 106/69/106 102/67/102
vt 0.8758900 0.3863500
f 98/66/98 103/68/103 107/70/107
vt 0.8714300 0.3885800
f 108/70/108 109/71/109 95/66/95
vt 0.8678400 0.3922300
f 110/71/110 111/72/111 98/66/98
vt 0.8948100 0.3954100
f 99/66/99 112/73/112 105/69/105
vt 0.8958900 0.4010800
vt 0.8881800 0.4086300
f 115/74/115 100/66/100 116/75/116
f 113/73/113 98/66/98 114/74/114
vt 0.8948100 0.4067600
f 122/76/122 114/74/114 120/75/120
vt 0.8913800 0.4119900
f 124/77/124 121/76/121 117/75/117
vt 0.8759600 0.4158400
vt 0.8861500 0.4154300
f 118/75/118 125/78/125 126/79/126
f 127/79/127 123/77/123 119/75/119
vt 0.8656700 0.3967200
f 111/72/111 128/80/128 98/66/98
vt 0.8285500 0.3856600
vt 0.8362700 0.3903100
vt 0.8439800 0.3856600
f 129/81/129 131/82/131 132/83/132
vt 0.8414100 0.3903100
f 133/84/133 132/83/132 131/82/131
vt 0.8285500 0.4128200
vt 0.8311200 0.3903100
f 135/85/135 137/86/137 130/81/130
f 131/82/131 129/81/129 136/86/136
vt 0.8414100 0.4128200
vt 0.8439800 0.4128200
f 138/87/138 139/88/139 133/84/133
f 132/83/132 133/84/133 139/88/139
vt 0.8311200 0.4128200
f 140/89/140 136/86/136 134/85/134
vt 0.6991900 0.5083800
vt 0.7111000 0.5083800
vt 0.7111000 0.5058100
f 141/90/141 142/91/142 143/92/143
vt 0.7910300 0.5704100
vt 0.7638700 0.5585000
vt 0.7910300 0.5424700
f 144/93/144 145/94/145 146/95/146
vt 0.7638700 0.5704100
f 145/94/145 144/93/144 147/96/147
vt 0.7460700 0.5215400
vt 0.7460700 0.4936000
vt 0.7189000 0.5096200
f 148/97/148 149/98/149 150/99/150
vt 0.7189000 0.5215400
f 150/99/150 151/100/151 148/97/148
vt 0.7165400 0.4473400
vt 0.7165400 0.4422000
vt 0.6991900 0.4396300
f 154/101/154 155/102/155 159/103/159
vt 0.7307200 0.4396300
f 162/104/162 158/103/158 156/102/156
vt 0.7165400 0.4524800
vt 0.6991900 0.4550500
f 165/105/165 152/101/152 168/106/168
f 160/103/160 166/106/166 153/101/153
vt 0.7307200 0.4550500
vt 0.7307200 0.4524800
f 169/107/169 171/108/171 163/105/163
f 167/106/167 170/107/170 164/105/164
vt 0.7307200 0.4422000
f 161/104/161 157/102/157 172/109/172
vt 0.6991900 0.5022800
vt 0.7111000 0.5022800
vt 0.7111000 0.4997000
f 173/110/173 174/111/174 175/112/175
vt 0.8599700 0.4595600
vt 0.8625400 0.4370400
vt 0.8599700 0.4370400
f 176/113/176 179/114/179 180/115/180
vt 0.8496800 0.4595600
vt 0.8496800 0.4370400
vt 0.8471100 0.4370400
f 182/116/182 183/117/183 184/118/184
vt 0.8548300 0.4595600
vt 0.8625400 0.4642000
f 186/119/186 187/120/187 176/113/176
f 178/114/178 177/113/177 188/120/188
vt 0.8471100 0.4642000
f 190/121/190 186/119/186 182/116/182
f 187/120/187 186/119/186 190/121/190
f 185/118/185 189/121/189 181/116/181
vt 0.7962100 0.5055100
vt 0.7962100 0.4936000
vt 0.8233700 0.4936000
f 192/122/192 193/123/193 195/124/195
vt 0.8233700 0.5215400
f 194/124/194 196/125/196 191/122/191
vt 0.7638700 0.5055100
vt 0.7910300 0.4936000
vt 0.7638700 0.4936000
f 197/126/197 198/127/198 199/128/199
vt 0.7910300 0.5215400
f 198/127/198 197/126/197 200/129/200
vt 0.7787800 0.3856600
vt 0.7839200 0.3916500
vt 0.7839200 0.3856600
f 201/130/201 202/131/202 203/132/203
vt 0.7839200 0.4036400
vt 0.7839200 0.3976400
vt 0.7736300 0.3976400
f 204/133/204 205/134/205 206/135/206
vt 0.7736300 0.4036400
vt 0.7736300 0.4096300
vt 0.7839200 0.4096300
f 207/136/207 208/137/208 209/138/209
vt 0.7736300 0.3916500
f 205/134/205 202/131/202 210/139/210
vt 0.7736300 0.3856600
f 210/139/210 201/130/201 211/140/211
f 202/131/202 201/130/201 210/139/210
vt 0.7839200 0.4216100
vt 0.7839200 0.4156200
vt 0.7736300 0.4156200
f 212/141/212 213/142/213 214/143/214
vt 0.7736300 0.4276000
vt 0.7839200 0.4336000
vt 0.7839200 0.4276000
f 215/144/215 216/145/216 217/146/217
vt 0.7787800 0.4383600
vt 0.7839200 0.4383600
f 218/147/218 219/148/219 216/145/216
vt 0.7736300 0.4216100
f 217/146/217 212/141/212 220/149/220
f 213/142/213 209/138/209 208/137/208
vt 0.7736300 0.4383600
f 215/144/215 221/150/221 216/145/216
f 221/150/221 218/147/218 216/145/216
vt 0.8396100 0.4961400
vt 0.8285500 0.5038600
vt 0.8296400 0.4981800
f 222/151/222 227/152/227 228/153/228
vt 0.8330700 0.4929500
f 224/151/224 229/153/229 230/154/230
vt 0.8292500 0.5084300
f 225/151/225 232/155/232 226/152/226
vt 0.8314800 0.5128900
f 232/155/232 225/151/225 233/156/233
vt 0.8396100 0.5186500
f 233/156/233 225/151/225 234/157/234
vt 0.8383000 0.4895100
f 225/151/225 231/154/231 235/158/235
vt 0.8439800 0.4884300
vt 0.8515200 0.4961400
f 236/159/236 241/160/241 223/151/223
f 235/158/235 237/159/237 225/151/225
vt 0.8496600 0.4895100
f 244/161/244 240/160/240 237/159/237
vt 0.8548900 0.4929500
f 246/162/246 238/160/238 243/161/243
vt 0.8594100 0.5038600
vt 0.8583200 0.4981800
f 247/163/247 242/160/242 249/164/249
f 245/162/245 250/164/250 240/160/240
vt 0.8587300 0.5083600
f 239/160/239 248/163/248 251/165/251
vt 0.8881800 0.4481000
vt 0.8861500 0.4381300
vt 0.8804700 0.4370400
f 256/166/256 257/167/257 260/168/260
vt 0.8913800 0.4415600
f 254/166/254 261/169/261 258/167/258
vt 0.8758900 0.4377400
f 255/166/255 259/168/259 263/170/263
vt 0.8714300 0.4399700
f 262/170/262 264/171/264 252/166/252
vt 0.8678400 0.4436200
f 265/171/265 266/172/266 253/166/253
vt 0.8948100 0.4467900
f 254/166/254 268/173/268 261/169/261
vt 0.8958900 0.4524700
vt 0.8881800 0.4600100
f 269/174/269 254/166/254 270/175/270
f 268/173/268 254/166/254 269/174/269
vt 0.8948100 0.4581500
f 274/176/274 269/174/269 270/175/270
vt 0.8913800 0.4633800
f 276/177/276 273/176/273 272/175/272
vt 0.8759600 0.4672200
vt 0.8861500 0.4668100
f 271/175/271 277/178/277 279/179/279
f 278/179/278 275/177/275 270/175/270
vt 0.8656700 0.4481000
f 267/172/267 280/180/280 254/166/254
vt 0.8285500 0.4370400
vt 0.8362700 0.4416900
vt 0.8439800 0.4370400
f 281/181/281 282/182/282 283/183/283
vt 0.8414100 0.4416900
f 284/184/284 283/183/283 282/182/282
vt 0.8285500 0.4642000
vt 0.8311200 0.4416900
f 285/185/285 286/186/286 281/181/281
f 282/182/282 281/181/281 286/186/286
vt 0.8414100 0.4642000
vt 0.8439800 0.4642000
f 284/184/284 287/187/287 288/188/288
vt 0.8311200 0.4642000
f 286/186/286 285/185/285 289/189/289
f 283/183/283 284/184/284 288/188/288
vt 0.6991900 0.5206000
vt 0.7111000 0.5206000
vt 0.7111000 0.5180300
f 290/190/290 291/191/291 292/192/292
vt 0.7586900 0.5704100
vt 0.7315300 0.5585000
vt 0.7586900 0.5424700
f 293/193/293 294/194/294 295/195/295
vt 0.7315300 0.5704100
f 294/194/294 293/193/293 296/196/296
vt 0.7263500 0.5704100
vt 0.7263500 0.5424700
vt 0.6991900 0.5585000
f 297/197/297 299/198/299 300/199/300
vt 0.6991900 0.5704100
f 301/199/301 302/200/302 298/197/298
vt 0.7256200 0.0000000
vt 0.7256200 0.1887900
vt 0.9735700 0.1887900
f 303/201/303 304/202/304 305/203/305
vt 0.6766000 0.5964500
vt 0.6854800 0.5964500
vt 0.6977200 0.5913400
f 306/204/306 308/205/308 311/206/311
vt 0.6854800 0.7904600
f 310/206/310 309/205/309 313/207/313
vt 0.5692600 0.5964500
f 310/206/310 317/208/317 307/204/307
vt 0.4512400 0.5913400
f 320/209/320 315/208/315 312/206/312
vt 0.5627200 0.5964500
f 323/210/323 316/208/316 318/209/318
vt 0.5015400 0.5964500
vt 0.5090500 0.5964500
f 325/211/325 326/212/326 319/209/319
f 324/210/324 321/209/321 327/212/327
vt 0.4657600 0.5964500
f 319/209/319 329/213/329 325/211/325
vt 0.4563600 0.5964500
f 322/209/322 330/214/330 328/213/328
vt 0.4512400 0.7955600
vt 0.4563600 0.7904600
f 332/215/332 338/216/338 331/214/331
vt 0.6977200 0.7955600
vt 0.6766000 0.7904600
f 340/217/340 314/207/314 342/218/342
vt 0.5692600 0.7904600
vt 0.5627200 0.7904600
f 336/215/336 345/219/345 348/220/348
f 343/218/343 344/219/344 341/217/341
f 339/217/339 346/219/346 334/215/334
vt 0.5090500 0.7904600
vt 0.5015400 0.7904600
f 333/215/333 349/221/349 351/222/351
vt 0.4657600 0.7904600
f 338/216/338 332/215/332 353/223/353
f 352/222/352 354/223/354 335/215/335
f 337/215/337 347/220/347 350/221/350
vt 0.4512400 0.1928300
vt 0.4512400 0.3830900
vt 0.6991900 0.3830900
f 355/224/355 356/225/356 357/226/357
vt 0.4512400 0.3856600
vt 0.4563600 0.3907600
vt 0.6854800 0.3907600
f 358/227/358 359/228/359 360/229/360
vt 0.6854800 0.5847700
vt 0.6977200 0.5898800
vt 0.6977200 0.3856600
f 361/230/361 362/231/362 363/232/363
vt 0.4512400 0.5898800
f 359/228/359 358/227/358 364/233/364
f 362/231/362 361/230/361 364/233/364
vt 0.1854500 0.2045700
vt 0.2056800 0.2005900
vt 0.2008800 0.2045700
f 366/234/366 368/235/368 371/236/371
vt 0.2008800 0.2325100
f 372/237/372 370/236/370 369/235/369
vt 0.1854500 0.2325100
vt 0.2008800 0.3589400
f 373/238/373 372/237/372 374/239/374
vt 0.0202300 0.2325100
vt 0.0202300 0.2045700
f 373/238/373 375/240/375 377/241/377
f 374/239/374 372/237/372 369/235/369
f 365/234/365 377/241/377 369/235/369
vt 0.0048000 0.2045700
vt 0.0000000 0.2005900
f 378/242/378 380/243/380 377/241/377
vt 0.0048000 0.2325100
vt 0.0202300 0.3589400
f 381/244/381 375/240/375 382/245/382
f 380/243/380 378/242/378 381/244/381
vt 0.0048000 0.3589400
vt 0.0000000 0.3908500
f 381/244/381 383/246/383 384/247/384
vt 0.1854500 0.3589400
f 375/240/375 373/238/373 386/248/386
vt 0.1854500 0.3868800
vt 0.2008800 0.3868800
vt 0.2056800 0.3908500
f 387/249/387 390/250/390 393/251/393
f 374/239/374 391/251/391 389/250/389
vt 0.0202300 0.3868800
f 392/251/392 385/247/385 394/252/394
f 388/249/388 395/252/395 382/245/382
vt 0.0048000 0.3868800
f 396/253/396 395/252/395 384/247/384
f 383/246/383 396/253/396 384/247/384
vt 0.0000000 0.0000000
vt 0.0000000 0.1902600
vt 0.2056800 0.1902600
f 397/254/397 398/255/398 399/256/399
vt 0.2558400 0.7893600
vt 0.2558400 0.5991100
vt 0.4497800 0.5991100
f 400/257/400 401/258/401 402/259/402
vt 0.2558400 0.5914400
vt 0.2558400 0.4011900
vt 0.4497800 0.4011900
f 403/260/403 404/261/404 405/262/405
vt 0.8628100 0.1902600
vt 0.8628100 0.3841900
vt 0.9862200 0.3841900
f 406/263/406 407/264/407 408/265/408
vt 0.7256200 0.1902600
vt 0.7256200 0.3841900
vt 0.8490300 0.3841900
f 409/266/409 410/267/410 411/268/411
vt 0.0604400 0.7349400
vt 0.0604400 0.6989400
vt 0.2543800 0.6989400
f 412/269/412 413/270/413 414/271/414
vt 0.0000000 0.7839800
vt 0.1954000 0.7839800
vt 0.1954000 0.7479800
f 415/272/415 416/273/416 417/274/417
vt 0.9020300 0.3856600
vt 0.9020300 0.5810600
vt 0.9843000 0.5810600
f 418/275/418 419/276/419 420/277/420
vt 0.7531800 0.5913400
vt 0.7531800 0.7867400
vt 0.8339900 0.7867400
f 421/278/421 422/279/422 423/280/423
vt 0.6991900 0.5913400
vt 0.7517100 0.5913400
vt 0.7517100 0.7867400
f 424/281/424 425/282/425 426/283/426
vt 0.0604400 0.6793700
vt 0.2543800 0.6793700
vt 0.2543800 0.6253800
f 427/284/427 428/285/428 429/286/429
vt 0.0000000 0.5657400
vt 0.1954000 0.5657400
vt 0.1954000 0.4011900
f 430/287/430 431/288/431 432/289/432
vt 0.8354500 0.5913400
vt 0.8354500 0.7867400
vt 0.9985400 0.7867400
f 433/290/433 434/291/434 435/292/435
vt 0.3320200 0.0000000
vt 0.4400000 0.0000000
vt 0.4400000 0.1954000
f 436/293/436 437/294/437 438/295/438
vt 0.2127900 0.0000000
vt 0.2127900 0.1954000
vt 0.3207700 0.1954000
f 439/296/439 440/297/440 441/298/441
vt 0.4512400 0.1902600
vt 0.4512400 0.0000000
vt 0.4601700 0.0257100
f 443/299/443 444/300/444 447/301/447
vt 0.5681600 0.0257100
f 449/302/449 446/301/446 445/300/445
vt 0.5747300 0.1079800
vt 0.5681600 0.1902600
f 448/302/448 452/303/452 454/304/454
vt 0.6362700 0.0668500
f 455/305/455 451/303/451 449/302/449
vt 0.6817300 0.0000000
f 449/302/449 445/300/445 457/306/457
vt 0.5747300 0.1902600
f 451/303/451 459/307/459 453/304/453
vt 0.6287200 0.1079800
f 451/303/451 455/305/455 460/308/460
vt 0.6817300 0.1902600
vt 0.6722700 0.0668500
f 457/306/457 461/309/461 462/310/462
f 455/305/455 457/306/457 462/310/462
f 458/306/458 456/305/456 450/302/450
vt 0.6362700 0.1902600
vt 0.6287200 0.1902600
f 460/308/460 463/311/463 464/312/464
f 463/311/463 460/308/460 455/305/455
vt 0.2127900 0.3935300
vt 0.2127900 0.2032700
vt 0.2222500 0.2701200
f 465/313/465 466/314/466 467/315/467
vt 0.2582500 0.2701200
f 468/316/468 467/315/467 466/314/466
vt 0.2658000 0.3112500
vt 0.2582500 0.3935300
f 468/316/468 469/317/469 470/318/470
vt 0.3197900 0.3112500
f 472/319/472 469/317/469 468/316/468
vt 0.3263600 0.2289800
f 468/316/468 466/314/466 474/320/474
vt 0.2222500 0.3935300
f 475/321/475 465/313/465 467/315/467
vt 0.2658000 0.3935300
f 469/317/469 476/322/476 470/318/470
f 468/316/468 474/320/474 472/319/472
vt 0.4432800 0.3935300
vt 0.4343500 0.2289800
vt 0.4432800 0.2032700
f 477/323/477 478/324/478 479/325/479
f 474/320/474 479/325/479 478/324/478
f 479/325/479 474/320/474 466/314/466
vt 0.3263600 0.3935300
vt 0.3197900 0.3935300
f 472/319/472 481/326/481 482/327/482
vt 0.4343500 0.3935300
f 478/324/478 477/323/477 483/328/483
f 480/326/480 471/319/471 473/320/473
vt 0.0474200 0.6841300
vt 0.0577000 0.6890600
vt 0.0577000 0.6792000
f 484/329/484 485/330/485 486/331/486
vt 0.0474200 0.6792000
vt 0.0525600 0.6792000
f 487/332/487 484/329/484 488/333/488
f 486/331/486 488/333/488 484/329/484
vt 0.0474200 0.6890600
f 484/329/484 489/334/489 485/330/485
vt 0.0525600 0.6989100
vt 0.0577000 0.6989100
vt 0.0577000 0.6939800
f 490/335/490 491/336/491 492/337/492
vt 0.0474200 0.6939800
vt 0.0474200 0.6989100
f 493/338/493 494/339/494 490/335/490
f 492/337/492 485/330/485 489/334/489
vt 0.6991900 0.5144900
vt 0.7111000 0.5144900
vt 0.7111000 0.5119200
f 495/340/495 496/341/496 497/342/497
vt 0.7133800 0.4152100
vt 0.6991900 0.4126400
vt 0.6991900 0.4152100
f 498/343/498 501/344/501 503/345/503
vt 0.7133800 0.4255000
vt 0.6991900 0.4255000
vt 0.6991900 0.4280700
f 504/346/504 507/347/507 508/348/508
vt 0.7133800 0.4203600
vt 0.7307200 0.4126400
f 511/349/511 514/350/514 499/343/499
f 502/344/502 500/343/500 515/350/515
vt 0.7307200 0.4280700
f 506/346/506 518/351/518 512/349/512
f 513/350/513 510/349/510 516/351/516
f 509/348/509 517/351/517 505/346/505
vt 0.6991900 0.5389300
vt 0.7111000 0.5389300
vt 0.7111000 0.5363600
f 519/352/519 520/353/520 521/354/521
vt 0.8153900 0.3856600
vt 0.8205300 0.3904200
vt 0.8205300 0.3856600
f 522/355/522 523/356/523 524/357/524
vt 0.8205300 0.4024100
vt 0.8205300 0.3964200
vt 0.8102500 0.3964200
f 525/358/525 526/359/526 527/360/527
vt 0.8205300 0.4084000
vt 0.8102500 0.4024100
f 528/361/528 525/358/525 529/362/529
vt 0.8102500 0.3904200
f 526/359/526 523/356/523 530/363/530
vt 0.8102500 0.3856600
f 531/364/531 530/363/530 522/355/522
f 530/363/530 523/356/523 522/355/522
vt 0.8102500 0.4084000
vt 0.8102500 0.4143900
vt 0.8205300 0.4143900
f 532/365/532 533/366/533 534/367/534
vt 0.8205300 0.4203800
f 535/368/535 534/367/534 533/366/533
vt 0.8205300 0.4323700
vt 0.8205300 0.4263800
vt 0.8102500 0.4263800
f 536/369/536 537/370/537 538/371/538
vt 0.8153900 0.4383600
vt 0.8205300 0.4383600
f 539/372/539 540/373/540 536/369/536
vt 0.8102500 0.4203800
f 537/370/537 535/368/535 541/374/541
vt 0.8102500 0.4383600
vt 0.8102500 0.4323700
f 542/375/542 539/372/539 543/376/543
f 539/372/539 536/369/536 543/376/543
vt 0.0395400 0.6792000
vt 0.0446800 0.6841300
vt 0.0446800 0.6792000
f 544/377/544 545/378/545 546/379/546
vt 0.0343900 0.6792000
vt 0.0343900 0.6841300
f 547/380/547 548/381/548 544/377/544
f 545/378/545 544/377/544 548/381/548
vt 0.0343900 0.6890600
vt 0.0446800 0.6890600
f 548/381/548 549/382/549 550/383/550
vt 0.0446800 0.6939800
f 549/382/549 551/384/551 550/383/550
vt 0.0395400 0.6989100
vt 0.0446800 0.6989100
f 552/385/552 553/386/553 551/384/551
vt 0.0343900 0.6989100
f 549/382/549 554/387/554 551/384/551
f 552/385/552 551/384/551 554/387/554
vt 0.0194800 0.6264600
vt 0.0244600 0.6299000
vt 0.0214200 0.6332600
f 555/388/555 558/389/558 561/390/561
vt 0.0277300 0.6351300
f 563/391/563 559/390/559 557/389/557
vt 0.0287600 0.6408000
f 559/390/559 563/391/563 564/392/564
vt 0.0140800 0.6253800
f 562/390/562 565/393/565 556/388/556
vt 0.0097900 0.6260500
f 560/390/560 567/394/567 566/393/566
vt 0.0214200 0.6451700
f 571/395/571 559/390/559 564/392/564
vt 0.0244600 0.6517100
vt 0.0277300 0.6464800
f 573/396/573 571/395/571 574/397/574
f 564/392/564 574/397/574 571/395/571
vt 0.0194800 0.6551500
f 571/395/571 573/396/573 576/398/576
vt 0.0140800 0.6562300
f 577/399/577 568/395/568 575/398/575
vt 0.0054800 0.6533100
vt 0.0020600 0.6496600
f 579/400/579 582/401/582 569/395/569
vt 0.0097300 0.6555400
f 570/395/570 584/402/584 580/400/580
f 572/395/572 578/399/578 583/402/583
vt 0.0000000 0.6451700
f 585/403/585 571/395/571 581/401/581
vt 0.8383000 0.5409700
vt 0.8330700 0.5444000
vt 0.8364400 0.5476000
f 586/404/586 587/405/587 588/406/588
vt 0.8439800 0.5398900
f 590/407/590 586/404/586 588/406/588
vt 0.8285500 0.5553100
vt 0.8292300 0.5598200
f 589/406/589 592/408/592 594/409/594
vt 0.8296400 0.5496300
f 593/408/593 588/406/588 595/410/595
f 587/405/587 595/410/595 588/406/588
vt 0.8483500 0.5476000
f 597/411/597 590/407/590 588/406/588
vt 0.8548900 0.5444000
vt 0.8496600 0.5409700
f 601/412/601 602/413/602 599/411/599
f 591/407/591 598/411/598 603/413/603
vt 0.8583200 0.5496300
f 596/411/596 605/414/605 600/412/600
vt 0.8594100 0.5553100
f 606/415/606 604/414/604 597/411/597
vt 0.8564800 0.5643500
vt 0.8483500 0.5701100
f 607/416/607 597/411/597 608/417/608
vt 0.8587100 0.5598900
f 609/418/609 597/411/597 607/416/607
f 609/418/609 606/415/606 597/411/597
vt 0.0343900 0.7185200
vt 0.0446800 0.7234500
vt 0.0446800 0.7135900
f 610/419/610 611/420/611 612/421/612
vt 0.0343900 0.7135900
vt 0.0395400 0.7135900
f 613/422/613 610/419/610 614/423/614
f 612/421/612 614/423/614 610/419/610
vt 0.0343900 0.7234500
f 610/419/610 615/424/615 611/420/611
vt 0.0395400 0.7333100
vt 0.0446800 0.7333100
vt 0.0446800 0.7283800
f 616/425/616 617/426/617 618/427/618
vt 0.0343900 0.7283800
vt 0.0343900 0.7333100
f 619/428/619 620/429/620 616/425/616
f 618/427/618 611/420/611 615/424/615
vt 0.6991900 0.5328200
vt 0.7111000 0.5328200
vt 0.7111000 0.5302500
f 621/430/621 622/431/622 623/432/623
vt 0.7133800 0.3882300
vt 0.6991900 0.3856600
vt 0.6991900 0.3882300
f 625/433/625 627/434/627 629/435/629
vt 0.7133800 0.3985100
vt 0.6991900 0.3985100
vt 0.6991900 0.4010800
f 630/436/630 633/437/633 635/438/635
vt 0.7133800 0.3933700
vt 0.7307200 0.3856600
f 638/439/638 639/440/639 626/433/626
f 628/434/628 624/433/624 640/440/640
vt 0.7307200 0.4010800
f 643/441/643 637/439/637 632/436/632
f 641/440/641 636/439/636 644/441/644
f 634/438/634 642/441/642 631/436/631
vt 0.6991900 0.4961700
vt 0.7111000 0.4961700
vt 0.7111000 0.4936000
f 645/442/645 646/443/646 647/444/647
vt 0.7604700 0.3856600
vt 0.7656100 0.3904200
vt 0.7656100 0.3856600
f 648/445/648 649/446/649 650/447/650
vt 0.7656100 0.4024100
vt 0.7656100 0.3964200
vt 0.7553300 0.3964200
f 651/448/651 652/449/652 653/450/653
vt 0.7656100 0.4084000
vt 0.7553300 0.4024100
f 654/451/654 651/448/651 655/452/655
vt 0.7553300 0.3904200
f 652/449/652 649/446/649 656/453/656
vt 0.7553300 0.3856600
f 657/454/657 656/453/656 648/445/648
f 656/453/656 649/446/649 648/445/648
vt 0.7553300 0.4084000
vt 0.7553300 0.4143900
vt 0.7656100 0.4143900
f 658/455/658 659/456/659 660/457/660
vt 0.7656100 0.4203800
f 661/458/661 660/457/660 659/456/659
vt 0.7656100 0.4323700
vt 0.7656100 0.4263800
vt 0.7553300 0.4263800
f 662/459/662 663/460/663 664/461/664
vt 0.7604700 0.4383600
vt 0.7656100 0.4383600
f 665/462/665 666/463/666 662/459/662
vt 0.7553300 0.4203800
f 663/460/663 661/458/661 667/464/667
vt 0.7553300 0.4383600
vt 0.7553300 0.4323700
f 668/465/668 665/462/665 669/466/669
f 665/462/665 662/459/662 669/466/669
vt 0.0525600 0.7135900
vt 0.0577000 0.7185200
vt 0.0577000 0.7135900
f 670/467/670 671/468/671 672/469/672
vt 0.0474200 0.7135900
vt 0.0474200 0.7185200
f 673/470/673 674/471/674 670/467/670
f 671/468/671 670/467/670 674/471/674
vt 0.0474200 0.7234500
vt 0.0577000 0.7234500
f 674/471/674 675/472/675 676/473/676
vt 0.0577000 0.7283800
f 675/472/675 677/474/677 676/473/676
vt 0.0525600 0.7333100
vt 0.0577000 0.7333100
f 678/475/678 679/476/679 677/474/677
vt 0.0474200 0.7333100
f 675/472/675 680/477/680 677/474/677
f 678/475/678 677/474/677 680/477/680
vt 0.0497000 0.6264600
vt 0.0546800 0.6299000
vt 0.0516400 0.6332600
f 681/478/681 683/479/683 687/480/687
vt 0.0579500 0.6351300
f 689/481/689 686/480/686 684/479/684
vt 0.0589800 0.6408000
f 686/480/686 689/481/689 690/482/690
vt 0.0443000 0.6253800
f 685/480/685 691/483/691 682/478/682
vt 0.0400100 0.6260500
f 688/480/688 693/484/693 692/483/692
vt 0.0516400 0.6451700
f 695/485/695 686/480/686 690/482/690
vt 0.0546800 0.6517100
vt 0.0579500 0.6464800
f 697/486/697 695/485/695 698/487/698
f 690/482/690 698/487/698 695/485/695
vt 0.0497000 0.6551500
f 695/485/695 697/486/697 699/488/699
vt 0.0443000 0.6562300
f 700/489/700 695/485/695 699/488/699
vt 0.0357000 0.6533100
vt 0.0322800 0.6496600
f 701/490/701 703/491/703 696/485/696
vt 0.0399500 0.6555400
f 694/485/694 706/492/706 702/490/702
f 695/485/695 700/489/700 705/492/705
vt 0.0302200 0.6451700
f 707/493/707 695/485/695 704/491/704
vt 0.8750400 0.5409700
vt 0.8698100 0.5444000
vt 0.8731800 0.5476000
f 708/494/708 711/495/711 717/496/717
vt 0.8807200 0.5398900
f 719/497/719 709/494/709 716/496/716
vt 0.8652900 0.5553100
vt 0.8659600 0.5598200
f 714/496/714 721/498/721 723/499/723
vt 0.8663800 0.5496300
f 722/498/722 712/496/712 724/500/724
f 710/495/710 725/500/725 713/496/713
vt 0.8850900 0.5476000
f 728/501/728 718/497/718 715/496/715
vt 0.8916300 0.5444000
vt 0.8864000 0.5409700
f 731/502/731 734/503/734 729/501/729
f 720/497/720 727/501/727 733/503/733
vt 0.8950600 0.5496300
f 726/501/726 735/504/735 732/502/732
vt 0.8961400 0.5553100
f 737/505/737 736/504/736 729/501/729
vt 0.8932200 0.5643500
vt 0.8850900 0.5701100
f 738/506/738 729/501/729 740/507/740
vt 0.8954500 0.5598900
f 730/501/730 739/506/739 742/508/742
f 729/501/729 741/508/741 737/505/737
vt 0.6991900 0.5241400
f 22/10/22 24/12/24 743/509/743
f 45/33/45 47/35/47 48/36/48
f 48/36/48 50/38/50 45/33/45
f 46/34/46 51/39/51 47/35/47
f 53/41/53 55/43/55 61/49/61
f 58/46/58 61/49/61 56/44/56
f 54/42/54 49/37/49 55/43/55
vt 0.6991900 0.5058100
f 141/90/141 143/92/143 744/510/744
vt 0.6991900 0.4997000
f 173/110/173 175/112/175 745/511/745
f 204/133/204 206/135/206 207/136/207
f 207/136/207 209/138/209 204/133/204
f 205/134/205 210/139/210 206/135/206
f 212/141/212 214/143/214 220/149/220
f 217/146/217 220/149/220 215/144/215
f 213/142/213 208/137/208 214/143/214
vt 0.6991900 0.5180300
f 290/190/290 292/192/292 746/512/746
vt 0.9735700 0.0000000
f 303/201/303 305/203/305 747/513/747
f 310/206/310 313/207/313 341/217/341
f 332/215/332 331/214/331 319/209/319
vt 0.6991900 0.1928300
f 355/224/355 357/226/357 748/514/748
f 358/227/358 360/229/360 363/232/363
f 361/230/361 363/232/363 360/229/360
vt 0.4563600 0.5847700
f 359/228/359 364/233/364 749/515/749
f 361/230/361 749/515/749 364/233/364
f 373/238/373 374/239/374 386/248/386
f 373/238/373 377/241/377 365/234/365
f 374/239/374 369/235/369 391/251/391
f 376/241/376 379/243/379 367/235/367
f 381/244/381 382/245/382 383/246/383
f 381/244/381 384/247/384 380/243/380
f 375/240/375 386/248/386 382/245/382
f 391/251/391 395/252/395 388/249/388
f 388/249/388 382/245/382 386/248/386
vt 0.2056800 0.0000000
f 397/254/397 399/256/399 750/516/750
vt 0.4497800 0.7893600
f 400/257/400 402/259/402 751/517/751
vt 0.4497800 0.5914400
f 403/260/403 405/262/405 752/518/752
vt 0.9862200 0.1902600
f 406/263/406 408/265/408 753/519/753
vt 0.8490300 0.1902600
f 409/266/409 411/268/411 754/520/754
vt 0.2543800 0.7349400
f 412/269/412 414/271/414 755/521/755
vt 0.0000000 0.7479800
f 415/272/415 417/274/417 756/522/756
vt 0.9843000 0.3856600
f 418/275/418 420/277/420 757/523/757
vt 0.8339900 0.5913400
f 421/278/421 423/280/423 758/524/758
vt 0.6991900 0.7867400
f 424/281/424 426/283/426 759/525/759
vt 0.0604400 0.6253800
f 427/284/427 429/286/429 760/526/760
vt 0.0000000 0.4011900
f 430/287/430 432/289/432 761/527/761
vt 0.9985400 0.5913400
f 433/290/433 435/292/435 762/528/762
vt 0.3320200 0.1954000
f 436/293/436 438/295/438 763/529/763
vt 0.3207700 0.0000000
f 439/296/439 441/298/441 764/530/764
vt 0.4601700 0.1902600
f 442/299/442 446/301/446 765/531/765
vt 0.6722700 0.1902600
f 461/309/461 766/532/766 462/310/462
f 493/338/493 490/335/490 492/337/492
f 492/337/492 489/334/489 493/338/493
vt 0.6991900 0.5119200
f 495/340/495 497/342/497 767/533/767
vt 0.6991900 0.5363600
f 519/352/519 521/354/521 768/534/768
f 525/358/525 527/360/527 529/362/529
f 528/361/528 529/362/529 532/365/532
f 526/359/526 530/363/530 527/360/527
f 532/365/532 534/367/534 528/361/528
f 535/368/535 533/366/533 541/374/541
f 536/369/536 538/371/538 543/376/543
f 537/370/537 541/374/541 538/371/538
f 548/381/548 550/383/550 545/378/545
f 619/428/619 616/425/616 618/427/618
f 618/427/618 615/424/615 619/428/619
vt 0.6991900 0.5302500
f 621/430/621 623/432/623 769/535/769
vt 0.6991900 0.4936000
f 645/442/645 647/444/647 770/536/770
f 651/448/651 653/450/653 655/452/655
f 654/451/654 655/452/655 658/455/658
f 652/449/652 656/453/656 653/450/653
f 658/455/658 660/457/660 654/451/654
f 661/458/661 659/456/659 667/464/667
f 662/459/662 664/461/664 669/466/669
f 663/460/663 667/464/667 664/461/664
f 674/471/674 676/473/676 671/468/671
f 771/1/771 776/2/776 777/3/777
f 780/4/780 778/3/778 774/2/774
f 782/5/782 772/1/772 786/6/786
f 779/3/779 785/6/785 773/1/773
f 788/7/788 790/8/790 784/5/784
f 787/6/787 789/7/789 783/5/783
f 781/4/781 775/2/775 791/9/791
f 792/10/792 793/11/793 794/12/794
f 795/13/795 796/14/796 797/15/797
f 798/16/798 799/17/799 800/18/800
f 801/19/801 802/20/802 795/13/795
f 796/14/796 795/13/795 802/20/802
f 798/16/798 803/21/803 801/19/801
f 802/20/802 801/19/801 803/21/803
f 800/18/800 803/21/803 798/16/798
f 804/22/804 805/23/805 806/24/806
f 806/24/806 807/25/807 804/22/804
f 809/26/809 811/27/811 812/28/812
f 810/27/810 808/26/808 813/29/813
f 814/30/814 815/31/815 816/32/816
f 817/33/817 818/34/818 819/35/819
f 820/36/820 821/37/821 822/38/822
f 818/34/818 815/31/815 823/39/823
f 823/39/823 814/30/814 824/40/824
f 815/31/815 814/30/814 823/39/823
f 825/41/825 826/42/826 827/43/827
f 828/44/828 829/45/829 830/46/830
f 831/47/831 832/48/832 829/45/829
f 830/46/830 825/41/825 833/49/833
f 826/42/826 822/38/822 821/37/821
f 828/44/828 834/50/834 829/45/829
f 834/50/834 831/47/831 829/45/829
f 838/51/838 839/52/839 840/53/840
f 841/54/841 838/51/838 840/53/840
f 842/55/842 839/52/839 838/51/838
f 835/51/835 845/56/845 843/55/843
f 836/51/836 847/57/847 844/56/844
f 848/58/848 846/57/846 837/51/837
f 849/58/849 838/51/838 850/59/850
f 851/60/851 841/54/841 853/61/853
f 854/62/854 852/60/852 857/63/857
f 853/61/853 856/63/856 851/60/851
f 858/64/858 851/60/851 855/62/855
f 858/64/858 859/65/859 851/60/851
f 841/54/841 851/60/851 838/51/838
f 860/66/860 864/67/864 867/68/867
f 862/66/862 869/69/869 865/67/865
f 861/66/861 866/68/866 870/70/870
f 870/70/870 871/71/871 861/66/861
f 872/71/872 873/72/873 863/66/863
f 861/66/861 875/73/875 868/69/868
f 876/74/876 861/66/861 877/75/877
f 875/73/875 861/66/861 876/74/876
f 879/76/879 876/74/876 877/75/877
f 880/77/880 879/76/879 877/75/877
f 878/75/878 881/78/881 882/79/882
f 883/79/883 880/77/880 877/75/877
f 874/72/874 884/80/884 861/66/861
f 885/81/885 887/82/887 888/83/888
f 889/84/889 888/83/888 887/82/887
f 890/85/890 892/86/892 886/81/886
f 887/82/887 885/81/885 893/86/893
f 894/87/894 895/88/895 889/84/889
f 888/83/888 889/84/889 895/88/895
f 896/89/896 893/86/893 891/85/891
f 897/90/897 898/91/898 899/92/899
f 900/93/900 903/94/903 904/95/904
f 902/94/902 901/93/901 905/96/905
f 906/97/906 907/98/907 908/99/908
f 908/99/908 909/100/909 906/97/906
f 910/101/910 913/102/913 916/103/916
f 920/104/920 917/103/917 915/102/915
f 921/105/921 912/101/912 924/106/924
f 918/103/918 925/106/925 911/101/911
f 927/107/927 929/108/929 923/105/923
f 926/106/926 928/107/928 922/105/922
f 919/104/919 914/102/914 930/109/930
f 931/110/931 932/111/932 933/112/933
f 935/113/935 937/114/937 938/115/938
f 940/116/940 941/117/941 943/118/943
f 944/119/944 945/120/945 935/113/935
f 936/114/936 934/113/934 946/120/946
f 947/121/947 944/119/944 940/116/940
f 945/120/945 944/119/944 947/121/947
f 942/118/942 948/121/948 939/116/939
f 949/122/949 950/123/950 951/124/951
f 951/124/951 952/125/952 949/122/949
f 953/126/953 954/127/954 955/128/955
f 954/127/954 953/126/953 956/129/956
vt 0.7656100 0.3916500
f 957/445/957 958/537/958 959/447/959
vt 0.7656100 0.4036400
vt 0.7656100 0.3976400
vt 0.7553300 0.3976400
f 960/538/960 961/539/961 962/540/962
vt 0.7553300 0.4036400
vt 0.7553300 0.4096300
vt 0.7656100 0.4096300
f 963/541/963 964/542/964 965/543/965
vt 0.7553300 0.3916500
f 961/539/961 958/537/958 966/544/966
f 966/544/966 957/445/957 967/454/967
f 958/537/958 957/445/957 966/544/966
vt 0.7656100 0.4216100
vt 0.7656100 0.4156200
vt 0.7553300 0.4156200
f 968/545/968 969/546/969 970/547/970
vt 0.7553300 0.4276000
vt 0.7656100 0.4336000
vt 0.7656100 0.4276000
f 971/548/971 972/549/972 973/550/973
f 974/462/974 975/463/975 972/549/972
vt 0.7553300 0.4216100
f 973/550/973 968/545/968 976/551/976
f 969/546/969 965/543/965 964/542/964
f 971/548/971 977/465/977 972/549/972
f 977/465/977 974/462/974 972/549/972
f 978/151/978 980/152/980 981/153/981
f 978/151/978 981/153/981 982/154/982
f 978/151/978 984/155/984 980/152/980
f 983/155/983 979/151/979 985/156/985
f 986/156/986 978/151/978 987/157/987
f 978/151/978 982/154/982 988/158/988
f 989/159/989 991/160/991 978/151/978
f 988/158/988 989/159/989 978/151/978
f 992/161/992 991/160/991 989/159/989
f 993/162/993 991/160/991 992/161/992
f 994/163/994 991/160/991 996/164/996
f 993/162/993 996/164/996 991/160/991
f 990/160/990 995/163/995 997/165/997
f 1000/166/1000 1003/167/1003 1005/168/1005
f 1001/166/1001 1008/169/1008 1004/167/1004
f 1002/166/1002 1006/168/1006 1009/170/1009
f 1010/170/1010 1011/171/1011 998/166/998
f 1012/171/1012 1013/172/1013 1002/166/1002
f 1002/166/1002 1015/173/1015 1007/169/1007
f 1016/174/1016 1002/166/1002 1020/175/1020
f 1014/173/1014 999/166/999 1017/174/1017
f 1022/176/1022 1016/174/1016 1020/175/1020
f 1024/177/1024 1021/176/1021 1019/175/1019
f 1020/175/1020 1025/178/1025 1026/179/1026
f 1027/179/1027 1023/177/1023 1018/175/1018
f 1013/172/1013 1028/180/1028 1002/166/1002
f 1029/181/1029 1030/182/1030 1031/183/1031
f 1032/184/1032 1031/183/1031 1030/182/1030
f 1033/185/1033 1034/186/1034 1029/181/1029
f 1030/182/1030 1029/181/1029 1034/186/1034
f 1032/184/1032 1035/187/1035 1036/188/1036
f 1034/186/1034 1033/185/1033 1037/189/1037
f 1031/183/1031 1032/184/1032 1036/188/1036
f 1038/190/1038 1039/191/1039 1040/192/1040
f 1041/193/1041 1042/194/1042 1043/195/1043
f 1042/194/1042 1041/193/1041 1044/196/1044
f 1045/197/1045 1046/198/1046 1047/199/1047
f 1047/199/1047 1048/200/1048 1045/197/1045
f 1049/201/1049 1050/202/1050 1051/203/1051
f 1053/204/1053 1054/205/1054 1058/206/1058
f 1056/206/1056 1055/205/1055 1059/207/1059
f 1056/206/1056 1062/208/1062 1052/204/1052
f 1068/209/1068 1061/208/1061 1057/206/1057
f 1070/210/1070 1063/208/1063 1065/209/1065
f 1071/211/1071 1072/212/1072 1066/209/1066
f 1069/210/1069 1064/209/1064 1073/212/1073
f 1066/209/1066 1075/213/1075 1071/211/1071
f 1067/209/1067 1076/214/1076 1074/213/1074
f 1080/215/1080 1084/216/1084 1077/214/1077
f 1086/217/1086 1060/207/1060 1089/218/1089
f 1081/215/1081 1091/219/1091 1093/220/1093
f 1088/218/1088 1090/219/1090 1087/217/1087
f 1085/217/1085 1092/219/1092 1078/215/1078
f 1079/215/1079 1096/221/1096 1098/222/1098
f 1084/216/1084 1080/215/1080 1100/223/1100
f 1097/222/1097 1099/223/1099 1082/215/1082
f 1083/215/1083 1094/220/1094 1095/221/1095
f 1101/224/1101 1102/225/1102 1103/226/1103
f 1104/227/1104 1105/228/1105 1106/229/1106
f 1107/230/1107 1108/231/1108 1109/232/1109
f 1105/228/1105 1104/227/1104 1110/233/1110
f 1108/231/1108 1107/230/1107 1110/233/1110
f 1113/234/1113 1116/235/1116 1119/236/1119
f 1120/237/1120 1118/236/1118 1117/235/1117
f 1121/238/1121 1120/237/1120 1122/239/1122
f 1121/238/1121 1123/240/1123 1124/241/1124
f 1122/239/1122 1120/237/1120 1117/235/1117
f 1112/234/1112 1125/241/1125 1126/243/1126
f 1129/242/1129 1127/243/1127 1124/241/1124
f 1130/244/1130 1123/240/1123 1131/245/1131
f 1127/243/1127 1129/242/1129 1130/244/1130
f 1130/244/1130 1132/246/1132 1134/247/1134
f 1123/240/1123 1121/238/1121 1135/248/1135
f 1136/249/1136 1140/250/1140 1142/251/1142
f 1122/239/1122 1143/251/1143 1139/250/1139
f 1141/251/1141 1133/247/1133 1137/249/1137
f 1138/249/1138 1144/252/1144 1131/245/1131
f 1145/253/1145 1144/252/1144 1134/247/1134
f 1132/246/1132 1145/253/1145 1134/247/1134
f 1146/254/1146 1147/255/1147 1148/256/1148
f 1149/257/1149 1150/258/1150 1151/259/1151
f 1152/260/1152 1153/261/1153 1154/262/1154
f 1155/263/1155 1156/264/1156 1157/265/1157
f 1158/266/1158 1159/267/1159 1160/268/1160
f 1161/269/1161 1162/270/1162 1163/271/1163
f 1164/272/1164 1165/273/1165 1166/274/1166
f 1167/275/1167 1168/276/1168 1169/277/1169
f 1170/278/1170 1171/279/1171 1172/280/1172
f 1173/281/1173 1174/282/1174 1175/283/1175
f 1176/284/1176 1177/285/1177 1178/286/1178
f 1179/287/1179 1180/288/1180 1181/289/1181
f 1182/290/1182 1183/291/1183 1184/292/1184
f 1185/293/1185 1186/294/1186 1187/295/1187
f 1188/296/1188 1189/297/1189 1190/298/1190
f 1191/299/1191 1192/300/1192 1193/301/1193
f 1194/302/1194 1193/301/1193 1192/300/1192
f 1195/302/1195 1196/303/1196 1198/304/1198
f 1200/305/1200 1197/303/1197 1194/302/1194
f 1194/302/1194 1192/300/1192 1201/306/1201
f 1197/303/1197 1202/307/1202 1199/304/1199
f 1197/303/1197 1200/305/1200 1203/308/1203
f 1201/306/1201 1204/309/1204 1205/310/1205
f 1200/305/1200 1201/306/1201 1205/310/1205
f 1201/306/1201 1200/305/1200 1194/302/1194
f 1203/308/1203 1206/311/1206 1207/312/1207
f 1206/311/1206 1203/308/1203 1200/305/1200
f 1208/313/1208 1209/314/1209 1211/315/1211
f 1213/316/1213 1211/315/1211 1209/314/1209
f 1213/316/1213 1214/317/1214 1215/318/1215
f 1217/319/1217 1214/317/1214 1213/316/1213
f 1212/316/1212 1210/314/1210 1218/320/1218
f 1221/321/1221 1208/313/1208 1211/315/1211
f 1214/317/1214 1222/322/1222 1215/318/1215
f 1213/316/1213 1220/320/1220 1217/319/1217
f 1224/323/1224 1226/324/1226 1227/325/1227
f 1220/320/1220 1228/325/1228 1225/324/1225
f 1228/325/1228 1220/320/1220 1209/314/1209
f 1217/319/1217 1230/326/1230 1231/327/1231
f 1225/324/1225 1223/323/1223 1232/328/1232
f 1229/326/1229 1216/319/1216 1219/320/1219
f 1233/329/1233 1234/330/1234 1235/331/1235
f 1236/332/1236 1233/329/1233 1237/333/1237
f 1235/331/1235 1237/333/1237 1233/329/1233
f 1233/329/1233 1238/334/1238 1234/330/1234
f 1239/335/1239 1240/336/1240 1241/337/1241
f 1242/338/1242 1243/339/1243 1239/335/1239
f 1241/337/1241 1234/330/1234 1238/334/1238
f 1244/340/1244 1245/341/1245 1246/342/1246
f 1249/343/1249 1250/344/1250 1252/345/1252
f 1254/346/1254 1256/347/1256 1258/348/1258
f 1261/349/1261 1264/350/1264 1248/343/1248
f 1251/344/1251 1247/343/1247 1262/350/1262
f 1255/346/1255 1266/351/1266 1259/349/1259
f 1263/350/1263 1260/349/1260 1265/351/1265
f 1257/348/1257 1267/351/1267 1253/346/1253
f 1268/352/1268 1269/353/1269 1270/354/1270
f 1271/355/1271 1272/356/1272 1273/357/1273
f 1274/358/1274 1275/359/1275 1276/360/1276
f 1277/361/1277 1274/358/1274 1278/362/1278
f 1275/359/1275 1272/356/1272 1279/363/1279
f 1280/364/1280 1279/363/1279 1271/355/1271
f 1279/363/1279 1272/356/1272 1271/355/1271
f 1281/365/1281 1282/366/1282 1283/367/1283
f 1284/368/1284 1283/367/1283 1282/366/1282
f 1285/369/1285 1286/370/1286 1287/371/1287
f 1288/372/1288 1289/373/1289 1285/369/1285
f 1286/370/1286 1284/368/1284 1290/374/1290
f 1291/375/1291 1288/372/1288 1292/376/1292
f 1288/372/1288 1285/369/1285 1292/376/1292
f 1293/377/1293 1294/378/1294 1295/379/1295
f 1296/380/1296 1297/381/1297 1293/377/1293
f 1294/378/1294 1293/377/1293 1297/381/1297
f 1297/381/1297 1298/382/1298 1299/383/1299
f 1298/382/1298 1300/384/1300 1299/383/1299
f 1301/385/1301 1302/386/1302 1300/384/1300
f 1298/382/1298 1303/387/1303 1300/384/1300
f 1301/385/1301 1300/384/1300 1303/387/1303
f 1305/388/1305 1307/389/1307 1309/390/1309
f 1314/391/1314 1308/390/1308 1306/389/1306
f 1310/390/1310 1313/391/1313 1316/392/1316
f 1311/390/1311 1318/393/1318 1304/388/1304
f 1312/390/1312 1319/394/1319 1317/393/1317
f 1321/395/1321 1310/390/1310 1316/392/1316
f 1327/396/1327 1323/395/1323 1330/397/1330
f 1315/392/1315 1329/397/1329 1322/395/1322
f 1324/395/1324 1328/396/1328 1332/398/1332
f 1334/399/1334 1326/395/1326 1331/398/1331
f 1335/400/1335 1337/401/1337 1320/395/1320
f 1321/395/1321 1340/402/1340 1336/400/1336
f 1325/395/1325 1333/399/1333 1339/402/1339
f 1341/403/1341 1321/395/1321 1338/401/1338
f 1342/404/1342 1345/405/1345 1346/406/1346
f 1352/407/1352 1343/404/1343 1347/406/1347
f 1346/406/1346 1354/408/1354 1356/409/1356
f 1355/408/1355 1348/406/1348 1358/410/1358
f 1344/405/1344 1357/410/1357 1350/406/1350
f 1363/411/1363 1351/407/1351 1349/406/1349
f 1364/412/1364 1366/413/1366 1361/411/1361
f 1353/407/1353 1360/411/1360 1367/413/1367
f 1362/411/1362 1368/414/1368 1365/412/1365
f 1370/415/1370 1369/414/1369 1360/411/1360
f 1372/416/1372 1360/411/1360 1373/417/1373
f 1374/418/1374 1359/411/1359 1371/416/1371
f 1375/418/1375 1370/415/1370 1360/411/1360
f 1376/419/1376 1377/420/1377 1378/421/1378
f 1379/422/1379 1376/419/1376 1380/423/1380
f 1378/421/1378 1380/423/1380 1376/419/1376
f 1376/419/1376 1381/424/1381 1377/420/1377
f 1382/425/1382 1383/426/1383 1384/427/1384
f 1385/428/1385 1386/429/1386 1382/425/1382
f 1384/427/1384 1377/420/1377 1381/424/1381
f 1387/430/1387 1388/431/1388 1389/432/1389
f 1391/433/1391 1394/434/1394 1395/435/1395
f 1396/436/1396 1399/437/1399 1401/438/1401
f 1403/439/1403 1407/440/1407 1390/433/1390
f 1393/434/1393 1392/433/1392 1406/440/1406
f 1409/441/1409 1404/439/1404 1397/436/1397
f 1405/440/1405 1402/439/1402 1410/441/1410
f 1400/438/1400 1408/441/1408 1398/436/1398
f 1411/442/1411 1412/443/1412 1413/444/1413
vt 0.7839200 0.3904200
f 1414/130/1414 1415/552/1415 1416/132/1416
vt 0.7839200 0.4024100
vt 0.7839200 0.3964200
vt 0.7736300 0.3964200
f 1417/553/1417 1418/554/1418 1419/555/1419
vt 0.7839200 0.4084000
vt 0.7736300 0.4024100
f 1420/556/1420 1417/553/1417 1421/557/1421
vt 0.7736300 0.3904200
f 1418/554/1418 1415/552/1415 1422/558/1422
f 1423/140/1423 1422/558/1422 1414/130/1414
f 1422/558/1422 1415/552/1415 1414/130/1414
vt 0.7736300 0.4084000
vt 0.7736300 0.4143900
vt 0.7839200 0.4143900
f 1424/559/1424 1425/560/1425 1426/561/1426
vt 0.7839200 0.4203800
f 1427/562/1427 1426/561/1426 1425/560/1425
vt 0.7839200 0.4323700
vt 0.7839200 0.4263800
vt 0.7736300 0.4263800
f 1428/563/1428 1429/564/1429 1430/565/1430
f 1431/147/1431 1432/148/1432 1428/563/1428
vt 0.7736300 0.4203800
f 1429/564/1429 1427/562/1427 1433/566/1433
vt 0.7736300 0.4323700
f 1434/150/1434 1431/147/1431 1435/567/1435
f 1431/147/1431 1428/563/1428 1435/567/1435
f 1436/467/1436 1437/468/1437 1438/469/1438
f 1439/470/1439 1440/471/1440 1436/467/1436
f 1437/468/1437 1436/467/1436 1440/471/1440
f 1440/471/1440 1441/472/1441 1442/473/1442
f 1441/472/1441 1443/474/1443 1442/473/1442
f 1444/475/1444 1445/476/1445 1443/474/1443
f 1441/472/1441 1446/477/1446 1443/474/1443
f 1444/475/1444 1443/474/1443 1446/477/1446
f 1447/478/1447 1450/479/1450 1453/480/1453
f 1458/481/1458 1456/480/1456 1449/479/1449
f 1452/480/1452 1457/481/1457 1461/482/1461
f 1455/480/1455 1462/483/1462 1448/478/1448
f 1454/480/1454 1464/484/1464 1463/483/1463
f 1465/485/1465 1451/480/1451 1460/482/1460
f 1469/486/1469 1466/485/1466 1471/487/1471
f 1459/482/1459 1471/487/1471 1466/485/1466
f 1467/485/1467 1470/486/1470 1473/488/1473
f 1475/489/1475 1468/485/1468 1472/488/1472
f 1476/490/1476 1477/491/1477 1466/485/1466
f 1466/485/1466 1478/492/1478 1476/490/1476
f 1466/485/1466 1474/489/1474 1478/492/1478
f 1479/493/1479 1466/485/1466 1477/491/1477
f 1481/494/1481 1482/495/1482 1485/496/1485
f 1486/497/1486 1480/494/1480 1484/496/1484
f 1483/496/1483 1489/498/1489 1491/499/1491
f 1490/498/1490 1485/496/1485 1492/500/1492
f 1482/495/1482 1492/500/1492 1485/496/1485
f 1496/501/1496 1487/497/1487 1485/496/1485
f 1498/502/1498 1501/503/1501 1495/501/1495
f 1488/497/1488 1493/501/1493 1500/503/1500
f 1496/501/1496 1502/504/1502 1499/502/1499
f 1503/505/1503 1502/504/1502 1496/501/1496
f 1506/506/1506 1496/501/1496 1507/507/1507
f 1497/501/1497 1505/506/1505 1509/508/1509
f 1494/501/1494 1508/508/1508 1504/505/1504
f 792/10/792 794/12/794 1510/509/1510
f 817/33/817 819/35/819 820/36/820
f 820/36/820 822/38/822 817/33/817
f 818/34/818 823/39/823 819/35/819
f 825/41/825 827/43/827 833/49/833
f 830/46/830 833/49/833 828/44/828
f 826/42/826 821/37/821 827/43/827
f 897/90/897 899/92/899 1511/510/1511
f 931/110/931 933/112/933 1512/511/1512
f 960/538/960 962/540/962 963/541/963
f 963/541/963 965/543/965 960/538/960
f 961/539/961 966/544/966 962/540/962
f 968/545/968 970/547/970 976/551/976
f 973/550/973 976/551/976 971/548/971
f 969/546/969 964/542/964 970/547/970
f 1038/190/1038 1040/192/1040 1513/512/1513
f 1049/201/1049 1051/203/1051 1514/513/1514
f 1056/206/1056 1059/207/1059 1087/217/1087
f 1080/215/1080 1077/214/1077 1066/209/1066
f 1101/224/1101 1103/226/1103 1515/514/1515
f 1104/227/1104 1106/229/1106 1109/232/1109
f 1107/230/1107 1109/232/1109 1106/229/1106
f 1105/228/1105 1110/233/1110 1516/515/1516
f 1107/230/1107 1516/515/1516 1110/233/1110
f 1121/238/1121 1122/239/1122 1135/248/1135
f 1121/238/1121 1124/241/1124 1111/234/1111
f 1122/239/1122 1117/235/1117 1143/251/1143
f 1114/234/1114 1128/243/1128 1115/235/1115
f 1130/244/1130 1131/245/1131 1132/246/1132
f 1130/244/1130 1134/247/1134 1127/243/1127
f 1123/240/1123 1135/248/1135 1131/245/1131
f 1134/247/1134 1144/252/1144 1138/249/1138
f 1138/249/1138 1131/245/1131 1135/248/1135
f 1146/254/1146 1148/256/1148 1517/516/1517
f 1149/257/1149 1151/259/1151 1518/517/1518
f 1152/260/1152 1154/262/1154 1519/518/1519
f 1155/263/1155 1157/265/1157 1520/519/1520
f 1158/266/1158 1160/268/1160 1521/520/1521
f 1161/269/1161 1163/271/1163 1522/521/1522
f 1164/272/1164 1166/274/1166 1523/522/1523
f 1167/275/1167 1169/277/1169 1524/523/1524
f 1170/278/1170 1172/280/1172 1525/524/1525
f 1173/281/1173 1175/283/1175 1526/525/1526
f 1176/284/1176 1178/286/1178 1527/526/1527
f 1179/287/1179 1181/289/1181 1528/527/1528
f 1182/290/1182 1184/292/1184 1529/528/1529
f 1185/293/1185 1187/295/1187 1530/529/1530
f 1188/296/1188 1190/298/1190 1531/530/1531
f 1191/299/1191 1193/301/1193 1532/531/1532
f 1204/309/1204 1533/532/1533 1205/310/1205
f 1242/338/1242 1239/335/1239 1241/337/1241
f 1241/337/1241 1238/334/1238 1242/338/1242
f 1244/340/1244 1246/342/1246 1534/533/1534
f 1268/352/1268 1270/354/1270 1535/534/1535
f 1274/358/1274 1276/360/1276 1278/362/1278
f 1277/361/1277 1278/362/1278 1281/365/1281
f 1275/359/1275 1279/363/1279 1276/360/1276
f 1281/365/1281 1283/367/1283 1277/361/1277
f 1284/368/1284 1282/366/1282 1290/374/1290
f 1285/369/1285 1287/371/1287 1292/376/1292
f 1286/370/1286 1290/374/1290 1287/371/1287
f 1297/381/1297 1299/383/1299 1294/378/1294
f 1385/428/1385 1382/425/1382 1384/427/1384
f 1384/427/1384 1381/424/1381 1385/428/1385
f 1387/430/1387 1389/432/1389 1536/535/1536
f 1411/442/1411 1413/444/1413 1537/536/1537
f 1417/553/1417 1419/555/1419 1421/557/1421
f 1420/556/1420 1421/557/1421 1424/559/1424
f 1418/554/1418 1422/558/1422 1419/555/1419
f 1424/559/1424 1426/561/1426 1420/556/1420
f 1427/562/1427 1425/560/1425 1433/566/1433
f 1428/563/1428 1430/565/1430 1435/567/1435
f 1429/564/1429 1433/566/1433 1430/565/1430
f 1440/471/1440 1442/473/1442 1437/468/1437
f 1540/1/1540 1543/3/1543 1545/2/1545
f 1547/4/1547 1546/2/1546 1542/3/1542
f 1551/5/1551 1553/6/1553 1539/1/1539
f 1541/3/1541 1538/1/1538 1554/6/1554
f 1555/7/1555 1550/5/1550 1557/8/1557
f 1552/6/1552 1549/5/1549 1556/7/1556
f 1548/4/1548 1558/9/1558 1544/2/1544
vt 0.7638700 0.5267100
vt 0.7638700 0.5241400
vt 0.7757800 0.5241400
f 1559/568/1559 1560/569/1560 1561/570/1561
f 1562/13/1562 1564/15/1564 1566/14/1566
f 1568/16/1568 1569/18/1569 1571/17/1571
f 1572/19/1572 1562/13/1562 1574/20/1574
f 1565/14/1565 1573/20/1573 1563/13/1563
f 1568/16/1568 1572/19/1572 1576/21/1576
f 1574/20/1574 1576/21/1576 1572/19/1572
f 1570/18/1570 1567/16/1567 1575/21/1575
f 1577/26/1577 1578/27/1578 1579/28/1579
f 1578/27/1578 1577/26/1577 1580/29/1580
vt 0.7638700 0.5543800
vt 0.7638700 0.5424700
f 1581/571/1581 1582/572/1582 1583/95/1583
f 1583/95/1583 1584/93/1584 1581/571/1581
f 1585/30/1585 1586/32/1586 1587/31/1587
f 1588/33/1588 1589/36/1589 1590/35/1590
f 1589/36/1589 1588/33/1588 1591/38/1591
f 1592/34/1592 1590/35/1590 1593/39/1593
f 1593/39/1593 1594/40/1594 1585/30/1585
f 1587/31/1587 1593/39/1593 1585/30/1585
f 1595/41/1595 1596/49/1596 1597/43/1597
f 1598/44/1598 1599/46/1599 1600/45/1600
f 1601/47/1601 1600/45/1600 1602/48/1602
f 1599/46/1599 1598/44/1598 1596/49/1596
f 1603/42/1603 1597/43/1597 1604/37/1604
f 1598/44/1598 1600/45/1600 1605/50/1605
f 1605/50/1605 1600/45/1600 1601/47/1601
f 1609/51/1609 1611/53/1611 1613/52/1613
f 1615/54/1615 1610/53/1610 1607/51/1607
f 1617/55/1617 1606/51/1606 1612/52/1612
f 1609/51/1609 1616/55/1616 1618/56/1618
f 1608/51/1608 1619/56/1619 1620/57/1620
f 1622/58/1622 1609/51/1609 1621/57/1621
f 1622/58/1622 1623/59/1623 1609/51/1609
f 1624/60/1624 1627/61/1627 1614/54/1614
f 1629/62/1629 1632/63/1632 1625/60/1625
f 1628/61/1628 1626/60/1626 1631/63/1631
f 1633/64/1633 1630/62/1630 1624/60/1624
f 1633/64/1633 1624/60/1624 1634/65/1634
f 1614/54/1614 1609/51/1609 1624/60/1624
f 1639/66/1639 1642/68/1642 1643/67/1643
f 1639/66/1639 1643/67/1643 1644/69/1644
f 1637/66/1637 1647/70/1647 1641/68/1641
f 1646/70/1646 1640/66/1640 1648/71/1648
f 1649/71/1649 1639/66/1639 1650/72/1650
f 1636/66/1636 1645/69/1645 1651/73/1651
f 1653/74/1653 1658/75/1658 1635/66/1635
f 1652/73/1652 1654/74/1654 1638/66/1638
f 1661/76/1661 1659/75/1659 1655/74/1655
f 1662/77/1662 1657/75/1657 1660/76/1660
f 1659/75/1659 1665/79/1665 1666/78/1666
f 1664/79/1664 1656/75/1656 1663/77/1663
f 1650/72/1650 1639/66/1639 1667/80/1667
f 1668/81/1668 1671/83/1671 1672/82/1672
f 1673/84/1673 1672/82/1672 1671/83/1671
f 1675/85/1675 1669/81/1669 1678/86/1678
f 1672/82/1672 1677/86/1677 1668/81/1668
f 1679/87/1679 1673/84/1673 1681/88/1681
f 1670/83/1670 1680/88/1680 1674/84/1674
f 1682/89/1682 1676/85/1676 1677/86/1677
vt 0.7638700 0.5083800
vt 0.7638700 0.5058100
vt 0.7757800 0.5058100
f 1683/573/1683 1684/574/1684 1685/575/1685
vt 0.0000000 0.6952300
f 1686/25/1686 1687/24/1687 1688/576/1688
vt 0.0000000 0.7071400
f 1688/576/1688 1689/577/1689 1686/25/1686
f 1690/193/1690 1691/194/1691 1692/195/1692
f 1691/194/1691 1690/193/1690 1693/196/1693
f 1696/101/1696 1698/103/1698 1700/102/1700
f 1703/104/1703 1701/102/1701 1699/103/1699
f 1706/105/1706 1708/106/1708 1695/101/1695
f 1697/103/1697 1694/101/1694 1709/106/1709
f 1712/107/1712 1705/105/1705 1713/108/1713
f 1710/106/1710 1707/105/1707 1711/107/1711
f 1704/104/1704 1714/109/1714 1702/102/1702
vt 0.7638700 0.5022800
vt 0.7638700 0.4997000
vt 0.7757800 0.4997000
f 1715/578/1715 1716/579/1716 1717/580/1717
f 1718/113/1718 1720/115/1720 1721/114/1721
f 1724/116/1724 1725/118/1725 1727/117/1727
f 1728/119/1728 1718/113/1718 1730/120/1730
f 1722/114/1722 1729/120/1729 1719/113/1719
f 1732/121/1732 1724/116/1724 1728/119/1728
f 1730/120/1730 1732/121/1732 1728/119/1728
f 1726/118/1726 1723/116/1723 1731/121/1731
vt 0.6991900 0.5543800
vt 0.6991900 0.5424700
f 1733/581/1733 1734/198/1734 1735/582/1735
f 1734/198/1734 1733/581/1733 1736/197/1736
vt 0.7835900 0.5055100
vt 0.7835900 0.4936000
vt 0.8107500 0.4936000
f 1737/583/1737 1739/584/1739 1740/585/1740
vt 0.8107500 0.5215400
f 1741/585/1741 1742/586/1742 1738/583/1738
f 1743/445/1743 1744/447/1744 1745/537/1745
f 1746/538/1746 1747/541/1747 1748/540/1748
f 1747/541/1747 1746/538/1746 1749/543/1749
f 1750/539/1750 1748/540/1748 1751/544/1751
f 1751/544/1751 1752/454/1752 1743/445/1743
f 1745/537/1745 1751/544/1751 1743/445/1743
f 1753/545/1753 1754/551/1754 1755/547/1755
f 1756/548/1756 1757/550/1757 1758/549/1758
f 1759/462/1759 1758/549/1758 1760/463/1760
f 1757/550/1757 1756/548/1756 1754/551/1754
f 1761/546/1761 1755/547/1755 1762/542/1762
f 1756/548/1756 1758/549/1758 1763/465/1763
f 1763/465/1763 1758/549/1758 1759/462/1759
f 1765/151/1765 1769/153/1769 1771/152/1771
f 1764/151/1764 1773/154/1773 1770/153/1770
f 1766/151/1766 1772/152/1772 1776/155/1776
f 1765/151/1765 1775/155/1775 1777/156/1777
f 1778/157/1778 1765/151/1765 1777/156/1777
f 1767/151/1767 1780/158/1780 1774/154/1774
f 1782/159/1782 1768/151/1768 1789/160/1789
f 1779/158/1779 1765/151/1765 1783/159/1783
f 1791/161/1791 1781/159/1781 1788/160/1788
f 1792/162/1792 1790/161/1790 1787/160/1787
f 1795/163/1795 1796/164/1796 1786/160/1786
f 1793/162/1793 1784/160/1784 1797/164/1797
f 1785/160/1785 1798/165/1798 1794/163/1794
f 1803/166/1803 1805/168/1805 1806/167/1806
f 1801/166/1801 1807/167/1807 1808/169/1808
f 1802/166/1802 1810/170/1810 1804/168/1804
f 1799/166/1799 1812/171/1812 1809/170/1809
f 1813/172/1813 1811/171/1811 1800/166/1800
f 1801/166/1801 1808/169/1808 1815/173/1815
f 1816/174/1816 1819/175/1819 1801/166/1801
f 1815/173/1815 1816/174/1816 1801/166/1801
f 1820/176/1820 1819/175/1819 1816/174/1816
f 1822/177/1822 1819/175/1819 1820/176/1820
f 1817/175/1817 1823/179/1823 1825/178/1825
f 1824/179/1824 1818/175/1818 1821/177/1821
f 1814/172/1814 1801/166/1801 1826/180/1826
f 1828/181/1828 1829/183/1829 1831/182/1831
f 1833/184/1833 1831/182/1831 1829/183/1829
f 1835/185/1835 1827/181/1827 1836/186/1836
f 1831/182/1831 1837/186/1837 1828/181/1828
f 1833/184/1833 1838/188/1838 1840/187/1840
f 1837/186/1837 1841/189/1841 1834/185/1834
f 1830/183/1830 1839/188/1839 1832/184/1832
vt 0.7638700 0.5206000
vt 0.7638700 0.5180300
vt 0.7757800 0.5180300
f 1842/587/1842 1843/588/1843 1844/589/1844
vt 0.7586900 0.5215400
vt 0.7586900 0.4936000
vt 0.7315300 0.5096200
f 1846/590/1846 1847/591/1847 1849/592/1849
vt 0.7315300 0.5215400
f 1848/592/1848 1850/593/1850 1845/590/1845
vt 0.7263500 0.5215400
vt 0.6991900 0.5096200
vt 0.7263500 0.4936000
f 1851/594/1851 1852/595/1852 1853/596/1853
vt 0.6991900 0.5215400
f 1852/595/1852 1851/594/1851 1854/597/1854
f 1855/201/1855 1856/513/1856 1857/203/1857
f 1858/204/1858 1859/206/1859 1860/205/1860
f 1859/206/1859 1861/217/1861 1862/207/1862
f 1859/206/1859 1858/204/1858 1863/208/1863
f 1864/209/1864 1859/206/1859 1863/208/1863
f 1868/210/1868 1864/209/1864 1863/208/1863
f 1870/211/1870 1864/209/1864 1872/212/1872
f 1867/210/1867 1871/212/1871 1866/209/1866
f 1865/209/1865 1869/211/1869 1873/213/1873
f 1864/209/1864 1874/213/1874 1875/214/1875
f 1877/215/1877 1864/209/1864 1875/214/1875
f 1861/217/1861 1880/218/1880 1862/207/1862
f 1877/215/1877 1882/220/1882 1883/219/1883
f 1880/218/1880 1861/217/1861 1883/219/1883
f 1861/217/1861 1877/215/1877 1883/219/1883
f 1876/215/1876 1884/222/1884 1886/221/1886
f 1888/216/1888 1890/223/1890 1877/215/1877
f 1885/222/1885 1879/215/1879 1889/223/1889
f 1878/215/1878 1887/221/1887 1881/220/1881
f 1891/224/1891 1892/514/1892 1893/226/1893
f 1894/227/1894 1897/232/1897 1898/229/1898
f 1901/230/1901 1899/229/1899 1896/232/1896
f 1902/228/1902 1903/515/1903 1904/233/1904
f 1907/231/1907 1905/233/1905 1900/230/1900
f 1908/234/1908 1911/236/1911 1912/235/1912
f 1915/237/1915 1914/235/1914 1910/236/1910
f 1916/238/1916 1917/248/1917 1918/239/1918
f 1916/238/1916 1909/234/1909 1919/241/1919
f 1918/239/1918 1923/251/1923 1914/235/1914
f 1909/234/1909 1914/235/1914 1919/241/1919
f 1924/242/1924 1919/241/1919 1926/243/1926
f 1927/244/1927 1928/246/1928 1929/245/1929
f 1926/243/1926 1927/244/1927 1924/242/1924
f 1927/244/1927 1926/243/1926 1931/247/1931
f 1932/240/1932 1929/245/1929 1917/248/1917
f 1933/249/1933 1922/251/1922 1935/250/1935
f 1918/239/1918 1936/250/1936 1923/251/1923
f 1923/251/1923 1934/249/1934 1938/252/1938
f 1934/249/1934 1917/248/1917 1929/245/1929
f 1939/253/1939 1931/247/1931 1938/252/1938
f 1928/246/1928 1931/247/1931 1939/253/1939
f 1940/254/1940 1941/516/1941 1942/256/1942
f 1943/257/1943 1944/517/1944 1945/259/1945
f 1946/260/1946 1947/518/1947 1948/262/1948
f 1949/263/1949 1950/519/1950 1951/265/1951
f 1952/266/1952 1953/520/1953 1954/268/1954
f 1955/269/1955 1956/521/1956 1957/271/1957
f 1958/272/1958 1959/522/1959 1960/274/1960
f 1961/275/1961 1962/523/1962 1963/277/1963
f 1964/278/1964 1965/524/1965 1966/280/1966
f 1967/281/1967 1968/525/1968 1969/283/1969
f 1970/284/1970 1971/526/1971 1972/286/1972
f 1973/287/1973 1974/527/1974 1975/289/1975
f 1976/290/1976 1977/528/1977 1978/292/1978
f 1979/293/1979 1980/529/1980 1981/295/1981
f 1982/296/1982 1983/530/1983 1984/298/1984
f 1986/299/1986 1987/531/1987 1989/301/1989
f 1990/302/1990 1994/300/1994 1989/301/1989
f 1991/302/1991 1996/304/1996 1997/303/1997
f 2001/305/2001 1990/302/1990 1998/303/1998
f 1990/302/1990 2004/306/2004 1994/300/1994
f 1998/303/1998 1995/304/1995 2005/307/2005
f 1998/303/1998 2006/308/2006 2001/305/2001
f 2002/306/2002 2008/310/2008 2011/309/2011
f 2001/305/2001 2009/310/2009 2004/306/2004
f 2003/306/2003 1992/302/1992 2000/305/2000
f 2006/308/2006 2012/312/2012 2014/311/2014
f 2013/311/2013 1999/305/1999 2007/308/2007
f 2015/313/2015 2016/315/2016 2017/314/2017
f 2018/316/2018 2017/314/2017 2016/315/2016
f 2019/316/2019 2020/318/2020 2023/317/2023
f 2024/319/2024 2018/316/2018 2022/317/2022
f 2018/316/2018 2026/320/2026 2017/314/2017
f 2028/321/2028 2016/315/2016 2015/313/2015
f 2022/317/2022 2021/318/2021 2029/322/2029
f 2018/316/2018 2024/319/2024 2026/320/2026
f 2030/323/2030 2031/325/2031 2032/324/2032
f 2026/320/2026 2032/324/2032 2031/325/2031
f 2031/325/2031 2017/314/2017 2026/320/2026
f 2024/319/2024 2033/327/2033 2034/326/2034
f 2032/324/2032 2036/328/2036 2030/323/2030
f 2035/326/2035 2027/320/2027 2025/319/2025
f 2037/329/2037 2038/331/2038 2039/330/2039
f 2040/332/2040 2041/333/2041 2037/329/2037
f 2038/331/2038 2037/329/2037 2041/333/2041
f 2037/329/2037 2039/330/2039 2042/334/2042
f 2043/335/2043 2044/337/2044 2045/336/2045
f 2046/338/2046 2044/337/2044 2043/335/2043
f 2044/337/2044 2046/338/2046 2042/334/2042
vt 0.7638700 0.5144900
vt 0.7638700 0.5119200
vt 0.7757800 0.5119200
f 2047/598/2047 2048/599/2048 2049/600/2049
f 2051/343/2051 2053/345/2053 2055/344/2055
f 2058/346/2058 2060/348/2060 2061/347/2061
f 2062/349/2062 2052/343/2052 2065/350/2065
f 2054/344/2054 2067/350/2067 2050/343/2050
f 2057/346/2057 2064/349/2064 2069/351/2069
f 2066/350/2066 2068/351/2068 2063/349/2063
f 2059/348/2059 2056/346/2056 2070/351/2070
vt 0.7638700 0.5389300
vt 0.7638700 0.5363600
vt 0.7757800 0.5363600
f 2071/601/2071 2072/602/2072 2073/603/2073
f 2074/355/2074 2075/357/2075 2076/356/2076
f 2077/358/2077 2078/362/2078 2079/360/2079
f 2080/361/2080 2081/365/2081 2078/362/2078
f 2082/359/2082 2079/360/2079 2083/363/2083
f 2084/364/2084 2074/355/2074 2083/363/2083
f 2083/363/2083 2074/355/2074 2076/356/2076
f 2081/365/2081 2080/361/2080 2085/367/2085
f 2086/368/2086 2087/374/2087 2088/366/2088
f 2089/369/2089 2090/376/2090 2091/371/2091
f 2092/372/2092 2089/369/2089 2093/373/2093
f 2094/370/2094 2091/371/2091 2087/374/2087
f 2095/375/2095 2090/376/2090 2092/372/2092
f 2092/372/2092 2090/376/2090 2089/369/2089
f 2096/377/2096 2097/379/2097 2098/378/2098
f 2099/380/2099 2096/377/2096 2100/381/2100
f 2098/378/2098 2100/381/2100 2096/377/2096
f 2100/381/2100 2098/378/2098 2101/383/2101
f 2102/382/2102 2101/383/2101 2103/384/2103
f 2104/385/2104 2103/384/2103 2105/386/2105
f 2102/382/2102 2103/384/2103 2106/387/2106
f 2104/385/2104 2106/387/2106 2103/384/2103
f 2107/478/2107 2110/480/2110 2111/479/2111
f 2113/481/2113 2112/479/2112 2109/480/2109
f 2109/480/2109 2114/482/2114 2113/481/2113
f 2109/480/2109 2108/478/2108 2116/483/2116
f 2109/480/2109 2116/483/2116 2117/484/2117
f 2118/485/2118 2114/482/2114 2109/480/2109
f 2125/486/2125 2127/487/2127 2120/485/2120
f 2115/482/2115 2122/485/2122 2128/487/2128
f 2123/485/2123 2129/488/2129 2126/486/2126
f 2131/489/2131 2130/488/2130 2118/485/2118
f 2134/490/2134 2124/485/2124 2135/491/2135
f 2121/485/2121 2133/490/2133 2138/492/2138
f 2119/485/2119 2137/492/2137 2132/489/2132
f 2139/493/2139 2136/491/2136 2118/485/2118
f 2140/404/2140 2141/406/2141 2143/405/2143
f 2144/407/2144 2141/406/2141 2140/404/2140
f 2142/406/2142 2146/409/2146 2148/408/2148
f 2147/408/2147 2149/410/2149 2141/406/2141
f 2143/405/2143 2141/406/2141 2149/410/2149
f 2152/411/2152 2141/406/2141 2144/407/2144
f 2155/412/2155 2150/411/2150 2157/413/2157
f 2145/407/2145 2156/413/2156 2151/411/2151
f 2152/411/2152 2154/412/2154 2158/414/2158
f 2159/415/2159 2152/411/2152 2158/414/2158
f 2160/416/2160 2162/417/2162 2152/411/2152
f 2164/418/2164 2161/416/2161 2153/411/2153
f 2163/418/2163 2152/411/2152 2159/415/2159
f 2165/419/2165 2166/421/2166 2167/420/2167
f 2168/422/2168 2169/423/2169 2165/419/2165
f 2166/421/2166 2165/419/2165 2169/423/2169
f 2165/419/2165 2167/420/2167 2170/424/2170
f 2171/425/2171 2172/427/2172 2173/426/2173
f 2174/428/2174 2172/427/2172 2171/425/2171
f 2172/427/2172 2174/428/2174 2170/424/2170
vt 0.7638700 0.5328200
vt 0.7638700 0.5302500
vt 0.7757800 0.5302500
f 2175/604/2175 2176/605/2176 2177/606/2177
f 2180/433/2180 2181/435/2181 2182/434/2182
f 2185/436/2185 2188/438/2188 2189/437/2189
f 2191/439/2191 2178/433/2178 2193/440/2193
f 2183/434/2183 2194/440/2194 2179/433/2179
f 2198/441/2198 2184/436/2184 2192/439/2192
f 2195/440/2195 2197/441/2197 2190/439/2190
f 2187/438/2187 2186/436/2186 2196/441/2196
vt 0.7638700 0.4961700
vt 0.7757800 0.4936000
f 2199/607/2199 2200/128/2200 2201/608/2201
f 2202/130/2202 2203/132/2203 2204/552/2204
f 2205/553/2205 2206/557/2206 2207/555/2207
f 2208/556/2208 2209/559/2209 2206/557/2206
f 2210/554/2210 2207/555/2207 2211/558/2211
f 2212/140/2212 2202/130/2202 2211/558/2211
f 2211/558/2211 2202/130/2202 2204/552/2204
f 2209/559/2209 2208/556/2208 2213/561/2213
f 2214/562/2214 2215/566/2215 2216/560/2216
f 2217/563/2217 2218/567/2218 2219/565/2219
f 2220/147/2220 2217/563/2217 2221/148/2221
f 2222/564/2222 2219/565/2219 2215/566/2215
f 2223/150/2223 2218/567/2218 2220/147/2220
f 2220/147/2220 2218/567/2218 2217/563/2217
f 2224/467/2224 2225/469/2225 2226/468/2226
f 2227/470/2227 2224/467/2224 2228/471/2228
f 2226/468/2226 2228/471/2228 2224/467/2224
f 2228/471/2228 2226/468/2226 2229/473/2229
f 2230/472/2230 2229/473/2229 2231/474/2231
f 2232/475/2232 2231/474/2231 2233/476/2233
f 2230/472/2230 2231/474/2231 2234/477/2234
f 2232/475/2232 2234/477/2234 2231/474/2231
f 2236/388/2236 2237/390/2237 2241/389/2241
f 2243/391/2243 2242/389/2242 2238/390/2238
f 2238/390/2238 2244/392/2244 2243/391/2243
f 2239/390/2239 2235/388/2235 2245/393/2245
f 2240/390/2240 2246/393/2246 2247/394/2247
f 2248/395/2248 2244/392/2244 2238/390/2238
f 2251/396/2251 2252/397/2252 2248/395/2248
f 2244/392/2244 2248/395/2248 2252/397/2252
f 2248/395/2248 2253/398/2253 2251/396/2251
f 2254/399/2254 2253/398/2253 2248/395/2248
f 2255/400/2255 2250/395/2250 2257/401/2257
f 2249/395/2249 2256/400/2256 2260/402/2260
f 2248/395/2248 2259/402/2259 2254/399/2254
f 2261/403/2261 2258/401/2258 2248/395/2248
f 2262/494/2262 2265/496/2265 2271/495/2271
f 2273/497/2273 2268/496/2268 2263/494/2263
f 2264/496/2264 2275/499/2275 2276/498/2276
f 2277/498/2277 2278/500/2278 2266/496/2266
f 2270/495/2270 2267/496/2267 2279/500/2279
f 2282/501/2282 2269/496/2269 2272/497/2272
f 2287/502/2287 2281/501/2281 2288/503/2288
f 2274/497/2274 2289/503/2289 2280/501/2280
f 2285/501/2285 2286/502/2286 2291/504/2291
f 2292/505/2292 2283/501/2283 2290/504/2290
f 2294/506/2294 2295/507/2295 2283/501/2283
f 2296/508/2296 2293/506/2293 2284/501/2284
f 2297/508/2297 2283/501/2283 2292/505/2292
vt 0.7757800 0.5267100
f 1559/568/1559 1561/570/1561 2298/609/2298
f 1588/33/1588 1590/35/1590 1592/34/1592
f 1589/36/1589 1591/38/1591 1604/37/1604
f 1592/34/1592 1593/39/1593 1587/31/1587
f 1595/41/1595 1597/43/1597 1603/42/1603
f 1599/46/1599 1596/49/1596 1595/41/1595
f 1603/42/1603 1604/37/1604 1591/38/1591
vt 0.7757800 0.5083800
f 1683/573/1683 1685/575/1685 2299/610/2299
vt 0.7757800 0.5022800
f 1715/578/1715 1717/580/1717 2300/611/2300
f 1746/538/1746 1748/540/1748 1750/539/1750
f 1747/541/1747 1749/543/1749 1762/542/1762
f 1750/539/1750 1751/544/1751 1745/537/1745
f 1753/545/1753 1755/547/1755 1761/546/1761
f 1757/550/1757 1754/551/1754 1753/545/1753
f 1761/546/1761 1762/542/1762 1749/543/1749
vt 0.7757800 0.5206000
f 1842/587/1842 1844/589/1844 2301/612/2301
f 1855/201/1855 1857/203/1857 2302/202/2302
f 1859/206/1859 1862/207/1862 1860/205/1860
f 1877/215/1877 1875/214/1875 1888/216/1888
f 1891/224/1891 1893/226/1893 2303/225/2303
f 1895/227/1895 1899/229/1899 1902/228/1902
f 1901/230/1901 1896/232/1896 1906/231/1906
f 1902/228/1902 1904/233/1904 1895/227/1895
f 1904/233/1904 1903/515/1903 1901/230/1901
f 1916/238/1916 1918/239/1918 1915/237/1915
f 1916/238/1916 1919/241/1919 1932/240/1932
f 1918/239/1918 1914/235/1914 1915/237/1915
f 1913/235/1913 1925/243/1925 1920/241/1920
f 1927/244/1927 1929/245/1929 1932/240/1932
f 1927/244/1927 1931/247/1931 1928/246/1928
f 1932/240/1932 1917/248/1917 1916/238/1916
f 1921/251/1921 1937/252/1937 1930/247/1930
f 1934/249/1934 1929/245/1929 1938/252/1938
f 1940/254/1940 1942/256/1942 2304/255/2304
f 1943/257/1943 1945/259/1945 2305/258/2305
f 1946/260/1946 1948/262/1948 2306/261/2306
f 1949/263/1949 1951/265/1951 2307/264/2307
f 1952/266/1952 1954/268/1954 2308/267/2308
f 1955/269/1955 1957/271/1957 2309/270/2309
f 1958/272/1958 1960/274/1960 2310/273/2310
f 1961/275/1961 1963/277/1963 2311/276/2311
f 1964/278/1964 1966/280/1966 2312/279/2312
f 1967/281/1967 1969/283/1969 2313/282/2313
f 1970/284/1970 1972/286/1972 2314/285/2314
f 1973/287/1973 1975/289/1975 2315/288/2315
f 1976/290/1976 1978/292/1978 2316/291/2316
f 1979/293/1979 1981/295/1981 2317/294/2317
f 1982/296/1982 1984/298/1984 2318/297/2318
f 1985/299/1985 1988/301/1988 1993/300/1993
f 2009/310/2009 2319/532/2319 2010/309/2010
f 2046/338/2046 2043/335/2043 2320/339/2320
f 2044/337/2044 2042/334/2042 2039/330/2039
vt 0.7757800 0.5144900
f 2047/598/2047 2049/600/2049 2321/613/2321
vt 0.7757800 0.5389300
f 2071/601/2071 2073/603/2073 2322/614/2322
f 2077/358/2077 2079/360/2079 2082/359/2082
f 2080/361/2080 2078/362/2078 2077/358/2077
f 2082/359/2082 2083/363/2083 2076/356/2076
f 2081/365/2081 2085/367/2085 2088/366/2088
f 2086/368/2086 2088/366/2088 2085/367/2085
f 2089/369/2089 2091/371/2091 2094/370/2094
f 2094/370/2094 2087/374/2087 2086/368/2086
f 2100/381/2100 2101/383/2101 2102/382/2102
f 2174/428/2174 2171/425/2171 2323/429/2323
f 2172/427/2172 2170/424/2170 2167/420/2167
vt 0.7757800 0.5328200
f 2175/604/2175 2177/606/2177 2324/615/2324
vt 0.7757800 0.4961700
f 2199/607/2199 2201/608/2201 2325/616/2325
f 2205/553/2205 2207/555/2207 2210/554/2210
f 2208/556/2208 2206/557/2206 2205/553/2205
f 2210/554/2210 2211/558/2211 2204/552/2204
f 2209/559/2209 2213/561/2213 2216/560/2216
f 2214/562/2214 2216/560/2216 2213/561/2213
f 2217/563/2217 2219/565/2219 2222/564/2222
f 2222/564/2222 2215/566/2215 2214/562/2214
f 2228/471/2228 2229/473/2229 2230/472/2230
f 2326/1/2326 2329/3/2329 2333/2/2333
f 2336/4/2336 2332/2/2332 2330/3/2330
f 2337/5/2337 2341/6/2341 2328/1/2328
f 2331/3/2331 2327/1/2327 2342/6/2342
f 2343/7/2343 2338/5/2338 2345/8/2345
f 2340/6/2340 2339/5/2339 2344/7/2344
f 2335/4/2335 2346/9/2346 2334/2/2334
f 2347/568/2347 2348/569/2348 2349/570/2349
f 2350/13/2350 2352/15/2352 2354/14/2354
f 2355/16/2355 2358/18/2358 2359/17/2359
f 2360/19/2360 2350/13/2350 2361/20/2361
f 2353/14/2353 2362/20/2362 2351/13/2351
f 2355/16/2355 2360/19/2360 2364/21/2364
f 2361/20/2361 2364/21/2364 2360/19/2360
f 2357/18/2357 2356/16/2356 2363/21/2363
f 2365/26/2365 2368/27/2368 2369/28/2369
f 2367/27/2367 2366/26/2366 2370/29/2370
f 2371/571/2371 2372/572/2372 2373/95/2373
f 2373/95/2373 2374/93/2374 2371/571/2371
f 2375/30/2375 2376/32/2376 2377/31/2377
f 2378/33/2378 2379/36/2379 2380/35/2380
f 2379/36/2379 2378/33/2378 2381/38/2381
f 2382/34/2382 2380/35/2380 2383/39/2383
f 2383/39/2383 2384/40/2384 2375/30/2375
f 2377/31/2377 2383/39/2383 2375/30/2375
f 2385/41/2385 2386/49/2386 2387/43/2387
f 2388/44/2388 2389/46/2389 2390/45/2390
f 2391/47/2391 2390/45/2390 2392/48/2392
f 2389/46/2389 2388/44/2388 2386/49/2386
f 2393/42/2393 2387/43/2387 2394/37/2394
f 2388/44/2388 2390/45/2390 2395/50/2395
f 2395/50/2395 2390/45/2390 2391/47/2391
f 2398/51/2398 2401/53/2401 2404/52/2404
f 2405/54/2405 2402/53/2402 2397/51/2397
f 2408/55/2408 2399/51/2399 2403/52/2403
f 2398/51/2398 2407/55/2407 2410/56/2410
f 2396/51/2396 2409/56/2409 2412/57/2412
f 2413/58/2413 2400/51/2400 2411/57/2411
f 2414/58/2414 2415/59/2415 2398/51/2398
f 2417/60/2417 2418/61/2418 2406/54/2406
f 2419/62/2419 2421/63/2421 2416/60/2416
f 2418/61/2418 2417/60/2417 2422/63/2422
f 2423/64/2423 2420/62/2420 2417/60/2417
f 2423/64/2423 2417/60/2417 2424/65/2424
f 2406/54/2406 2398/51/2398 2417/60/2417
f 2427/66/2427 2432/68/2432 2433/67/2433
f 2429/66/2429 2434/67/2434 2435/69/2435
f 2428/66/2428 2437/70/2437 2431/68/2431
f 2438/70/2438 2430/66/2430 2439/71/2439
f 2440/71/2440 2426/66/2426 2441/72/2441
f 2425/66/2425 2436/69/2436 2444/73/2444
f 2445/74/2445 2447/75/2447 2429/66/2429
f 2443/73/2443 2445/74/2445 2429/66/2429
f 2448/76/2448 2447/75/2447 2445/74/2445
f 2449/77/2449 2447/75/2447 2448/76/2448
f 2446/75/2446 2450/79/2450 2452/78/2452
f 2451/79/2451 2447/75/2447 2449/77/2449
f 2442/72/2442 2429/66/2429 2453/80/2453
f 2454/81/2454 2456/83/2456 2458/82/2458
f 2459/84/2459 2458/82/2458 2456/83/2456
f 2462/85/2462 2455/81/2455 2463/86/2463
f 2458/82/2458 2464/86/2464 2454/81/2454
f 2465/87/2465 2459/84/2459 2467/88/2467
f 2457/83/2457 2466/88/2466 2460/84/2460
f 2468/89/2468 2461/85/2461 2464/86/2464
f 2469/573/2469 2470/574/2470 2471/575/2471
f 2472/25/2472 2473/24/2473 2474/576/2474
f 2474/576/2474 2475/577/2475 2472/25/2472
f 2477/193/2477 2479/194/2479 2480/195/2480
f 2478/194/2478 2476/193/2476 2481/196/2481
f 2484/101/2484 2486/103/2486 2490/102/2490
f 2491/104/2491 2489/102/2489 2485/103/2485
f 2495/105/2495 2498/106/2498 2483/101/2483
f 2487/103/2487 2482/101/2482 2496/106/2496
f 2499/107/2499 2493/105/2493 2501/108/2501
f 2497/106/2497 2494/105/2494 2500/107/2500
f 2492/104/2492 2502/109/2502 2488/102/2488
f 2503/578/2503 2504/579/2504 2505/580/2505
f 2507/113/2507 2508/115/2508 2510/114/2510
f 2511/116/2511 2513/118/2513 2515/117/2515
f 2516/119/2516 2507/113/2507 2517/120/2517
f 2509/114/2509 2518/120/2518 2506/113/2506
f 2520/121/2520 2511/116/2511 2516/119/2516
f 2517/120/2517 2520/121/2520 2516/119/2516
f 2514/118/2514 2512/116/2512 2519/121/2519
f 2521/581/2521 2522/198/2522 2523/582/2523
f 2522/198/2522 2521/581/2521 2524/197/2524
f 2525/583/2525 2526/584/2526 2527/585/2527
f 2527/585/2527 2528/586/2528 2525/583/2525
f 2529/445/2529 2530/447/2530 2531/537/2531
f 2532/538/2532 2533/541/2533 2534/540/2534
f 2533/541/2533 2532/538/2532 2535/543/2535
f 2536/539/2536 2534/540/2534 2537/544/2537
f 2537/544/2537 2538/454/2538 2529/445/2529
f 2531/537/2531 2537/544/2537 2529/445/2529
f 2539/545/2539 2540/551/2540 2541/547/2541
f 2542/548/2542 2543/550/2543 2544/549/2544
f 2545/462/2545 2544/549/2544 2546/463/2546
f 2543/550/2543 2542/548/2542 2540/551/2540
f 2547/546/2547 2541/547/2541 2548/542/2548
f 2542/548/2542 2544/549/2544 2549/465/2549
f 2549/465/2549 2544/549/2544 2545/462/2545
f 2551/151/2551 2552/153/2552 2553/152/2553
f 2551/151/2551 2554/154/2554 2552/153/2552
f 2551/151/2551 2553/152/2553 2556/155/2556
f 2550/151/2550 2555/155/2555 2558/156/2558
f 2559/157/2559 2551/151/2551 2557/156/2557
f 2551/151/2551 2560/158/2560 2554/154/2554
f 2561/159/2561 2551/151/2551 2563/160/2563
f 2560/158/2560 2551/151/2551 2561/159/2561
f 2564/161/2564 2561/159/2561 2563/160/2563
f 2565/162/2565 2564/161/2564 2563/160/2563
f 2567/163/2567 2568/164/2568 2563/160/2563
f 2565/162/2565 2563/160/2563 2568/164/2568
f 2562/160/2562 2569/165/2569 2566/163/2566
f 2572/166/2572 2576/168/2576 2578/167/2578
f 2570/166/2570 2577/167/2577 2579/169/2579
f 2574/166/2574 2581/170/2581 2575/168/2575
f 2571/166/2571 2583/171/2583 2582/170/2582
f 2585/172/2585 2584/171/2584 2574/166/2574
f 2574/166/2574 2580/169/2580 2586/173/2586
f 2589/174/2589 2590/175/2590 2574/166/2574
f 2587/173/2587 2588/174/2588 2573/166/2573
f 2594/176/2594 2590/175/2590 2589/174/2589
f 2595/177/2595 2591/175/2591 2593/176/2593
f 2590/175/2590 2597/179/2597 2599/178/2599
f 2598/179/2598 2592/175/2592 2596/177/2596
f 2585/172/2585 2574/166/2574 2600/180/2600
f 2602/181/2602 2604/183/2604 2605/182/2605
f 2606/184/2606 2605/182/2605 2604/183/2604
f 2609/185/2609 2601/181/2601 2611/186/2611
f 2605/182/2605 2610/186/2610 2602/181/2602
f 2606/184/2606 2612/188/2612 2614/187/2614
f 2610/186/2610 2615/189/2615 2608/185/2608
f 2603/183/2603 2613/188/2613 2607/184/2607
f 2616/587/2616 2617/588/2617 2618/589/2618
f 2619/590/2619 2620/591/2620 2621/592/2621
f 2621/592/2621 2622/593/2622 2619/590/2619
f 2623/594/2623 2624/595/2624 2625/596/2625
f 2624/595/2624 2623/594/2623 2626/597/2626
f 2627/201/2627 2628/513/2628 2629/203/2629
f 2630/204/2630 2631/206/2631 2632/205/2632
f 2631/206/2631 2633/217/2633 2634/207/2634
f 2631/206/2631 2630/204/2630 2635/208/2635
f 2636/209/2636 2631/206/2631 2635/208/2635
f 2639/210/2639 2636/209/2636 2635/208/2635
f 2642/211/2642 2636/209/2636 2643/212/2643
f 2640/210/2640 2644/212/2644 2637/209/2637
f 2638/209/2638 2641/211/2641 2645/213/2645
f 2636/209/2636 2646/213/2646 2647/214/2647
f 2651/215/2651 2636/209/2636 2647/214/2647
f 2633/217/2633 2652/218/2652 2634/207/2634
f 2651/215/2651 2654/220/2654 2655/219/2655
f 2652/218/2652 2633/217/2633 2655/219/2655
f 2633/217/2633 2651/215/2651 2655/219/2655
f 2650/215/2650 2656/222/2656 2659/221/2659
f 2660/216/2660 2661/223/2661 2651/215/2651
f 2657/222/2657 2649/215/2649 2662/223/2662
f 2648/215/2648 2658/221/2658 2653/220/2653
f 2663/224/2663 2664/514/2664 2665/226/2665
f 2666/227/2666 2669/232/2669 2670/229/2670
f 2673/230/2673 2671/229/2671 2668/232/2668
f 2674/228/2674 2675/515/2675 2676/233/2676
f 2678/231/2678 2677/233/2677 2672/230/2672
f 2681/234/2681 2685/236/2685 2687/235/2687
f 2689/237/2689 2686/235/2686 2684/236/2684
f 2690/238/2690 2691/248/2691 2692/239/2692
f 2690/238/2690 2683/234/2683 2693/241/2693
f 2692/239/2692 2697/251/2697 2686/235/2686
f 2682/234/2682 2688/235/2688 2699/243/2699
f 2701/242/2701 2693/241/2693 2700/243/2700
f 2702/244/2702 2703/246/2703 2704/245/2704
f 2700/243/2700 2702/244/2702 2701/242/2701
f 2702/244/2702 2700/243/2700 2705/247/2705
f 2708/240/2708 2704/245/2704 2691/248/2691
f 2709/249/2709 2696/251/2696 2713/250/2713
f 2692/239/2692 2714/250/2714 2697/251/2697
f 2695/251/2695 2710/249/2710 2707/247/2707
f 2712/249/2712 2691/248/2691 2704/245/2704
f 2715/253/2715 2705/247/2705 2716/252/2716
f 2703/246/2703 2705/247/2705 2715/253/2715
f 2718/254/2718 2719/516/2719 2720/256/2720
f 2721/257/2721 2722/517/2722 2723/259/2723
f 2724/260/2724 2725/518/2725 2726/262/2726
f 2727/263/2727 2728/519/2728 2729/265/2729
f 2730/266/2730 2731/520/2731 2732/268/2732
f 2733/269/2733 2734/521/2734 2735/271/2735
f 2736/272/2736 2737/522/2737 2738/274/2738
f 2739/275/2739 2740/523/2740 2741/277/2741
f 2742/278/2742 2743/524/2743 2744/280/2744
f 2745/281/2745 2746/525/2746 2747/283/2747
f 2748/284/2748 2749/526/2749 2750/286/2750
f 2751/287/2751 2752/527/2752 2753/289/2753
f 2754/290/2754 2755/528/2755 2756/292/2756
f 2757/293/2757 2758/529/2758 2759/295/2759
f 2760/296/2760 2761/530/2761 2762/298/2762
f 2763/299/2763 2764/531/2764 2765/301/2765
f 2766/302/2766 2768/300/2768 2765/301/2765
f 2767/302/2767 2769/304/2769 2772/303/2772
f 2773/305/2773 2766/302/2766 2771/303/2771
f 2766/302/2766 2775/306/2775 2768/300/2768
f 2771/303/2771 2770/304/2770 2776/307/2776
f 2771/303/2771 2778/308/2778 2773/305/2773
f 2775/306/2775 2779/310/2779 2780/309/2780
f 2773/305/2773 2779/310/2779 2775/306/2775
f 2775/306/2775 2766/302/2766 2773/305/2773
f 2778/308/2778 2781/312/2781 2783/311/2783
f 2782/311/2782 2774/305/2774 2777/308/2777
f 2785/313/2785 2786/315/2786 2789/314/2789
f 2791/316/2791 2790/314/2790 2787/315/2787
f 2792/316/2792 2795/318/2795 2796/317/2796
f 2798/319/2798 2791/316/2791 2797/317/2797
f 2793/316/2793 2802/320/2802 2788/314/2788
f 2803/321/2803 2787/315/2787 2784/313/2784
f 2797/317/2797 2794/318/2794 2804/322/2804
f 2791/316/2791 2798/319/2798 2801/320/2801
f 2805/323/2805 2807/325/2807 2810/324/2810
f 2801/320/2801 2809/324/2809 2808/325/2808
f 2808/325/2808 2790/314/2790 2801/320/2801
f 2798/319/2798 2811/327/2811 2812/326/2812
f 2809/324/2809 2814/328/2814 2806/323/2806
f 2813/326/2813 2800/320/2800 2799/319/2799
f 2815/329/2815 2816/331/2816 2817/330/2817
f 2818/332/2818 2819/333/2819 2815/329/2815
f 2816/331/2816 2815/329/2815 2819/333/2819
f 2815/329/2815 2817/330/2817 2820/334/2820
f 2821/335/2821 2822/337/2822 2823/336/2823
f 2824/338/2824 2822/337/2822 2821/335/2821
f 2822/337/2822 2824/338/2824 2820/334/2820
f 2825/598/2825 2826/599/2826 2827/600/2827
f 2828/343/2828 2831/345/2831 2832/344/2832
f 2835/346/2835 2838/348/2838 2839/347/2839
f 2842/349/2842 2830/343/2830 2845/350/2845
f 2833/344/2833 2843/350/2843 2829/343/2829
f 2834/346/2834 2841/349/2841 2846/351/2846
f 2844/350/2844 2848/351/2848 2840/349/2840
f 2837/348/2837 2836/346/2836 2847/351/2847
f 2849/601/2849 2850/602/2850 2851/603/2851
f 2852/355/2852 2853/357/2853 2854/356/2854
f 2855/358/2855 2856/362/2856 2857/360/2857
f 2858/361/2858 2859/365/2859 2856/362/2856
f 2860/359/2860 2857/360/2857 2861/363/2861
f 2862/364/2862 2852/355/2852 2861/363/2861
f 2861/363/2861 2852/355/2852 2854/356/2854
f 2859/365/2859 2858/361/2858 2863/367/2863
f 2864/368/2864 2865/374/2865 2866/366/2866
f 2867/369/2867 2868/376/2868 2869/371/2869
f 2870/372/2870 2867/369/2867 2871/373/2871
f 2872/370/2872 2869/371/2869 2865/374/2865
f 2873/375/2873 2868/376/2868 2870/372/2870
f 2870/372/2870 2868/376/2868 2867/369/2867
f 2874/377/2874 2875/379/2875 2876/378/2876
f 2877/380/2877 2874/377/2874 2878/381/2878
f 2876/378/2876 2878/381/2878 2874/377/2874
f 2878/381/2878 2876/378/2876 2879/383/2879
f 2880/382/2880 2879/383/2879 2881/384/2881
f 2882/385/2882 2881/384/2881 2883/386/2883
f 2880/382/2880 2881/384/2881 2884/387/2884
f 2882/385/2882 2884/387/2884 2881/384/2881
f 2885/478/2885 2888/480/2888 2892/479/2892
f 2894/481/2894 2891/479/2891 2890/480/2890
f 2887/480/2887 2895/482/2895 2893/481/2893
f 2889/480/2889 2886/478/2886 2898/483/2898
f 2887/480/2887 2897/483/2897 2899/484/2899
f 2903/485/2903 2895/482/2895 2887/480/2887
f 2908/486/2908 2909/487/2909 2905/485/2905
f 2896/482/2896 2906/485/2906 2910/487/2910
f 2904/485/2904 2912/488/2912 2907/486/2907
f 2913/489/2913 2911/488/2911 2903/485/2903
f 2916/490/2916 2900/485/2900 2917/491/2917
f 2901/485/2901 2915/490/2915 2920/492/2920
f 2902/485/2902 2919/492/2919 2914/489/2914
f 2921/493/2921 2918/491/2918 2903/485/2903
f 2922/404/2922 2927/406/2927 2929/405/2929
f 2930/407/2930 2925/406/2925 2923/404/2923
f 2927/406/2927 2933/409/2933 2934/408/2934
f 2934/408/2934 2935/410/2935 2927/406/2927
f 2928/405/2928 2924/406/2924 2936/410/2936
f 2940/411/2940 2926/406/2926 2931/407/2931
f 2943/412/2943 2942/411/2942 2946/413/2946
f 2932/407/2932 2945/413/2945 2939/411/2939
f 2938/411/2938 2944/412/2944 2947/414/2947
f 2948/415/2948 2938/411/2938 2947/414/2947
f 2951/416/2951 2952/417/2952 2938/411/2938
f 2953/418/2953 2950/416/2950 2937/411/2937
f 2954/418/2954 2941/411/2941 2949/415/2949
f 2955/419/2955 2956/421/2956 2957/420/2957
f 2958/422/2958 2959/423/2959 2955/419/2955
f 2956/421/2956 2955/419/2955 2959/423/2959
f 2955/419/2955 2957/420/2957 2960/424/2960
f 2961/425/2961 2962/427/2962 2963/426/2963
f 2964/428/2964 2962/427/2962 2961/425/2961
f 2962/427/2962 2964/428/2964 2960/424/2960
f 2965/604/2965 2966/605/2966 2967/606/2967
f 2969/433/2969 2971/435/2971 2972/434/2972
f 2976/436/2976 2978/438/2978 2979/437/2979
f 2982/439/2982 2970/433/2970 2985/440/2985
f 2973/434/2973 2984/440/2984 2968/433/2968
f 2987/441/2987 2974/436/2974 2980/439/2980
f 2983/440/2983 2986/441/2986 2981/439/2981
f 2977/438/2977 2975/436/2975 2988/441/2988
f 2989/607/2989 2990/128/2990 2991/608/2991
f 2992/130/2992 2993/132/2993 2994/552/2994
f 2995/553/2995 2996/557/2996 2997/555/2997
f 2998/556/2998 2999/559/2999 2996/557/2996
f 3000/554/3000 2997/555/2997 3001/558/3001
f 3002/140/3002 2992/130/2992 3001/558/3001
f 3001/558/3001 2992/130/2992 2994/552/2994
f 2999/559/2999 2998/556/2998 3003/561/3003
f 3004/562/3004 3005/566/3005 3006/560/3006
f 3007/563/3007 3008/567/3008 3009/565/3009
f 3010/147/3010 3007/563/3007 3011/148/3011
f 3012/564/3012 3009/565/3009 3005/566/3005
f 3013/150/3013 3008/567/3008 3010/147/3010
f 3010/147/3010 3008/567/3008 3007/563/3007
f 3014/467/3014 3015/469/3015 3016/468/3016
f 3017/470/3017 3014/467/3014 3018/471/3018
f 3016/468/3016 3018/471/3018 3014/467/3014
f 3018/471/3018 3016/468/3016 3019/473/3019
f 3020/472/3020 3019/473/3019 3021/474/3021
f 3022/475/3022 3021/474/3021 3023/476/3023
f 3020/472/3020 3021/474/3021 3024/477/3024
f 3022/475/3022 3024/477/3024 3021/474/3021
f 3026/388/3026 3029/390/3029 3032/389/3032
f 3033/391/3033 3032/389/3032 3029/390/3029
f 3030/390/3030 3035/392/3035 3034/391/3034
f 3028/390/3028 3025/388/3025 3038/393/3038
f 3027/390/3027 3039/393/3039 3040/394/3040
f 3041/395/3041 3036/392/3036 3031/390/3031
f 3047/396/3047 3050/397/3050 3042/395/3042
f 3037/392/3037 3044/395/3044 3049/397/3049
f 3043/395/3043 3051/398/3051 3048/396/3048
f 3054/399/3054 3052/398/3052 3045/395/3045
f 3055/400/3055 3045/395/3045 3056/401/3056
f 3045/395/3045 3055/400/3055 3057/402/3057
f 3046/395/3046 3058/402/3058 3053/399/3053
f 3059/403/3059 3056/401/3056 3045/395/3045
f 3060/494/3060 3063/496/3063 3065/495/3065
f 3066/497/3066 3063/496/3063 3060/494/3060
f 3061/496/3061 3068/499/3068 3069/498/3069
f 3070/498/3070 3071/500/3071 3063/496/3063
f 3064/495/3064 3062/496/3062 3072/500/3072
f 3073/501/3073 3063/496/3063 3066/497/3066
f 3079/502/3079 3074/501/3074 3081/503/3081
f 3067/497/3067 3082/503/3082 3075/501/3075
f 3073/501/3073 3080/502/3080 3083/504/3083
f 3086/505/3086 3077/501/3077 3084/504/3084
f 3088/506/3088 3089/507/3089 3073/501/3073
f 3090/508/3090 3087/506/3087 3076/501/3076
f 3091/508/3091 3078/501/3078 3085/505/3085
f 2347/568/2347 2349/570/2349 3092/609/3092
f 2378/33/2378 2380/35/2380 2382/34/2382
f 2379/36/2379 2381/38/2381 2394/37/2394
f 2382/34/2382 2383/39/2383 2377/31/2377
f 2385/41/2385 2387/43/2387 2393/42/2393
f 2389/46/2389 2386/49/2386 2385/41/2385
f 2393/42/2393 2394/37/2394 2381/38/2381
f 2469/573/2469 2471/575/2471 3093/610/3093
f 2503/578/2503 2505/580/2505 3094/611/3094
f 2532/538/2532 2534/540/2534 2536/539/2536
f 2533/541/2533 2535/543/2535 2548/542/2548
f 2536/539/2536 2537/544/2537 2531/537/2531
f 2539/545/2539 2541/547/2541 2547/546/2547
f 2543/550/2543 2540/551/2540 2539/545/2539
f 2547/546/2547 2548/542/2548 2535/543/2535
f 2616/587/2616 2618/589/2618 3095/612/3095
f 2627/201/2627 2629/203/2629 3096/202/3096
f 2631/206/2631 2634/207/2634 2632/205/2632
f 2651/215/2651 2647/214/2647 2660/216/2660
f 2663/224/2663 2665/226/2665 3097/225/3097
f 2667/227/2667 2671/229/2671 2674/228/2674
f 2673/230/2673 2668/232/2668 2679/231/2679
f 2674/228/2674 2676/233/2676 2667/227/2667
f 2676/233/2676 2675/515/2675 2673/230/2673
f 2690/238/2690 2692/239/2692 2689/237/2689
f 2690/238/2690 2693/241/2693 2708/240/2708
f 2692/239/2692 2686/235/2686 2689/237/2689
f 2680/234/2680 2698/243/2698 2694/241/2694
f 2702/244/2702 2704/245/2704 2708/240/2708
f 2702/244/2702 2705/247/2705 2703/246/2703
f 2708/240/2708 2691/248/2691 2690/238/2690
f 2711/249/2711 2717/252/2717 2706/247/2706
f 2712/249/2712 2704/245/2704 2716/252/2716
f 2718/254/2718 2720/256/2720 3098/255/3098
f 2721/257/2721 2723/259/2723 3099/258/3099
f 2724/260/2724 2726/262/2726 3100/261/3100
f 2727/263/2727 2729/265/2729 3101/264/3101
f 2730/266/2730 2732/268/2732 3102/267/3102
f 2733/269/2733 2735/271/2735 3103/270/3103
f 2736/272/2736 2738/274/2738 3104/273/3104
f 2739/275/2739 2741/277/2741 3105/276/3105
f 2742/278/2742 2744/280/2744 3106/279/3106
f 2745/281/2745 2747/283/2747 3107/282/3107
f 2748/284/2748 2750/286/2750 3108/285/3108
f 2751/287/2751 2753/289/2753 3109/288/3109
f 2754/290/2754 2756/292/2756 3110/291/3110
f 2757/293/2757 2759/295/2759 3111/294/3111
f 2760/296/2760 2762/298/2762 3112/297/3112
f 2763/299/2763 2765/301/2765 2768/300/2768
f 2779/310/2779 3113/532/3113 2780/309/2780
f 2824/338/2824 2821/335/2821 3114/339/3114
f 2822/337/2822 2820/334/2820 2817/330/2817
f 2825/598/2825 2827/600/2827 3115/613/3115
f 2849/601/2849 2851/603/2851 3116/614/3116
f 2855/358/2855 2857/360/2857 2860/359/2860
f 2858/361/2858 2856/362/2856 2855/358/2855
f 2860/359/2860 2861/363/2861 2854/356/2854
f 2859/365/2859 2863/367/2863 2866/366/2866
f 2864/368/2864 2866/366/2866 2863/367/2863
f 2867/369/2867 2869/371/2869 2872/370/2872
f 2872/370/2872 2865/374/2865 2864/368/2864
f 2878/381/2878 2879/383/2879 2880/382/2880
f 2964/428/2964 2961/425/2961 3117/429/3117
f 2962/427/2962 2960/424/2960 2957/420/2957
f 2965/604/2965 2967/606/2967 3118/615/3118
f 2989/607/2989 2991/608/2991 3119/616/3119
f 2995/553/2995 2997/555/2997 3000/554/3000
f 2998/556/2998 2996/557/2996 2995/553/2995
f 3000/554/3000 3001/558/3001 2994/552/2994
f 2999/559/2999 3003/561/3003 3006/560/3006
f 3004/562/3004 3006/560/3006 3003/561/3003
f 3007/563/3007 3009/565/3009 3012/564/3012
f 3012/564/3012 3005/566/3005 3004/562/3004
f 3018/471/3018 3019/473/3019 3020/472/3020
# 1696 faces, 616 coords texture

# End of File
