<?xml version="1.0" encoding="utf-8"?>
<COLLADA xmlns="http://www.collada.org/2005/11/COLLADASchema" version="1.4.1">
  <asset>
    <contributor>
      <author>Blender User</author>
      <authoring_tool>Blender 2.78.0 commit date:2017-02-24, commit time:14:33, hash:e92f235283</authoring_tool>
    </contributor>
    <created>2018-06-15T10:28:51</created>
    <modified>2018-06-15T10:28:51</modified>
    <unit name="meter" meter="1"/>
    <up_axis>Z_UP</up_axis>
  </asset>
  <library_images/>
  <library_effects>
    <effect id="ad_base-effect">
      <profile_COMMON>
        <technique sid="common">
          <phong>
            <emission>
              <color sid="emission">0 0 0 1</color>
            </emission>
            <ambient>
              <color sid="ambient">0 0 0 1</color>
            </ambient>
            <diffuse>
              <color sid="diffuse">0.05221799 0.05221799 0.05221799 1</color>
            </diffuse>
            <specular>
              <color sid="specular">0.0101894 0.0101894 0.0101894 1</color>
            </specular>
            <index_of_refraction>
              <float sid="index_of_refraction">1</float>
            </index_of_refraction>
          </phong>
        </technique>
      </profile_COMMON>
    </effect>
  </library_effects>
  <library_materials>
    <material id="ad_base-material" name="ad_base">
      <instance_effect url="#ad_base-effect"/>
    </material>
  </library_materials>
  <library_geometries>
    <geometry id="mesh-a370b624-14ea-4992-894f-5387d21c470e-mesh" name="mesh-a370b624-14ea-4992-894f-5387d21c470e">
      <mesh>
        <source id="mesh-a370b624-14ea-4992-894f-5387d21c470e-mesh-positions">
          <float_array id="mesh-a370b624-14ea-4992-894f-5387d21c470e-mesh-positions-array" count="3831">5.996405 0 23.70671 6.349999 0 25.79612 5.866635 0 28.22616 4.490128 0 30.28625 2.43004 0 31.66276 5.539956 2.294725 23.70671 5.866635 2.43004 25.79612 5.420064 2.245064 28.22616 4.148337 1.718298 30.28625 2.245064 0.929936 31.66276 0 0 32.14612 4.240099 4.240099 23.70671 4.490128 4.490128 25.79612 4.148337 4.148337 28.22616 3.175 3.175 30.28625 1.718298 1.718298 31.66276 0 0 32.14612 2.294725 5.539956 23.70671 2.43004 5.866635 25.79612 2.245064 5.420064 28.22616 1.718298 4.148337 30.28625 0.929936 2.245064 31.66276 0 0 32.14612 0 5.996405 23.70671 0 6.349999 25.79612 0 5.866635 28.22616 0 4.490128 30.28625 0 2.43004 31.66276 0 0 32.14612 -2.294725 5.539956 23.70671 -2.43004 5.866635 25.79612 -2.245064 5.420064 28.22616 -1.718298 4.148337 30.28625 -0.929936 2.245064 31.66276 0 0 32.14612 -4.240099 4.240099 23.70671 -4.490128 4.490128 25.79612 -4.148337 4.148337 28.22616 -3.175 3.175 30.28625 -1.718298 1.718298 31.66276 0 0 32.14612 -5.539956 2.294725 23.70671 -5.866635 2.43004 25.79612 -5.420064 2.245064 28.22616 -4.148337 1.718298 30.28625 -2.245064 0.929936 31.66276 0 0 32.14612 -5.996405 0 23.70671 -6.349999 0 25.79612 -5.866635 0 28.22616 -4.490128 0 30.28625 -2.43004 0 31.66276 0 0 32.14612 -5.539956 -2.294725 23.70671 -5.866635 -2.43004 25.79612 -5.420064 -2.245064 28.22616 -4.148337 -1.718298 30.28625 -2.245064 -0.929936 31.66276 0 0 32.14612 -4.240099 -4.240099 23.70671 -4.490128 -4.490128 25.79612 -4.148337 -4.148337 28.22616 -3.175 -3.175 30.28625 -1.718298 -1.718298 31.66276 0 0 32.14612 -2.294725 -5.539956 23.70671 -2.43004 -5.866635 25.79612 -2.245064 -5.420064 28.22616 -1.718298 -4.148337 30.28625 -0.929936 -2.245064 31.66276 0 0 32.14612 0 -4.975 21.85 0 -5.996405 23.70671 0 -6.349999 25.79612 0 -5.866635 28.22616 0 -4.490128 30.28625 0 -2.43004 31.66276 0 0 32.14612 2.294725 -5.539956 23.70671 2.43004 -5.866635 25.79612 2.245064 -5.420064 28.22616 1.718298 -4.148337 30.28625 0.929936 -2.245064 31.66276 0 0 32.14612 4.240099 -4.240099 23.70671 4.490128 -4.490128 25.79612 4.148337 -4.148337 28.22616 3.175 -3.175 30.28625 1.718298 -1.718298 31.66276 0 0 32.14612 5.539956 -2.294725 23.70671 5.866635 -2.43004 25.79612 5.420064 -2.245064 28.22616 4.148337 -1.718298 30.28625 2.245064 -0.929936 31.66276 0 0 32.14612 4.975 0 21.85 5.996405 0 23.70671 6.349999 0 25.79612 5.866635 0 28.22616 4.490128 0 30.28625 2.43004 0 31.66276 0 0 32.14612 4.975 0 21.85 4.891944 0.9052662 21.85 4.625697 1.831271 21.85 4.164052 2.722368 21.85 3.517856 3.517856 21.85 2.722368 4.164052 21.85 1.831271 4.625697 21.85 0.9052662 4.891944 21.85 0 4.975 21.85 -0.9052662 4.891944 21.85 -1.831271 4.625697 21.85 -2.722368 4.164052 21.85 -3.517856 3.517856 21.85 -4.164052 2.722368 21.85 -4.625697 1.831271 21.85 -4.891944 0.9052662 21.85 -4.975 0 21.85 -4.891944 -0.9052662 21.85 -4.625697 -1.831271 21.85 -4.164052 -2.722368 21.85 -3.517856 -3.517856 21.85 -2.722368 -4.164052 21.85 -1.831271 -4.625697 21.85 -0.9052662 -4.891944 21.85 0.9052662 -4.891944 21.85 1.831271 -4.625697 21.85 2.722368 -4.164052 21.85 3.517856 -3.517856 21.85 4.164052 -2.722368 21.85 4.625697 -1.831271 21.85 4.891944 -0.9052662 21.85 1.831271 -4.625697 21.85 4.975 0 19.85 4.975 0 21.85 4.891944 -0.9052662 21.85 4.625697 -1.831271 21.85 4.164052 -2.722368 21.85 3.517856 -3.517856 21.85 2.722368 -4.164052 21.85 0.9052662 -4.891944 21.85 0 -4.975 21.85 -0.9052662 -4.891944 21.85 -1.831271 -4.625697 21.85 -2.722368 -4.164052 21.85 -3.517856 -3.517856 21.85 -4.164052 -2.722368 21.85 -4.625697 -1.831271 21.85 -4.891944 -0.9052662 21.85 -4.975 0 21.85 -4.891944 0.9052662 21.85 -4.625697 1.831271 21.85 -4.164052 2.722368 21.85 -3.517856 3.517856 21.85 -2.722368 4.164052 21.85 -1.831271 4.625697 21.85 -0.9052662 4.891944 21.85 0 4.975 21.85 0.9052662 4.891944 21.85 1.831271 4.625697 21.85 2.722368 4.164052 21.85 3.517856 3.517856 21.85 4.164052 2.722368 21.85 4.625697 1.831271 21.85 4.891944 0.9052662 21.85 4.975 0 21.85 4.975 0 19.85 4.891944 0.9052662 19.85 4.625697 1.831271 19.85 4.164052 2.722368 19.85 3.517856 3.517856 19.85 2.722368 4.164052 19.85 1.831271 4.625697 19.85 0.9052662 4.891944 19.85 0 4.975 19.85 -0.9052662 4.891944 19.85 -1.831271 4.625697 19.85 -2.722368 4.164052 19.85 -3.517856 3.517856 19.85 -4.164052 2.722368 19.85 -4.625697 1.831271 19.85 -4.891944 0.9052662 19.85 -4.975 0 19.85 -4.891944 -0.9052662 19.85 -4.625697 -1.831271 19.85 -4.164052 -2.722368 19.85 -3.517856 -3.517856 19.85 -2.722368 -4.164052 19.85 -1.831271 -4.625697 19.85 -0.9052662 -4.891944 19.85 0 -4.975 19.85 0.905266 -4.891944 19.85 1.831271 -4.625697 19.85 2.722368 -4.164053 19.85 3.517856 -3.517856 19.85 4.164052 -2.722369 19.85 4.625696 -1.831272 19.85 4.891944 -0.9052664 19.85 -6.54288e-7 39.12981 0 -6.54288e-7 39.12981 8 -8.3934 38.219 0 -8.3934 38.219 8 -16.39606 35.52901 0 -16.39606 35.52901 8 -16.39606 35.52901 4 -12.47924 37.08652 8 -4.209018 38.90277 8 -6.54288e-7 39.12981 4 -16.39606 35.52901 0 -16.39606 35.52901 8 -19.01864 34.75134 0 -19.01864 34.75134 8 -21.87729 34.76978 0 -21.87729 34.76978 8 -24.60172 35.63564 0 -24.60172 35.63564 8 -26.8556 37.1857 0 -26.8556 37.1857 8 -16.39606 35.52901 4 -26.8556 37.1857 4 -26.8556 37.1857 0 -26.8556 37.1857 8 -29.15415 38.62645 0 -29.15415 38.62645 8 -31.81981 39.12981 0 -31.81981 39.12981 8 -33.86426 38.83808 0 -33.86426 38.83808 8 -35.82178 37.93702 0 -35.82178 37.93702 8 -37.4315 36.50435 0 -37.4315 36.50435 8 -38.51773 34.74792 0 -38.51773 34.74792 8 -39.06937 32.7578 0 -39.06937 32.7578 8 -39.02787 30.60326 0 -39.02787 30.60326 8 -38.35995 28.55444 0 -38.35995 28.55444 8 -37.1857 26.8556 0 -37.1857 26.8556 8 -26.8556 37.1857 4 -37.1857 26.8556 4 -37.1857 26.8556 0 -37.1857 26.8556 8 -35.63564 24.60172 8 -34.76978 21.87729 0 -34.76978 21.87729 8 -34.75134 19.01864 0 -34.75134 19.01864 8 -35.52901 16.39606 0 -35.52901 16.39606 8 -37.1857 26.8556 4 -35.52901 16.39606 4 -35.52901 16.39606 0 -35.52901 16.39606 8 -38.19743 8.491042 0 -38.19743 8.491042 8 -39.12981 0 0 -39.12981 0 8 -38.19743 -8.491042 0 -38.19743 -8.491042 8 -35.52901 -16.39606 0 -35.52901 -16.39606 8 -35.52901 16.39606 4 -35.52901 -16.39606 4 -37.06275 -12.54967 8 -38.89461 -4.283798 8 -38.89461 4.283798 8 -37.06275 12.54967 8 -35.52901 -16.39606 0 -35.52901 -16.39606 8 -34.75134 -19.01864 0 -34.75134 -19.01864 8 -34.76978 -21.87729 0 -34.76978 -21.87729 8 -35.63564 -24.60172 0 -35.63564 -24.60172 8 -37.1857 -26.8556 0 -37.1857 -26.8556 8 -35.52901 -16.39606 4 -37.1857 -26.8556 4 -37.1857 -26.8556 0 -37.1857 -26.8556 8 -38.61342 -29.12113 0 -38.61342 -29.12113 8 -39.12842 -31.96185 0 -39.12842 -31.96185 8 -38.50343 -34.78041 0 -38.50343 -34.78041 8 -36.98876 -36.98875 0 -36.98876 -36.98875 8 -34.78041 -38.50343 0 -34.78041 -38.50343 8 -31.96185 -39.12842 0 -31.96185 -39.12842 8 -29.12113 -38.61342 0 -29.12113 -38.61342 8 -26.8556 -37.18569 0 -26.8556 -37.18569 8 -37.1857 -26.8556 4 -26.8556 -37.18569 4 -26.8556 -37.18569 0 -26.8556 -37.18569 8 -23.86058 -35.30839 0 -23.86058 -35.30839 8 -20.3872 -34.65251 0 -20.3872 -34.65251 8 -16.39606 -35.52901 0 -16.39606 -35.52901 8 -26.8556 -37.18569 4 -16.39606 -35.52901 4 -16.39606 -35.52901 0 -16.39606 -35.52901 8 -8.491043 -38.19743 8 -6.47886e-7 -39.12981 0 -6.47886e-7 -39.12981 8 8.491041 -38.19743 0 8.491041 -38.19743 8 16.39606 -35.52901 0 16.39606 -35.52901 8 -16.39606 -35.52901 4 16.39606 -35.52901 4 12.54967 -37.06275 8 4.283797 -38.89461 8 -4.283799 -38.89461 8 -12.54967 -37.06275 8 16.39606 -35.52901 0 16.39606 -35.52901 8 20.3872 -34.65251 0 20.3872 -34.65251 8 23.86057 -35.30839 0 23.86057 -35.30839 8 26.8556 -37.18569 0 26.8556 -37.18569 8 16.39606 -35.52901 4 26.8556 -37.18569 4 26.8556 -37.18569 0 26.8556 -37.18569 8 29.12113 -38.61342 0 29.12113 -38.61342 8 31.96185 -39.12842 0 31.96185 -39.12842 8 34.78041 -38.50343 0 34.78041 -38.50343 8 36.98875 -36.98875 0 36.98875 -36.98875 8 38.50343 -34.78041 0 38.50343 -34.78041 8 39.12842 -31.96185 0 39.12842 -31.96185 8 38.61342 -29.12113 0 38.61342 -29.12113 8 37.18569 -26.8556 0 37.18569 -26.8556 8 26.8556 -37.18569 4 37.18569 -26.8556 4 37.18569 -26.8556 0 37.18569 -26.8556 8 35.63564 -24.60172 8 34.76978 -21.87729 0 34.76978 -21.87729 8 34.75134 -19.01864 0 34.75134 -19.01864 8 35.52901 -16.39606 0 35.52901 -16.39606 8 37.18569 -26.8556 4 35.52901 -16.39606 4 35.52901 -16.39606 0 35.52901 -16.39606 8 38.19743 -8.491042 0 38.19743 -8.491042 8 39.1298 0 0 38.19743 8.491042 0 38.19743 8.491042 8 35.52901 16.39606 0 35.52901 16.39606 8 35.52901 -16.39606 4 35.52901 16.39606 4 37.06275 12.54967 8 38.89461 4.283798 8 39.1298 0 8 38.89461 -4.283798 8 37.06275 -12.54967 8 35.52901 16.39606 0 35.52901 16.39606 8 34.75134 19.01864 0 34.75134 19.01864 8 34.76978 21.87729 0 34.76978 21.87729 8 35.63564 24.60172 0 37.18569 26.8556 0 37.18569 26.8556 8 35.52901 16.39606 4 37.18569 26.8556 4 37.18569 26.8556 0 37.18569 26.8556 8 38.35995 28.55444 0 38.35995 28.55444 8 39.02786 30.60326 0 39.02786 30.60326 8 39.06937 32.7578 0 39.06937 32.7578 8 38.51773 34.74792 0 38.51773 34.74792 8 37.4315 36.50435 0 37.4315 36.50435 8 35.82177 37.93702 0 35.82177 37.93702 8 33.86426 38.83808 0 33.86426 38.83808 8 31.81981 39.12981 0 31.81981 39.12981 8 29.15415 38.62645 0 29.15415 38.62645 8 26.8556 37.1857 0 26.8556 37.1857 8 37.18569 26.8556 4 26.8556 37.1857 4 26.8556 37.1857 0 26.8556 37.1857 8 24.60172 35.63564 0 24.60172 35.63564 8 21.87729 34.76978 0 21.87729 34.76978 8 19.01864 34.75134 0 19.01864 34.75134 8 16.39606 35.52901 0 16.39606 35.52901 8 26.8556 37.1857 4 16.39606 35.52901 4 16.39606 35.52901 0 16.39606 35.52901 8 8.393398 38.219 0 8.393398 38.219 8 -6.54288e-7 39.12981 0 -6.54288e-7 39.12981 8 -6.54288e-7 39.12981 4 16.39606 35.52901 4 4.209016 38.90277 8 12.47923 37.08652 8 16.39606 -35.52901 8 20.3872 -34.65251 8 23.86057 -35.30839 8 26.8556 -37.18569 8 29.12113 -38.61342 8 31.96185 -39.12842 8 34.78041 -38.50343 8 36.98875 -36.98875 8 38.50343 -34.78041 8 39.12842 -31.96185 8 38.61342 -29.12113 8 37.18569 -26.8556 8 35.63564 -24.60172 8 34.76978 -21.87729 8 34.75134 -19.01864 8 35.52901 -16.39606 8 32.75147 -21.41221 8 27.66895 -27.66895 8 -35.52901 -16.39606 8 -34.75134 -19.01864 8 -34.76978 -21.87729 8 -35.63564 -24.60172 8 -37.1857 -26.8556 8 -38.61342 -29.12113 8 -39.12842 -31.96185 8 -38.50343 -34.78041 8 -36.98876 -36.98875 8 -34.78041 -38.50343 8 -31.96185 -39.12842 8 -29.12113 -38.61342 8 -26.8556 -37.18569 8 -23.86058 -35.30839 8 -20.3872 -34.65251 8 -16.39606 -35.52901 8 -21.41221 -32.75147 8 -27.66895 -27.66895 8 -16.39606 35.52901 8 -19.01864 34.75134 8 -21.87729 34.76978 8 -24.60172 35.63564 8 -26.8556 37.1857 8 -29.15415 38.62645 8 -31.81981 39.12981 8 -33.86426 38.83808 8 -35.82178 37.93702 8 -37.4315 36.50435 8 -38.51773 34.74792 8 -39.06937 32.7578 8 -39.02787 30.60326 8 -38.35995 28.55444 8 -37.1857 26.8556 8 -35.63564 24.60172 8 -34.76978 21.87729 8 -34.75134 19.01864 8 -35.52901 16.39606 8 -32.75147 21.41221 8 -27.66895 27.66895 8 35.52901 16.39606 8 34.75134 19.01864 8 34.76978 21.87729 8 37.18569 26.8556 8 38.35995 28.55444 8 39.02786 30.60326 8 39.06937 32.7578 8 38.51773 34.74792 8 37.4315 36.50435 8 35.82177 37.93702 8 33.86426 38.83808 8 31.81981 39.12981 8 29.15415 38.62645 8 26.8556 37.1857 8 24.60172 35.63564 8 21.87729 34.76978 8 19.01864 34.75134 8 16.39606 35.52901 8 21.41221 32.75147 8 27.66895 27.66895 8 -6.54288e-7 39.12981 8 -27.66895 27.66895 8 -32.75147 21.41221 8 -27.66895 -27.66895 8 -21.41221 -32.75147 8 27.66895 -27.66895 8 32.75147 -21.41221 8 27.66895 27.66895 8 21.41221 32.75147 8 14.40347 36.38243 12 -6.54288e-7 39.12981 8 -6.54288e-7 39.12981 12 -4.209018 38.90277 8 -8.3934 38.219 8 -12.47924 37.08652 8 -16.39606 35.52901 8 -35.52901 16.39606 8 -37.06275 12.54967 8 -38.19743 8.491042 8 -38.89461 4.283798 8 -39.12981 0 8 -38.89461 -4.283798 8 -38.19743 -8.491042 8 -37.06275 -12.54967 8 -35.52901 -16.39606 8 -16.39606 -35.52901 8 -12.54967 -37.06275 8 -8.491043 -38.19743 8 -4.283799 -38.89461 8 -6.47886e-7 -39.12981 8 4.283797 -38.89461 8 8.491041 -38.19743 8 12.54967 -37.06275 8 16.39606 -35.52901 8 35.52901 -16.39606 8 37.06275 -12.54967 8 38.19743 -8.491042 8 38.89461 -4.283798 8 39.1298 0 8 38.89461 4.283798 8 38.19743 8.491042 8 37.06275 12.54967 8 35.52901 16.39606 8 16.39606 35.52901 8 12.47923 37.08652 8 8.393398 38.219 8 4.209016 38.90277 8 3.515986 38.97152 12 7.120178 38.47655 12 10.76689 37.61935 12 17.97211 34.75838 12 21.41221 32.75147 12 24.66344 30.37855 12 27.66895 27.66895 12 30.37855 24.66344 12 32.75147 21.41221 12 34.75838 17.97211 12 36.38243 14.40347 12 37.61935 10.76689 12 38.47655 7.120179 12 38.97152 3.515987 12 39.1298 0 12 38.97152 -3.515987 12 38.47655 -7.120179 12 37.61935 -10.76689 12 36.38243 -14.40347 12 34.75838 -17.97211 12 32.75147 -21.41221 12 30.37855 -24.66344 12 27.66895 -27.66895 12 24.66344 -30.37855 12 21.41221 -32.75147 12 17.97211 -34.75838 12 14.40347 -36.38243 12 10.76689 -37.61935 12 7.120178 -38.47655 12 3.515986 -38.97152 12 -6.56715e-7 -39.12981 12 -3.515987 -38.97152 12 -7.120179 -38.47655 12 -10.76689 -37.61935 12 -14.40347 -36.38243 12 -17.97211 -34.75838 12 -21.41221 -32.75147 12 -24.66344 -30.37855 12 -27.66895 -27.66895 12 -30.37855 -24.66344 12 -32.75147 -21.41221 12 -34.75838 -17.97211 12 -36.38243 -14.40347 12 -37.61935 -10.76689 12 -38.47655 -7.120179 12 -38.97152 -3.515987 12 -39.12981 0 12 -38.97152 3.515987 12 -38.47655 7.120179 12 -37.61935 10.76689 12 -36.38243 14.40347 12 -34.75838 17.97211 12 -32.75147 21.41221 12 -30.37855 24.66344 12 -27.66895 27.66895 12 -24.66344 30.37855 12 -21.41221 32.75147 12 -17.97211 34.75838 12 -14.40347 36.38243 12 -10.76689 37.61935 12 -7.120179 38.47655 12 -3.515987 38.97152 12 -6.54288e-7 39.12981 12 -28.59741 -19.06495 13 -28.59741 -9.532493 13 -28.59741 -3.31681e-5 13 -28.59741 9.532427 13 -28.59741 19.06489 13 -19.06494 -28.59741 13 -19.06494 -19.06495 13 -19.06494 -9.532493 13 -19.06494 -3.31681e-5 13 -19.06494 9.532427 13 -19.06494 19.06489 13 -19.06494 28.59735 13 -9.532469 -28.59741 13 -9.532469 -19.06495 13 -9.532469 -9.532493 13 -9.532469 9.532427 13 -9.532469 19.06489 13 -9.532469 28.59735 13 -7.00025e-7 -28.59741 13 -7.00025e-7 -19.06495 13 -7.00025e-7 -9.532493 13 -7.00025e-7 9.532427 13 -7.00025e-7 19.06489 13 -7.00025e-7 28.59735 13 9.532467 -28.59741 13 9.532467 -19.06495 13 9.532467 -9.532493 13 9.532467 9.532427 13 9.532467 19.06489 13 9.532467 28.59735 13 19.06494 -28.59741 13 19.06494 -19.06495 13 19.06494 -9.532493 13 19.06494 -3.31681e-5 13 19.06494 9.532427 13 19.06494 19.06489 13 19.06494 28.59735 13 28.5974 -19.06495 13 28.5974 -9.532493 13 28.5974 -3.31681e-5 13 28.5974 9.532427 13 28.5974 19.06489 13 -6.54319e-7 38.12981 13 -7.144211 37.45458 13 -14.0354 35.45272 13 -20.93367 31.86959 13 -26.96191 26.96191 13 -31.86958 20.93367 13 -35.45272 14.03541 13 -37.45459 7.144219 13 -38.12987 6.3913e-6 13 -37.45459 -7.144216 13 -35.45272 -14.0354 13 -31.86959 -20.93367 13 -26.9619 -26.9619 13 -20.93368 -31.86958 13 -14.03541 -35.45272 13 -7.144221 -37.45459 13 -6.81512e-6 -38.12987 13 7.144216 -37.45459 13 14.0354 -35.45272 13 20.93367 -31.86959 13 26.9619 -26.9619 13 31.86958 -20.93368 13 35.45272 -14.03541 13 37.45458 -7.144219 13 38.12987 -6.15853e-6 13 37.45459 7.144216 13 35.45272 14.0354 13 31.86959 20.93367 13 26.9619 26.9619 13 20.93368 31.86959 13 14.03541 35.45273 13 7.144216 37.45458 13 4.113621 -7.125 13 0 -7.125 13 -4.113621 -7.125 13 -6.170431 -3.5625 13 -8.227242 0 13 8.227242 0 13 6.170431 -3.5625 13 4.113621 7.125 13 6.170431 3.5625 13 -4.113621 7.125 13 -3.53627 7.125 13 0.2886751 7.125 13 -6.314769 3.3125 13 -4.402296 6.625 13 -6.54288e-7 39.12981 12 -6.5429e-7 39.05959 12.36809 -6.54297e-7 38.83691 12.70711 -6.54308e-7 38.4979 12.92979 -6.54319e-7 38.12981 13 -7.318421 38.3679 12.36809 -7.276699 38.14916 12.70711 -7.213179 37.81615 12.92979 -7.144211 37.45458 13 -14.37766 36.31723 12.36809 -14.29569 36.11018 12.70711 -14.1709 35.79497 12.92979 -14.0354 35.45272 13 -21.44413 32.64672 12.36809 -21.32188 32.4606 12.70711 -21.13576 32.17725 12.92979 -20.93367 31.86959 13 -27.61937 27.61937 12.36809 -27.46191 27.46191 12.70711 -27.22219 27.22219 12.92979 -26.96191 26.96191 13 -32.64672 21.44414 12.36809 -32.4606 21.32188 12.70711 -32.17724 21.13576 12.92979 -31.86958 20.93367 13 -36.31723 14.37766 12.36809 -36.11018 14.29569 12.70711 -35.79497 14.1709 12.92979 -35.45272 14.03541 13 -38.36791 7.318429 12.36809 -38.14917 7.276707 12.70711 -37.81616 7.213188 12.92979 -37.45459 7.144219 13 -39.05966 6.54674e-6 12.36809 -38.83698 6.50948e-6 12.70711 -38.49797 6.4528e-6 12.92979 -38.12987 6.3913e-6 13 -38.36791 -7.318427 12.36809 -38.14918 -7.276704 12.70711 -37.81617 -7.213185 12.92979 -37.45459 -7.144216 13 -36.31723 -14.37765 12.36809 -36.11018 -14.29568 12.70711 -35.79497 -14.1709 12.92979 -35.45272 -14.0354 13 -32.64673 -21.44413 12.36809 -32.4606 -21.32188 12.70711 -32.17725 -21.13576 12.92979 -31.86959 -20.93367 13 -27.61937 -27.61937 12.36809 -27.46191 -27.46191 12.70711 -27.22219 -27.22219 12.92979 -26.9619 -26.9619 13 -21.44414 -32.64672 12.36809 -21.32188 -32.4606 12.70711 -21.13577 -32.17724 12.92979 -20.93368 -31.86958 13 -14.37766 -36.31723 12.36809 -14.29569 -36.11018 12.70711 -14.1709 -35.79497 12.92979 -14.03541 -35.45272 13 -7.318431 -38.36791 12.36809 -7.276708 -38.14917 12.70711 -7.213189 -37.81616 12.92979 -7.144221 -37.45459 13 -6.96489e-6 -39.05966 12.36809 -6.929e-6 -38.83698 12.70711 -6.87439e-6 -38.49797 12.92979 -6.81512e-6 -38.12987 13 7.318426 -38.36791 12.36809 7.276703 -38.14918 12.70711 7.213184 -37.81617 12.92979 7.144216 -37.45459 13 14.37765 -36.31723 12.36809 14.29568 -36.11018 12.70711 14.1709 -35.79497 12.92979 14.0354 -35.45272 13 21.44413 -32.64673 12.36809 21.32188 -32.4606 12.70711 21.13576 -32.17725 12.92979 20.93367 -31.86959 13 27.61936 -27.61937 12.36809 27.46191 -27.46191 12.70711 27.22219 -27.22219 12.92979 26.9619 -26.9619 13 32.64672 -21.44414 12.36809 32.4606 -21.32188 12.70711 32.17724 -21.13576 12.92979 31.86958 -20.93368 13 36.31723 -14.37766 12.36809 36.11018 -14.29569 12.70711 35.79497 -14.1709 12.92979 35.45272 -14.03541 13 38.36791 -7.31843 12.36809 38.14917 -7.276707 12.70711 37.81616 -7.213188 12.92979 37.45458 -7.144219 13 39.05966 -6.30865e-6 12.36809 38.83698 -6.27271e-6 12.70711 38.49797 -6.21797e-6 12.92979 38.12987 -6.15853e-6 13 38.36791 7.318426 12.36809 38.14918 7.276704 12.70711 37.81616 7.213185 12.92979 37.45459 7.144216 13 36.31723 14.37765 12.36809 36.11017 14.29568 12.70711 35.79497 14.1709 12.92979 35.45272 14.0354 13 32.64673 21.44413 12.36809 32.4606 21.32188 12.70711 32.17725 21.13576 12.92979 31.86959 20.93367 13 27.61936 27.61937 12.36809 27.46191 27.46191 12.70711 27.22219 27.22219 12.92979 26.9619 26.9619 13 21.44414 32.64672 12.36809 21.32188 32.4606 12.70711 21.13576 32.17725 12.92979 20.93368 31.86959 13 14.37766 36.31724 12.36809 14.29569 36.11019 12.70711 14.1709 35.79498 12.92979 14.03541 35.45273 13 7.318426 38.36791 12.36809 7.276703 38.14917 12.70711 7.213184 37.81616 12.92979 7.144216 37.45458 13 -6.54288e-7 39.12981 12 -6.5429e-7 39.05959 12.36809 -6.54297e-7 38.83691 12.70711 -6.54308e-7 38.4979 12.92979 -6.54319e-7 38.12981 13 -3.515987 38.97152 12 -7.120179 38.47655 12 -10.76689 37.61935 12 -14.40347 36.38243 12 -17.97211 34.75838 12 -21.41221 32.75147 12 -24.66344 30.37855 12 -27.66895 27.66895 12 -30.37855 24.66344 12 -32.75147 21.41221 12 -34.75838 17.97211 12 -36.38243 14.40347 12 -37.61935 10.76689 12 -38.47655 7.120179 12 -38.97152 3.515987 12 -39.12981 0 12 -38.97152 -3.515987 12 -38.47655 -7.120179 12 -37.61935 -10.76689 12 -36.38243 -14.40347 12 -34.75838 -17.97211 12 -32.75147 -21.41221 12 -30.37855 -24.66344 12 -27.66895 -27.66895 12 -24.66344 -30.37855 12 -21.41221 -32.75147 12 -17.97211 -34.75838 12 -14.40347 -36.38243 12 -10.76689 -37.61935 12 -7.120179 -38.47655 12 -3.515987 -38.97152 12 -6.56715e-7 -39.12981 12 3.515986 -38.97152 12 7.120178 -38.47655 12 10.76689 -37.61935 12 14.40347 -36.38243 12 17.97211 -34.75838 12 21.41221 -32.75147 12 24.66344 -30.37855 12 27.66895 -27.66895 12 30.37855 -24.66344 12 32.75147 -21.41221 12 34.75838 -17.97211 12 36.38243 -14.40347 12 37.61935 -10.76689 12 38.47655 -7.120179 12 38.97152 -3.515987 12 39.1298 0 12 38.97152 3.515987 12 38.47655 7.120179 12 37.61935 10.76689 12 36.38243 14.40347 12 34.75838 17.97211 12 32.75147 21.41221 12 30.37855 24.66344 12 27.66895 27.66895 12 24.66344 30.37855 12 21.41221 32.75147 12 17.97211 34.75838 12 14.40347 36.38243 12 10.76689 37.61935 12 7.120178 38.47655 12 3.515986 38.97152 12 -27.94986 -27.94986 0 -27.94986 -16.76992 0 -27.94986 -5.589972 0 -27.94986 5.589972 0 -27.94986 16.76992 0 -27.94986 27.94986 0 -16.76992 -27.94986 0 -16.76992 -16.76992 0 -16.76992 -5.589972 0 -16.76992 5.589972 0 -16.76992 16.76992 0 -16.76992 27.94986 0 -5.589973 -27.94986 0 -5.589973 -16.76992 0 -5.589973 -5.589972 0 -5.589973 5.589972 0 -5.589973 16.76992 0 -5.589973 27.94986 0 5.589972 -27.94986 0 5.589972 -16.76992 0 5.589972 -5.589972 0 5.589972 5.589972 0 5.589972 16.76992 0 5.589972 27.94986 0 16.76992 -27.94986 0 16.76992 -16.76992 0 16.76992 -5.589972 0 16.76992 5.589972 0 16.76992 16.76992 0 16.76992 27.94986 0 27.94986 -27.94986 0 27.94986 -16.76992 0 27.94986 -5.589972 0 27.94986 5.589972 0 27.94986 16.76992 0 27.94986 27.94986 0 -6.54288e-7 39.12981 0 -8.3934 38.219 0 -16.39606 35.52901 0 -19.01864 34.75134 0 -21.87729 34.76978 0 -24.60172 35.63564 0 -26.8556 37.1857 0 -29.15415 38.62645 0 -31.81981 39.12981 0 -33.86426 38.83808 0 -35.82178 37.93702 0 -37.4315 36.50435 0 -38.51773 34.74792 0 -39.06937 32.7578 0 -39.02787 30.60326 0 -38.35995 28.55444 0 -37.1857 26.8556 0 -34.76978 21.87729 0 -34.75134 19.01864 0 -35.52901 16.39606 0 -38.19743 8.491042 0 -39.12981 0 0 -38.19743 -8.491042 0 -35.52901 -16.39606 0 -34.75134 -19.01864 0 -34.76978 -21.87729 0 -35.63564 -24.60172 0 -37.1857 -26.8556 0 -38.61342 -29.12113 0 -39.12842 -31.96185 0 -38.50343 -34.78041 0 -36.98876 -36.98875 0 -34.78041 -38.50343 0 -31.96185 -39.12842 0 -29.12113 -38.61342 0 -26.8556 -37.18569 0 -23.86058 -35.30839 0 -20.3872 -34.65251 0 -16.39606 -35.52901 0 -6.47886e-7 -39.12981 0 8.491041 -38.19743 0 16.39606 -35.52901 0 20.3872 -34.65251 0 23.86057 -35.30839 0 26.8556 -37.18569 0 29.12113 -38.61342 0 31.96185 -39.12842 0 34.78041 -38.50343 0 36.98875 -36.98875 0 38.50343 -34.78041 0 39.12842 -31.96185 0 38.61342 -29.12113 0 37.18569 -26.8556 0 34.76978 -21.87729 0 34.75134 -19.01864 0 35.52901 -16.39606 0 38.19743 -8.491042 0 39.1298 0 0 38.19743 8.491042 0 35.52901 16.39606 0 34.75134 19.01864 0 34.76978 21.87729 0 35.63564 24.60172 0 37.18569 26.8556 0 38.35995 28.55444 0 39.02786 30.60326 0 39.06937 32.7578 0 38.51773 34.74792 0 37.4315 36.50435 0 35.82177 37.93702 0 33.86426 38.83808 0 31.81981 39.12981 0 29.15415 38.62645 0 26.8556 37.1857 0 24.60172 35.63564 0 21.87729 34.76978 0 19.01864 34.75134 0 16.39606 35.52901 0 8.393398 38.219 0 -8.227242 0 13 -8.227242 0 18.85 -4.113621 -7.125 13 -4.113621 -7.125 18.85 -6.170431 -3.5625 13 -8.227242 0 15.925 -6.170431 -3.5625 18.85 -4.113621 -7.125 13 -4.113621 -7.125 18.85 4.113621 -7.125 13 4.113621 -7.125 18.85 0 -7.125 13 0 -7.125 18.85 4.113621 -7.125 13 8.227242 0 13 8.227242 0 18.85 4.113621 -7.125 18.85 6.170431 -3.5625 13 6.170431 -3.5625 18.85 8.227242 0 13 8.227242 0 18.85 4.113621 7.125 13 6.170431 3.5625 13 4.113621 7.125 18.85 6.170431 3.5625 18.85 4.113621 7.125 13 4.113621 7.125 18.85 -4.113621 7.125 13 -4.113621 7.125 18.85 -4.113621 7.125 15.925 0.2886751 7.125 13 -3.53627 7.125 13 0 7.125 18.85 -4.113621 7.125 13 -4.113621 7.125 18.85 -8.227242 0 13 -8.227242 0 18.85 -8.227242 0 15.925 -4.113621 7.125 15.925 -4.402296 6.625 13 -6.314769 3.3125 13 4.975 0 19.85 4.891944 -0.9052664 19.85 4.625696 -1.831272 19.85 4.164052 -2.722369 19.85 3.517856 -3.517856 19.85 2.722368 -4.164053 19.85 1.831271 -4.625697 19.85 0.905266 -4.891944 19.85 0 -4.975 19.85 -0.9052662 -4.891944 19.85 -1.831271 -4.625697 19.85 -2.722368 -4.164052 19.85 -3.517856 -3.517856 19.85 -4.164052 -2.722368 19.85 -4.625697 -1.831271 19.85 -4.891944 -0.9052662 19.85 -4.975 0 19.85 -4.891944 0.9052662 19.85 -4.625697 1.831271 19.85 -4.164052 2.722368 19.85 -3.517856 3.517856 19.85 -2.722368 4.164052 19.85 -1.831271 4.625697 19.85 -0.9052662 4.891944 19.85 0 4.975 19.85 0.9052662 4.891944 19.85 1.831271 4.625697 19.85 2.722368 4.164052 19.85 3.517856 3.517856 19.85 4.164052 2.722368 19.85 4.625697 1.831271 19.85 4.891944 0.9052662 19.85 3.53627 6.125 19.85 2.121762 6.125 19.85 0.707254 6.125 19.85 -0.707254 6.125 19.85 -2.121762 6.125 19.85 -3.53627 6.125 19.85 -3.53627 -6.125 19.85 -2.121762 -6.125 19.85 -0.707254 -6.125 19.85 0.707254 -6.125 19.85 2.121762 -6.125 19.85 -7.072541 0 19.85 -6.365286 -1.225 19.85 -5.658032 -2.45 19.85 -4.950778 -3.675 19.85 -4.243525 -4.9 19.85 3.53627 -6.125 19.85 4.243525 -4.9 19.85 4.950778 -3.675 19.85 5.658032 -2.45 19.85 6.365286 -1.225 19.85 7.072541 0 19.85 6.365286 1.225 19.85 5.658032 2.45 19.85 4.950778 3.675 19.85 4.243525 4.9 19.85 5.051815 -0.8750001 19.85 5.051815 2.625 19.85 -8.227242 0 18.85 -6.170431 -3.5625 18.85 -4.113621 -7.125 18.85 -4.106055 -7.111896 19.01136 -4.081898 -7.070054 19.17691 -4.03987 -6.997261 19.33904 -3.980291 -6.894067 19.48917 -3.905294 -6.764167 19.61907 -3.818619 -6.614041 19.72226 -3.725014 -6.451914 19.79505 -3.62943 -6.286356 19.8369 -3.53627 -6.125 19.85 -4.243525 -4.9 19.85 -4.950778 -3.675 19.85 -5.658032 -2.45 19.85 -6.365286 -1.225 19.85 -7.072541 0 19.85 -7.258859 0 19.8369 -7.450028 0 19.79505 -7.637238 0 19.72226 -7.810588 0 19.61907 -7.960583 0 19.48917 -8.079741 0 19.33904 -8.163796 0 19.17691 -8.212111 0 19.01136 -4.113621 -7.125 18.85 0 -7.125 18.85 4.113621 -7.125 18.85 3.53627 -6.125 19.85 2.121762 -6.125 19.85 0.707254 -6.125 19.85 -0.707254 -6.125 19.85 -2.121762 -6.125 19.85 -3.53627 -6.125 19.85 -3.62943 -6.286356 19.8369 -3.725014 -6.451914 19.79505 -3.818619 -6.614041 19.72226 -3.905294 -6.764167 19.61907 -3.980291 -6.894067 19.48917 -4.03987 -6.997261 19.33904 -4.081898 -7.070054 19.17691 -4.106055 -7.111896 19.01136 4.106055 -7.111896 19.01136 4.081898 -7.070054 19.17691 4.03987 -6.997261 19.33904 3.980291 -6.894067 19.48917 3.905294 -6.764167 19.61907 3.818619 -6.614041 19.72226 3.725014 -6.451914 19.79505 3.62943 -6.286356 19.8369 4.113621 -7.125 18.85 6.170431 -3.5625 18.85 8.227242 0 18.85 3.53627 -6.125 19.85 3.62943 -6.286356 19.8369 3.725014 -6.451914 19.79505 3.818619 -6.614041 19.72226 3.905294 -6.764167 19.61907 3.980291 -6.894067 19.48917 4.03987 -6.997261 19.33904 4.081898 -7.070054 19.17691 4.106055 -7.111896 19.01136 8.212111 0 19.01136 8.163796 0 19.17691 8.079741 0 19.33904 7.960583 0 19.48917 7.810588 0 19.61907 7.637238 0 19.72226 7.450028 0 19.79505 7.258859 0 19.8369 7.072541 0 19.85 6.365286 -1.225 19.85 5.658032 -2.45 19.85 4.950778 -3.675 19.85 4.243525 -4.9 19.85 8.227242 0 18.85 6.170431 3.5625 18.85 4.113621 7.125 18.85 7.072541 0 19.85 7.258859 0 19.8369 7.450028 0 19.79505 7.637238 0 19.72226 7.810588 0 19.61907 7.960583 0 19.48917 8.079741 0 19.33904 8.163796 0 19.17691 8.212111 0 19.01136 4.106055 7.111896 19.01136 4.081898 7.070054 19.17691 4.03987 6.997261 19.33904 3.980291 6.894067 19.48917 3.905294 6.764167 19.61907 3.818619 6.614041 19.72226 3.725014 6.451914 19.79505 3.62943 6.286356 19.8369 3.53627 6.125 19.85 4.243525 4.9 19.85 4.950778 3.675 19.85 5.658032 2.45 19.85 6.365286 1.225 19.85 4.113621 7.125 18.85 0 7.125 18.85 -4.113621 7.125 18.85 -3.53627 6.125 19.85 -2.121762 6.125 19.85 -0.707254 6.125 19.85 0.707254 6.125 19.85 2.121762 6.125 19.85 3.53627 6.125 19.85 3.62943 6.286356 19.8369 3.725014 6.451914 19.79505 3.818619 6.614041 19.72226 3.905294 6.764167 19.61907 3.980291 6.894067 19.48917 4.03987 6.997261 19.33904 4.081898 7.070054 19.17691 4.106055 7.111896 19.01136 -4.106055 7.111896 19.01136 -4.081898 7.070054 19.17691 -4.03987 6.997261 19.33904 -3.980291 6.894067 19.48917 -3.905294 6.764167 19.61907 -3.818619 6.614041 19.72226 -3.725014 6.451914 19.79505 -3.62943 6.286356 19.8369 -4.113621 7.125 18.85 -8.227242 0 18.85 -3.53627 6.125 19.85 -3.62943 6.286356 19.8369 -3.725014 6.451914 19.79505 -3.818619 6.614041 19.72226 -3.905294 6.764167 19.61907 -3.980291 6.894067 19.48917 -4.03987 6.997261 19.33904 -4.081898 7.070054 19.17691 -4.106055 7.111896 19.01136 -8.212111 0 19.01136 -8.163796 0 19.17691 -8.079741 0 19.33904 -7.960583 0 19.48917 -7.810588 0 19.61907 -7.637238 0 19.72226 -7.450028 0 19.79505 -7.258859 0 19.8369 -7.072541 0 19.85</float_array>
          <technique_common>
            <accessor source="#mesh-a370b624-14ea-4992-894f-5387d21c470e-mesh-positions-array" count="1277" stride="3">
              <param name="X" type="float"/>
              <param name="Y" type="float"/>
              <param name="Z" type="float"/>
            </accessor>
          </technique_common>
        </source>
        <source id="mesh-a370b624-14ea-4992-894f-5387d21c470e-mesh-normals">
          <float_array id="mesh-a370b624-14ea-4992-894f-5387d21c470e-mesh-normals-array" count="2304">0.9237867 0.3826501 0.0140388 0.9806975 0.1950469 0.01376402 0.8784549 0.3638154 -0.3097664 0.8567065 0.3548476 0.3743494 0.9119044 0.1813737 0.3681493 0.6641275 0.2750997 0.6951655 0.7116235 0.1415495 0.688154 0.3723911 0.1542423 0.915169 0.4017824 0.07989865 0.9122429 0.1949239 0.03875893 0.9800522 0.7070372 0.7070372 0.0140388 0.6722826 0.6722826 -0.3099555 0.6556893 0.6556893 0.3743569 0.5083002 0.5083002 0.6951704 0.2850153 0.2850153 0.9151681 0.1652592 0.110417 0.9800498 0.3826501 0.9237867 0.0140388 0.3548476 0.8567065 0.3743494 0.2750997 0.6641275 0.6951655 0.1542423 0.3723911 0.915169 0.110417 0.1652592 0.9800498 0 0.9999015 0.0140388 0.3638154 0.8784549 -0.3097664 0 0.9272891 0.374346 0 0.7188491 0.6951662 0 0.4030894 0.9151607 0.03875893 0.1949239 0.9800522 -0.3826501 0.9237867 0.0140388 -0.3638154 0.8784549 -0.3097664 -0.3548476 0.8567065 0.3743494 -0.2750997 0.6641275 0.6951655 -0.1542423 0.3723911 0.915169 -0.03875893 0.1949239 0.9800522 -0.7070372 0.7070372 0.0140388 -0.6722826 0.6722826 -0.3099555 -0.6556893 0.6556893 0.3743569 -0.5083002 0.5083002 0.6951704 -0.2850153 0.2850153 0.9151681 -0.110417 0.1652592 0.9800498 -0.9237867 0.3826501 0.0140388 -0.8567065 0.3548476 0.3743494 -0.6641275 0.2750997 0.6951655 -0.3723911 0.1542423 0.915169 -0.1652592 0.110417 0.9800498 -0.9999015 0 0.0140388 -0.8784549 0.3638154 -0.3097664 -0.9272891 0 0.374346 -0.7188491 0 0.6951662 -0.4030894 0 0.9151607 -0.1949239 0.03875893 0.9800522 -0.9237867 -0.3826501 0.0140388 -0.8784549 -0.3638154 -0.3097664 -0.8567065 -0.3548476 0.3743494 -0.6641275 -0.2750997 0.6951655 -0.3723911 -0.1542423 0.915169 -0.1949239 -0.03875893 0.9800522 -0.7070372 -0.7070372 0.0140388 -0.6722826 -0.6722826 -0.3099555 -0.6556893 -0.6556893 0.3743569 -0.5083002 -0.5083002 0.6951704 -0.2850153 -0.2850153 0.9151681 -0.1652592 -0.110417 0.9800498 -0.3826501 -0.9237867 0.0140388 -0.3548476 -0.8567065 0.3743494 -0.2750997 -0.6641275 0.6951655 -0.1542423 -0.3723911 0.915169 -0.110417 -0.1652592 0.9800498 0 -0.9999015 0.0140388 -0.3638154 -0.8784549 -0.3097664 0 -0.9272891 0.374346 0 -0.7188491 0.6951662 0 -0.4030894 0.9151607 -0.03875893 -0.1949239 0.9800522 0.3826501 -0.9237867 0.0140388 0.3638154 -0.8784549 -0.3097664 0.3548476 -0.8567065 0.3743494 0.2750997 -0.6641275 0.6951655 0.1542423 -0.3723911 0.915169 0.03875893 -0.1949239 0.9800522 0.7070372 -0.7070372 0.0140388 0.6722826 -0.6722826 -0.3099555 0.6556893 -0.6556893 0.3743569 0.5083002 -0.5083002 0.6951704 0.2850153 -0.2850153 0.9151681 0.110417 -0.1652592 0.9800498 0.9237867 -0.3826501 0.0140388 0.8567065 -0.3548476 0.3743494 0.6641275 -0.2750997 0.6951655 0.3723911 -0.1542423 0.915169 0.1652592 -0.110417 0.9800498 0.9806975 -0.1950469 0.01376402 0.878448 -0.3638252 -0.3097748 0.9119044 -0.1813737 0.3681493 0.7116235 -0.1415495 0.688154 0.4017824 -0.07989865 0.9122429 0.1949239 -0.03875893 0.9800522 0.9364068 0.1740179 -0.3047297 0.8733655 0.08011263 -0.4804319 0.8687001 0.164865 -0.4670972 0.8150845 0.3218893 -0.4816894 0.7377669 0.4851304 -0.4694131 0.6195481 0.6195481 -0.4819962 0.4851304 0.7377669 -0.4694131 0.3218893 0.8150845 -0.4816894 0.164865 0.8687001 -0.4670972 0 0.9509205 -0.3094353 0 0.8761766 -0.4819902 -0.164865 0.8687001 -0.4670972 -0.3218893 0.8150845 -0.4816894 -0.4851304 0.7377669 -0.4694131 -0.6195481 0.6195481 -0.4819962 -0.7377669 0.4851304 -0.4694131 -0.8150845 0.3218893 -0.4816894 -0.9509205 0 -0.3094353 -0.8687001 0.164865 -0.4670972 -0.8761766 0 -0.4819902 -0.8687001 -0.164865 -0.4670972 -0.8150845 -0.3218893 -0.4816894 -0.7377669 -0.4851304 -0.4694131 -0.6195481 -0.6195481 -0.4819962 -0.4851304 -0.7377669 -0.4694131 -0.3218893 -0.8150845 -0.4816894 0 -0.9509205 -0.3094353 -0.164865 -0.8687001 -0.4670972 0 -0.8761766 -0.4819902 0.164865 -0.8687001 -0.4670972 0.3218893 -0.8150845 -0.4816894 0.4851304 -0.7377669 -0.4694131 0.6195481 -0.6195481 -0.4819962 0.7377669 -0.4851304 -0.4694131 0.8150845 -0.3218893 -0.4816894 0.8687001 -0.164865 -0.4670972 0.9364068 -0.1740179 -0.3047297 0.8733655 -0.08011263 -0.4804319 0.9958193 0.09134471 0 0.9828062 0.1846405 0 0.9290481 0.3699589 0 0.8364144 0.5480977 0 0.7071068 0.7071068 0 0.5480977 0.8364144 0 0.3699589 0.9290481 0 0.1846405 0.9828062 0 0 1 0 -0.1846405 0.9828062 0 -0.3699589 0.9290481 0 -0.5480977 0.8364144 0 -0.7071068 0.7071068 0 -0.8364144 0.5480977 0 -0.9828062 0.1846405 0 -0.9290481 0.3699589 0 -1 0 0 -0.9290481 -0.3699589 0 -0.9828062 -0.1846405 0 -0.7071068 -0.7071068 0 -0.8364144 -0.5480977 0 -0.5480977 -0.8364144 0 -0.3699589 -0.9290481 0 -0.1846405 -0.9828062 0 0 -1 0 0.1846405 -0.9828062 0 0.3699589 -0.9290481 0 0.5480977 -0.8364144 0 0.7071068 -0.7071068 0 0.8364144 -0.5480977 0 0.9290481 -0.3699589 0 0.9828062 -0.1846405 0 0.9958193 -0.09134471 0 -0.08703917 0.9960986 -0.01455736 -0.1078552 0.9941666 0 -0.2144571 0.9766085 -0.01562571 -0.05383545 0.9985499 0 -0.1059014 0.9942525 -0.01571732 -0.2144868 0.976727 0 -0.3383107 0.9409219 -0.01455783 -0.3204247 0.9471436 -0.01571756 -0.3694903 0.9292346 0 -0.3186164 0.9478837 0 -0.2842889 0.9587388 0 -0.1404172 0.9900925 0 0.1564405 0.9876874 0 0.5666506 0.8239583 0 0.4395309 0.8982275 0 0.5310986 0.84731 0 0.3646456 0.9311465 0 0.02243161 0.9997485 0 -0.5474533 0.8368363 0 -0.2826405 0.959226 0 -0.7656863 0.6432143 0 -0.9921293 0.1252178 0 -0.9162701 0.400561 0 -0.9860554 -0.1664178 0 -0.8226128 -0.568602 0 -0.8960753 -0.4439023 0 -0.8982039 -0.4394426 0.01095628 -0.8847405 -0.4643132 0.04058998 -0.9771177 -0.2117083 0.02050852 -0.8239583 -0.5666506 0 -0.9876874 -0.1564405 0 -0.9587388 0.2842889 0 -0.9900925 0.1404172 0 -0.9754257 0.2196165 -0.01770114 -0.9405643 0.3393099 -0.01440495 -0.9474802 0.3198146 0 -0.9466669 0.3218527 -0.01525944 -0.9997971 0 -0.02014243 -0.9939683 0.109288 -0.009125113 -0.9288803 0.3703802 0 -0.9762417 0.2166848 0 -0.9939683 -0.109288 -0.009125113 -0.9754257 -0.2196165 -0.01770114 -0.9474802 -0.3198146 0 -0.9405643 -0.3393099 -0.01440495 -0.9466669 -0.3218527 -0.01525944 -0.9288803 -0.3703802 0 -0.9762417 -0.2166848 0 -0.9587388 -0.2842889 0 -0.9900925 -0.1404172 0 -0.9876874 0.1564405 0 -0.8239583 0.5666506 0 -0.8982275 0.4395309 0 -0.8460259 0.5331419 0 -0.9320282 0.3623859 0 -0.9172418 -0.3983311 0 -0.9998117 -0.01941025 0 -0.01941025 -0.9998117 0 -0.3983311 -0.9172418 0 0.5331419 -0.8460259 0 0.3623859 -0.9320282 0 0.5310986 -0.84731 0 0.3646456 -0.9311465 0 -0.0147711 -0.9998909 0 -0.2144868 -0.976727 0 -0.2201333 -0.9714798 -0.08813875 -0.327684 -0.94472 -0.01129204 -0.2685057 -0.9616825 -0.05542236 -0.03122103 -0.9985554 -0.04373389 -0.2934097 -0.952376 -0.08301168 -0.3703802 -0.9288803 0 -0.1261667 -0.9912659 -0.03839319 0.109288 -0.9939683 -0.009125113 0.2196165 -0.9754257 -0.01770114 0.3198146 -0.9474802 0 0.3393099 -0.9405643 -0.01440495 0.3218527 -0.9466669 -0.01525944 0.2166848 -0.9762417 0 0.3703802 -0.9288803 0 0.2144868 -0.976727 0 0.0147711 -0.9998909 0 -0.3646456 -0.9311465 0 -0.5310986 -0.84731 0 -0.5331419 -0.8460259 0 -0.3623859 -0.9320282 0 0.3983311 -0.9172418 0 0.01941025 -0.9998117 0 0.9998117 -0.01941025 0 0.9172418 -0.3983311 0 0.8460259 0.5331419 0 0.9320282 0.3623859 0 0.8982039 0.4394426 0.01095628 0.8847405 0.4643132 0.04058998 0.9771177 0.2117083 0.02050852 0.8239583 0.5666506 0 0.9876874 0.1564405 0 0.9587388 -0.2842889 0 0.9900925 -0.1404172 0 0.9754257 -0.2196165 -0.01770114 0.9405643 -0.3393099 -0.01440495 0.9474802 -0.3198146 0 0.9466669 -0.3218527 -0.01525944 0.9288803 -0.3703802 0 0.9762417 -0.2166848 0 0.9939683 -0.109288 -0.009125113 0.9997971 0 -0.02014243 1 0 0 0.9754257 0.2196165 -0.01770114 0.9939683 0.109288 -0.009125113 0.9474802 0.3198146 0 0.9405643 0.3393099 -0.01440495 0.9466669 0.3218527 -0.01525944 0.9762417 0.2166848 0 0.9288803 0.3703802 0 0.9587388 0.2842889 0 0.9900925 0.1404172 0 0.9876874 -0.1564405 0 0.9771177 -0.2117083 -0.02050852 0.8982039 -0.4394426 -0.01095628 0.8239583 -0.5666506 0 0.8847405 -0.4643132 -0.04058998 0.8226128 -0.568602 0 0.8960753 -0.4439023 0 0.9860554 -0.1664178 0 0.9162701 0.400561 0 0.9921293 0.1252178 0 0.7656863 0.6432143 0 0.2826405 0.959226 0 0.5474533 0.8368363 0 -0.02243161 0.9997485 0 -0.5310986 0.84731 0 -0.3646456 0.9311465 0 -0.5666506 0.8239583 0 -0.4395309 0.8982275 0 -0.1564405 0.9876874 0 0.2842889 0.9587388 0 0.1404172 0.9900925 0 0.3383107 0.9409219 -0.01455783 0.3186164 0.9478837 0 0.2144571 0.9766085 -0.01562571 0.3694903 0.9292346 0 0.3204247 0.9471436 -0.01571756 0.2144868 0.976727 0 0.08703917 0.9960986 -0.01455736 0.1059014 0.9942525 -0.01571732 0.05383545 0.9985499 0 0.1078552 0.9941666 0 0 0 1 -0.04977577 0.9987516 -0.004211544 -0.1070897 0.9942346 -0.005432307 -0.08810842 0.9961107 6.71419e-4 -0.2144593 0.9767103 -0.006653189 -0.1809149 0.9834961 0.002319395 -0.3188288 0.9477885 -0.006744623 -0.4466476 0.8939971 -0.03570735 -0.3685184 0.9296124 0.003875911 -0.2749494 0.9614531 0.003265559 -0.6949815 0.7175961 -0.04535138 -0.8327087 0.5533995 -0.01858597 -0.775978 0.6302189 -0.02612429 -0.9048261 0.4256784 -0.009369313 -0.8859016 0.4638562 -0.003997921 -0.5576385 0.8216868 -0.1177718 -0.9472622 0.320393 -0.006531119 -0.929601 0.3685443 0.004150509 -0.9762049 0.2167445 -0.00677514 -0.9614021 0.2751266 0.00338757 -0.99405 0.1087681 -0.005859553 -0.9999892 0 -0.004669368 -0.996127 0.08792406 5.79853e-4 -0.99405 -0.1087681 -0.005859553 -0.9762049 -0.2167445 -0.00677514 -0.9834787 -0.1810089 0.002349972 -0.996127 -0.08792406 5.79853e-4 -0.9834787 0.1810089 0.002349972 -0.9472622 -0.320393 -0.006531119 -0.8938688 -0.4469192 -0.03552401 -0.929601 -0.3685443 0.004150509 -0.7175961 -0.6949815 -0.04535138 -0.8216868 -0.5576385 -0.1177718 -0.5533995 -0.8327087 -0.01858597 -0.4256784 -0.9048261 -0.009369313 -0.4638562 -0.8859016 -0.003997921 -0.320393 -0.9472622 -0.006531119 -0.2167445 -0.9762049 -0.00677514 -0.2751266 -0.9614021 0.00338757 -0.3685443 -0.929601 0.004150509 -0.6302189 -0.775978 -0.02612429 -0.9614021 -0.2751266 0.00338757 -0.1087681 -0.99405 -0.005859553 -0.1810089 -0.9834787 0.002349972 -0.4713339 0.8818131 -0.01580876 -0.6082703 0.7898877 -0.07800602 -0.7898877 -0.6082703 -0.07800602 -0.8818131 -0.4713339 -0.01580876 -0.08792406 -0.996127 5.79853e-4 0 -0.9999892 -0.004669368 0.1087681 -0.99405 -0.005859553 0.08792406 -0.996127 5.79853e-4 0.2167445 -0.9762049 -0.00677514 0.1810089 -0.9834787 0.002349972 0.320393 -0.9472622 -0.006531119 0.4469192 -0.8938688 -0.03552401 0.3685443 -0.929601 0.004150509 0.2751266 -0.961402 0.003418087 0.6949815 -0.7175961 -0.04535138 0.8327087 -0.5533995 -0.01858597 0.775978 -0.6302189 -0.02612429 0.9048261 -0.4256784 -0.009369313 0.9472622 -0.320393 -0.006531119 0.929601 -0.3685443 0.004150509 0.8859016 -0.4638562 -0.003997921 0.5576385 -0.8216868 -0.1177718 0.9762049 -0.2167445 -0.00677514 0.9614021 -0.2751266 0.00338757 0.99405 -0.1087681 -0.005859553 0.9834787 -0.1810089 0.002349972 0.9999892 0 -0.004669368 0.99405 0.1087681 -0.005859553 0.996127 0.08792406 5.79853e-4 0.9762049 0.2167445 -0.00677514 0.9472622 0.320393 -0.006531119 0.9614021 0.2751266 0.00338757 0.9834787 0.1810089 0.002349972 0.996127 -0.08792406 5.79853e-4 0.8938688 0.4469192 -0.03552401 0.7175961 0.6949815 -0.04535138 0.8216868 0.5576385 -0.1177718 0.5533995 0.8327087 -0.01858597 0.6302189 0.775978 -0.02612429 0.4254058 0.9049524 -0.009552478 0.3188288 0.9477885 -0.006744623 0.3685184 0.9296124 0.003875911 0.2144593 0.9767103 -0.006653189 0.1070897 0.9942346 -0.005432307 0.1809149 0.9834961 0.002319395 0.2749494 0.9614531 0.003265559 0.4638562 0.8859016 -0.003997921 0.929601 0.3685443 0.004150509 0.04977577 0.9987516 -0.004211544 0.08810842 0.9961107 6.71419e-4 0.4713339 -0.8818131 -0.01580876 0.6082703 -0.7898877 -0.07800602 0.7898877 0.6082703 -0.07800602 0.8818131 0.4713339 -0.01580876 0.5474319 0.8368502 0 -1.32012e-7 0 1 2.71241e-7 0 1 -5.21342e-7 0 1 2.24058e-7 0 1 0 0 1 -3.14531e-7 0 1 -1.32942e-7 0 1 1.3562e-7 0 1 -1.32011e-7 0 1 1.30335e-7 0 1 0 0 1 -3.38271e-7 0 1 5.21335e-7 0 1 -2.71239e-7 0 1 1.67923e-7 0 1 -1.22639e-6 0 1 6.29062e-7 0 1 0 0 1 -2.60671e-7 0 1 -2.64025e-7 0 1 -1.80726e-7 0 1 1.3562e-7 0 1 -2.64024e-7 0 1 -1.67923e-7 0 1 3.14533e-7 0 1 1.22639e-6 0 1 0 0 1 -1.3562e-7 0 1 1.3201e-7 0 1 -2.027e-7 0 1 3.96031e-7 0 1 -0.133583 0.7004489 0.7010899 -0.06723374 0.7114632 0.6994997 -0.06360167 0.920851 0.3846925 -0.07217735 0.3785269 0.9227718 -0.0363782 0.3851148 0.9221515 -0.2651846 0.6622138 0.7008211 -0.1789024 0.9070248 0.3811823 -0.1434401 0.358112 0.9225947 -0.3917523 0.5964182 0.7005823 -0.341506 0.8573966 0.3850258 -0.2120193 0.3227748 0.9224231 -0.5045776 0.5045776 0.7005734 -0.6524937 0.6524937 0.385362 -0.2730604 0.2730604 0.9224295 -0.5964182 0.3917523 0.7005823 -0.3227748 0.2120193 0.9224231 -0.6621996 0.2651789 0.7008366 -0.7699049 0.5090583 0.3848456 -0.358112 0.1434401 0.9225947 -0.7004489 0.133583 0.7010899 -0.9070248 0.1789024 0.3811823 -0.3785269 0.07217735 0.9227718 -0.7130784 0 0.7010844 -0.3853608 0 0.9227661 -0.7004489 -0.133583 0.7010899 -0.9070248 -0.1789024 0.3811823 -0.3785269 -0.07217735 0.9227718 -0.6621996 -0.2651789 0.7008366 -0.358112 -0.1434401 0.9225947 -0.5964182 -0.3917523 0.7005823 -0.8573966 -0.341506 0.3850258 -0.3227748 -0.2120193 0.9224231 -0.5045776 -0.5045776 0.7005734 -0.7699049 -0.5090583 0.3848456 -0.2730604 -0.2730604 0.9224295 -0.3917439 -0.5964055 0.7005979 -0.6524937 -0.6524937 0.385362 -0.2120193 -0.3227748 0.9224231 -0.2651846 -0.6622138 0.7008211 -0.3415099 -0.8574066 0.3849998 -0.1434401 -0.358112 0.9225947 -0.133583 -0.7004489 0.7010899 -0.1789024 -0.9070248 0.3811823 -0.07217735 -0.3785269 0.9227718 0 -0.7130784 0.7010844 0 -0.3853608 0.9227661 0.133583 -0.7004489 0.7010899 0.1789024 -0.9070248 0.3811823 0.07217735 -0.3785269 0.9227718 0.2651846 -0.6622138 0.7008211 0.1434401 -0.358112 0.9225947 0.3917523 -0.5964182 0.7005823 0.3415099 -0.8574066 0.3849998 0.2120193 -0.3227748 0.9224231 0.5045776 -0.5045776 0.7005734 0.6524937 -0.6524937 0.385362 0.2730604 -0.2730604 0.9224295 0.5964182 -0.3917523 0.7005823 0.7699049 -0.5090583 0.3848456 0.3227748 -0.2120193 0.9224231 0.6621996 -0.2651789 0.7008366 0.358112 -0.1434401 0.9225947 0.7004489 -0.133583 0.7010899 0.9070248 -0.1789024 0.3811823 0.3785269 -0.07217735 0.9227718 0.7130784 0 0.7010844 0.3853608 0 0.9227661 0.7004489 0.133583 0.7010899 0.9070248 0.1789024 0.3811823 0.3785269 0.07217735 0.9227718 0.6621996 0.2651789 0.7008366 0.358112 0.1434401 0.9225947 0.5964182 0.3917523 0.7005823 0.8573966 0.341506 0.3850258 0.3227748 0.2120193 0.9224231 0.5045776 0.5045776 0.7005734 0.7699049 0.5090583 0.3848456 0.2730604 0.2730604 0.9224295 0.3917523 0.5964182 0.7005823 0.6524937 0.6524937 0.385362 0.2120193 0.3227748 0.9224231 0.2651846 0.6622138 0.7008211 0.3415099 0.8574066 0.3849998 0.1434401 0.358112 0.9225947 0.133583 0.7004489 0.7010899 0.1789024 0.9070248 0.3811823 0.07217735 0.3785269 0.9227718 0.06723374 0.7114632 0.6994997 0.06360167 0.920851 0.3846925 0.03637862 0.3850888 0.9221624 -0.04416078 0.981334 0.1871721 -0.07938063 0.8439496 0.5305166 -0.1640995 0.9665914 0.1969072 -0.2363432 0.8148715 0.5292697 -0.3620542 0.9131774 0.1871463 -0.5090583 0.7699049 0.3848456 -0.3769431 0.7259916 0.575196 -0.5317085 0.8256101 0.1888234 -0.5165414 0.6346822 0.5747725 -0.6946181 0.6946181 0.1871135 -0.6346822 0.5165414 0.5747725 -0.8256101 0.5317085 0.1888234 -0.7259916 0.3769431 0.575196 -0.8574066 0.3415099 0.3849998 -0.9131825 0.3620441 0.187141 -0.8148715 0.2363432 0.5292697 -0.9665972 0.1641005 0.1968779 -0.9227507 0 0.3853976 -0.8439836 0.07941144 0.5304578 -0.9823266 0 0.1871752 -0.8439836 -0.07941144 0.5304578 -0.9665972 -0.1641005 0.1968779 -0.9131774 -0.3620542 0.1871463 -0.8148715 -0.2363432 0.5292697 -0.7259916 -0.3769431 0.575196 -0.6346822 -0.5165414 0.5747725 -0.8256148 -0.5317115 0.1887939 -0.6946181 -0.6946181 0.1871135 -0.5165414 -0.6346822 0.5747725 -0.5317334 -0.8256014 0.1887908 -0.5090583 -0.7699049 0.3848456 -0.3769431 -0.7259916 0.575196 -0.2363432 -0.8148715 0.5292697 -0.3620441 -0.9131825 0.187141 -0.1641005 -0.9665972 0.1968779 -0.07941144 -0.8439836 0.5304578 -0.03509712 0.1840313 0.9822936 -0.1028499 0.1565943 0.9822934 -0.1324838 0.1324838 0.9822912 -0.06967562 0.1738992 0.9822955 -0.1840313 0.03509712 0.9822936 -0.1738992 0.06967562 0.9822955 -0.1873575 0 0.9822918 -0.1565943 0.1028499 0.9822934 -0.1840313 -0.03509712 0.9822936 -0.1565943 -0.1028499 0.9822934 -0.1738992 -0.06967562 0.9822955 0 -0.9227507 0.3853976 -0.1324838 -0.1324838 0.9822912 -0.1028499 -0.1565943 0.9822934 -0.03509712 -0.1840313 0.9822936 -0.06967562 -0.1738992 0.9822955 0 -0.1873575 0.9822918 0 -0.9823266 0.1871752 0.07941144 -0.8439836 0.5304578 0.1641005 -0.9665972 0.1968779 0.2363432 -0.8148715 0.5292697 0.3620441 -0.9131825 0.187141 0.5090583 -0.7699049 0.3848456 0.3769431 -0.7259916 0.575196 0.5317115 -0.8256148 0.1887939 0.5165414 -0.6346822 0.5747725 0.6946141 -0.6946141 0.1871429 0.6346822 -0.5165414 0.5747725 0.8574066 -0.3415099 0.3849998 0.7259916 -0.3769431 0.575196 0.8148715 -0.2363432 0.5292697 0.9131825 -0.3620441 0.187141 0.8256101 -0.5317085 0.1888234 0.9665972 -0.1641005 0.1968779 0.8439836 -0.07941144 0.5304578 0.9227507 0 0.3853976 0.9823266 0 0.1871752 0.8439836 0.07941144 0.5304578 0.8148715 0.2363432 0.5292697 0.966603 0.1641015 0.1968486 0.7259916 0.3769431 0.575196 0.9131774 0.3620542 0.1871463 0.8256148 0.5317115 0.1887939 0.6946141 0.6946141 0.1871429 0.6346822 0.5165414 0.5747725 0.5165414 0.6346822 0.5747725 0.5317115 0.8256148 0.1887939 0.5090643 0.7699139 0.3848196 0.3769431 0.7259916 0.575196 0.3620462 0.9131878 0.1871116 0.1640995 0.9665914 0.1969072 0.2363373 0.8148817 0.5292565 0.07938063 0.8439496 0.5305166 0.04416078 0.981334 0.1871721 0.06967562 -0.1738992 0.9822955 0.1324838 -0.1324838 0.9822912 0.1565943 -0.1028499 0.9822934 0.1028499 -0.1565943 0.9822934 0.1873575 0 0.9822918 0.1840313 0.03509712 0.9822936 0.1840313 -0.03509712 0.9822936 0.1738992 -0.06967562 0.9822955 0.03509712 -0.1840313 0.9822936 0.1738992 0.06967562 0.9822955 0.1565943 0.1028499 0.9822934 0.1324838 0.1324838 0.9822912 0.1028499 0.1565943 0.9822934 0.03509712 0.1840313 0.9822936 0.06967562 0.1738992 0.9822955 0.01770108 0.1873268 0.9821382 0 0 -1 0 0 -1 0 0 -1 -0.8660253 -0.5000004 0 -0.8660255 -0.5000001 0 -0.8660255 -0.4999999 0 0.8660255 -0.4999999 0 0.8660254 -0.5000002 0 0.8660254 0.5000002 0 0.8660255 0.4999999 0 0 1 1.53145e-7 0 1 -3.40964e-7 -0.8660256 0.4999997 0 -0.8660255 0.5 0 -0.8660253 0.5000003 0 -0.8660252 0.5000005 0 -0.8660256 0.5 0 -0.8660255 0.4999999 0 -1.53285e-6 0 1 2.63182e-6 0 1 -1.60018e-6 0 1 2.43222e-6 0 1 -1.30132e-6 0 1 1.79674e-6 0 1 0 0 1 4.29047e-6 0 1 -8.67136e-7 0 1 -3.65769e-6 0 1 1.30132e-6 0 1 -1.21611e-6 0 1 1.53285e-6 0 1 -2.3296e-6 0 1 1.58215e-6 0 1 -1.12051e-6 0 1 -2.05473e-6 0 1 -5.96118e-6 0 1 1.23284e-6 0 1 -1.21611e-6 0 1 1.30132e-6 0 1 -1.79673e-6 0 1 -1.53643e-6 0 1 2.65316e-5 0 1 -6.16421e-6 0 1 -3.08211e-6 0 1 4.13601e-6 0 1 -0.7617079 -0.4397568 0.4758309 -0.6773389 -0.39104 0.6231371 -0.8209445 -0.4739681 0.3184406 -0.6773223 -0.3910481 0.6231499 -0.5701005 -0.3291506 0.7527585 -0.4446353 -0.2566976 0.8581409 -0.8550827 -0.4936761 0.1584854 -0.07010203 -0.04046809 0.9967187 -0.1651054 -0.09530943 0.98166 -0.1650757 -0.09530991 0.981665 -0.3072645 -0.177376 0.9349473 -0.07007163 -0.04046821 0.9967209 -0.4446108 -0.2567011 0.8581526 -0.8631868 -0.4983551 0.08093804 -0.8631946 -0.4983419 0.08093589 0 -0.7821119 0.6231381 0 -0.8795385 0.4758279 0 -0.9479452 0.3184334 0 -0.6582994 0.7527564 0 -0.5134227 0.8581359 0 -0.9873611 0.1584868 0 -0.08093631 0.9967193 0 -0.1906197 0.981664 0 -0.354783 0.9349487 0 -0.9967193 0.08093631 0.6773389 -0.39104 0.6231371 0.6773223 -0.3910481 0.6231499 0.7617079 -0.4397568 0.4758309 0.8209445 -0.4739681 0.3184406 0.5701005 -0.3291506 0.7527585 0.4446353 -0.2566976 0.8581409 0.8550827 -0.4936761 0.1584854 0.07007163 -0.04046821 0.9967209 0.1650757 -0.09530991 0.981665 0.3072645 -0.177376 0.9349473 0.1651054 -0.09530943 0.98166 0.8631868 -0.4983551 0.08093804 0.7617079 0.4397568 0.4758309 0.6773389 0.39104 0.6231371 0.8209445 0.4739681 0.3184406 0.6773223 0.3910481 0.6231499 0.5701005 0.3291506 0.7527585 0.4446353 0.2566976 0.8581409 0.8550827 0.4936761 0.1584854 0.07010203 0.04046809 0.9967187 0.1651054 0.09530943 0.98166 0.1650757 0.09530991 0.981665 0.3072645 0.177376 0.9349473 0.07007163 0.04046821 0.9967209 0.4446108 0.2567011 0.8581526 0.8631868 0.4983551 0.08093804 0.8631946 0.4983419 0.08093589 0 0.8795385 0.4758279 0 0.7821119 0.6231381 0 0.9479452 0.3184334 0 0.6582994 0.7527564 0 0.5134227 0.8581359 0 0.9873611 0.1584868 0 0.08093631 0.9967193 0 0.1906197 0.981664 0 0.354783 0.9349487 0 0.9967193 0.08093631 -0.8209445 0.4739681 0.3184406 -0.8550827 0.4936761 0.1584854 -0.7617079 0.4397568 0.4758309 -0.6773389 0.39104 0.6231371 -0.6773223 0.3910481 0.6231499 -0.5701005 0.3291506 0.7527585 -0.4446353 0.2566976 0.8581409 -0.4446108 0.2567011 0.8581526 -0.3072645 0.177376 0.9349473 -0.1650757 0.09530991 0.981665 -0.07007163 0.04046821 0.9967209 -0.8631868 0.4983551 0.08093804 -0.04495495 0.9989891 0 -0.8368502 0.5474319 0 -0.5474319 -0.8368502 0 0.8368502 -0.5474319 0 0.04495495 0.9989891 0 -0.01770108 0.1873268 0.9821382 -0.8660255 -0.4999998 0 0.8660255 -0.4999998 0 0.8660255 0.4999998 0</float_array>
          <technique_common>
            <accessor source="#mesh-a370b624-14ea-4992-894f-5387d21c470e-mesh-normals-array" count="768" stride="3">
              <param name="X" type="float"/>
              <param name="Y" type="float"/>
              <param name="Z" type="float"/>
            </accessor>
          </technique_common>
        </source>
        <source id="mesh-a370b624-14ea-4992-894f-5387d21c470e-mesh-map-0">
          <float_array id="mesh-a370b624-14ea-4992-894f-5387d21c470e-mesh-map-0-array" count="8604">0.51665 0.508811 0.51665 0.499715 0.524497 0.508811 0.50746 0.508811 0.50746 0.499715 0.51665 0.499715 0.49827 0.508811 0.49827 0.499715 0.50746 0.499715 0.48908 0.508811 0.48908 0.499715 0.49827 0.508811 0.47989 0.508811 0.48908 0.499715 0.48908 0.508811 0.51665 0.517907 0.51665 0.508811 0.524497 0.517907 0.50746 0.517907 0.50746 0.508811 0.51665 0.508811 0.49827 0.517907 0.49827 0.508811 0.50746 0.508811 0.48908 0.517907 0.48908 0.508811 0.49827 0.517907 0.47989 0.517907 0.48908 0.508811 0.48908 0.517907 0.51665 0.527003 0.51665 0.517907 0.524497 0.517907 0.50746 0.527003 0.50746 0.517907 0.51665 0.527003 0.49827 0.527003 0.49827 0.517907 0.50746 0.527003 0.48908 0.527003 0.48908 0.517907 0.49827 0.517907 0.47989 0.527003 0.48908 0.517907 0.48908 0.527003 0.51665 0.536099 0.51665 0.527003 0.524497 0.527003 0.50746 0.536099 0.50746 0.527003 0.51665 0.536099 0.49827 0.536099 0.49827 0.527003 0.50746 0.536099 0.48908 0.536099 0.48908 0.527003 0.49827 0.527003 0.47989 0.536099 0.48908 0.527003 0.48908 0.536099 0.51665 0.545195 0.51665 0.536099 0.524497 0.545195 0.50746 0.545195 0.50746 0.536099 0.51665 0.536099 0.49827 0.545195 0.49827 0.536099 0.50746 0.536099 0.48908 0.545195 0.48908 0.536099 0.49827 0.545195 0.47989 0.545195 0.48908 0.536099 0.48908 0.545195 0.51665 0.554291 0.51665 0.545195 0.524497 0.554291 0.50746 0.554291 0.50746 0.545195 0.51665 0.545195 0.49827 0.554291 0.49827 0.545195 0.50746 0.545195 0.48908 0.554291 0.48908 0.545195 0.49827 0.554291 0.47989 0.554291 0.48908 0.545195 0.48908 0.554291 0.51665 0.563387 0.51665 0.554291 0.524497 0.554291 0.50746 0.563387 0.50746 0.554291 0.51665 0.563387 0.49827 0.563387 0.49827 0.554291 0.50746 0.563387 0.48908 0.563387 0.48908 0.554291 0.49827 0.554291 0.47989 0.563387 0.48908 0.554291 0.48908 0.563387 0.51665 0.572483 0.51665 0.563387 0.524497 0.563387 0.50746 0.572483 0.50746 0.563387 0.51665 0.572483 0.49827 0.572483 0.49827 0.563387 0.50746 0.572483 0.48908 0.572483 0.48908 0.563387 0.49827 0.563387 0.47989 0.572483 0.48908 0.563387 0.48908 0.572483 0.51665 0.581579 0.51665 0.572483 0.524497 0.581579 0.50746 0.581579 0.50746 0.572483 0.51665 0.572483 0.49827 0.581579 0.49827 0.572483 0.50746 0.572483 0.48908 0.581579 0.48908 0.572483 0.49827 0.581579 0.47989 0.581579 0.48908 0.572483 0.48908 0.581579 0.51665 0.590675 0.51665 0.581579 0.524497 0.590675 0.50746 0.590675 0.50746 0.581579 0.51665 0.581579 0.49827 0.590675 0.49827 0.581579 0.50746 0.581579 0.48908 0.590675 0.48908 0.581579 0.49827 0.590675 0.47989 0.590675 0.48908 0.581579 0.48908 0.590675 0.51665 0.599772 0.51665 0.590675 0.524497 0.590675 0.50746 0.599772 0.50746 0.590675 0.51665 0.599772 0.49827 0.599772 0.49827 0.590675 0.50746 0.599772 0.48908 0.599772 0.48908 0.590675 0.49827 0.590675 0.47989 0.599772 0.48908 0.590675 0.48908 0.599772 0.51665 0.608868 0.51665 0.599772 0.524497 0.599772 0.50746 0.608868 0.50746 0.599772 0.51665 0.608868 0.49827 0.608868 0.49827 0.599772 0.50746 0.608868 0.48908 0.608868 0.48908 0.599772 0.49827 0.599772 0.47989 0.608868 0.48908 0.599772 0.48908 0.608868 0.51665 0.617964 0.51665 0.608868 0.524497 0.617964 0.50746 0.617964 0.50746 0.608868 0.51665 0.608868 0.49827 0.617964 0.49827 0.608868 0.50746 0.608868 0.48908 0.617964 0.48908 0.608868 0.49827 0.617964 0.47989 0.617964 0.48908 0.608868 0.48908 0.617964 0.51665 0.62706 0.51665 0.617964 0.524497 0.62706 0.50746 0.62706 0.50746 0.617964 0.51665 0.617964 0.49827 0.62706 0.49827 0.617964 0.50746 0.617964 0.48908 0.62706 0.48908 0.617964 0.49827 0.62706 0.47989 0.62706 0.48908 0.617964 0.48908 0.62706 0.51665 0.636156 0.51665 0.62706 0.524497 0.62706 0.50746 0.636156 0.50746 0.62706 0.51665 0.636156 0.49827 0.636156 0.49827 0.62706 0.50746 0.636156 0.48908 0.636156 0.48908 0.62706 0.49827 0.62706 0.47989 0.636156 0.48908 0.62706 0.48908 0.636156 0.51665 0.645252 0.51665 0.636156 0.524497 0.636156 0.50746 0.645252 0.50746 0.636156 0.51665 0.645252 0.49827 0.645252 0.49827 0.636156 0.50746 0.645252 0.48908 0.645252 0.48908 0.636156 0.49827 0.636156 0.47989 0.645252 0.48908 0.636156 0.48908 0.645252 0.524497 0.499715 0.532343 0.499715 0.532343 0.503953 0.524497 0.508811 0.532343 0.503953 0.532343 0.508446 0.524497 0.517907 0.532343 0.513127 0.532343 0.517907 0.524497 0.517907 0.532343 0.517907 0.532343 0.522687 0.524497 0.508811 0.532343 0.508446 0.532343 0.513127 0.524497 0.527003 0.532343 0.527368 0.532343 0.531861 0.524497 0.536099 0.532343 0.531861 0.532343 0.536099 0.524497 0.545195 0.532343 0.540337 0.532343 0.544831 0.524497 0.545195 0.532343 0.544831 0.532343 0.549511 0.524497 0.536099 0.532343 0.536099 0.532343 0.540337 0.524497 0.527003 0.532343 0.522687 0.532343 0.527368 0.524497 0.508811 0.524497 0.499715 0.532343 0.503953 0.524497 0.517907 0.524497 0.508811 0.532343 0.513127 0.524497 0.536099 0.524497 0.527003 0.532343 0.531861 0.524497 0.545195 0.524497 0.536099 0.532343 0.540337 0.524497 0.517907 0.532343 0.522687 0.524497 0.527003 0.524497 0.554291 0.532343 0.554291 0.532343 0.559071 0.524497 0.563387 0.532343 0.559071 0.532343 0.563752 0.524497 0.563387 0.524497 0.554291 0.532343 0.559071 0.524497 0.572483 0.524497 0.563387 0.532343 0.568245 0.532343 0.572483 0.524497 0.572483 0.532343 0.568245 0.524497 0.554291 0.524497 0.545195 0.532343 0.549511 0.524497 0.581579 0.532343 0.576722 0.532343 0.581215 0.524497 0.581579 0.532343 0.581215 0.532343 0.585895 0.524497 0.590675 0.532343 0.590675 0.532343 0.595456 0.524497 0.599772 0.532343 0.595456 0.532343 0.600136 0.524497 0.590675 0.532343 0.585895 0.532343 0.590675 0.524497 0.608868 0.532343 0.604629 0.532343 0.608868 0.524497 0.608868 0.532343 0.608868 0.532343 0.613106 0.524497 0.617964 0.532343 0.617599 0.532343 0.62228 0.524497 0.62706 0.532343 0.62228 0.532343 0.62706 0.524497 0.617964 0.532343 0.613106 0.532343 0.617599 0.524497 0.599772 0.532343 0.600136 0.532343 0.604629 0.524497 0.581579 0.524497 0.572483 0.532343 0.576722 0.524497 0.590675 0.524497 0.581579 0.532343 0.585895 0.524497 0.608868 0.524497 0.599772 0.532343 0.604629 0.524497 0.617964 0.524497 0.608868 0.532343 0.613106 0.524497 0.590675 0.532343 0.595456 0.524497 0.599772 0.524497 0.636156 0.532343 0.63184 0.532343 0.63652 0.524497 0.636156 0.532343 0.63652 0.532343 0.641014 0.524497 0.636156 0.524497 0.62706 0.532343 0.63184 0.532343 0.641014 0.524497 0.645252 0.524497 0.636156 0.532343 0.641014 0.532343 0.645252 0.524497 0.645252 0.532343 0.62228 0.524497 0.62706 0.524497 0.617964 0.532343 0.572483 0.532343 0.576722 0.524497 0.572483 0.510961 0.267772 0.514523 0.267772 0.514523 0.275207 0.518085 0.267772 0.521647 0.267772 0.521647 0.275207 0.514523 0.267772 0.518085 0.267772 0.518085 0.275207 0.525209 0.267772 0.528772 0.267772 0.528772 0.275207 0.532334 0.267772 0.535896 0.267772 0.535896 0.275207 0.528772 0.267772 0.532334 0.267772 0.532334 0.275207 0.521647 0.267772 0.525209 0.267772 0.525209 0.275207 0.539458 0.267772 0.54302 0.267772 0.54302 0.275207 0.546583 0.267772 0.550145 0.267772 0.550145 0.275207 0.546583 0.267772 0.546583 0.275207 0.54302 0.275207 0.553707 0.267772 0.557269 0.267772 0.557269 0.275207 0.564394 0.267772 0.564394 0.275207 0.560831 0.275207 0.557269 0.267772 0.560831 0.267772 0.560831 0.275207 0.550145 0.267772 0.553707 0.267772 0.553707 0.275207 0.535896 0.267772 0.539458 0.267772 0.539458 0.275207 0.567956 0.267772 0.567956 0.275207 0.564394 0.275207 0.57508 0.267772 0.57508 0.275207 0.571518 0.275207 0.582205 0.267772 0.582205 0.275207 0.578643 0.275207 0.578643 0.267772 0.578643 0.275207 0.57508 0.275207 0.585767 0.267772 0.589329 0.267772 0.589329 0.275207 0.592891 0.267772 0.596454 0.267772 0.596454 0.275207 0.589329 0.267772 0.592891 0.267772 0.592891 0.275207 0.582205 0.267772 0.585767 0.267772 0.585767 0.275207 0.600016 0.267772 0.603578 0.267772 0.600016 0.275207 0.60714 0.267772 0.610702 0.267772 0.60714 0.275207 0.603578 0.267772 0.60714 0.267772 0.603578 0.275207 0.614265 0.267772 0.617827 0.267772 0.614265 0.275207 0.621389 0.267772 0.624951 0.267772 0.621389 0.275207 0.617827 0.267772 0.621389 0.267772 0.617827 0.275207 0.610702 0.267772 0.614265 0.267772 0.610702 0.275207 0.596454 0.267772 0.600016 0.267772 0.596454 0.275207 0.571518 0.267772 0.571518 0.275207 0.567956 0.275207 0.536554 0.430232 0.536554 0.415362 0.567939 0.415362 0.536554 0.445102 0.536554 0.430232 0.552247 0.445102 0.567939 0.415362 0.552247 0.445102 0.536554 0.430232 0.552247 0.445102 0.567939 0.415362 0.567939 0.445102 0.567939 0.415362 0.599325 0.430232 0.583632 0.445102 0.583632 0.445102 0.567939 0.445102 0.567939 0.415362 0.599325 0.430232 0.599325 0.445102 0.583632 0.445102 0.599325 0.430232 0.567939 0.415362 0.599325 0.415362 0.581485 0.761663 0.581485 0.746793 0.591883 0.746793 0.591883 0.776533 0.591883 0.746793 0.602281 0.746793 0.581485 0.776533 0.581485 0.761663 0.591883 0.776533 0.591883 0.746793 0.591883 0.776533 0.581485 0.761663 0.623077 0.761663 0.612679 0.746793 0.623077 0.746793 0.612679 0.776533 0.612679 0.746793 0.623077 0.761663 0.612679 0.746793 0.612679 0.776533 0.602281 0.776533 0.623077 0.761663 0.623077 0.776533 0.612679 0.776533 0.390311 0.82418 0.390311 0.80931 0.400414 0.80931 0.410516 0.80931 0.410516 0.83905 0.400414 0.83905 0.426195 0.80931 0.426195 0.83905 0.418356 0.83905 0.426195 0.83905 0.426195 0.80931 0.434035 0.80931 0.418356 0.80931 0.418356 0.83905 0.410516 0.83905 0.390311 0.83905 0.390311 0.82418 0.400414 0.83905 0.400414 0.83905 0.390311 0.82418 0.400414 0.80931 0.449714 0.80931 0.449714 0.83905 0.441875 0.83905 0.457554 0.80931 0.457554 0.83905 0.449714 0.83905 0.473234 0.82418 0.465394 0.80931 0.473234 0.80931 0.465394 0.80931 0.465394 0.83905 0.457554 0.83905 0.465394 0.83905 0.465394 0.80931 0.473234 0.82418 0.441875 0.80931 0.441875 0.83905 0.434035 0.83905 0.473234 0.82418 0.473234 0.83905 0.465394 0.83905 0.591818 0.693675 0.58142 0.663935 0.602216 0.663935 0.58142 0.693675 0.58142 0.678805 0.591818 0.693675 0.58142 0.663935 0.591818 0.693675 0.58142 0.678805 0.591818 0.693675 0.602216 0.663935 0.602216 0.693675 0.623012 0.678805 0.612614 0.663935 0.623012 0.663935 0.612614 0.693675 0.612614 0.663935 0.623012 0.678805 0.612614 0.663935 0.612614 0.693675 0.602216 0.693675 0.623012 0.678805 0.623012 0.693675 0.612614 0.693675 0.509496 0.031385 0.495358 0 0.509496 0 0.481221 0.01569294 0.495358 0 0.509496 0.031385 0.509496 0.031385 0.509496 0.06277096 0.481221 0.04707795 0.495358 0 0.481221 0.01569294 0.481221 0 0.509496 0.031385 0.481221 0.04707795 0.481221 0.031385 0.481221 0.031385 0.481221 0.01569294 0.509496 0.031385 0.481221 0.07846397 0.481221 0.06277096 0.509496 0.06277096 0.509496 0.06277096 0.509496 0.09415596 0.481221 0.07846397 0.509496 0.09415596 0.509496 0.125542 0.495358 0.125542 0.495358 0.125542 0.481221 0.109849 0.509496 0.09415596 0.495358 0.125542 0.481221 0.125542 0.481221 0.109849 0.481221 0.109849 0.481221 0.09415596 0.509496 0.09415596 0.536554 0.761663 0.536554 0.746793 0.546952 0.746793 0.546952 0.776533 0.546952 0.746793 0.55735 0.746793 0.536554 0.776533 0.536554 0.761663 0.546952 0.776533 0.546952 0.746793 0.546952 0.776533 0.536554 0.761663 0.578146 0.761663 0.567748 0.746793 0.578146 0.746793 0.567748 0.776533 0.567748 0.746793 0.578146 0.761663 0.567748 0.746793 0.567748 0.776533 0.55735 0.776533 0.578146 0.761663 0.578146 0.776533 0.567748 0.776533 0.390311 0.514585 0.390311 0.499715 0.400655 0.499715 0.421343 0.499715 0.421343 0.529455 0.410999 0.529455 0.421343 0.529455 0.421343 0.499715 0.431686 0.499715 0.410999 0.499715 0.410999 0.529455 0.400655 0.529455 0.400655 0.529455 0.390311 0.529455 0.390311 0.514585 0.400655 0.499715 0.400655 0.529455 0.390311 0.514585 0.452374 0.499715 0.452374 0.529455 0.44203 0.529455 0.473061 0.514585 0.462718 0.499715 0.473061 0.499715 0.462718 0.499715 0.462718 0.529455 0.452374 0.529455 0.462718 0.499715 0.473061 0.514585 0.462718 0.529455 0.44203 0.499715 0.44203 0.529455 0.431686 0.529455 0.473061 0.514585 0.473061 0.529455 0.462718 0.529455 0.536554 0.678805 0.536554 0.663935 0.549685 0.663935 0.536554 0.693675 0.536554 0.678805 0.549685 0.693675 0.549685 0.663935 0.549685 0.693675 0.536554 0.678805 0.549685 0.693675 0.549685 0.663935 0.562816 0.663935 0.578025 0.678805 0.562816 0.663935 0.578025 0.663935 0.578025 0.693675 0.562816 0.693675 0.578025 0.678805 0.562816 0.663935 0.578025 0.678805 0.562816 0.693675 0.421697 0.445102 0.390311 0.430232 0.390311 0.415362 0.453082 0.415362 0.421697 0.445102 0.390311 0.415362 0.390311 0.430232 0.406004 0.445102 0.390311 0.445102 0.453082 0.415362 0.43739 0.445102 0.421697 0.445102 0.421697 0.445102 0.406004 0.445102 0.390311 0.430232 0.43739 0.445102 0.453082 0.415362 0.453082 0.445102 0.468775 0.445102 0.453082 0.445102 0.453082 0.415362 0.484468 0.415362 0.468775 0.445102 0.453082 0.415362 0.484468 0.415362 0.515853 0.415362 0.515853 0.430232 0.515853 0.430232 0.500161 0.445102 0.484468 0.415362 0.484468 0.415362 0.484468 0.445102 0.468775 0.445102 0.515853 0.430232 0.515853 0.445102 0.500161 0.445102 0.500161 0.445102 0.484468 0.445102 0.484468 0.415362 0.536554 0.595947 0.536554 0.581077 0.551764 0.581077 0.536554 0.610817 0.536554 0.595947 0.551764 0.610817 0.551764 0.581077 0.551764 0.610817 0.536554 0.595947 0.551764 0.610817 0.551764 0.581077 0.564894 0.581077 0.578025 0.595947 0.564894 0.581077 0.578025 0.581077 0.578025 0.610817 0.564894 0.610817 0.578025 0.595947 0.564894 0.581077 0.578025 0.595947 0.564894 0.610817 0.390311 0.617783 0.390311 0.602913 0.400655 0.602913 0.421343 0.602913 0.421343 0.632653 0.410999 0.632653 0.421343 0.632653 0.421343 0.602913 0.431686 0.602913 0.410999 0.602913 0.410999 0.632653 0.400655 0.632653 0.400655 0.632653 0.390311 0.632653 0.390311 0.617783 0.400655 0.602913 0.400655 0.632653 0.390311 0.617783 0.452374 0.602913 0.452374 0.632653 0.44203 0.632653 0.473061 0.617783 0.462718 0.602913 0.473061 0.602913 0.462718 0.602913 0.462718 0.632653 0.452374 0.632653 0.462718 0.602913 0.473061 0.617783 0.462718 0.632653 0.44203 0.602913 0.44203 0.632653 0.431686 0.632653 0.473061 0.617783 0.473061 0.632653 0.462718 0.632653 0.591883 0.85939 0.581485 0.82965 0.602281 0.82965 0.581485 0.85939 0.581485 0.84452 0.591883 0.85939 0.581485 0.82965 0.591883 0.85939 0.581485 0.84452 0.591883 0.85939 0.602281 0.82965 0.602281 0.85939 0.623077 0.84452 0.612679 0.82965 0.623077 0.82965 0.612679 0.85939 0.612679 0.82965 0.623077 0.84452 0.612679 0.82965 0.612679 0.85939 0.602281 0.85939 0.623077 0.84452 0.623077 0.85939 0.612679 0.85939 0.479756 0.031385 0.465618 0 0.479756 0 0.479756 0.031385 0.451481 0.01569294 0.465618 0 0.451481 0 0.465618 0 0.451481 0.01569294 0.479756 0.031385 0.451481 0.031385 0.451481 0.01569294 0.451481 0.04707795 0.479756 0.06277096 0.451481 0.06277096 0.451481 0.04707795 0.451481 0.031385 0.479756 0.031385 0.479756 0.06277096 0.451481 0.04707795 0.479756 0.031385 0.479756 0.09415596 0.451481 0.07846397 0.479756 0.06277096 0.479756 0.09415596 0.479756 0.125542 0.465618 0.125542 0.465618 0.125542 0.451481 0.109849 0.479756 0.09415596 0.479756 0.09415596 0.451481 0.09415596 0.451481 0.07846397 0.465618 0.125542 0.451481 0.125542 0.451481 0.109849 0.451481 0.109849 0.451481 0.09415596 0.479756 0.09415596 0.451481 0.06277096 0.479756 0.06277096 0.451481 0.07846397 0.58142 0.595947 0.58142 0.581077 0.591818 0.581077 0.58142 0.610817 0.58142 0.595947 0.591818 0.610817 0.591818 0.581077 0.591818 0.610817 0.58142 0.595947 0.591818 0.610817 0.591818 0.581077 0.602216 0.581077 0.602216 0.610817 0.602216 0.581077 0.612614 0.581077 0.623012 0.595947 0.612614 0.581077 0.623012 0.581077 0.602216 0.610817 0.612614 0.581077 0.623012 0.610817 0.623012 0.595947 0.623012 0.610817 0.612614 0.581077 0.390311 0.720981 0.390311 0.706111 0.398151 0.706111 0.405991 0.706111 0.405991 0.735851 0.398151 0.735851 0.42167 0.706111 0.42167 0.735851 0.41383 0.735851 0.42167 0.735851 0.42167 0.706111 0.42951 0.706111 0.41383 0.706111 0.41383 0.735851 0.405991 0.735851 0.390311 0.735851 0.390311 0.720981 0.398151 0.735851 0.398151 0.735851 0.390311 0.720981 0.398151 0.706111 0.445189 0.706111 0.445189 0.735851 0.43735 0.735851 0.453029 0.706111 0.453029 0.735851 0.445189 0.735851 0.473234 0.720981 0.463131 0.706111 0.473234 0.706111 0.463131 0.706111 0.463131 0.735851 0.453029 0.735851 0.463131 0.735851 0.463131 0.706111 0.473234 0.720981 0.43735 0.706111 0.43735 0.735851 0.42951 0.735851 0.473234 0.720981 0.473234 0.735851 0.463131 0.735851 0.536554 0.84452 0.536554 0.82965 0.546952 0.82965 0.546952 0.85939 0.546952 0.82965 0.55735 0.82965 0.536554 0.85939 0.536554 0.84452 0.546952 0.85939 0.546952 0.82965 0.546952 0.85939 0.536554 0.84452 0.578146 0.84452 0.567748 0.82965 0.578146 0.82965 0.567748 0.85939 0.567748 0.82965 0.578146 0.84452 0.567748 0.82965 0.567748 0.85939 0.55735 0.85939 0.578146 0.84452 0.578146 0.85939 0.567748 0.85939 0.536554 0.51309 0.536554 0.49822 0.567939 0.49822 0.536554 0.52796 0.536554 0.51309 0.552247 0.52796 0.567939 0.49822 0.552247 0.52796 0.536554 0.51309 0.552247 0.52796 0.567939 0.49822 0.567939 0.52796 0.567939 0.49822 0.599325 0.51309 0.583632 0.52796 0.583632 0.52796 0.567939 0.52796 0.567939 0.49822 0.599325 0.51309 0.599325 0.52796 0.583632 0.52796 0.599325 0.51309 0.567939 0.49822 0.599325 0.49822 0.552867 0.04190695 0.588246 0.03888297 0.593553 0.04730498 0.595468 0.05786597 0.552867 0.04190695 0.593553 0.04730498 0.552867 0.04190695 0.578829 0.01483696 0.581267 0.027749 0.581267 0.027749 0.588246 0.03888297 0.552867 0.04190695 0.529608 0.06080096 0.552867 0.04190695 0.541465 0.07152301 0.52071 0.06823599 0.529608 0.06080096 0.531337 0.068304 0.552867 0.04190695 0.582087 0 0.578829 0.01483696 0.595468 0.05786597 0.593144 0.06834399 0.552867 0.04190695 0.52071 0.06823599 0.510961 0.07112598 0.529608 0.06080096 0.587514 0.07655298 0.579304 0.08218395 0.552867 0.04190695 0.579304 0.08218395 0.568826 0.08450698 0.552867 0.04190695 0.558266 0.08259296 0.552867 0.04190695 0.568826 0.08450698 0.552867 0.04190695 0.549844 0.07728499 0.541465 0.07152301 0.549844 0.07728499 0.552867 0.04190695 0.558266 0.08259296 0.531337 0.068304 0.529608 0.06080096 0.541465 0.07152301 0.593144 0.06834399 0.587514 0.07655298 0.552867 0.04190695 0.362665 0.455661 0.346982 0.498261 0.352287 0.457575 0.362665 0.455661 0.372962 0.457984 0.346982 0.498261 0.346982 0.498261 0.372962 0.457984 0.38103 0.463615 0.346982 0.498261 0.344011 0.462883 0.352287 0.457575 0.335777 0.468645 0.346982 0.498261 0.325823 0.471864 0.335777 0.468645 0.344011 0.462883 0.346982 0.498261 0.38103 0.463615 0.386563 0.471824 0.346982 0.498261 0.386965 0.492863 0.346982 0.498261 0.388847 0.482302 0.381749 0.501285 0.346982 0.498261 0.386965 0.492863 0.31538 0.471932 0.325823 0.471864 0.346982 0.498261 0.36555 0.52152 0.374891 0.512419 0.372495 0.525331 0.375697 0.540168 0.36555 0.52152 0.372495 0.525331 0.346982 0.498261 0.374891 0.512419 0.36555 0.52152 0.346982 0.498261 0.381749 0.501285 0.374891 0.512419 0.346982 0.498261 0.305799 0.469041 0.31538 0.471932 0.388847 0.482302 0.346982 0.498261 0.386563 0.471824 0.347666 0.04238098 0.336947 1.54e-4 0.344431 0.002636969 0.358871 0.01276499 0.347666 0.04238098 0.350637 0.007002949 0.344431 0.002636969 0.350637 0.007002949 0.347666 0.04238098 0.329076 0 0.347666 0.04238098 0.321806 0.002050995 0.31539 0.006088972 0.321806 0.002050995 0.347666 0.04238098 0.347666 0.04238098 0.310156 0.01207298 0.31539 0.006088972 0.329076 0 0.336947 1.54e-4 0.347666 0.04238098 0.370522 0.02348697 0.358871 0.01276499 0.368823 0.01598399 0.358871 0.01276499 0.370522 0.02348697 0.347666 0.04238098 0.321726 0.06391096 0.347666 0.04238098 0.321794 0.07453799 0.347666 0.04238098 0.318953 0.084288 0.321794 0.07453799 0.306865 0.01934999 0.310156 0.01207298 0.347666 0.04238098 0.370522 0.02348697 0.379266 0.01605194 0.388847 0.013161 0.321726 0.06391096 0.318563 0.05378299 0.347666 0.04238098 0.306865 0.01934999 0.347666 0.04238098 0.305799 0.02695 0.305799 0.02695 0.347666 0.04238098 0.307638 0.03685998 0.312901 0.04540497 0.307638 0.03685998 0.347666 0.04238098 0.312901 0.04540497 0.347666 0.04238098 0.318563 0.05378299 0.379266 0.01605194 0.370522 0.02348697 0.368823 0.01598399 0.934036 0.06080096 0.925292 0.06823599 0.915712 0.07112598 0.945687 0.07152301 0.935735 0.068304 0.934036 0.06080096 0.956891 0.04190695 0.945687 0.07152301 0.934036 0.06080096 0.925292 0.06823599 0.934036 0.06080096 0.935735 0.068304 0.95392 0.07728499 0.945687 0.07152301 0.956891 0.04190695 0.95392 0.07728499 0.956891 0.04190695 0.962316 0.082641 0.962316 0.082641 0.956891 0.04190695 0.972053 0.08451199 0.956891 0.04190695 0.979522 0.08342796 0.972053 0.08451199 0.979522 0.08342796 0.956891 0.04190695 0.986672 0.080078 0.956891 0.04190695 0.982762 0.009748995 0.982829 0.02037596 0.995944 0.04519897 0.998384 0.05281496 0.956891 0.04190695 0.985603 0 0.982762 0.009748995 0.956891 0.04190695 0.991654 0.03888297 0.995944 0.04519897 0.956891 0.04190695 0.986672 0.080078 0.956891 0.04190695 0.992552 0.07475197 0.956891 0.04190695 0.99652 0.06822299 0.992552 0.07475197 0.956891 0.04190695 0.998535 0.06082499 0.99652 0.06822299 0.998384 0.05281496 0.998535 0.06082499 0.956891 0.04190695 0.982829 0.02037596 0.991654 0.03888297 0.956891 0.04190695 0.304334 0 0.304334 0.01699399 0.290929 0.01423496 0.304334 0.01699399 0.304334 0.03344899 0.290929 0.02846997 0.304334 0.04938995 0.304334 0.06483995 0.290929 0.05693995 0.304334 0.03344899 0.304334 0.04938995 0.290929 0.04270499 0.304334 0.11388 0.304334 0.14235 0.290929 0.1281149 0.290929 0.05693995 0.290929 0.04270499 0.304334 0.04938995 0.304334 0.14235 0.304334 0.162921 0.290929 0.156586 0.304334 0.06483995 0.304334 0.11388 0.290929 0.08540999 0.304334 0.162921 0.304334 0.1780959 0.290929 0.170821 0.304334 0.1780959 0.304334 0.193931 0.290929 0.185056 0.304334 0.21047 0.304334 0.227761 0.290929 0.213526 0.304334 0.245052 0.304334 0.261591 0.290929 0.256231 0.304334 0.227761 0.304334 0.245052 0.290929 0.241996 0.304334 0.193931 0.304334 0.21047 0.290929 0.199291 0.304334 0.277426 0.304334 0.2926 0.290929 0.284701 0.304334 0.2926 0.304334 0.341641 0.290929 0.313171 0.304334 0.370111 0.304334 0.390682 0.290929 0.384346 0.304334 0.405856 0.304334 0.421691 0.290929 0.412816 0.304334 0.390682 0.304334 0.405856 0.290929 0.398581 0.304334 0.341641 0.304334 0.370111 0.290929 0.355876 0.304334 0.261591 0.304334 0.277426 0.290929 0.270466 0.304334 0.421691 0.304334 0.43823 0.290929 0.427051 0.304334 0.06483995 0.290929 0.08540999 0.290929 0.07117497 0.304334 0.11388 0.290929 0.1281149 0.290929 0.11388 0.290929 0.11388 0.290929 0.09964495 0.304334 0.11388 0.304334 0.1780959 0.290929 0.185056 0.290929 0.170821 0.304334 0.277426 0.290929 0.284701 0.290929 0.270466 0.304334 0.341641 0.290929 0.355876 0.290929 0.341641 0.290929 0.341641 0.290929 0.327406 0.304334 0.341641 0.290929 0.313171 0.290929 0.298936 0.304334 0.2926 0.290929 0.455522 0.290929 0.441286 0.304334 0.455522 0.290929 0.412816 0.290929 0.398581 0.304334 0.405856 0.304334 0.455522 0.304334 0.472813 0.290929 0.469757 0.304334 0.472813 0.304334 0.489352 0.290929 0.483992 0.304334 0.505187 0.304334 0.520361 0.290929 0.512462 0.304334 0.489352 0.304334 0.505187 0.290929 0.498227 0.304334 0.569402 0.304334 0.597872 0.290929 0.583637 0.304334 0.618443 0.304334 0.633617 0.290929 0.626342 0.304334 0.597872 0.304334 0.618443 0.290929 0.612107 0.304334 0.505187 0.290929 0.512462 0.290929 0.498227 0.304334 0.520361 0.304334 0.569402 0.290929 0.540932 0.304334 0.633617 0.304334 0.649452 0.290929 0.640577 0.304334 0.649452 0.304334 0.665991 0.290929 0.654812 0.304334 0.683282 0.304334 0.700574 0.290929 0.697517 0.304334 0.717113 0.304334 0.732947 0.290929 0.725987 0.304334 0.700574 0.304334 0.717113 0.290929 0.711752 0.304334 0.665991 0.304334 0.683282 0.290929 0.669047 0.304334 0.748122 0.304334 0.797163 0.290929 0.768693 0.304334 0.825633 0.290929 0.811398 0.304334 0.797163 0.304334 0.846203 0.304334 0.861653 0.290929 0.854103 0.304334 0.877594 0.304334 0.894049 0.290929 0.882573 0.304334 0.861653 0.304334 0.877594 0.290929 0.868338 0.304334 0.825633 0.304334 0.846203 0.290929 0.839868 0.304334 0.732947 0.304334 0.748122 0.290929 0.740223 0.304334 0.894049 0.304334 0.911043 0.290929 0.896808 0.304334 0.520361 0.290929 0.540932 0.290929 0.526697 0.304334 0.569402 0.290929 0.583637 0.290929 0.569402 0.290929 0.569402 0.290929 0.555167 0.304334 0.569402 0.304334 0.633617 0.290929 0.640577 0.290929 0.626342 0.304334 0.732947 0.290929 0.740223 0.290929 0.725987 0.304334 0.797163 0.290929 0.811398 0.290929 0.797163 0.290929 0.797163 0.290929 0.782928 0.304334 0.797163 0.290929 0.768693 0.290929 0.754458 0.304334 0.748122 0.290929 0.868338 0.290929 0.854103 0.304334 0.861653 0.290929 0.825633 0.290929 0.811398 0.304334 0.825633 0.802685 0.07087397 0.802685 0.03543698 0.837938 0.03543698 0.767431 0.07087397 0.767431 0.03543698 0.802685 0.03543698 0.732177 0.07087397 0.732177 0.03543698 0.767431 0.03543698 0.696923 0.07087397 0.696923 0.03543698 0.732177 0.03543698 0.837938 0.10631 0.837938 0.07087397 0.873192 0.07087397 0.802685 0.10631 0.802685 0.07087397 0.837938 0.07087397 0.767431 0.07087397 0.802685 0.07087397 0.802685 0.10631 0.732177 0.10631 0.732177 0.07087397 0.767431 0.07087397 0.696923 0.10631 0.696923 0.07087397 0.732177 0.07087397 0.66167 0.10631 0.66167 0.07087397 0.696923 0.07087397 0.837938 0.1417469 0.837938 0.10631 0.873192 0.10631 0.802685 0.1417469 0.802685 0.10631 0.837938 0.10631 0.696923 0.1417469 0.696923 0.10631 0.732177 0.10631 0.66167 0.1417469 0.66167 0.10631 0.696923 0.10631 0.837938 0.177184 0.837938 0.1417469 0.873192 0.1417469 0.802685 0.177184 0.802685 0.1417469 0.837938 0.1417469 0.696923 0.177184 0.696923 0.1417469 0.732177 0.1417469 0.66167 0.177184 0.66167 0.1417469 0.696923 0.1417469 0.837938 0.212621 0.837938 0.177184 0.873192 0.177184 0.802685 0.212621 0.802685 0.177184 0.837938 0.177184 0.802685 0.177184 0.802685 0.212621 0.767431 0.212621 0.767431 0.212621 0.732177 0.212621 0.732177 0.177184 0.696923 0.212621 0.696923 0.177184 0.732177 0.177184 0.66167 0.212621 0.66167 0.177184 0.696923 0.177184 0.802685 0.248058 0.802685 0.212621 0.837938 0.212621 0.767431 0.248058 0.767431 0.212621 0.802685 0.212621 0.732177 0.248058 0.732177 0.212621 0.767431 0.212621 0.696923 0.248058 0.696923 0.212621 0.732177 0.212621 0.867143 0.04151695 0.837938 0.03543698 0.844849 0.02327299 0.867143 0.04151695 0.885293 0.06392699 0.873192 0.07087397 0.898545 0.08957099 0.873192 0.07087397 0.885293 0.06392699 0.867143 0.04151695 0.837938 0.07087397 0.837938 0.03543698 0.802685 0.03543698 0.793852 0.002509951 0.819338 0.009951949 0.819338 0.009951949 0.837938 0.03543698 0.802685 0.03543698 0.793852 0.002509951 0.802685 0.03543698 0.767431 0.03543698 0.837938 0.03543698 0.819338 0.009951949 0.844849 0.02327299 0.767431 0 0.793852 0.002509951 0.767431 0.03543698 0.867143 0.04151695 0.873192 0.07087397 0.837938 0.07087397 0.905948 0.115189 0.873192 0.10631 0.898545 0.08957099 0.873192 0.1417469 0.905948 0.115189 0.908446 0.1417469 0.905948 0.1683059 0.873192 0.1417469 0.908446 0.1417469 0.873192 0.10631 0.905948 0.115189 0.873192 0.1417469 0.802685 0.10631 0.793781 0.126455 0.780606 0.118809 0.802685 0.10631 0.802685 0.1417469 0.793781 0.126455 0.898545 0.08957099 0.873192 0.10631 0.873192 0.07087397 0.780606 0.118809 0.767431 0.111163 0.802685 0.10631 0.741009 0.002509951 0.767431 0 0.767431 0.03543698 0.715524 0.009951949 0.741009 0.002509951 0.732177 0.03543698 0.741009 0.002509951 0.767431 0.03543698 0.732177 0.03543698 0.696923 0.03543698 0.715524 0.009951949 0.732177 0.03543698 0.667718 0.04151695 0.690012 0.02327299 0.696923 0.03543698 0.715524 0.009951949 0.696923 0.03543698 0.690012 0.02327299 0.66167 0.07087397 0.649568 0.06392699 0.667718 0.04151695 0.696923 0.03543698 0.696923 0.07087397 0.667718 0.04151695 0.696923 0.07087397 0.66167 0.07087397 0.667718 0.04151695 0.732177 0.10631 0.767431 0.111163 0.75518 0.118272 0.732177 0.1417469 0.732177 0.10631 0.741081 0.126455 0.732177 0.10631 0.75518 0.118272 0.74293 0.125382 0.741081 0.126455 0.732177 0.10631 0.74293 0.125382 0.649568 0.06392699 0.66167 0.07087397 0.636317 0.08957099 0.66167 0.10631 0.636317 0.08957099 0.66167 0.07087397 0.66167 0.1417469 0.628913 0.115189 0.66167 0.10631 0.636317 0.08957099 0.66167 0.10631 0.628913 0.115189 0.732177 0.1417469 0.741081 0.126455 0.741081 0.128601 0.732177 0.10631 0.767431 0.07087397 0.802685 0.10631 0.732177 0.10631 0.802685 0.10631 0.767431 0.111163 0.793781 0.126455 0.802685 0.1417469 0.793781 0.1417469 0.898545 0.193924 0.873192 0.177184 0.905948 0.1683059 0.873192 0.177184 0.898545 0.193924 0.873192 0.212621 0.885293 0.219568 0.873192 0.212621 0.898545 0.193924 0.793781 0.1570399 0.793781 0.1417469 0.802685 0.1417469 0.780606 0.164686 0.802685 0.177184 0.767431 0.172332 0.793781 0.1570399 0.802685 0.177184 0.780606 0.164686 0.793781 0.1570399 0.802685 0.1417469 0.802685 0.177184 0.837938 0.212621 0.873192 0.212621 0.867143 0.241978 0.905948 0.1683059 0.873192 0.177184 0.873192 0.1417469 0.837938 0.212621 0.867143 0.241978 0.837938 0.248058 0.819338 0.273542 0.837938 0.248058 0.844849 0.260222 0.867143 0.241978 0.844849 0.260222 0.837938 0.248058 0.802685 0.248058 0.837938 0.248058 0.819338 0.273542 0.767431 0.283495 0.767431 0.248058 0.793852 0.280984 0.802685 0.248058 0.793852 0.280984 0.767431 0.248058 0.793852 0.280984 0.802685 0.248058 0.819338 0.273542 0.767431 0.283495 0.741009 0.280984 0.767431 0.248058 0.867143 0.241978 0.873192 0.212621 0.885293 0.219568 0.732177 0.177184 0.802685 0.177184 0.767431 0.212621 0.741081 0.1570399 0.732177 0.1417469 0.741081 0.14282 0.741081 0.14282 0.732177 0.1417469 0.741081 0.128601 0.732177 0.177184 0.754256 0.164686 0.767431 0.172332 0.732177 0.177184 0.741081 0.1570399 0.754256 0.164686 0.732177 0.177184 0.732177 0.1417469 0.741081 0.1570399 0.628913 0.115189 0.66167 0.1417469 0.626416 0.1417469 0.628913 0.1683059 0.626416 0.1417469 0.66167 0.1417469 0.628913 0.1683059 0.66167 0.1417469 0.66167 0.177184 0.636317 0.193924 0.628913 0.1683059 0.66167 0.177184 0.802685 0.177184 0.732177 0.177184 0.767431 0.172332 0.696923 0.248058 0.732177 0.248058 0.715524 0.273542 0.741009 0.280984 0.715524 0.273542 0.732177 0.248058 0.690012 0.260222 0.696923 0.248058 0.715524 0.273542 0.667718 0.241978 0.696923 0.212621 0.696923 0.248058 0.649568 0.219568 0.636317 0.193924 0.66167 0.212621 0.66167 0.212621 0.636317 0.193924 0.66167 0.177184 0.649568 0.219568 0.66167 0.212621 0.667718 0.241978 0.667718 0.241978 0.66167 0.212621 0.696923 0.212621 0.667718 0.241978 0.696923 0.248058 0.690012 0.260222 0.732177 0.248058 0.767431 0.248058 0.741009 0.280984 0.912811 0.02732896 0.912811 0 0.914262 0 0.911361 0.02732896 0.911361 0 0.912811 0 0.912811 0.05465799 0.912811 0.02732896 0.914262 0.02732896 0.911361 0.05465799 0.911361 0.02732896 0.912811 0.02732896 0.912811 0.08426898 0.912811 0.05465799 0.914262 0.05465799 0.911361 0.08426898 0.911361 0.05465799 0.912811 0.05465799 0.912811 0.11388 0.912811 0.08426898 0.914262 0.11388 0.911361 0.11388 0.911361 0.08426898 0.912811 0.11388 0.912811 0.143492 0.912811 0.11388 0.914262 0.11388 0.911361 0.143492 0.911361 0.11388 0.912811 0.143492 0.912811 0.173103 0.912811 0.143492 0.914262 0.143492 0.911361 0.173103 0.911361 0.143492 0.912811 0.173103 0.912811 0.200432 0.912811 0.173103 0.914262 0.200432 0.911361 0.200432 0.911361 0.173103 0.912811 0.200432 0.912811 0.227761 0.912811 0.200432 0.914262 0.200432 0.911361 0.227761 0.911361 0.200432 0.912811 0.200432 0.912811 0.25509 0.912811 0.227761 0.914262 0.25509 0.911361 0.25509 0.911361 0.227761 0.912811 0.25509 0.912811 0.282419 0.912811 0.25509 0.914262 0.25509 0.911361 0.282419 0.911361 0.25509 0.912811 0.25509 0.912811 0.31203 0.912811 0.282419 0.914262 0.282419 0.911361 0.31203 0.911361 0.282419 0.912811 0.282419 0.912811 0.341641 0.912811 0.31203 0.914262 0.31203 0.911361 0.341641 0.911361 0.31203 0.912811 0.341641 0.912811 0.371252 0.912811 0.341641 0.914262 0.341641 0.911361 0.371252 0.911361 0.341641 0.912811 0.371252 0.912811 0.400864 0.912811 0.371252 0.914262 0.400864 0.911361 0.400864 0.911361 0.371252 0.912811 0.400864 0.912811 0.428193 0.912811 0.400864 0.914262 0.428193 0.911361 0.428193 0.911361 0.400864 0.912811 0.428193 0.912811 0.455522 0.912811 0.428193 0.914262 0.428193 0.911361 0.455522 0.911361 0.428193 0.912811 0.428193 0.912811 0.482851 0.912811 0.455522 0.914262 0.482851 0.911361 0.482851 0.911361 0.455522 0.912811 0.482851 0.912811 0.51018 0.912811 0.482851 0.914262 0.482851 0.911361 0.51018 0.911361 0.482851 0.912811 0.482851 0.912811 0.539791 0.912811 0.51018 0.914262 0.51018 0.911361 0.539791 0.911361 0.51018 0.912811 0.51018 0.912811 0.569402 0.912811 0.539791 0.914262 0.569402 0.911361 0.569402 0.911361 0.539791 0.912811 0.539791 0.912811 0.599013 0.912811 0.569402 0.914262 0.599013 0.911361 0.599013 0.911361 0.569402 0.912811 0.599013 0.912811 0.628624 0.912811 0.599013 0.914262 0.599013 0.911361 0.628624 0.911361 0.599013 0.912811 0.628624 0.912811 0.655953 0.912811 0.628624 0.914262 0.655953 0.911361 0.655953 0.911361 0.628624 0.912811 0.655953 0.912811 0.683282 0.912811 0.655953 0.914262 0.655953 0.911361 0.683282 0.911361 0.655953 0.912811 0.655953 0.912811 0.710611 0.912811 0.683282 0.914262 0.710611 0.911361 0.710611 0.911361 0.683282 0.912811 0.710611 0.912811 0.73794 0.912811 0.710611 0.914262 0.710611 0.911361 0.73794 0.911361 0.710611 0.912811 0.710611 0.912811 0.767551 0.912811 0.73794 0.914262 0.73794 0.911361 0.767551 0.911361 0.73794 0.912811 0.73794 0.912811 0.797163 0.912811 0.767551 0.914262 0.767551 0.911361 0.797163 0.911361 0.767551 0.912811 0.797163 0.912811 0.826774 0.912811 0.797163 0.914262 0.797163 0.911361 0.826774 0.911361 0.797163 0.912811 0.797163 0.912811 0.856385 0.912811 0.826774 0.914262 0.856385 0.911361 0.856385 0.911361 0.826774 0.912811 0.826774 0.912811 0.883714 0.912811 0.856385 0.914262 0.883714 0.911361 0.883714 0.911361 0.856385 0.912811 0.883714 0.912811 0.911043 0.912811 0.883714 0.914262 0.911043 0.911361 0.911043 0.911361 0.883714 0.912811 0.911043 0.914262 0 0.915712 0 0.915712 0.01304596 0.914262 0.02732896 0.915712 0.02653199 0.915712 0.04041898 0.914262 0.05465799 0.915712 0.04041898 0.915712 0.05465799 0.914262 0.02732896 0.915712 0.01304596 0.915712 0.02653199 0.914262 0.08426898 0.915712 0.069193 0.915712 0.08395695 0.914262 0.11388 0.915712 0.09887897 0.915712 0.11388 0.914262 0.11388 0.915712 0.11388 0.915712 0.128882 0.914262 0.08426898 0.915712 0.08395695 0.915712 0.09887897 0.914262 0.05465799 0.915712 0.05465799 0.915712 0.069193 0.914262 0.02732896 0.914262 0 0.915712 0.01304596 0.914262 0.08426898 0.914262 0.05465799 0.915712 0.069193 0.914262 0.11388 0.914262 0.08426898 0.915712 0.09887897 0.914262 0.02732896 0.915712 0.04041898 0.914262 0.05465799 0.914262 0.143492 0.915712 0.143804 0.915712 0.158568 0.914262 0.143492 0.915712 0.158568 0.914262 0.173103 0.915712 0.173103 0.914262 0.173103 0.915712 0.158568 0.915712 0.187342 0.914262 0.173103 0.915712 0.173103 0.915712 0.128882 0.914262 0.143492 0.914262 0.11388 0.915712 0.128882 0.915712 0.143804 0.914262 0.143492 0.914262 0.200432 0.915712 0.187342 0.915712 0.201229 0.914262 0.227761 0.915712 0.214715 0.915712 0.227761 0.914262 0.227761 0.915712 0.227761 0.915712 0.2408069 0.914262 0.200432 0.915712 0.201229 0.915712 0.214715 0.915712 0.254293 0.914262 0.25509 0.915712 0.2408069 0.915712 0.282419 0.914262 0.282419 0.915712 0.268179 0.915712 0.296953 0.914262 0.282419 0.915712 0.282419 0.915712 0.268179 0.914262 0.25509 0.915712 0.254293 0.914262 0.25509 0.914262 0.227761 0.915712 0.2408069 0.915712 0.32664 0.914262 0.31203 0.915712 0.311718 0.915712 0.214715 0.914262 0.227761 0.914262 0.200432 0.915712 0.32664 0.915712 0.341641 0.914262 0.341641 0.915712 0.341641 0.915712 0.356643 0.914262 0.341641 0.915712 0.296953 0.915712 0.311718 0.914262 0.31203 0.915712 0.371564 0.914262 0.371252 0.915712 0.356643 0.915712 0.386329 0.914262 0.371252 0.915712 0.371564 0.915712 0.415103 0.914262 0.400864 0.915712 0.400864 0.915712 0.42899 0.914262 0.428193 0.915712 0.415103 0.915712 0.400864 0.914262 0.400864 0.915712 0.386329 0.915712 0.442475 0.914262 0.428193 0.915712 0.42899 0.914262 0.173103 0.915712 0.187342 0.914262 0.200432 0.911361 0.02732896 0.90991 0.02732896 0.911361 0 0.911361 0.08426898 0.90991 0.08426898 0.911361 0.05465799 0.911361 0.11388 0.90991 0.11388 0.90991 0.08426898 0.911361 0.05465799 0.90991 0.05465799 0.911361 0.02732896 0.911361 0.200432 0.90991 0.200432 0.90991 0.173103 0.911361 0.227761 0.90991 0.227761 0.911361 0.200432 0.911361 0.173103 0.90991 0.173103 0.90991 0.143492 0.911361 0.143492 0.90991 0.143492 0.911361 0.11388 0.911361 0.25509 0.90991 0.25509 0.90991 0.227761 0.915712 0.296953 0.914262 0.31203 0.914262 0.282419 0.911361 0.31203 0.90991 0.31203 0.911361 0.282419 0.914262 0.341641 0.914262 0.31203 0.915712 0.32664 0.90991 0.25509 0.911361 0.25509 0.90991 0.282419 0.915712 0.386329 0.914262 0.400864 0.914262 0.371252 0.915712 0.442475 0.914262 0.455522 0.914262 0.428193 0.914262 0.428193 0.914262 0.400864 0.915712 0.415103 0.914262 0.371252 0.914262 0.341641 0.915712 0.356643 0.911361 0.341641 0.90991 0.341641 0.90991 0.31203 0.90991 0.341641 0.911361 0.341641 0.90991 0.371252 0.911361 0.428193 0.90991 0.428193 0.90991 0.400864 0.90991 0.428193 0.911361 0.428193 0.90991 0.455522 0.911361 0.400864 0.90991 0.400864 0.90991 0.371252 0.914262 0.282419 0.914262 0.25509 0.915712 0.268179 0.914262 0.455522 0.915712 0.442475 0.915712 0.455522 0.914262 0.482851 0.914262 0.455522 0.915712 0.468568 0.914262 0.482851 0.915712 0.482053 0.915712 0.49594 0.914262 0.51018 0.915712 0.49594 0.915712 0.51018 0.914262 0.539791 0.915712 0.524714 0.915712 0.539479 0.914262 0.569402 0.915712 0.5544 0.915712 0.569402 0.914262 0.569402 0.915712 0.569402 0.915712 0.584403 0.914262 0.539791 0.915712 0.539479 0.915712 0.5544 0.914262 0.51018 0.915712 0.51018 0.915712 0.524714 0.914262 0.51018 0.914262 0.482851 0.915712 0.49594 0.914262 0.569402 0.914262 0.539791 0.915712 0.5544 0.914262 0.599013 0.914262 0.569402 0.915712 0.584403 0.914262 0.51018 0.915712 0.524714 0.914262 0.539791 0.914262 0.628624 0.914262 0.599013 0.915712 0.61409 0.915712 0.642864 0.914262 0.628624 0.915712 0.628624 0.915712 0.61409 0.915712 0.628624 0.914262 0.628624 0.914262 0.655953 0.914262 0.628624 0.915712 0.642864 0.914262 0.599013 0.915712 0.584403 0.915712 0.599325 0.914262 0.655953 0.915712 0.65675 0.915712 0.670236 0.914262 0.683282 0.915712 0.683282 0.915712 0.696329 0.914262 0.710611 0.914262 0.683282 0.915712 0.696329 0.914262 0.683282 0.915712 0.670236 0.915712 0.683282 0.915712 0.723701 0.914262 0.710611 0.915712 0.709814 0.915712 0.752475 0.914262 0.73794 0.915712 0.73794 0.915712 0.76724 0.914262 0.767551 0.915712 0.752475 0.915712 0.73794 0.914262 0.73794 0.915712 0.723701 0.915712 0.797163 0.914262 0.797163 0.915712 0.782161 0.915712 0.670236 0.914262 0.683282 0.914262 0.655953 0.915712 0.797163 0.915712 0.812164 0.914262 0.797163 0.915712 0.812164 0.915712 0.827086 0.914262 0.826774 0.915712 0.76724 0.915712 0.782161 0.914262 0.767551 0.915712 0.84185 0.914262 0.826774 0.915712 0.827086 0.915712 0.856385 0.914262 0.856385 0.915712 0.84185 0.915712 0.884511 0.914262 0.883714 0.915712 0.870624 0.915712 0.897997 0.914262 0.883714 0.915712 0.884511 0.915712 0.870624 0.914262 0.856385 0.915712 0.856385 0.915712 0.911043 0.914262 0.911043 0.915712 0.897997 0.915712 0.642864 0.915712 0.65675 0.914262 0.655953 0.911361 0.51018 0.90991 0.51018 0.911361 0.482851 0.911361 0.569402 0.90991 0.569402 0.911361 0.539791 0.911361 0.599013 0.90991 0.599013 0.911361 0.569402 0.911361 0.539791 0.90991 0.539791 0.911361 0.51018 0.911361 0.683282 0.90991 0.683282 0.911361 0.655953 0.911361 0.710611 0.90991 0.710611 0.90991 0.683282 0.911361 0.655953 0.90991 0.655953 0.90991 0.628624 0.911361 0.628624 0.90991 0.628624 0.90991 0.599013 0.911361 0.482851 0.90991 0.482851 0.90991 0.455522 0.90991 0.710611 0.911361 0.710611 0.90991 0.73794 0.915712 0.752475 0.914262 0.767551 0.914262 0.73794 0.911361 0.767551 0.90991 0.767551 0.911361 0.73794 0.914262 0.797163 0.914262 0.767551 0.915712 0.782161 0.915712 0.84185 0.914262 0.856385 0.914262 0.826774 0.915712 0.897997 0.914262 0.911043 0.914262 0.883714 0.914262 0.883714 0.914262 0.856385 0.915712 0.870624 0.914262 0.826774 0.914262 0.797163 0.915712 0.812164 0.911361 0.797163 0.90991 0.797163 0.90991 0.767551 0.90991 0.797163 0.911361 0.797163 0.90991 0.826774 0.90991 0.826774 0.911361 0.826774 0.911361 0.856385 0.911361 0.883714 0.90991 0.883714 0.90991 0.856385 0.911361 0.911043 0.90991 0.911043 0.90991 0.883714 0.914262 0.73794 0.914262 0.710611 0.915712 0.723701 0.915712 0.468568 0.914262 0.455522 0.915712 0.455522 0.20676 0.08312296 0.248112 0.08312296 0.248112 0.04156094 0.165408 0.08312296 0.20676 0.08312296 0.20676 0.04156094 0.124056 0.08312296 0.165408 0.08312296 0.165408 0.04156094 0.082704 0.08312296 0.124056 0.08312296 0.124056 0.04156094 0.04135197 0.08312296 0.082704 0.08312296 0.082704 0.04156094 0.20676 0.124684 0.248112 0.124684 0.248112 0.08312296 0.165408 0.124684 0.20676 0.124684 0.20676 0.08312296 0.124056 0.124684 0.165408 0.124684 0.165408 0.08312296 0.082704 0.124684 0.124056 0.124684 0.124056 0.08312296 0.04135197 0.124684 0.082704 0.124684 0.082704 0.08312296 0.20676 0.166245 0.248112 0.166245 0.248112 0.124684 0.165408 0.166245 0.20676 0.166245 0.20676 0.124684 0.124056 0.166245 0.165408 0.166245 0.165408 0.124684 0.082704 0.166245 0.124056 0.166245 0.124056 0.124684 0.04135197 0.166245 0.082704 0.166245 0.082704 0.124684 0.20676 0.207806 0.248112 0.207806 0.248112 0.166245 0.165408 0.207806 0.20676 0.207806 0.20676 0.166245 0.124056 0.207806 0.165408 0.207806 0.165408 0.166245 0.082704 0.207806 0.124056 0.207806 0.124056 0.166245 0.04135197 0.207806 0.082704 0.207806 0.082704 0.166245 0.20676 0.249368 0.248112 0.249368 0.248112 0.207806 0.165408 0.249368 0.20676 0.249368 0.20676 0.207806 0.124056 0.249368 0.165408 0.249368 0.165408 0.207806 0.082704 0.249368 0.124056 0.249368 0.124056 0.207806 0.04135197 0.249368 0.082704 0.249368 0.082704 0.207806 0.248112 0.04156094 0.262952 5e-6 0.252444 0.001919984 0.248112 0.04156094 0.252444 0.001919984 0.244065 0.007226943 0.273377 0.002328991 0.248112 0.04156094 0.281545 0.007958948 0.273377 0.002328991 0.262952 5e-6 0.248112 0.04156094 0.248112 0.04156094 0.244065 0.007226943 0.235728 0.01298999 0.1447319 0 0.165408 0.04156094 0.1761389 0.00346595 0.225651 0.01620799 0.2150779 0.01627695 0.20676 0.04156094 0.205377 0.01338595 0.1761389 0.00346595 0.165408 0.04156094 0.248112 0.04156094 0.235728 0.01298999 0.225651 0.01620799 0.2150779 0.01627695 0.205377 0.01338595 0.20676 0.04156094 0.248112 0.04156094 0.287147 0.01616895 0.281545 0.007958948 0.287554 0.03720694 0.289459 0.02664697 0.248112 0.04156094 0.287554 0.03720694 0.248112 0.04156094 0.282273 0.04562896 0.248112 0.08312296 0.276146 0.08451199 0.272904 0.06967496 0.248112 0.04156094 0.272904 0.06967496 0.27533 0.05676299 0.27533 0.05676299 0.282273 0.04562896 0.248112 0.04156094 0.248112 0.04156094 0.225651 0.01620799 0.20676 0.04156094 0.20676 0.04156094 0.205377 0.01338595 0.165408 0.04156094 0.276146 0.08451199 0.248112 0.08312296 0.248112 0.124684 0.248112 0.08312296 0.272904 0.06967496 0.248112 0.04156094 0.165408 0.04156094 0.1447319 0 0.124056 0.04156094 0.248112 0.124684 0.289464 0.145465 0.276146 0.08451199 0.287147 0.01616895 0.248112 0.04156094 0.289459 0.02664697 0.113326 0.00346595 0.124056 0.04156094 0.1447319 0 0.04135197 0.04156094 0.03911596 0.002861976 0.03153795 3.79e-4 0.082704 0.04156094 0.08408695 0.01338595 0.07438695 0.01627695 0.06381297 0.01620799 0.04539895 0.007226943 0.04135197 0.04156094 0.113326 0.00346595 0.08408695 0.01338595 0.124056 0.04156094 0.03911596 0.002861976 0.04135197 0.04156094 0.04539895 0.007226943 0.04135197 0.04156094 0.01620799 0.00227499 0.009710967 0.006312966 0.01620799 0.00227499 0.04135197 0.04156094 0.02356898 2.25e-4 0.001078963 0.01957499 0.04135197 0.04156094 0.004411995 0.01229798 0.004411995 0.01229798 0.04135197 0.04156094 0.009710967 0.006312966 0.02356898 2.25e-4 0.04135197 0.04156094 0.03153795 3.79e-4 0.082704 0.04156094 0.07438695 0.01627695 0.06381297 0.01620799 0.01612699 0.06413596 0.04135197 0.08312296 0.04135197 0.04156094 0.01292395 0.05400794 0.01612699 0.06413596 0.04135197 0.04156094 0.001078963 0.01957499 0 0.02717494 0.04135197 0.04156094 0.04135197 0.08312296 0.01619499 0.074763 0.013318 0.08451199 0.01612699 0.06413596 0.01619499 0.074763 0.04135197 0.08312296 0.04135197 0.124684 0.04135197 0.08312296 0.013318 0.08451199 0.08408695 0.01338595 0.082704 0.04156094 0.124056 0.04156094 0 0.02717494 0.001861989 0.03708398 0.04135197 0.04156094 0.001861989 0.03708398 0.007190942 0.04562896 0.04135197 0.04156094 0.04135197 0.124684 0.013318 0.08451199 0.003368973 0.114262 0.003368973 0.114262 0 0.145465 0.04135197 0.124684 0.007190942 0.04562896 0.01292395 0.05400794 0.04135197 0.04156094 0.04135197 0.166245 0.04135197 0.124684 0 0.145465 0.082704 0.04156094 0.06381297 0.01620799 0.04135197 0.04156094 0.286016 0.17703 0.289464 0.145465 0.248112 0.166245 0.276146 0.206417 0.286016 0.17703 0.248112 0.166245 0.248112 0.249368 0.282273 0.2452999 0.27533 0.234166 0.248112 0.249368 0.27533 0.234166 0.272904 0.221254 0.248112 0.207806 0.272904 0.221254 0.276146 0.206417 0.276146 0.206417 0.248112 0.166245 0.248112 0.207806 0.272904 0.221254 0.248112 0.207806 0.248112 0.249368 0.205377 0.277543 0.20676 0.249368 0.165408 0.249368 0.1447319 0.290929 0.165408 0.249368 0.124056 0.249368 0.20676 0.249368 0.225651 0.274721 0.248112 0.249368 0.248112 0.249368 0.287554 0.253722 0.282273 0.2452999 0.248112 0.249368 0.287147 0.27476 0.289459 0.264282 0.287147 0.27476 0.248112 0.249368 0.281545 0.28297 0.248112 0.249368 0.262952 0.290924 0.273377 0.288601 0.273377 0.288601 0.281545 0.28297 0.248112 0.249368 0.262952 0.290924 0.248112 0.249368 0.252444 0.289009 0.225651 0.274721 0.20676 0.249368 0.2150779 0.274652 0.205377 0.277543 0.165408 0.249368 0.1761389 0.287463 0.252444 0.289009 0.248112 0.249368 0.244065 0.283702 0.1761389 0.287463 0.165408 0.249368 0.1447319 0.290929 0.225651 0.274721 0.244065 0.283702 0.248112 0.249368 0.205377 0.277543 0.2150779 0.274652 0.20676 0.249368 0.289459 0.264282 0.287554 0.253722 0.248112 0.249368 0.113326 0.287463 0.1447319 0.290929 0.124056 0.249368 0.04135197 0.207806 0.04135197 0.166245 0.013318 0.206417 0.01612699 0.226793 0.04135197 0.207806 0.01619499 0.216166 0.01619499 0.216166 0.04135197 0.207806 0.013318 0.206417 0.01612699 0.226793 0.04135197 0.249368 0.04135197 0.207806 0.001078963 0.271355 0.04135197 0.249368 0 0.263754 0.01292395 0.236921 0.04135197 0.249368 0.01612699 0.226793 0.04135197 0.166245 0.003368973 0.176667 0.013318 0.206417 0.007190942 0.2452999 0.001861989 0.253845 0.04135197 0.249368 0.04135197 0.249368 0.01292395 0.236921 0.007190942 0.2452999 0.04135197 0.249368 0.001861989 0.253845 0 0.263754 0.06381297 0.274721 0.082704 0.249368 0.04135197 0.249368 0 0.145465 0.003368973 0.176667 0.04135197 0.166245 0.082704 0.249368 0.07438695 0.274652 0.08408695 0.277543 0.06381297 0.274721 0.04135197 0.249368 0.05373597 0.27794 0.03911596 0.288067 0.04539895 0.283702 0.04135197 0.249368 0.08408695 0.277543 0.124056 0.249368 0.082704 0.249368 0.05373597 0.27794 0.04135197 0.249368 0.04539895 0.283702 0.001078963 0.271355 0.004411995 0.278632 0.04135197 0.249368 0.004411995 0.278632 0.009710967 0.284616 0.04135197 0.249368 0.01620799 0.288654 0.04135197 0.249368 0.009710967 0.284616 0.02356898 0.290704 0.04135197 0.249368 0.01620799 0.288654 0.03153795 0.29055 0.04135197 0.249368 0.02356898 0.290704 0.04135197 0.249368 0.03153795 0.29055 0.03911596 0.288067 0.07438695 0.274652 0.082704 0.249368 0.06381297 0.274721 0.124056 0.249368 0.08408695 0.277543 0.113326 0.287463 0.289464 0.145465 0.248112 0.124684 0.248112 0.166245 0.435456 0.207681 0.420896 0.218555 0.420896 0.207681 0.435456 0.2294279 0.420896 0.2294279 0.420896 0.218555 0.435456 0.207681 0.450016 0.207681 0.450016 0.2294279 0.420896 0.218555 0.435456 0.207681 0.435456 0.2294279 0.404871 0.333269 0.390311 0.333269 0.390311 0.311522 0.404871 0.311522 0.419431 0.311522 0.419431 0.333269 0.404871 0.2294279 0.390311 0.2294279 0.390311 0.207681 0.404871 0.207681 0.419431 0.207681 0.419431 0.2294279 0.416701 0.1255879 0.416701 0.103841 0.431994 0.103841 0.447286 0.103841 0.447286 0.1255879 0.431994 0.1255879 0.416701 0 0.430921 0 0.416701 0.02174699 0.431994 0.02174699 0.430921 0 0.447286 0.01087397 0.447286 0.01087397 0.44514 0 0.447286 0 0.447286 0.01087397 0.447286 0.02174699 0.431994 0.02174699 0.44514 0 0.447286 0.01087397 0.430921 0 0.420896 0.322395 0.420896 0.311522 0.42294 0.311522 0.420896 0.322395 0.436478 0.311522 0.420896 0.333269 0.436478 0.311522 0.420896 0.322395 0.42294 0.311522 0.450016 0.322395 0.436478 0.311522 0.450016 0.311522 0.436478 0.311522 0.450016 0.322395 0.450016 0.333269 0.420896 0.333269 0.436478 0.311522 0.450016 0.333269 0.521477 0.29304 0.524175 0.298179 0.518848 0.297594 0.524175 0.298179 0.521773 0.301136 0.518848 0.297594 0.520057 0.304448 0.51359 0.306702 0.516219 0.302148 0.516219 0.302148 0.521773 0.301136 0.520057 0.304448 0.521773 0.301136 0.516219 0.302148 0.518848 0.297594 0.519067 0.307891 0.51359 0.306702 0.520057 0.304448 0.527132 0.295776 0.521477 0.29304 0.524107 0.288487 0.534623 0.288487 0.533887 0.29307 0.529365 0.288487 0.534623 0.288487 0.539882 0.288487 0.537253 0.292762 0.537253 0.292762 0.533887 0.29307 0.534623 0.288487 0.527132 0.295776 0.524175 0.298179 0.521477 0.29304 0.529365 0.288487 0.533887 0.29307 0.530445 0.29406 0.527132 0.295776 0.524107 0.288487 0.530445 0.29406 0.530445 0.29406 0.524107 0.288487 0.529365 0.288487 0.510961 0.311256 0.51359 0.306702 0.518758 0.311256 0.519067 0.307891 0.518758 0.311256 0.51359 0.306702 0.519067 0.314621 0.510961 0.311256 0.518758 0.311256 0.520057 0.318064 0.521773 0.321376 0.510961 0.311256 0.521773 0.321376 0.524107 0.334026 0.510961 0.311256 0.524175 0.324334 0.524107 0.334026 0.521773 0.321376 0.519067 0.314621 0.520057 0.318064 0.510961 0.311256 0.527132 0.326736 0.530445 0.328452 0.524107 0.334026 0.529365 0.334026 0.530445 0.328452 0.533887 0.329442 0.524107 0.334026 0.530445 0.328452 0.529365 0.334026 0.534623 0.334026 0.529365 0.334026 0.533887 0.329442 0.534623 0.334026 0.537253 0.329751 0.539882 0.334026 0.537253 0.329751 0.540618 0.329442 0.539882 0.334026 0.534623 0.334026 0.533887 0.329442 0.537253 0.329751 0.524175 0.324334 0.527132 0.326736 0.524107 0.334026 0.540618 0.29307 0.537253 0.292762 0.539882 0.288487 0.54514 0.288487 0.54406 0.29406 0.540618 0.29307 0.539882 0.288487 0.54514 0.288487 0.540618 0.29307 0.550399 0.288487 0.54406 0.29406 0.54514 0.288487 0.550399 0.288487 0.547373 0.295776 0.54406 0.29406 0.55033 0.298179 0.555657 0.297594 0.552732 0.301136 0.553028 0.29304 0.55033 0.298179 0.547373 0.295776 0.550399 0.288487 0.553028 0.29304 0.547373 0.295776 0.553028 0.29304 0.555657 0.297594 0.55033 0.298179 0.552732 0.301136 0.555657 0.297594 0.558286 0.302148 0.552732 0.301136 0.558286 0.302148 0.554449 0.304448 0.560916 0.306702 0.554449 0.304448 0.558286 0.302148 0.556033 0.308003 0.555747 0.311256 0.555438 0.307891 0.556033 0.308003 0.560916 0.306702 0.563545 0.311256 0.554449 0.304448 0.556033 0.308003 0.555438 0.307891 0.556033 0.308003 0.554449 0.304448 0.560916 0.306702 0.556033 0.308003 0.563545 0.311256 0.560916 0.31581 0.55033 0.324334 0.553028 0.329472 0.547373 0.326736 0.553028 0.329472 0.550399 0.334026 0.547373 0.326736 0.54514 0.334026 0.540618 0.329442 0.54406 0.328452 0.54406 0.328452 0.550399 0.334026 0.54514 0.334026 0.550399 0.334026 0.54406 0.328452 0.547373 0.326736 0.539882 0.334026 0.540618 0.329442 0.54514 0.334026 0.555657 0.324918 0.55033 0.324334 0.552732 0.321376 0.555747 0.311256 0.556033 0.321015 0.555438 0.314621 0.556033 0.321015 0.555747 0.311256 0.556033 0.308003 0.556033 0.321015 0.560916 0.31581 0.558286 0.320364 0.560916 0.31581 0.556033 0.321015 0.556033 0.308003 0.553028 0.329472 0.55033 0.324334 0.555657 0.324918 0.555657 0.324918 0.556033 0.321015 0.558286 0.320364 0.556033 0.321015 0.554449 0.318064 0.555438 0.314621 0.552732 0.321376 0.556033 0.321015 0.555657 0.324918 0.556033 0.321015 0.552732 0.321376 0.554449 0.318064 0.407374 0.03030997 0.40673 4.96e-4 0.407374 2.74e-4 0.408019 1.18e-4 0.408019 0.03046697 0.407374 2.74e-4 0.40673 0.03008896 0.406085 7.74e-4 0.40673 4.96e-4 0.406085 7.74e-4 0.406085 0.02980995 0.40544 0.001096963 0.408019 1.18e-4 0.408664 2.8e-5 0.408664 0.03055697 0.403506 0.01266294 0.404151 0.001799941 0.404151 0.02878499 0.404151 0.001799941 0.404796 0.001444995 0.404151 0.02878499 0.404151 0.001799941 0.403506 0.007404983 0.403506 0.002145946 0.404151 0.001799941 0.403506 0.01266294 0.403506 0.007404983 0.40544 0.001096963 0.40544 0.02948796 0.404796 0.001444995 0.409308 0.01529198 0.408664 2.8e-5 0.409308 0 0.40673 4.96e-4 0.407374 0.03030997 0.40673 0.03008896 0.407374 0.03030997 0.407374 2.74e-4 0.408019 0.03046697 0.406085 7.74e-4 0.40673 0.03008896 0.406085 0.02980995 0.408019 1.18e-4 0.408664 0.03055697 0.408019 0.03046697 0.409308 0.03058499 0.408664 0.03055697 0.409308 0.01529198 0.404151 0.02878499 0.403506 0.02317994 0.403506 0.01792198 0.404151 0.02878499 0.403506 0.02843797 0.403506 0.02317994 0.404796 0.02913999 0.404151 0.02878499 0.404796 0.001444995 0.404151 0.02878499 0.403506 0.01792198 0.403506 0.01266294 0.404796 0.001444995 0.40544 0.02948796 0.404796 0.02913999 0.40544 0.001096963 0.406085 0.02980995 0.40544 0.02948796 0.408664 0.03055697 0.408664 2.8e-5 0.409308 0.01529198 0.400132 0.03008896 0.400132 4.96e-4 0.400777 2.74e-4 0.401421 1.18e-4 0.400777 0.03030997 0.400777 2.74e-4 0.400132 0.03008896 0.399487 7.74e-4 0.400132 4.96e-4 0.399487 7.74e-4 0.399487 0.02980995 0.398843 0.001096963 0.401421 1.18e-4 0.402066 2.8e-5 0.401421 0.03046697 0.396909 0.01266294 0.397554 0.001799941 0.397554 0.02878499 0.397554 0.001799941 0.398198 0.001444995 0.397554 0.02878499 0.397554 0.001799941 0.396909 0.007404983 0.396909 0.002145946 0.397554 0.001799941 0.396909 0.01266294 0.396909 0.007404983 0.398843 0.001096963 0.398843 0.02948796 0.398198 0.001444995 0.402711 0.01529198 0.402066 2.8e-5 0.402711 0 0.400777 2.74e-4 0.400777 0.03030997 0.400132 0.03008896 0.400777 0.03030997 0.401421 1.18e-4 0.401421 0.03046697 0.399487 7.74e-4 0.400132 0.03008896 0.399487 0.02980995 0.402066 2.8e-5 0.402066 0.03055697 0.401421 0.03046697 0.402711 0.03058499 0.402066 0.03055697 0.402711 0.01529198 0.397554 0.02878499 0.396909 0.02317994 0.396909 0.01792198 0.397554 0.02878499 0.396909 0.02843797 0.396909 0.02317994 0.398198 0.02913999 0.397554 0.02878499 0.398198 0.001444995 0.397554 0.02878499 0.396909 0.01792198 0.396909 0.01266294 0.398198 0.001444995 0.398843 0.02948796 0.398198 0.02913999 0.398843 0.001096963 0.399487 0.02980995 0.398843 0.02948796 0.402066 0.03055697 0.402066 2.8e-5 0.402711 0.01529198 0.413327 0.03008896 0.413327 4.96e-4 0.413972 2.74e-4 0.414616 1.18e-4 0.413972 0.03030997 0.413972 2.74e-4 0.412683 0.02980995 0.412683 7.74e-4 0.413327 4.96e-4 0.412683 7.74e-4 0.412683 0.02980995 0.412038 0.001096963 0.414616 1.18e-4 0.415261 2.8e-5 0.414616 0.03046697 0.410104 0.01266294 0.410749 0.001799941 0.410104 0.01792198 0.410749 0.001799941 0.411393 0.001444995 0.410749 0.02878499 0.410749 0.001799941 0.410104 0.007404983 0.410104 0.002145946 0.410749 0.001799941 0.410104 0.01266294 0.410104 0.007404983 0.412038 0.001096963 0.411393 0.02913999 0.411393 0.001444995 0.415906 0.01529198 0.415261 2.8e-5 0.415906 0 0.413972 2.74e-4 0.413972 0.03030997 0.413327 0.03008896 0.413972 0.03030997 0.414616 1.18e-4 0.414616 0.03046697 0.413327 4.96e-4 0.413327 0.03008896 0.412683 0.02980995 0.415261 2.8e-5 0.415261 0.03055697 0.414616 0.03046697 0.415906 0.03058499 0.415261 0.03055697 0.415906 0.01529198 0.410749 0.02878499 0.410104 0.02317994 0.410104 0.01792198 0.410749 0.02878499 0.410104 0.02843797 0.410104 0.02317994 0.411393 0.02913999 0.410749 0.02878499 0.411393 0.001444995 0.410749 0.02878499 0.410104 0.01792198 0.410749 0.001799941 0.412038 0.001096963 0.412038 0.02948796 0.411393 0.02913999 0.412038 0.001096963 0.412683 0.02980995 0.412038 0.02948796 0.415261 0.03055697 0.415261 2.8e-5 0.415906 0.01529198 0.541271 0.253542 0.511456 0.254186 0.511235 0.253542 0.511078 0.252897 0.541427 0.252897 0.511235 0.253542 0.54105 0.254186 0.511735 0.254831 0.511456 0.254186 0.511735 0.254831 0.540771 0.254831 0.512057 0.255476 0.511078 0.252897 0.510989 0.252253 0.541517 0.252253 0.523624 0.25741 0.512761 0.256765 0.539745 0.256765 0.512761 0.256765 0.512405 0.25612 0.540101 0.25612 0.512761 0.256765 0.518365 0.25741 0.513107 0.25741 0.512761 0.256765 0.523624 0.25741 0.518365 0.25741 0.512057 0.255476 0.540449 0.255476 0.512405 0.25612 0.526253 0.251608 0.510989 0.252253 0.510961 0.251608 0.511456 0.254186 0.541271 0.253542 0.54105 0.254186 0.541271 0.253542 0.511235 0.253542 0.541427 0.252897 0.511735 0.254831 0.54105 0.254186 0.540771 0.254831 0.511078 0.252897 0.541517 0.252253 0.541427 0.252897 0.541545 0.251608 0.541517 0.252253 0.526253 0.251608 0.539745 0.256765 0.534141 0.25741 0.528882 0.25741 0.539745 0.256765 0.539399 0.25741 0.534141 0.25741 0.540101 0.25612 0.539745 0.256765 0.512761 0.256765 0.539745 0.256765 0.528882 0.25741 0.523624 0.25741 0.512405 0.25612 0.540449 0.255476 0.540101 0.25612 0.512057 0.255476 0.540771 0.254831 0.540449 0.255476 0.541517 0.252253 0.510989 0.252253 0.526253 0.251608 0.394179 0.03030997 0.393535 4.96e-4 0.394179 2.74e-4 0.394824 1.18e-4 0.394824 0.03046697 0.394179 2.74e-4 0.393535 0.03008896 0.39289 7.74e-4 0.393535 4.96e-4 0.39289 7.74e-4 0.39289 0.02980995 0.392245 0.001096963 0.394824 1.18e-4 0.395469 2.8e-5 0.395469 0.03055697 0.390311 0.01266294 0.390956 0.001799941 0.390956 0.02878499 0.390956 0.001799941 0.391601 0.001444995 0.391601 0.02913999 0.390956 0.001799941 0.390311 0.007404983 0.390311 0.002145946 0.390956 0.001799941 0.390311 0.01266294 0.390311 0.007404983 0.392245 0.001096963 0.392245 0.02948796 0.391601 0.001444995 0.396113 0.01529198 0.395469 2.8e-5 0.396113 0 0.393535 4.96e-4 0.394179 0.03030997 0.393535 0.03008896 0.394179 0.03030997 0.394179 2.74e-4 0.394824 0.03046697 0.39289 7.74e-4 0.393535 0.03008896 0.39289 0.02980995 0.394824 1.18e-4 0.395469 0.03055697 0.394824 0.03046697 0.396113 0.03058499 0.395469 0.03055697 0.396113 0.01529198 0.390956 0.02878499 0.390311 0.02317994 0.390311 0.01792198 0.390956 0.02878499 0.390311 0.02843797 0.390311 0.02317994 0.391601 0.02913999 0.390956 0.02878499 0.390956 0.001799941 0.390956 0.02878499 0.390311 0.01792198 0.390311 0.01266294 0.391601 0.001444995 0.392245 0.02948796 0.391601 0.02913999 0.392245 0.001096963 0.39289 0.02980995 0.392245 0.02948796 0.395469 0.03055697 0.395469 2.8e-5 0.396113 0.01529198 0.511078 0.236733 0.510989 0.236088 0.541427 0.236733 0.511235 0.237378 0.511078 0.236733 0.541271 0.237378 0.54105 0.238022 0.511456 0.238022 0.511235 0.237378 0.511735 0.238667 0.511456 0.238022 0.540771 0.238667 0.540449 0.2393119 0.512057 0.2393119 0.511735 0.238667 0.540101 0.239956 0.512405 0.239956 0.512057 0.2393119 0.539745 0.240601 0.512761 0.240601 0.512405 0.239956 0.513107 0.241245 0.512761 0.240601 0.539399 0.241245 0.510989 0.236088 0.510961 0.235444 0.541545 0.235444 0.541271 0.237378 0.54105 0.238022 0.511235 0.237378 0.541271 0.237378 0.511078 0.236733 0.541427 0.236733 0.510989 0.236088 0.541517 0.236088 0.541427 0.236733 0.54105 0.238022 0.540771 0.238667 0.511456 0.238022 0.539399 0.241245 0.512761 0.240601 0.539745 0.240601 0.512057 0.2393119 0.540449 0.2393119 0.540101 0.239956 0.540101 0.239956 0.539745 0.240601 0.512405 0.239956 0.540449 0.2393119 0.511735 0.238667 0.540771 0.238667 0.510989 0.236088 0.541545 0.235444 0.541517 0.236088 0.51665 0.499715 0.524497 0.499715 0.524497 0.508811 0.50746 0.508811 0.51665 0.499715 0.51665 0.508811 0.49827 0.508811 0.50746 0.499715 0.50746 0.508811 0.48908 0.499715 0.49827 0.499715 0.49827 0.508811 0.51665 0.508811 0.524497 0.508811 0.524497 0.517907 0.50746 0.517907 0.51665 0.508811 0.51665 0.517907 0.49827 0.517907 0.50746 0.508811 0.50746 0.517907 0.48908 0.508811 0.49827 0.508811 0.49827 0.517907 0.51665 0.527003 0.524497 0.517907 0.524497 0.527003 0.50746 0.517907 0.51665 0.517907 0.51665 0.527003 0.49827 0.517907 0.50746 0.517907 0.50746 0.527003 0.48908 0.527003 0.49827 0.517907 0.49827 0.527003 0.51665 0.536099 0.524497 0.527003 0.524497 0.536099 0.50746 0.527003 0.51665 0.527003 0.51665 0.536099 0.49827 0.527003 0.50746 0.527003 0.50746 0.536099 0.48908 0.536099 0.49827 0.527003 0.49827 0.536099 0.51665 0.536099 0.524497 0.536099 0.524497 0.545195 0.50746 0.545195 0.51665 0.536099 0.51665 0.545195 0.49827 0.545195 0.50746 0.536099 0.50746 0.545195 0.48908 0.536099 0.49827 0.536099 0.49827 0.545195 0.51665 0.545195 0.524497 0.545195 0.524497 0.554291 0.50746 0.554291 0.51665 0.545195 0.51665 0.554291 0.49827 0.554291 0.50746 0.545195 0.50746 0.554291 0.48908 0.545195 0.49827 0.545195 0.49827 0.554291 0.51665 0.563387 0.524497 0.554291 0.524497 0.563387 0.50746 0.554291 0.51665 0.554291 0.51665 0.563387 0.49827 0.554291 0.50746 0.554291 0.50746 0.563387 0.48908 0.563387 0.49827 0.554291 0.49827 0.563387 0.51665 0.572483 0.524497 0.563387 0.524497 0.572483 0.50746 0.563387 0.51665 0.563387 0.51665 0.572483 0.49827 0.563387 0.50746 0.563387 0.50746 0.572483 0.48908 0.572483 0.49827 0.563387 0.49827 0.572483 0.51665 0.572483 0.524497 0.572483 0.524497 0.581579 0.50746 0.581579 0.51665 0.572483 0.51665 0.581579 0.49827 0.581579 0.50746 0.572483 0.50746 0.581579 0.48908 0.572483 0.49827 0.572483 0.49827 0.581579 0.51665 0.581579 0.524497 0.581579 0.524497 0.590675 0.50746 0.590675 0.51665 0.581579 0.51665 0.590675 0.49827 0.590675 0.50746 0.581579 0.50746 0.590675 0.48908 0.581579 0.49827 0.581579 0.49827 0.590675 0.51665 0.599772 0.524497 0.590675 0.524497 0.599772 0.50746 0.590675 0.51665 0.590675 0.51665 0.599772 0.49827 0.590675 0.50746 0.590675 0.50746 0.599772 0.48908 0.599772 0.49827 0.590675 0.49827 0.599772 0.51665 0.608868 0.524497 0.599772 0.524497 0.608868 0.50746 0.599772 0.51665 0.599772 0.51665 0.608868 0.49827 0.599772 0.50746 0.599772 0.50746 0.608868 0.48908 0.608868 0.49827 0.599772 0.49827 0.608868 0.51665 0.608868 0.524497 0.608868 0.524497 0.617964 0.50746 0.617964 0.51665 0.608868 0.51665 0.617964 0.49827 0.617964 0.50746 0.608868 0.50746 0.617964 0.48908 0.608868 0.49827 0.608868 0.49827 0.617964 0.51665 0.617964 0.524497 0.617964 0.524497 0.62706 0.50746 0.62706 0.51665 0.617964 0.51665 0.62706 0.49827 0.62706 0.50746 0.617964 0.50746 0.62706 0.48908 0.617964 0.49827 0.617964 0.49827 0.62706 0.51665 0.636156 0.524497 0.62706 0.524497 0.636156 0.50746 0.62706 0.51665 0.62706 0.51665 0.636156 0.49827 0.62706 0.50746 0.62706 0.50746 0.636156 0.48908 0.636156 0.49827 0.62706 0.49827 0.636156 0.51665 0.645252 0.524497 0.636156 0.524497 0.645252 0.50746 0.636156 0.51665 0.636156 0.51665 0.645252 0.49827 0.636156 0.50746 0.636156 0.50746 0.645252 0.48908 0.645252 0.49827 0.636156 0.49827 0.645252 0.524497 0.563387 0.532343 0.563752 0.532343 0.568245 0.524497 0.554291 0.532343 0.549511 0.532343 0.554291 0.524497 0.62706 0.532343 0.62706 0.532343 0.63184 0.510961 0.267772 0.514523 0.275207 0.510961 0.275207 0.518085 0.267772 0.521647 0.275207 0.518085 0.275207 0.514523 0.267772 0.518085 0.275207 0.514523 0.275207 0.525209 0.267772 0.528772 0.275207 0.525209 0.275207 0.532334 0.267772 0.535896 0.275207 0.532334 0.275207 0.528772 0.267772 0.532334 0.275207 0.528772 0.275207 0.521647 0.267772 0.525209 0.275207 0.521647 0.275207 0.539458 0.267772 0.54302 0.275207 0.539458 0.275207 0.546583 0.267772 0.550145 0.275207 0.546583 0.275207 0.546583 0.267772 0.54302 0.275207 0.54302 0.267772 0.553707 0.267772 0.557269 0.275207 0.553707 0.275207 0.564394 0.267772 0.560831 0.275207 0.560831 0.267772 0.557269 0.267772 0.560831 0.275207 0.557269 0.275207 0.550145 0.267772 0.553707 0.275207 0.550145 0.275207 0.535896 0.267772 0.539458 0.275207 0.535896 0.275207 0.567956 0.267772 0.564394 0.275207 0.564394 0.267772 0.57508 0.267772 0.571518 0.275207 0.571518 0.267772 0.582205 0.267772 0.578643 0.275207 0.578643 0.267772 0.578643 0.267772 0.57508 0.275207 0.57508 0.267772 0.585767 0.267772 0.589329 0.275207 0.585767 0.275207 0.592891 0.267772 0.596454 0.275207 0.592891 0.275207 0.589329 0.267772 0.592891 0.275207 0.589329 0.275207 0.582205 0.267772 0.585767 0.275207 0.582205 0.275207 0.603578 0.267772 0.603578 0.275207 0.600016 0.275207 0.610702 0.267772 0.610702 0.275207 0.60714 0.275207 0.60714 0.267772 0.60714 0.275207 0.603578 0.275207 0.617827 0.267772 0.617827 0.275207 0.614265 0.275207 0.624951 0.267772 0.624951 0.275207 0.621389 0.275207 0.621389 0.267772 0.621389 0.275207 0.617827 0.275207 0.614265 0.267772 0.614265 0.275207 0.610702 0.275207 0.600016 0.267772 0.600016 0.275207 0.596454 0.275207 0.571518 0.267772 0.567956 0.275207 0.567956 0.267772 0.591883 0.776533 0.602281 0.746793 0.602281 0.776533 0.612679 0.746793 0.602281 0.776533 0.602281 0.746793 0.410516 0.80931 0.400414 0.83905 0.400414 0.80931 0.426195 0.80931 0.418356 0.83905 0.418356 0.80931 0.426195 0.83905 0.434035 0.80931 0.434035 0.83905 0.418356 0.80931 0.410516 0.83905 0.410516 0.80931 0.449714 0.80931 0.441875 0.83905 0.441875 0.80931 0.457554 0.80931 0.449714 0.83905 0.449714 0.80931 0.465394 0.80931 0.457554 0.83905 0.457554 0.80931 0.441875 0.80931 0.434035 0.83905 0.434035 0.80931 0.612614 0.663935 0.602216 0.693675 0.602216 0.663935 0.509496 0.06277096 0.481221 0.06277096 0.481221 0.04707795 0.509496 0.09415596 0.481221 0.09415596 0.481221 0.07846397 0.546952 0.776533 0.55735 0.746793 0.55735 0.776533 0.567748 0.746793 0.55735 0.776533 0.55735 0.746793 0.421343 0.499715 0.410999 0.529455 0.410999 0.499715 0.421343 0.529455 0.431686 0.499715 0.431686 0.529455 0.410999 0.499715 0.400655 0.529455 0.400655 0.499715 0.452374 0.499715 0.44203 0.529455 0.44203 0.499715 0.462718 0.499715 0.452374 0.529455 0.452374 0.499715 0.44203 0.499715 0.431686 0.529455 0.431686 0.499715 0.549685 0.693675 0.562816 0.663935 0.562816 0.693675 0.551764 0.610817 0.564894 0.581077 0.564894 0.610817 0.421343 0.602913 0.410999 0.632653 0.410999 0.602913 0.421343 0.632653 0.431686 0.602913 0.431686 0.632653 0.410999 0.602913 0.400655 0.632653 0.400655 0.602913 0.452374 0.602913 0.44203 0.632653 0.44203 0.602913 0.462718 0.602913 0.452374 0.632653 0.452374 0.602913 0.44203 0.602913 0.431686 0.632653 0.431686 0.602913 0.612679 0.82965 0.602281 0.85939 0.602281 0.82965 0.591818 0.610817 0.602216 0.581077 0.602216 0.610817 0.405991 0.706111 0.398151 0.735851 0.398151 0.706111 0.42167 0.706111 0.41383 0.735851 0.41383 0.706111 0.42167 0.735851 0.42951 0.706111 0.42951 0.735851 0.41383 0.706111 0.405991 0.735851 0.405991 0.706111 0.445189 0.706111 0.43735 0.735851 0.43735 0.706111 0.453029 0.706111 0.445189 0.735851 0.445189 0.706111 0.463131 0.706111 0.453029 0.735851 0.453029 0.706111 0.43735 0.706111 0.42951 0.735851 0.42951 0.706111 0.546952 0.85939 0.55735 0.82965 0.55735 0.85939 0.567748 0.82965 0.55735 0.85939 0.55735 0.82965 0.304334 0 0.290929 0.01423496 0.290929 0 0.304334 0.01699399 0.290929 0.02846997 0.290929 0.01423496 0.304334 0.06483995 0.290929 0.07117497 0.290929 0.05693995 0.304334 0.03344899 0.290929 0.04270499 0.290929 0.02846997 0.304334 0.14235 0.290929 0.14235 0.290929 0.1281149 0.304334 0.14235 0.290929 0.156586 0.290929 0.14235 0.304334 0.11388 0.290929 0.09964495 0.290929 0.08540999 0.304334 0.162921 0.290929 0.170821 0.290929 0.156586 0.304334 0.193931 0.290929 0.199291 0.290929 0.185056 0.304334 0.227761 0.290929 0.227761 0.290929 0.213526 0.304334 0.245052 0.290929 0.256231 0.290929 0.241996 0.304334 0.227761 0.290929 0.241996 0.290929 0.227761 0.304334 0.21047 0.290929 0.213526 0.290929 0.199291 0.304334 0.2926 0.290929 0.298936 0.290929 0.284701 0.304334 0.341641 0.290929 0.327406 0.290929 0.313171 0.304334 0.370111 0.290929 0.384346 0.290929 0.370111 0.304334 0.421691 0.290929 0.427051 0.290929 0.412816 0.304334 0.390682 0.290929 0.398581 0.290929 0.384346 0.304334 0.370111 0.290929 0.370111 0.290929 0.355876 0.304334 0.261591 0.290929 0.270466 0.290929 0.256231 0.304334 0.43823 0.290929 0.441286 0.290929 0.427051 0.290929 0.441286 0.304334 0.43823 0.304334 0.455522 0.304334 0.455522 0.290929 0.469757 0.290929 0.455522 0.304334 0.472813 0.290929 0.483992 0.290929 0.469757 0.304334 0.520361 0.290929 0.526697 0.290929 0.512462 0.304334 0.489352 0.290929 0.498227 0.290929 0.483992 0.304334 0.597872 0.290929 0.597872 0.290929 0.583637 0.304334 0.618443 0.290929 0.626342 0.290929 0.612107 0.304334 0.597872 0.290929 0.612107 0.290929 0.597872 0.304334 0.569402 0.290929 0.555167 0.290929 0.540932 0.304334 0.649452 0.290929 0.654812 0.290929 0.640577 0.304334 0.665991 0.290929 0.669047 0.290929 0.654812 0.304334 0.683282 0.290929 0.697517 0.290929 0.683282 0.304334 0.717113 0.290929 0.725987 0.290929 0.711752 0.304334 0.700574 0.290929 0.711752 0.290929 0.697517 0.304334 0.683282 0.290929 0.683282 0.290929 0.669047 0.304334 0.797163 0.290929 0.782928 0.290929 0.768693 0.304334 0.846203 0.290929 0.854103 0.290929 0.839868 0.304334 0.894049 0.290929 0.896808 0.290929 0.882573 0.304334 0.877594 0.290929 0.882573 0.290929 0.868338 0.304334 0.825633 0.290929 0.839868 0.290929 0.825633 0.304334 0.748122 0.290929 0.754458 0.290929 0.740223 0.304334 0.911043 0.290929 0.911043 0.290929 0.896808 0.802685 0.07087397 0.837938 0.03543698 0.837938 0.07087397 0.767431 0.07087397 0.802685 0.03543698 0.802685 0.07087397 0.732177 0.07087397 0.767431 0.03543698 0.767431 0.07087397 0.696923 0.07087397 0.732177 0.03543698 0.732177 0.07087397 0.837938 0.10631 0.873192 0.07087397 0.873192 0.10631 0.802685 0.10631 0.837938 0.07087397 0.837938 0.10631 0.696923 0.10631 0.732177 0.07087397 0.732177 0.10631 0.66167 0.10631 0.696923 0.07087397 0.696923 0.10631 0.837938 0.1417469 0.873192 0.10631 0.873192 0.1417469 0.802685 0.1417469 0.837938 0.10631 0.837938 0.1417469 0.696923 0.1417469 0.732177 0.10631 0.732177 0.1417469 0.66167 0.1417469 0.696923 0.10631 0.696923 0.1417469 0.837938 0.177184 0.873192 0.1417469 0.873192 0.177184 0.802685 0.177184 0.837938 0.1417469 0.837938 0.177184 0.696923 0.177184 0.732177 0.1417469 0.732177 0.177184 0.66167 0.177184 0.696923 0.1417469 0.696923 0.177184 0.837938 0.212621 0.873192 0.177184 0.873192 0.212621 0.802685 0.212621 0.837938 0.177184 0.837938 0.212621 0.696923 0.212621 0.732177 0.177184 0.732177 0.212621 0.66167 0.212621 0.696923 0.177184 0.696923 0.212621 0.802685 0.248058 0.837938 0.212621 0.837938 0.248058 0.767431 0.248058 0.802685 0.212621 0.802685 0.248058 0.732177 0.248058 0.767431 0.212621 0.767431 0.248058 0.696923 0.248058 0.732177 0.212621 0.732177 0.248058 0.912811 0.02732896 0.914262 0 0.914262 0.02732896 0.911361 0.02732896 0.912811 0 0.912811 0.02732896 0.912811 0.05465799 0.914262 0.02732896 0.914262 0.05465799 0.911361 0.05465799 0.912811 0.02732896 0.912811 0.05465799 0.912811 0.08426898 0.914262 0.05465799 0.914262 0.08426898 0.911361 0.08426898 0.912811 0.05465799 0.912811 0.08426898 0.912811 0.08426898 0.914262 0.08426898 0.914262 0.11388 0.911361 0.08426898 0.912811 0.08426898 0.912811 0.11388 0.912811 0.143492 0.914262 0.11388 0.914262 0.143492 0.911361 0.11388 0.912811 0.11388 0.912811 0.143492 0.912811 0.173103 0.914262 0.143492 0.914262 0.173103 0.911361 0.143492 0.912811 0.143492 0.912811 0.173103 0.912811 0.173103 0.914262 0.173103 0.914262 0.200432 0.911361 0.173103 0.912811 0.173103 0.912811 0.200432 0.912811 0.227761 0.914262 0.200432 0.914262 0.227761 0.911361 0.227761 0.912811 0.200432 0.912811 0.227761 0.912811 0.227761 0.914262 0.227761 0.914262 0.25509 0.911361 0.227761 0.912811 0.227761 0.912811 0.25509 0.912811 0.282419 0.914262 0.25509 0.914262 0.282419 0.911361 0.282419 0.912811 0.25509 0.912811 0.282419 0.912811 0.31203 0.914262 0.282419 0.914262 0.31203 0.911361 0.31203 0.912811 0.282419 0.912811 0.31203 0.912811 0.341641 0.914262 0.31203 0.914262 0.341641 0.911361 0.31203 0.912811 0.31203 0.912811 0.341641 0.912811 0.371252 0.914262 0.341641 0.914262 0.371252 0.911361 0.341641 0.912811 0.341641 0.912811 0.371252 0.912811 0.371252 0.914262 0.371252 0.914262 0.400864 0.911361 0.371252 0.912811 0.371252 0.912811 0.400864 0.912811 0.400864 0.914262 0.400864 0.914262 0.428193 0.911361 0.400864 0.912811 0.400864 0.912811 0.428193 0.912811 0.455522 0.914262 0.428193 0.914262 0.455522 0.911361 0.455522 0.912811 0.428193 0.912811 0.455522 0.912811 0.455522 0.914262 0.455522 0.914262 0.482851 0.911361 0.455522 0.912811 0.455522 0.912811 0.482851 0.912811 0.51018 0.914262 0.482851 0.914262 0.51018 0.911361 0.51018 0.912811 0.482851 0.912811 0.51018 0.912811 0.539791 0.914262 0.51018 0.914262 0.539791 0.911361 0.539791 0.912811 0.51018 0.912811 0.539791 0.912811 0.539791 0.914262 0.539791 0.914262 0.569402 0.911361 0.569402 0.912811 0.539791 0.912811 0.569402 0.912811 0.569402 0.914262 0.569402 0.914262 0.599013 0.911361 0.569402 0.912811 0.569402 0.912811 0.599013 0.912811 0.628624 0.914262 0.599013 0.914262 0.628624 0.911361 0.599013 0.912811 0.599013 0.912811 0.628624 0.912811 0.628624 0.914262 0.628624 0.914262 0.655953 0.911361 0.628624 0.912811 0.628624 0.912811 0.655953 0.912811 0.683282 0.914262 0.655953 0.914262 0.683282 0.911361 0.683282 0.912811 0.655953 0.912811 0.683282 0.912811 0.683282 0.914262 0.683282 0.914262 0.710611 0.911361 0.683282 0.912811 0.683282 0.912811 0.710611 0.912811 0.73794 0.914262 0.710611 0.914262 0.73794 0.911361 0.73794 0.912811 0.710611 0.912811 0.73794 0.912811 0.767551 0.914262 0.73794 0.914262 0.767551 0.911361 0.767551 0.912811 0.73794 0.912811 0.767551 0.912811 0.797163 0.914262 0.767551 0.914262 0.797163 0.911361 0.767551 0.912811 0.767551 0.912811 0.797163 0.912811 0.826774 0.914262 0.797163 0.914262 0.826774 0.911361 0.826774 0.912811 0.797163 0.912811 0.826774 0.912811 0.826774 0.914262 0.826774 0.914262 0.856385 0.911361 0.856385 0.912811 0.826774 0.912811 0.856385 0.912811 0.856385 0.914262 0.856385 0.914262 0.883714 0.911361 0.856385 0.912811 0.856385 0.912811 0.883714 0.912811 0.883714 0.914262 0.883714 0.914262 0.911043 0.911361 0.883714 0.912811 0.883714 0.912811 0.911043 0.90991 0.02732896 0.90991 0 0.911361 0 0.90991 0.08426898 0.90991 0.05465799 0.911361 0.05465799 0.911361 0.11388 0.90991 0.08426898 0.911361 0.08426898 0.90991 0.05465799 0.90991 0.02732896 0.911361 0.02732896 0.911361 0.200432 0.90991 0.173103 0.911361 0.173103 0.90991 0.227761 0.90991 0.200432 0.911361 0.200432 0.911361 0.173103 0.90991 0.143492 0.911361 0.143492 0.90991 0.143492 0.90991 0.11388 0.911361 0.11388 0.911361 0.25509 0.90991 0.227761 0.911361 0.227761 0.90991 0.31203 0.90991 0.282419 0.911361 0.282419 0.911361 0.25509 0.911361 0.282419 0.90991 0.282419 0.911361 0.341641 0.90991 0.31203 0.911361 0.31203 0.911361 0.341641 0.911361 0.371252 0.90991 0.371252 0.911361 0.428193 0.90991 0.400864 0.911361 0.400864 0.911361 0.428193 0.911361 0.455522 0.90991 0.455522 0.911361 0.400864 0.90991 0.371252 0.911361 0.371252 0.914262 0.482851 0.915712 0.468568 0.915712 0.482053 0.914262 0.599013 0.915712 0.599325 0.915712 0.61409 0.914262 0.710611 0.915712 0.696329 0.915712 0.709814 0.90991 0.51018 0.90991 0.482851 0.911361 0.482851 0.90991 0.569402 0.90991 0.539791 0.911361 0.539791 0.90991 0.599013 0.90991 0.569402 0.911361 0.569402 0.90991 0.539791 0.90991 0.51018 0.911361 0.51018 0.90991 0.683282 0.90991 0.655953 0.911361 0.655953 0.911361 0.710611 0.90991 0.683282 0.911361 0.683282 0.911361 0.655953 0.90991 0.628624 0.911361 0.628624 0.911361 0.628624 0.90991 0.599013 0.911361 0.599013 0.911361 0.482851 0.90991 0.455522 0.911361 0.455522 0.911361 0.710611 0.911361 0.73794 0.90991 0.73794 0.90991 0.767551 0.90991 0.73794 0.911361 0.73794 0.911361 0.797163 0.90991 0.767551 0.911361 0.767551 0.911361 0.797163 0.911361 0.826774 0.90991 0.826774 0.90991 0.826774 0.911361 0.856385 0.90991 0.856385 0.911361 0.883714 0.90991 0.856385 0.911361 0.856385 0.911361 0.911043 0.90991 0.883714 0.911361 0.883714 0.20676 0.08312296 0.248112 0.04156094 0.20676 0.04156094 0.165408 0.08312296 0.20676 0.04156094 0.165408 0.04156094 0.124056 0.08312296 0.165408 0.04156094 0.124056 0.04156094 0.082704 0.08312296 0.124056 0.04156094 0.082704 0.04156094 0.04135197 0.08312296 0.082704 0.04156094 0.04135197 0.04156094 0.20676 0.124684 0.248112 0.08312296 0.20676 0.08312296 0.165408 0.124684 0.20676 0.08312296 0.165408 0.08312296 0.124056 0.124684 0.165408 0.08312296 0.124056 0.08312296 0.082704 0.124684 0.124056 0.08312296 0.082704 0.08312296 0.04135197 0.124684 0.082704 0.08312296 0.04135197 0.08312296 0.20676 0.166245 0.248112 0.124684 0.20676 0.124684 0.165408 0.166245 0.20676 0.124684 0.165408 0.124684 0.124056 0.166245 0.165408 0.124684 0.124056 0.124684 0.082704 0.166245 0.124056 0.124684 0.082704 0.124684 0.04135197 0.166245 0.082704 0.124684 0.04135197 0.124684 0.20676 0.207806 0.248112 0.166245 0.20676 0.166245 0.165408 0.207806 0.20676 0.166245 0.165408 0.166245 0.124056 0.207806 0.165408 0.166245 0.124056 0.166245 0.082704 0.207806 0.124056 0.166245 0.082704 0.166245 0.04135197 0.207806 0.082704 0.166245 0.04135197 0.166245 0.20676 0.249368 0.248112 0.207806 0.20676 0.207806 0.165408 0.249368 0.20676 0.207806 0.165408 0.207806 0.124056 0.249368 0.165408 0.207806 0.124056 0.207806 0.082704 0.249368 0.124056 0.207806 0.082704 0.207806 0.04135197 0.249368 0.082704 0.207806 0.04135197 0.207806 0.435456 0.207681 0.450016 0.2294279 0.435456 0.2294279 0.404871 0.333269 0.390311 0.311522 0.404871 0.311522 0.404871 0.311522 0.419431 0.333269 0.404871 0.333269 0.404871 0.2294279 0.390311 0.207681 0.404871 0.207681 0.404871 0.207681 0.419431 0.2294279 0.404871 0.2294279 0.416701 0.1255879 0.431994 0.103841 0.431994 0.1255879 0.447286 0.103841 0.431994 0.1255879 0.431994 0.103841 0.430921 0 0.431994 0.02174699 0.416701 0.02174699</float_array>
          <technique_common>
            <accessor source="#mesh-a370b624-14ea-4992-894f-5387d21c470e-mesh-map-0-array" count="4302" stride="2">
              <param name="S" type="float"/>
              <param name="T" type="float"/>
            </accessor>
          </technique_common>
        </source>
        <vertices id="mesh-a370b624-14ea-4992-894f-5387d21c470e-mesh-vertices">
          <input semantic="POSITION" source="#mesh-a370b624-14ea-4992-894f-5387d21c470e-mesh-positions"/>
        </vertices>
        <polylist material="ad_base-material" count="1434">
          <input semantic="VERTEX" source="#mesh-a370b624-14ea-4992-894f-5387d21c470e-mesh-vertices" offset="0"/>
          <input semantic="NORMAL" source="#mesh-a370b624-14ea-4992-894f-5387d21c470e-mesh-normals" offset="1"/>
          <input semantic="TEXCOORD" source="#mesh-a370b624-14ea-4992-894f-5387d21c470e-mesh-map-0" offset="2" set="0"/>
          <vcount>3 3 3 3 3 3 3 3 3 3 3 3 3 3 3 3 3 3 3 3 3 3 3 3 3 3 3 3 3 3 3 3 3 3 3 3 3 3 3 3 3 3 3 3 3 3 3 3 3 3 3 3 3 3 3 3 3 3 3 3 3 3 3 3 3 3 3 3 3 3 3 3 3 3 3 3 3 3 3 3 3 3 3 3 3 3 3 3 3 3 3 3 3 3 3 3 3 3 3 3 3 3 3 3 3 3 3 3 3 3 3 3 3 3 3 3 3 3 3 3 3 3 3 3 3 3 3 3 3 3 3 3 3 3 3 3 3 3 3 3 3 3 3 3 3 3 3 3 3 3 3 3 3 3 3 3 3 3 3 3 3 3 3 3 3 3 3 3 3 3 3 3 3 3 3 3 3 3 3 3 3 3 3 3 3 3 3 3 3 3 3 3 3 3 3 3 3 3 3 3 3 3 3 3 3 3 3 3 3 3 3 3 3 3 3 3 3 3 3 3 3 3 3 3 3 3 3 3 3 3 3 3 3 3 3 3 3 3 3 3 3 3 3 3 3 3 3 3 3 3 3 3 3 3 3 3 3 3 3 3 3 3 3 3 3 3 3 3 3 3 3 3 3 3 3 3 3 3 3 3 3 3 3 3 3 3 3 3 3 3 3 3 3 3 3 3 3 3 3 3 3 3 3 3 3 3 3 3 3 3 3 3 3 3 3 3 3 3 3 3 3 3 3 3 3 3 3 3 3 3 3 3 3 3 3 3 3 3 3 3 3 3 3 3 3 3 3 3 3 3 3 3 3 3 3 3 3 3 3 3 3 3 3 3 3 3 3 3 3 3 3 3 3 3 3 3 3 3 3 3 3 3 3 3 3 3 3 3 3 3 3 3 3 3 3 3 3 3 3 3 3 3 3 3 3 3 3 3 3 3 3 3 3 3 3 3 3 3 3 3 3 3 3 3 3 3 3 3 3 3 3 3 3 3 3 3 3 3 3 3 3 3 3 3 3 3 3 3 3 3 3 3 3 3 3 3 3 3 3 3 3 3 3 3 3 3 3 3 3 3 3 3 3 3 3 3 3 3 3 3 3 3 3 3 3 3 3 3 3 3 3 3 3 3 3 3 3 3 3 3 3 3 3 3 3 3 3 3 3 3 3 3 3 3 3 3 3 3 3 3 3 3 3 3 3 3 3 3 3 3 3 3 3 3 3 3 3 3 3 3 3 3 3 3 3 3 3 3 3 3 3 3 3 3 3 3 3 3 3 3 3 3 3 3 3 3 3 3 3 3 3 3 3 3 3 3 3 3 3 3 3 3 3 3 3 3 3 3 3 3 3 3 3 3 3 3 3 3 3 3 3 3 3 3 3 3 3 3 3 3 3 3 3 3 3 3 3 3 3 3 3 3 3 3 3 3 3 3 3 3 3 3 3 3 3 3 3 3 3 3 3 3 3 3 3 3 3 3 3 3 3 3 3 3 3 3 3 3 3 3 3 3 3 3 3 3 3 3 3 3 3 3 3 3 3 3 3 3 3 3 3 3 3 3 3 3 3 3 3 3 3 3 3 3 3 3 3 3 3 3 3 3 3 3 3 3 3 3 3 3 3 3 3 3 3 3 3 3 3 3 3 3 3 3 3 3 3 3 3 3 3 3 3 3 3 3 3 3 3 3 3 3 3 3 3 3 3 3 3 3 3 3 3 3 3 3 3 3 3 3 3 3 3 3 3 3 3 3 3 3 3 3 3 3 3 3 3 3 3 3 3 3 3 3 3 3 3 3 3 3 3 3 3 3 3 3 3 3 3 3 3 3 3 3 3 3 3 3 3 3 3 3 3 3 3 3 3 3 3 3 3 3 3 3 3 3 3 3 3 3 3 3 3 3 3 3 3 3 3 3 3 3 3 3 3 3 3 3 3 3 3 3 3 3 3 3 3 3 3 3 3 3 3 3 3 3 3 3 3 3 3 3 3 3 3 3 3 3 3 3 3 3 3 3 3 3 3 3 3 3 3 3 3 3 3 3 3 3 3 3 3 3 3 3 3 3 3 3 3 3 3 3 3 3 3 3 3 3 3 3 3 3 3 3 3 3 3 3 3 3 3 3 3 3 3 3 3 3 3 3 3 3 3 3 3 3 3 3 3 3 3 3 3 3 3 3 3 3 3 3 3 3 3 3 3 3 3 3 3 3 3 3 3 3 3 3 3 3 3 3 3 3 3 3 3 3 3 3 3 3 3 3 3 3 3 3 3 3 3 3 3 3 3 3 3 3 3 3 3 3 3 3 3 3 3 3 3 3 3 3 3 3 3 3 3 3 3 3 3 3 3 3 3 3 3 3 3 3 3 3 3 3 3 3 3 3 3 3 3 3 3 3 3 3 3 3 3 3 3 3 3 3 3 3 3 3 3 3 3 3 3 3 3 3 3 3 3 3 3 3 3 3 3 3 3 3 3 3 3 3 3 3 3 3 3 3 3 3 3 3 3 3 3 3 3 3 3 3 3 3 3 3 3 3 3 3 3 3 3 3 3 3 3 3 3 3 3 3 3 3 3 3 3 3 3 3 3 3 3 3 3 3 3 3 3 3 3 3 3 3 3 3 3 3 3 3 3 3 3 3 3 3 3 3 3 3 3 3 3 3 3 3 3 3 3 3 3 3 3 3 3 3 3 3 3 3 3 3 3 3 3 3 3 3 3 3 3 3 3 3 3 3 3 3 3 3 3 3 3 3 3 3 3 3 3 3 3 3 3 3 3 3 3 3 3 3 3 3 3 3 3 3 3 3 3 3 3 3 3 3 3 3 3 3 3 3 3 3 3 3 3 3 3 3 3 3 3 3 3 3 3 3 3 3 3 3 3 3 3 3 3 3 3 3 3 3 3 3 3 3 3 3 3 3 3 3 3 3 3 3 3 3 3 3 3 3 3 3 3 3 3 3 3 3 3 3 3 3 3 3 3 3 3 3 3 3 3 3 3 3 3 3 3 3 3 3 3 3 3 3 3 3 3 3 3 3 3 3 3 3 3 3 3 3 3 3 3 3 3 3 3 3 3 3 3 3 3 3 3 3 3 3 3 3 3 3 3 3 3 3 3 3 3 3 3 3 3 3 3 3 3 3 3 3 3 3 3 3 3 3 3 3 3 3 3 3 3 3 3 3 3 3 3 3 3 3 3 3 3 3 3 3 3 3 3 3 3 3 3 3 3 3 3 3 3 3 3 3 3 3 3 3 3 3 </vcount>
          <p>6 0 0 1 1 1 5 2 2 7 3 3 2 4 4 1 1 5 8 5 6 3 6 7 2 4 8 9 7 9 4 8 10 8 5 11 10 9 12 4 8 13 9 7 14 12 10 15 6 0 16 11 11 17 13 12 18 7 3 19 6 0 20 14 13 21 8 5 22 7 3 23 15 14 24 9 7 25 14 13 26 16 15 27 9 7 28 15 14 29 18 16 30 12 10 31 11 11 32 19 17 33 13 12 34 18 16 35 20 18 36 14 13 37 19 17 38 21 19 39 15 14 40 14 13 41 22 20 42 15 14 43 21 19 44 24 21 45 18 16 46 17 22 47 25 23 48 19 17 49 24 21 50 26 24 51 20 18 52 25 23 53 27 25 54 21 19 55 20 18 56 28 26 57 21 19 58 27 25 59 30 27 60 24 21 61 29 28 62 31 29 63 25 23 64 24 21 65 32 30 66 26 24 67 25 23 68 33 31 69 27 25 70 32 30 71 34 32 72 27 25 73 33 31 74 36 33 75 30 27 76 35 34 77 37 35 78 31 29 79 30 27 80 38 36 81 32 30 82 31 29 83 39 37 84 33 31 85 38 36 86 40 38 87 33 31 88 39 37 89 42 39 90 36 33 91 35 34 92 43 40 93 37 35 94 42 39 95 44 41 96 38 36 97 43 40 98 45 42 99 39 37 100 38 36 101 46 43 102 39 37 103 45 42 104 48 44 105 42 39 106 41 45 107 49 46 108 43 40 109 48 44 110 50 47 111 44 41 112 49 46 113 51 48 114 45 42 115 44 41 116 52 49 117 45 42 118 51 48 119 54 50 120 48 44 121 53 51 122 55 52 123 49 46 124 48 44 125 56 53 126 50 47 127 49 46 128 57 54 129 51 48 130 56 53 131 58 55 132 51 48 133 57 54 134 60 56 135 54 50 136 59 57 137 61 58 138 55 52 139 54 50 140 62 59 141 56 53 142 55 52 143 63 60 144 57 54 145 62 59 146 64 61 147 57 54 148 63 60 149 66 62 150 60 56 151 59 57 152 67 63 153 61 58 154 66 62 155 68 64 156 62 59 157 67 63 158 69 65 159 63 60 160 62 59 161 70 66 162 63 60 163 69 65 164 73 67 165 66 62 166 65 68 167 74 69 168 67 63 169 73 67 170 75 70 171 68 64 172 74 69 173 76 71 174 69 65 175 68 64 176 77 72 177 69 65 178 76 71 179 79 73 180 73 67 181 78 74 182 80 75 183 74 69 184 73 67 185 81 76 186 75 70 187 74 69 188 82 77 189 76 71 190 81 76 191 83 78 192 76 71 193 82 77 194 85 79 195 79 73 196 84 80 197 86 81 198 80 75 199 79 73 200 87 82 201 81 76 202 80 75 203 88 83 204 82 77 205 87 82 206 89 84 207 82 77 208 88 83 209 91 85 210 85 79 211 84 80 212 92 86 213 86 81 214 91 85 215 93 87 216 87 82 217 92 86 218 94 88 219 88 83 220 87 82 221 95 89 222 88 83 223 94 88 224 98 90 225 91 85 226 90 91 227 99 92 228 92 86 229 98 90 230 100 93 231 93 87 232 99 92 233 101 94 234 94 88 235 93 87 236 102 95 237 94 88 238 101 94 239 0 96 240 103 97 241 104 98 242 5 2 243 104 98 244 105 99 245 11 11 246 106 100 247 107 101 248 11 11 249 107 101 250 108 102 251 5 2 252 105 99 253 106 100 254 17 22 255 109 103 256 110 104 257 23 105 258 110 104 259 111 106 260 29 28 261 112 107 262 113 108 263 29 28 264 113 108 265 114 109 266 23 105 267 111 106 268 112 107 269 17 22 270 108 102 271 109 103 272 5 2 273 0 96 274 104 98 275 11 11 276 5 2 277 106 100 278 23 105 279 17 22 280 110 104 281 29 28 282 23 105 283 112 107 284 11 11 285 108 102 286 17 22 287 35 34 288 115 110 289 116 111 290 41 45 291 116 111 292 117 112 293 41 45 294 35 34 295 116 111 296 47 113 297 41 45 298 118 114 299 119 115 300 47 113 301 118 114 302 35 34 303 29 28 304 114 109 305 53 51 306 120 116 307 121 117 308 53 51 309 121 117 310 122 118 311 59 57 312 123 119 313 124 120 314 65 68 315 124 120 316 125 121 317 59 57 318 122 118 319 123 119 320 72 122 321 126 123 322 71 124 323 72 122 324 71 124 325 127 125 326 78 74 327 128 126 328 129 127 329 84 80 330 129 127 331 130 128 332 78 74 333 127 125 334 128 126 335 65 68 336 125 121 337 126 123 338 53 51 339 47 113 340 120 116 341 59 57 342 53 51 343 122 118 344 72 122 345 65 68 346 126 123 347 78 74 348 72 122 349 127 125 350 59 57 351 124 120 352 65 68 353 90 91 354 131 129 355 132 130 356 90 91 357 132 130 358 133 131 359 90 91 360 84 80 361 131 129 362 133 131 363 97 132 364 90 91 365 133 131 366 96 133 367 97 132 368 129 127 369 84 80 370 78 74 371 119 115 372 120 116 373 47 113 374 168 134 375 169 135 376 166 135 377 170 136 378 171 137 379 164 137 380 169 135 381 170 136 382 165 136 383 172 138 384 173 139 385 162 139 386 174 140 387 175 141 388 160 141 389 173 139 390 174 140 391 161 140 392 171 137 393 172 138 394 163 138 395 176 142 396 177 143 397 158 143 398 178 144 399 179 145 400 156 145 401 178 144 402 157 144 403 158 143 404 180 146 405 181 147 406 154 147 407 183 148 408 152 148 409 153 149 410 181 147 411 182 149 412 153 149 413 179 145 414 180 146 415 155 146 416 175 141 417 176 142 418 159 142 419 184 150 420 151 150 421 152 148 422 186 151 423 149 151 424 150 152 425 188 153 426 147 153 427 148 154 428 187 154 429 148 154 430 149 151 431 189 155 432 190 156 433 145 156 434 191 157 435 192 158 436 143 158 437 190 156 438 191 157 439 144 157 440 188 153 441 189 155 442 146 155 443 193 159 444 194 160 445 142 159 446 195 161 447 196 162 448 141 161 449 194 160 450 195 161 451 134 160 452 197 163 453 198 164 454 139 163 455 199 165 456 135 166 457 137 165 458 198 164 459 199 165 460 138 164 461 196 162 462 197 163 463 140 162 464 192 158 465 193 159 466 143 158 467 185 152 468 150 152 469 151 150 470 209 167 471 200 168 472 202 169 473 201 170 474 209 167 475 208 171 476 202 169 477 208 171 478 209 167 479 208 171 480 202 169 481 203 172 482 202 169 483 206 173 484 207 174 485 207 174 486 203 172 487 202 169 488 206 173 489 205 175 490 207 174 491 206 173 492 202 169 493 204 176 494 220 177 495 210 177 496 212 178 497 213 178 498 212 178 499 214 179 500 211 177 501 220 177 502 213 178 503 212 178 504 213 178 505 220 177 506 221 180 507 216 181 508 218 180 509 217 181 510 216 181 511 221 180 512 216 181 513 217 181 514 215 179 515 221 180 516 219 180 517 217 181 518 244 182 519 222 182 520 224 183 521 226 184 522 227 184 523 225 183 524 230 185 525 231 185 526 229 186 527 231 185 528 230 185 529 232 187 530 228 186 531 229 186 532 227 184 533 223 182 534 244 182 535 225 183 536 225 183 537 244 182 538 224 183 539 236 188 540 237 188 541 235 189 542 238 190 543 239 190 544 237 188 545 245 191 546 240 192 547 242 191 548 240 192 549 241 192 550 239 190 551 241 192 552 240 192 553 245 191 554 234 189 555 235 189 556 233 187 557 245 191 558 243 191 559 241 192 560 248 193 561 246 194 562 249 195 563 247 196 564 255 196 565 248 193 566 246 194 567 248 193 568 255 196 569 248 193 570 249 195 571 250 197 572 256 198 573 251 199 574 253 198 575 252 199 576 251 199 577 256 198 578 251 199 579 252 199 580 250 197 581 256 198 582 254 198 583 252 199 584 259 200 585 267 201 586 257 202 587 272 203 588 267 201 589 259 200 590 259 200 591 261 204 592 271 205 593 267 201 594 272 203 595 258 206 596 259 200 597 271 205 598 260 207 599 260 207 600 272 203 601 259 200 602 270 208 603 262 150 604 261 204 605 261 204 606 263 209 607 270 208 608 263 209 609 265 210 610 268 211 611 268 211 612 269 212 613 263 209 614 268 211 615 266 213 616 269 212 617 269 212 618 264 214 619 263 209 620 283 215 621 273 215 622 275 216 623 276 216 624 275 216 625 277 217 626 274 215 627 283 215 628 276 216 629 275 216 630 276 216 631 283 215 632 284 218 633 279 219 634 281 218 635 280 219 636 279 219 637 284 218 638 279 219 639 280 219 640 278 217 641 284 218 642 282 218 643 280 219 644 303 220 645 285 220 646 287 221 647 291 222 648 292 222 649 290 223 650 292 222 651 291 222 652 293 153 653 289 223 654 290 223 655 288 221 656 288 221 657 286 220 658 303 220 659 287 221 660 288 221 661 303 220 662 297 224 663 298 224 664 296 225 665 304 226 666 299 227 667 301 226 668 299 227 669 300 227 670 298 224 671 299 227 672 304 226 673 300 227 674 295 225 675 296 225 676 294 153 677 304 226 678 302 226 679 300 227 680 313 228 681 305 228 682 307 229 683 306 228 684 313 228 685 308 229 686 307 229 687 308 229 688 313 228 689 308 229 690 307 229 691 309 230 692 314 231 693 309 230 694 311 231 695 312 231 696 310 230 697 314 231 698 309 230 699 314 231 700 310 230 701 317 232 702 324 233 703 315 234 704 318 235 705 317 232 706 315 234 707 324 233 708 329 236 709 316 237 710 318 235 711 328 238 712 317 232 713 317 232 714 329 236 715 324 233 716 328 238 717 318 235 718 319 158 719 327 239 720 319 158 721 318 235 722 320 240 723 327 239 724 318 235 725 320 240 726 322 241 727 325 242 728 325 242 729 326 243 730 320 240 731 320 240 732 321 244 733 327 239 734 325 242 735 323 245 736 326 243 737 326 243 738 321 244 739 320 240 740 338 246 741 330 246 742 332 247 743 331 246 744 338 246 745 333 247 746 332 247 747 333 247 748 338 246 749 333 247 750 332 247 751 334 248 752 339 249 753 334 248 754 336 249 755 337 249 756 335 248 757 339 249 758 334 248 759 339 249 760 335 248 761 358 250 762 340 250 763 342 251 764 346 252 765 347 252 766 345 253 767 347 252 768 346 252 769 348 162 770 344 253 771 345 253 772 343 251 773 343 251 774 341 250 775 358 250 776 342 251 777 343 251 778 358 250 779 352 254 780 353 254 781 351 255 782 359 256 783 354 257 784 356 256 785 354 257 786 355 257 787 353 254 788 354 257 789 359 256 790 355 257 791 350 255 792 351 255 793 349 162 794 359 256 795 357 256 796 355 257 797 362 258 798 360 259 799 363 260 800 361 261 801 369 261 802 362 258 803 360 259 804 362 258 805 369 261 806 362 258 807 363 260 808 364 262 809 370 263 810 365 264 811 367 263 812 366 264 813 365 264 814 370 263 815 365 264 816 366 264 817 364 262 818 370 263 819 368 263 820 366 264 821 373 265 822 380 266 823 371 267 824 373 265 825 386 268 826 380 266 827 372 269 828 380 266 829 386 268 830 373 265 831 374 270 832 386 268 833 385 271 834 375 272 835 384 273 836 385 271 837 374 270 838 373 265 839 375 272 840 385 271 841 373 265 842 376 274 843 383 275 844 375 272 845 376 274 846 378 276 847 381 277 848 381 277 849 382 278 850 376 274 851 376 274 852 377 279 853 383 275 854 381 277 855 379 280 856 382 278 857 382 278 858 377 279 859 376 274 860 384 273 861 375 272 862 383 275 863 396 281 864 387 281 865 389 282 866 388 281 867 396 281 868 390 282 869 389 282 870 390 282 871 396 281 872 390 282 873 389 282 874 391 283 875 392 284 876 391 283 877 393 285 878 397 286 879 393 285 880 394 286 881 392 284 882 393 285 883 395 287 884 397 286 885 395 287 886 393 285 887 420 288 888 398 288 889 400 289 890 402 290 891 403 290 892 401 289 893 406 291 894 407 291 895 405 292 896 407 291 897 406 291 898 408 293 899 404 292 900 405 292 901 403 290 902 399 288 903 420 288 904 401 289 905 401 289 906 420 288 907 400 289 908 412 294 909 413 294 910 411 295 911 414 296 912 415 296 913 413 294 914 421 297 915 416 298 916 418 297 917 416 298 918 417 298 919 415 296 920 417 298 921 416 298 922 421 297 923 410 295 924 411 295 925 409 293 926 421 297 927 419 297 928 417 298 929 432 299 930 422 299 931 424 300 932 425 300 933 424 300 934 426 301 935 423 299 936 432 299 937 425 300 938 424 300 939 425 300 940 432 299 941 433 302 942 428 303 943 430 302 944 429 303 945 428 303 946 433 302 947 428 303 948 429 303 949 427 301 950 433 302 951 431 302 952 429 303 953 441 304 954 434 305 955 436 306 956 435 307 957 441 304 958 443 308 959 436 306 960 443 308 961 441 304 962 443 308 963 436 306 964 437 309 965 436 306 966 440 310 967 442 311 968 442 311 969 437 309 970 436 306 971 440 310 972 439 312 973 442 311 974 440 310 975 436 306 976 438 313 977 461 314 978 447 314 979 448 314 980 449 314 981 461 314 982 448 314 983 461 314 984 445 314 985 446 314 986 446 314 987 447 314 988 461 314 989 460 314 990 461 314 991 456 314 992 458 314 993 460 314 994 457 314 995 461 314 996 444 314 997 445 314 998 449 314 999 450 314 1000 461 314 1001 458 314 1002 459 314 1003 460 314 1004 451 314 1005 452 314 1006 461 314 1007 452 314 1008 453 314 1009 461 314 1010 454 314 1011 461 314 1012 453 314 1013 461 314 1014 455 314 1015 456 314 1016 455 314 1017 461 314 1018 454 314 1019 457 314 1020 460 314 1021 456 314 1022 450 314 1023 451 314 1024 461 314 1025 468 314 1026 479 314 1027 467 314 1028 468 314 1029 469 314 1030 479 314 1031 479 314 1032 469 314 1033 470 314 1034 479 314 1035 466 314 1036 467 314 1037 465 314 1038 479 314 1039 464 314 1040 465 314 1041 466 314 1042 479 314 1043 470 314 1044 471 314 1045 479 314 1046 473 314 1047 479 314 1048 472 314 1049 474 314 1050 479 314 1051 473 314 1052 463 314 1053 464 314 1054 479 314 1055 478 314 1056 475 314 1057 476 314 1058 477 314 1059 478 314 1060 476 314 1061 479 314 1062 475 314 1063 478 314 1064 479 314 1065 474 314 1066 475 314 1067 479 314 1068 462 314 1069 463 314 1070 472 314 1071 479 314 1072 471 314 1073 500 314 1074 492 314 1075 493 314 1076 495 314 1077 500 314 1078 494 314 1079 493 314 1080 494 314 1081 500 314 1082 491 314 1083 500 314 1084 490 314 1085 489 314 1086 490 314 1087 500 314 1088 500 314 1089 488 314 1090 489 314 1091 491 314 1092 492 314 1093 500 314 1094 499 314 1095 495 314 1096 496 314 1097 495 314 1098 499 314 1099 500 314 1100 482 314 1101 500 314 1102 481 314 1103 500 314 1104 480 314 1105 481 314 1106 487 314 1107 488 314 1108 500 314 1109 499 314 1110 497 314 1111 498 314 1112 482 314 1113 483 314 1114 500 314 1115 487 314 1116 500 314 1117 486 314 1118 486 314 1119 500 314 1120 485 314 1121 484 314 1122 485 314 1123 500 314 1124 484 314 1125 500 314 1126 483 314 1127 497 314 1128 499 314 1129 496 314 1130 519 314 1131 517 314 1132 518 314 1133 515 314 1134 516 314 1135 519 314 1136 520 314 1137 515 314 1138 519 314 1139 517 314 1140 519 314 1141 516 314 1142 514 314 1143 515 314 1144 520 314 1145 514 314 1146 520 314 1147 513 314 1148 513 314 1149 520 314 1150 512 314 1151 520 314 1152 511 314 1153 512 314 1154 511 314 1155 520 314 1156 510 314 1157 520 314 1158 502 314 1159 503 314 1160 505 314 1161 506 314 1162 520 314 1163 501 314 1164 502 314 1165 520 314 1166 504 314 1167 505 314 1168 520 314 1169 510 314 1170 520 314 1171 509 314 1172 520 314 1173 508 314 1174 509 314 1175 520 314 1176 507 314 1177 508 314 1178 506 314 1179 507 314 1180 520 314 1181 503 314 1182 504 314 1183 520 314 1184 521 315 1185 533 316 1186 629 317 1187 533 316 1188 534 318 1189 628 319 1190 535 320 1191 536 321 1192 626 322 1193 534 318 1194 535 320 1195 627 323 1196 522 324 1197 523 325 1198 621 326 1199 626 322 1200 627 323 1201 535 320 1202 523 325 1203 537 327 1204 619 328 1205 536 321 1206 522 324 1207 624 329 1208 537 327 1209 538 330 1210 618 331 1211 538 330 1212 539 332 1213 617 333 1214 540 334 1215 541 335 1216 615 336 1217 542 337 1218 543 338 1219 612 339 1220 541 335 1221 542 337 1222 613 340 1223 539 332 1224 540 334 1225 616 341 1226 544 342 1227 545 343 1228 610 344 1229 545 343 1230 524 345 1231 608 346 1232 525 347 1233 546 348 1234 603 349 1235 547 350 1236 548 351 1237 601 352 1238 546 348 1239 547 350 1240 602 353 1241 524 345 1242 525 347 1243 605 354 1244 543 338 1245 544 342 1246 611 355 1247 548 351 1248 549 356 1249 600 357 1250 536 321 1251 624 329 1252 625 358 1253 522 324 1254 621 326 1255 622 146 1256 622 146 1257 623 359 1258 522 324 1259 538 330 1260 617 333 1261 618 331 1262 544 342 1263 610 344 1264 611 355 1265 524 345 1266 605 354 1267 606 153 1268 606 153 1269 607 360 1270 524 345 1271 608 346 1272 609 361 1273 545 343 1274 598 158 1275 599 362 1276 550 363 1277 601 352 1278 602 353 1279 547 350 1280 550 363 1281 551 364 1282 597 365 1283 551 364 1284 552 366 1285 596 367 1286 553 368 1287 554 369 1288 594 370 1289 552 366 1290 553 368 1291 595 371 1292 526 372 1293 527 373 1294 589 374 1295 555 375 1296 556 376 1297 586 377 1298 527 373 1299 555 375 1300 587 378 1301 553 368 1302 594 370 1303 595 371 1304 554 369 1305 526 372 1306 592 379 1307 556 376 1308 557 380 1309 585 381 1310 557 380 1311 558 382 1312 584 383 1313 559 384 1314 560 385 1315 581 386 1316 561 387 1317 562 388 1318 579 389 1319 560 385 1320 561 387 1321 580 390 1322 558 382 1323 559 384 1324 583 391 1325 563 392 1326 528 393 1327 576 394 1328 529 395 1329 573 396 1330 528 393 1331 564 397 1332 565 398 1333 530 399 1334 566 400 1335 567 401 1336 569 402 1337 565 398 1338 566 400 1339 570 403 1340 529 395 1341 564 397 1342 571 404 1343 562 388 1344 563 392 1345 578 405 1346 567 401 1347 531 406 1348 568 407 1349 554 369 1350 592 379 1351 593 408 1352 526 372 1353 589 374 1354 590 162 1355 590 162 1356 591 409 1357 526 372 1358 556 376 1359 585 381 1360 586 377 1361 562 388 1362 578 405 1363 579 389 1364 528 393 1365 573 396 1366 574 138 1367 574 138 1368 575 410 1369 528 393 1370 576 394 1371 577 411 1372 563 392 1373 570 403 1374 530 399 1375 565 398 1376 572 412 1377 573 396 1378 529 395 1379 638 314 1380 632 314 1381 631 314 1382 639 314 1383 633 314 1384 632 314 1385 640 314 1386 634 314 1387 633 314 1388 641 314 1389 635 314 1390 634 314 1391 644 314 1392 637 314 1393 636 314 1394 645 314 1395 638 314 1396 637 314 1397 639 314 1398 638 314 1399 645 314 1400 646 314 1401 640 314 1402 639 314 1403 647 314 1404 641 314 1405 640 314 1406 648 314 1407 642 314 1408 641 314 1409 650 314 1410 644 314 1411 643 314 1412 651 314 1413 645 314 1414 644 314 1415 653 314 1416 647 314 1417 646 314 1418 654 314 1419 648 314 1420 647 314 1421 656 314 1422 650 314 1423 649 314 1424 657 314 1425 651 314 1426 650 314 1427 659 314 1428 653 314 1429 652 314 1430 660 314 1431 654 314 1432 653 314 1433 662 314 1434 656 314 1435 655 314 1436 663 314 1437 657 314 1438 656 314 1439 657 314 1440 663 314 1441 664 314 1442 664 314 1443 665 314 1444 658 314 1445 666 314 1446 659 314 1447 658 314 1448 667 314 1449 660 314 1450 659 314 1451 669 314 1452 663 314 1453 662 314 1454 670 314 1455 664 314 1456 663 314 1457 671 314 1458 665 314 1459 664 314 1460 672 314 1461 666 314 1462 665 314 1463 685 413 1464 631 413 1465 684 413 1466 685 314 1467 686 314 1468 636 314 1469 687 314 1470 636 314 1471 686 314 1472 685 314 1473 637 314 1474 631 314 1475 632 414 1476 682 414 1477 683 414 1478 683 314 1479 631 314 1480 632 314 1481 682 314 1482 632 314 1483 633 314 1484 631 415 1485 683 415 1486 684 415 1487 681 416 1488 682 416 1489 633 416 1490 685 314 1491 636 314 1492 637 314 1493 688 314 1494 643 314 1495 687 314 1496 649 417 1497 688 417 1498 689 417 1499 690 314 1500 649 314 1501 689 314 1502 643 314 1503 688 314 1504 649 314 1505 645 418 1506 707 418 1507 708 418 1508 645 314 1509 651 314 1510 707 314 1511 687 314 1512 643 314 1513 636 314 1514 708 314 1515 709 314 1516 645 314 1517 680 419 1518 681 419 1519 633 419 1520 679 420 1521 680 420 1522 634 420 1523 680 314 1524 633 314 1525 634 314 1526 635 314 1527 679 314 1528 634 314 1529 677 421 1530 678 421 1531 635 421 1532 679 422 1533 635 422 1534 678 422 1535 642 314 1536 676 314 1537 677 314 1538 635 314 1539 641 314 1540 677 314 1541 641 423 1542 642 423 1543 677 423 1544 646 314 1545 709 314 1546 717 314 1547 652 314 1548 646 314 1549 714 314 1550 646 424 1551 717 424 1552 718 424 1553 714 314 1554 646 314 1555 718 314 1556 676 425 1557 642 425 1558 675 425 1559 648 314 1560 675 314 1561 642 314 1562 654 314 1563 674 314 1564 648 314 1565 675 426 1566 648 426 1567 674 426 1568 652 314 1569 714 314 1570 715 314 1571 646 427 1572 639 427 1573 645 427 1574 646 428 1575 645 428 1576 709 428 1577 707 314 1578 651 314 1579 706 314 1580 691 314 1581 655 314 1582 690 314 1583 655 314 1584 691 314 1585 661 314 1586 692 314 1587 661 314 1588 691 314 1589 705 314 1590 706 314 1591 651 314 1592 711 314 1593 657 314 1594 710 314 1595 705 429 1596 657 429 1597 711 429 1598 705 314 1599 651 314 1600 657 314 1601 662 430 1602 661 430 1603 693 430 1604 690 314 1605 655 314 1606 649 314 1607 662 314 1608 693 314 1609 668 314 1610 695 431 1611 668 431 1612 694 431 1613 693 432 1614 694 432 1615 668 432 1616 669 314 1617 668 314 1618 695 314 1619 697 314 1620 670 314 1621 696 314 1622 669 433 1623 696 433 1624 670 433 1625 696 434 1626 669 434 1627 695 434 1628 697 314 1629 698 314 1630 670 314 1631 693 435 1632 661 435 1633 692 435 1634 658 436 1635 657 436 1636 664 436 1637 712 314 1638 652 314 1639 716 314 1640 716 314 1641 652 314 1642 715 314 1643 658 314 1644 713 314 1645 710 314 1646 658 437 1647 712 437 1648 713 437 1649 658 314 1650 652 314 1651 712 314 1652 674 314 1653 654 314 1654 673 314 1655 704 314 1656 673 314 1657 654 314 1658 704 314 1659 654 314 1660 660 314 1661 703 314 1662 704 314 1663 660 314 1664 657 438 1665 658 438 1666 710 438 1667 672 439 1668 671 439 1669 699 439 1670 698 440 1671 699 440 1672 671 440 1673 700 314 1674 672 314 1675 699 314 1676 701 314 1677 666 314 1678 672 314 1679 702 314 1680 703 314 1681 667 314 1682 667 314 1683 703 314 1684 660 314 1685 702 441 1686 667 441 1687 701 441 1688 701 442 1689 667 442 1690 666 442 1691 701 443 1692 672 443 1693 700 443 1694 671 314 1695 670 314 1696 698 314 1697 725 444 1698 721 445 1699 720 446 1700 726 447 1701 722 448 1702 721 445 1703 729 449 1704 725 444 1705 724 450 1706 730 451 1707 726 447 1708 725 444 1709 733 452 1710 729 449 1711 728 453 1712 734 454 1713 730 451 1714 729 449 1715 737 455 1716 733 452 1717 736 456 1718 738 457 1719 734 454 1720 737 455 1721 741 458 1722 737 455 1723 736 456 1724 742 459 1725 738 457 1726 741 458 1727 745 460 1728 741 458 1729 740 461 1730 746 462 1731 742 459 1732 745 460 1733 749 463 1734 745 460 1735 748 464 1736 750 465 1737 746 462 1738 749 463 1739 753 466 1740 749 463 1741 748 464 1742 754 467 1743 750 465 1744 749 463 1745 757 468 1746 753 466 1747 756 469 1748 758 470 1749 754 467 1750 757 468 1751 761 471 1752 757 468 1753 756 469 1754 762 472 1755 758 470 1756 757 468 1757 765 473 1758 761 471 1759 760 474 1760 766 475 1761 762 472 1762 761 471 1763 769 476 1764 765 473 1765 764 477 1766 770 478 1767 766 475 1768 769 476 1769 773 479 1770 769 476 1771 768 480 1772 774 481 1773 770 478 1774 773 479 1775 777 482 1776 773 479 1777 776 483 1778 778 484 1779 774 481 1780 777 482 1781 781 485 1782 777 482 1783 780 486 1784 782 487 1785 778 484 1786 781 485 1787 785 488 1788 781 485 1789 780 486 1790 786 489 1791 782 487 1792 781 485 1793 789 490 1794 785 488 1795 788 491 1796 790 492 1797 786 489 1798 789 490 1799 793 493 1800 789 490 1801 788 491 1802 794 494 1803 790 492 1804 789 490 1805 797 495 1806 793 493 1807 792 496 1808 798 497 1809 794 494 1810 793 493 1811 801 498 1812 797 495 1813 800 499 1814 802 500 1815 798 497 1816 797 495 1817 805 501 1818 801 498 1819 804 502 1820 806 503 1821 802 500 1822 805 501 1823 809 504 1824 805 501 1825 804 502 1826 810 505 1827 806 503 1828 809 504 1829 813 506 1830 809 504 1831 812 507 1832 814 508 1833 810 505 1834 813 506 1835 817 509 1836 813 506 1837 812 507 1838 818 510 1839 814 508 1840 813 506 1841 821 511 1842 817 509 1843 820 512 1844 822 513 1845 818 510 1846 821 511 1847 825 514 1848 821 511 1849 820 512 1850 826 515 1851 822 513 1852 821 511 1853 829 516 1854 825 514 1855 824 517 1856 830 518 1857 826 515 1858 825 514 1859 833 519 1860 829 516 1861 828 520 1862 834 521 1863 830 518 1864 833 519 1865 837 522 1866 833 519 1867 832 523 1868 838 524 1869 834 521 1870 833 519 1871 841 525 1872 837 522 1873 840 526 1874 842 527 1875 838 524 1876 837 522 1877 845 528 1878 841 525 1879 844 529 1880 846 530 1881 842 527 1882 845 528 1883 850 531 1884 845 528 1885 849 532 1886 851 533 1887 846 530 1888 850 531 1889 720 446 1890 719 534 1891 853 535 1892 724 450 1893 854 536 1894 855 537 1895 728 453 1896 855 537 1897 856 538 1898 724 450 1899 853 535 1900 854 536 1901 732 539 1902 857 540 1903 858 541 1904 736 456 1905 859 542 1906 860 543 1907 736 456 1908 860 543 1909 861 544 1910 732 539 1911 858 541 1912 859 542 1913 728 453 1914 856 538 1915 857 540 1916 724 450 1917 720 446 1918 853 535 1919 732 539 1920 728 453 1921 857 540 1922 736 456 1923 732 539 1924 859 542 1925 724 450 1926 855 537 1927 728 453 1928 740 461 1929 862 545 1930 863 546 1931 740 461 1932 863 546 1933 744 547 1934 864 548 1935 744 547 1936 863 546 1937 865 549 1938 744 547 1939 864 548 1940 861 544 1941 740 461 1942 736 456 1943 861 544 1944 862 545 1945 740 461 1946 748 464 1947 865 549 1948 866 550 1949 752 551 1950 867 552 1951 868 553 1952 752 551 1953 868 553 1954 869 554 1955 748 464 1956 866 550 1957 867 552 1958 870 555 1959 756 469 1960 869 554 1961 872 556 1962 760 474 1963 871 557 1964 873 558 1965 760 474 1966 872 556 1967 871 557 1968 756 469 1969 870 555 1970 756 469 1971 752 551 1972 869 554 1973 875 559 1974 764 477 1975 874 560 1976 867 552 1977 752 551 1978 748 464 1979 875 559 1980 876 561 1981 768 480 1982 876 561 1983 877 562 1984 768 480 1985 873 558 1986 874 560 1987 764 477 1988 878 563 1989 772 564 1990 877 562 1991 879 565 1992 772 564 1993 878 563 1994 881 566 1995 776 483 1996 880 567 1997 882 568 1998 780 486 1999 881 566 2000 880 567 2001 776 483 2002 879 565 2003 883 569 2004 780 486 2005 882 568 2006 744 547 2007 865 549 2008 748 464 2009 726 447 2010 727 570 2011 722 448 2012 734 454 2013 735 571 2014 730 451 2015 738 457 2016 739 572 2017 735 571 2018 730 451 2019 731 573 2020 726 447 2021 750 465 2022 751 574 2023 747 575 2024 754 467 2025 755 576 2026 750 465 2027 746 462 2028 747 575 2029 743 577 2030 742 459 2031 743 577 2032 738 457 2033 758 470 2034 759 578 2035 755 576 2036 873 558 2037 764 477 2038 760 474 2039 766 475 2040 767 579 2041 762 472 2042 768 480 2043 764 477 2044 875 559 2045 759 578 2046 758 470 2047 763 580 2048 879 565 2049 776 483 2050 772 564 2051 883 569 2052 784 581 2053 780 486 2054 780 486 2055 776 483 2056 881 566 2057 772 564 2058 768 480 2059 877 562 2060 770 478 2061 771 582 2062 767 579 2063 771 582 2064 770 478 2065 775 583 2066 782 487 2067 783 584 2068 779 585 2069 783 584 2070 782 487 2071 787 586 2072 778 484 2073 779 585 2074 775 583 2075 760 474 2076 756 469 2077 871 557 2078 784 581 2079 883 569 2080 884 587 2081 788 491 2082 784 581 2083 885 588 2084 788 491 2085 886 589 2086 887 590 2087 792 496 2088 887 590 2089 888 591 2090 796 592 2091 889 593 2092 890 594 2093 800 499 2094 891 595 2095 892 596 2096 800 499 2097 892 596 2098 893 597 2099 796 592 2100 890 594 2101 891 595 2102 792 496 2103 888 591 2104 889 593 2105 792 496 2106 788 491 2107 887 590 2108 800 499 2109 796 592 2110 891 595 2111 804 502 2112 800 499 2113 893 597 2114 792 496 2115 889 593 2116 796 592 2117 808 598 2118 804 502 2119 895 599 2120 897 600 2121 808 598 2122 896 601 2123 895 599 2124 896 601 2125 808 598 2126 812 507 2127 808 598 2128 897 600 2129 804 502 2130 893 597 2131 894 602 2132 812 507 2133 898 603 2134 899 604 2135 816 605 2136 900 606 2137 901 607 2138 820 512 2139 816 605 2140 901 607 2141 816 605 2142 899 604 2143 900 606 2144 903 608 2145 820 512 2146 902 609 2147 905 610 2148 824 517 2149 904 611 2150 906 612 2151 828 520 2152 905 610 2153 904 611 2154 824 517 2155 903 608 2156 908 613 2157 832 523 2158 907 614 2159 899 604 2160 816 605 2161 812 507 2162 908 613 2163 909 615 2164 832 523 2165 909 615 2166 910 616 2167 836 617 2168 906 612 2169 907 614 2170 828 520 2171 911 618 2172 836 617 2173 910 616 2174 912 619 2175 840 526 2176 911 618 2177 914 620 2178 844 529 2179 913 621 2180 915 622 2181 844 529 2182 914 620 2183 913 621 2184 840 526 2185 912 619 2186 848 623 2187 849 532 2188 915 622 2189 897 600 2190 898 603 2191 812 507 2192 794 494 2193 795 624 2194 790 492 2195 802 500 2196 803 625 2197 798 497 2198 806 503 2199 807 626 2200 802 500 2201 798 497 2202 799 627 2203 794 494 2204 818 510 2205 819 628 2206 814 508 2207 822 513 2208 823 629 2209 819 628 2210 814 508 2211 815 630 2212 811 631 2213 810 505 2214 811 631 2215 807 626 2216 790 492 2217 791 632 2218 787 586 2219 823 629 2220 822 513 2221 827 633 2222 905 610 2223 828 520 2224 824 517 2225 830 518 2226 831 634 2227 826 515 2228 832 523 2229 828 520 2230 907 614 2231 911 618 2232 840 526 2233 836 617 2234 915 622 2235 849 532 2236 844 529 2237 844 529 2238 840 526 2239 913 621 2240 836 617 2241 832 523 2242 909 615 2243 834 521 2244 835 635 2245 831 634 2246 835 635 2247 834 521 2248 839 636 2249 839 636 2250 838 524 2251 842 527 2252 846 530 2253 847 637 2254 843 638 2255 851 533 2256 852 639 2257 847 637 2258 824 517 2259 820 512 2260 903 608 2261 885 588 2262 784 581 2263 884 587 2264 923 640 2265 922 640 2266 916 640 2267 924 640 2268 923 640 2269 917 640 2270 925 640 2271 924 640 2272 918 640 2273 926 640 2274 925 640 2275 919 640 2276 927 640 2277 926 640 2278 920 640 2279 929 640 2280 928 640 2281 922 640 2282 930 640 2283 929 640 2284 923 640 2285 931 640 2286 930 640 2287 924 640 2288 932 640 2289 931 640 2290 925 640 2291 933 640 2292 932 640 2293 926 640 2294 935 640 2295 934 640 2296 928 640 2297 936 640 2298 935 640 2299 929 640 2300 937 640 2301 936 640 2302 930 640 2303 938 640 2304 937 640 2305 931 640 2306 939 640 2307 938 640 2308 932 640 2309 941 640 2310 940 640 2311 934 640 2312 942 640 2313 941 640 2314 935 640 2315 943 640 2316 942 640 2317 936 640 2318 944 640 2319 943 640 2320 937 640 2321 945 640 2322 944 640 2323 938 640 2324 947 640 2325 946 640 2326 940 640 2327 948 640 2328 947 640 2329 941 640 2330 949 640 2331 948 640 2332 942 640 2333 950 640 2334 949 640 2335 943 640 2336 951 640 2337 950 640 2338 944 640 2339 916 640 2340 981 640 2341 980 640 2342 916 640 2343 980 640 2344 979 640 2345 982 640 2346 916 640 2347 983 640 2348 982 640 2349 981 640 2350 916 640 2351 916 640 2352 979 640 2353 978 640 2354 973 640 2355 918 640 2356 974 640 2357 977 640 2358 976 640 2359 917 640 2360 975 641 2361 974 641 2362 918 641 2363 916 640 2364 978 640 2365 977 640 2366 976 640 2367 975 640 2368 917 640 2369 916 640 2370 984 640 2371 983 640 2372 986 640 2373 985 640 2374 916 640 2375 986 640 2376 916 640 2377 987 640 2378 922 640 2379 990 640 2380 989 640 2381 916 640 2382 989 640 2383 988 640 2384 988 640 2385 987 640 2386 916 640 2387 916 640 2388 977 640 2389 917 640 2390 917 640 2391 975 640 2392 918 640 2393 990 640 2394 922 640 2395 928 640 2396 922 640 2397 989 640 2398 916 640 2399 918 640 2400 973 640 2401 919 640 2402 928 640 2403 991 640 2404 990 640 2405 984 640 2406 916 640 2407 985 640 2408 972 640 2409 919 640 2410 973 640 2411 921 640 2412 967 640 2413 966 640 2414 920 640 2415 971 640 2416 970 640 2417 969 640 2418 968 640 2419 921 640 2420 972 640 2421 971 640 2422 919 640 2423 967 640 2424 921 640 2425 968 640 2426 921 640 2427 964 640 2428 963 640 2429 964 640 2430 921 640 2431 965 640 2432 961 640 2433 921 640 2434 962 640 2435 962 640 2436 921 640 2437 963 640 2438 965 640 2439 921 640 2440 966 640 2441 920 640 2442 970 640 2443 969 640 2444 956 640 2445 927 640 2446 921 640 2447 957 640 2448 956 640 2449 921 640 2450 961 640 2451 960 640 2452 921 640 2453 927 640 2454 955 640 2455 954 640 2456 956 640 2457 955 640 2458 927 640 2459 933 640 2460 927 640 2461 954 640 2462 971 640 2463 920 640 2464 919 640 2465 960 640 2466 959 640 2467 921 640 2468 959 640 2469 958 640 2470 921 640 2471 933 640 2472 954 640 2473 953 640 2474 953 640 2475 952 640 2476 933 640 2477 958 640 2478 957 640 2479 921 640 2480 939 640 2481 933 640 2482 952 640 2483 920 640 2484 969 640 2485 921 640 2486 992 640 2487 991 640 2488 934 640 2489 993 640 2490 992 640 2491 934 640 2492 946 640 2493 996 640 2494 995 640 2495 946 640 2496 995 640 2497 994 640 2498 940 640 2499 994 640 2500 993 640 2501 993 640 2502 934 640 2503 940 640 2504 994 640 2505 940 640 2506 946 640 2507 1007 640 2508 947 640 2509 948 640 2510 1009 640 2511 948 640 2512 949 640 2513 947 640 2514 1005 640 2515 946 640 2516 946 640 2517 997 640 2518 996 640 2519 946 640 2520 999 640 2521 998 640 2522 999 640 2523 946 640 2524 1000 640 2525 946 640 2526 1002 640 2527 1001 640 2528 1001 640 2529 1000 640 2530 946 640 2531 1002 640 2532 946 640 2533 1003 640 2534 1005 640 2535 947 640 2536 1006 640 2537 1007 642 2538 948 642 2539 1008 642 2540 1003 640 2541 946 640 2542 1004 640 2543 1008 640 2544 948 640 2545 1009 640 2546 1005 640 2547 1004 640 2548 946 640 2549 1007 640 2550 1006 640 2551 947 640 2552 998 640 2553 997 640 2554 946 640 2555 1010 640 2556 1009 640 2557 949 640 2558 945 640 2559 939 640 2560 1029 640 2561 1027 640 2562 945 640 2563 1028 640 2564 1028 640 2565 945 640 2566 1029 640 2567 1027 640 2568 951 640 2569 945 640 2570 1022 640 2571 951 640 2572 1023 640 2573 1026 640 2574 951 640 2575 1027 640 2576 939 640 2577 1030 640 2578 1029 640 2579 1025 640 2580 1024 640 2581 951 640 2582 951 640 2583 1026 640 2584 1025 640 2585 951 640 2586 1024 640 2587 1023 640 2588 1013 640 2589 950 640 2590 951 640 2591 952 640 2592 1030 640 2593 939 640 2594 950 640 2595 1012 640 2596 1011 640 2597 1013 640 2598 951 640 2599 1014 640 2600 1016 640 2601 1015 640 2602 951 640 2603 1011 640 2604 949 640 2605 950 640 2606 1014 640 2607 951 640 2608 1015 640 2609 1022 640 2610 1021 640 2611 951 640 2612 1021 640 2613 1020 640 2614 951 640 2615 1019 640 2616 951 640 2617 1020 640 2618 1018 640 2619 951 640 2620 1019 640 2621 1017 640 2622 951 640 2623 1018 640 2624 951 640 2625 1017 640 2626 1016 640 2627 1012 640 2628 950 640 2629 1013 640 2630 949 642 2631 1011 642 2632 1010 642 2633 991 640 2634 928 640 2635 934 640 2636 1035 643 2637 1036 643 2638 1031 643 2639 1037 644 2640 1032 644 2641 1036 644 2642 1035 645 2643 1033 645 2644 1034 645 2645 1036 645 2646 1035 645 2647 1037 645 2648 1043 158 2649 1039 158 2650 1038 158 2651 1042 158 2652 1040 158 2653 1041 158 2654 1049 646 2655 1047 646 2656 1044 646 2657 1048 647 2658 1045 647 2659 1046 647 2660 1051 648 2661 1050 648 2662 1053 648 2663 1052 649 2664 1054 649 2665 1055 649 2666 1056 142 2667 1061 142 2668 1057 142 2669 1063 650 2670 1061 650 2671 1060 650 2672 1060 142 2673 1062 142 2674 1058 142 2675 1060 142 2676 1059 142 2677 1063 142 2678 1062 651 2679 1060 651 2680 1061 651 2681 1069 652 2682 1064 652 2683 1070 652 2684 1069 653 2685 1071 653 2686 1065 653 2687 1071 654 2688 1069 654 2689 1070 654 2690 1068 655 2691 1071 655 2692 1066 655 2693 1071 656 2694 1068 656 2695 1067 656 2696 1065 657 2697 1071 657 2698 1067 657 2699 1119 658 2700 1084 658 2701 1118 658 2702 1084 314 2703 1085 314 2704 1118 314 2705 1086 314 2706 1116 314 2707 1117 314 2708 1117 314 2709 1085 314 2710 1086 314 2711 1085 314 2712 1117 314 2713 1118 314 2714 1087 659 2715 1116 659 2716 1086 659 2717 1083 660 2718 1119 660 2719 1110 660 2720 1112 314 2721 1081 314 2722 1111 314 2723 1112 314 2724 1113 314 2725 1080 314 2726 1080 314 2727 1081 314 2728 1112 314 2729 1083 661 2730 1084 661 2731 1119 661 2732 1111 662 2733 1081 662 2734 1082 662 2735 1083 663 2736 1110 663 2737 1082 663 2738 1082 314 2739 1110 314 2740 1111 314 2741 1115 314 2742 1116 314 2743 1088 314 2744 1087 314 2745 1088 314 2746 1116 314 2747 1089 664 2748 1115 664 2749 1088 664 2750 1090 314 2751 1091 314 2752 1115 314 2753 1091 314 2754 1109 314 2755 1115 314 2756 1092 314 2757 1109 314 2758 1091 314 2759 1089 665 2760 1090 665 2761 1115 665 2762 1093 663 2763 1094 663 2764 1109 663 2765 1108 662 2766 1094 662 2767 1095 662 2768 1109 314 2769 1094 314 2770 1108 314 2771 1107 314 2772 1108 314 2773 1095 314 2774 1107 314 2775 1096 314 2776 1106 314 2777 1096 314 2778 1097 314 2779 1106 314 2780 1107 666 2781 1095 666 2782 1096 666 2783 1092 667 2784 1093 667 2785 1109 667 2786 1079 314 2787 1080 314 2788 1113 314 2789 1114 668 2790 1078 668 2791 1079 668 2792 1113 314 2793 1114 314 2794 1079 314 2795 1120 314 2796 1078 314 2797 1114 314 2798 1120 314 2799 1077 314 2800 1078 314 2801 1076 314 2802 1122 314 2803 1075 314 2804 1121 669 2805 1076 669 2806 1077 669 2807 1120 314 2808 1121 314 2809 1077 314 2810 1121 670 2811 1122 670 2812 1076 670 2813 1075 671 2814 1122 671 2815 1123 671 2816 1075 672 2817 1123 672 2818 1074 672 2819 1124 673 2820 1074 673 2821 1123 673 2822 1130 314 2823 1072 314 2824 1073 314 2825 1130 674 2826 1124 674 2827 1125 674 2828 1074 675 2829 1130 675 2830 1073 675 2831 1130 314 2832 1074 314 2833 1124 314 2834 1130 676 2835 1125 676 2836 1126 676 2837 1100 677 2838 1129 677 2839 1099 677 2840 1129 314 2841 1104 314 2842 1099 314 2843 1105 678 2844 1097 678 2845 1098 678 2846 1098 314 2847 1104 314 2848 1105 314 2849 1104 679 2850 1098 679 2851 1099 679 2852 1106 314 2853 1097 314 2854 1105 314 2855 1128 680 2856 1100 680 2857 1101 680 2858 1072 681 2859 1131 681 2860 1103 681 2861 1131 314 2862 1072 314 2863 1130 314 2864 1131 682 2865 1126 682 2866 1127 682 2867 1126 314 2868 1131 314 2869 1130 314 2870 1129 670 2871 1100 670 2872 1128 670 2873 1128 683 2874 1131 683 2875 1127 683 2876 1131 314 2877 1102 314 2878 1103 314 2879 1101 684 2880 1131 684 2881 1128 684 2882 1131 314 2883 1101 314 2884 1102 314 2885 1137 685 2886 1153 686 2887 1154 685 2888 1155 687 2889 1136 687 2890 1154 685 2891 1138 688 2892 1152 689 2893 1153 686 2894 1152 689 2895 1139 689 2896 1151 690 2897 1155 687 2898 1156 691 2899 1135 691 2900 1146 692 2901 1149 693 2902 1142 694 2903 1149 693 2904 1150 695 2905 1142 694 2906 1149 693 2907 1147 696 2908 1148 696 2909 1149 693 2910 1146 692 2911 1147 696 2912 1151 690 2913 1140 697 2914 1150 695 2915 1133 698 2916 1156 691 2917 1132 698 2918 1153 686 2919 1137 685 2920 1138 688 2921 1137 685 2922 1154 685 2923 1136 687 2924 1152 689 2925 1138 688 2926 1139 689 2927 1155 687 2928 1135 691 2929 1136 687 2930 1134 699 2931 1135 691 2932 1133 698 2933 1142 694 2934 1144 696 2935 1145 692 2936 1142 694 2937 1143 696 2938 1144 696 2939 1141 695 2940 1142 694 2941 1150 695 2942 1142 694 2943 1145 692 2944 1146 692 2945 1150 695 2946 1140 697 2947 1141 695 2948 1151 690 2949 1139 689 2950 1140 697 2951 1135 691 2952 1156 691 2953 1133 698 2954 1177 700 2955 1170 700 2956 1171 701 2957 1172 702 2958 1176 701 2959 1171 701 2960 1177 700 2961 1169 703 2962 1170 700 2963 1169 703 2964 1178 703 2965 1168 704 2966 1172 702 2967 1173 705 2968 1175 702 2969 1163 706 2970 1166 707 2971 1181 707 2972 1166 707 2973 1167 708 2974 1181 707 2975 1166 707 2976 1164 706 2977 1165 706 2978 1166 707 2979 1163 706 2980 1164 706 2981 1168 704 2982 1179 704 2983 1167 708 2984 1158 709 2985 1173 705 2986 1157 709 2987 1171 701 2988 1176 701 2989 1177 700 2990 1176 701 2991 1172 702 2992 1175 702 2993 1169 703 2994 1177 700 2995 1178 703 2996 1173 705 2997 1174 705 2998 1175 702 2999 1159 709 3000 1174 705 3001 1158 709 3002 1181 707 3003 1161 706 3004 1162 706 3005 1181 707 3006 1160 706 3007 1161 706 3008 1180 708 3009 1181 707 3010 1167 708 3011 1181 707 3012 1162 706 3013 1163 706 3014 1167 708 3015 1179 704 3016 1180 708 3017 1168 704 3018 1178 703 3019 1179 704 3020 1174 705 3021 1173 705 3022 1158 709 3023 1197 710 3024 1190 711 3025 1191 712 3026 1192 713 3027 1196 712 3028 1191 712 3029 1198 714 3030 1189 714 3031 1190 711 3032 1189 714 3033 1198 714 3034 1188 715 3035 1192 713 3036 1193 716 3037 1195 713 3038 1205 717 3039 1186 718 3040 1204 717 3041 1186 718 3042 1187 719 3043 1201 720 3044 1186 718 3045 1206 717 3046 1185 717 3047 1186 718 3048 1205 717 3049 1206 717 3050 1188 715 3051 1200 719 3052 1187 719 3053 1183 721 3054 1193 716 3055 1182 721 3056 1191 712 3057 1196 712 3058 1197 710 3059 1196 712 3060 1192 713 3061 1195 713 3062 1190 711 3063 1197 710 3064 1198 714 3065 1193 716 3066 1194 716 3067 1195 713 3068 1184 721 3069 1194 716 3070 1183 721 3071 1201 720 3072 1203 717 3073 1204 717 3074 1201 720 3075 1202 717 3076 1203 717 3077 1200 719 3078 1201 720 3079 1187 719 3080 1201 720 3081 1204 717 3082 1186 718 3083 1188 715 3084 1199 715 3085 1200 719 3086 1188 715 3087 1198 714 3088 1199 715 3089 1194 716 3090 1193 716 3091 1183 721 3092 1221 722 3093 1215 723 3094 1216 722 3095 1217 724 3096 1220 724 3097 1216 722 3098 1222 725 3099 1214 726 3100 1215 723 3101 1214 726 3102 1223 726 3103 1213 727 3104 1217 724 3105 1218 728 3106 1219 728 3107 1230 729 3108 1211 730 3109 1226 731 3110 1211 730 3111 1212 732 3112 1225 732 3113 1211 730 3114 1231 733 3115 1210 733 3116 1211 730 3117 1230 729 3118 1231 733 3119 1213 727 3120 1224 734 3121 1212 732 3122 1208 735 3123 1218 728 3124 1207 735 3125 1215 723 3126 1221 722 3127 1222 725 3128 1221 722 3129 1216 722 3130 1220 724 3131 1214 726 3132 1222 725 3133 1223 726 3134 1217 724 3135 1219 728 3136 1220 724 3137 1209 736 3138 1219 728 3139 1208 735 3140 1226 731 3141 1228 733 3142 1229 729 3143 1226 731 3144 1227 733 3145 1228 733 3146 1225 732 3147 1226 731 3148 1211 730 3149 1226 731 3150 1229 729 3151 1230 729 3152 1212 732 3153 1224 734 3154 1225 732 3155 1213 727 3156 1223 726 3157 1224 734 3158 1219 728 3159 1218 728 3160 1208 735 3161 1251 737 3162 1245 738 3163 1246 737 3164 1247 739 3165 1250 739 3166 1246 737 3167 1252 738 3168 1244 740 3169 1245 738 3170 1244 740 3171 1253 740 3172 1243 741 3173 1247 739 3174 1248 742 3175 1249 742 3176 1238 743 3177 1241 744 3178 1256 744 3179 1241 744 3180 1242 745 3181 1255 745 3182 1241 744 3183 1239 743 3184 1240 743 3185 1241 744 3186 1238 743 3187 1239 743 3188 1243 741 3189 1254 741 3190 1242 745 3191 1233 746 3192 1248 742 3193 1232 746 3194 1245 738 3195 1251 737 3196 1252 738 3197 1251 737 3198 1246 737 3199 1250 739 3200 1244 740 3201 1252 738 3202 1253 740 3203 1247 739 3204 1249 742 3205 1250 739 3206 1234 746 3207 1249 742 3208 1233 746 3209 1256 744 3210 1236 743 3211 1237 743 3212 1256 744 3213 1235 743 3214 1236 743 3215 1255 745 3216 1256 744 3217 1241 744 3218 1256 744 3219 1237 743 3220 1238 743 3221 1242 745 3222 1254 741 3223 1255 745 3224 1243 741 3225 1253 740 3226 1254 741 3227 1249 742 3228 1248 742 3229 1233 746 3230 1266 747 3231 1267 748 3232 1269 747 3233 1265 749 3234 1266 747 3235 1270 749 3236 1271 750 3237 1264 751 3238 1265 749 3239 1263 752 3240 1264 751 3241 1272 752 3242 1273 753 3243 1262 754 3244 1263 752 3245 1274 755 3246 1261 755 3247 1262 754 3248 1275 756 3249 1260 756 3250 1261 755 3251 1259 757 3252 1260 756 3253 1276 757 3254 1267 748 3255 1257 758 3256 1258 758 3257 1270 749 3258 1271 750 3259 1265 749 3260 1270 749 3261 1266 747 3262 1269 747 3263 1267 748 3264 1268 748 3265 1269 747 3266 1271 750 3267 1272 752 3268 1264 751 3269 1276 757 3270 1260 756 3271 1275 756 3272 1262 754 3273 1273 753 3274 1274 755 3275 1274 755 3276 1275 756 3277 1261 755 3278 1273 753 3279 1263 752 3280 1272 752 3281 1267 748 3282 1258 758 3283 1268 748 3284 1 1 3285 0 96 3286 5 2 3287 7 3 3288 1 1 3289 6 0 3290 8 5 3291 2 4 3292 7 3 3293 4 8 3294 3 6 3295 8 5 3296 6 0 3297 5 2 3298 11 11 3299 13 12 3300 6 0 3301 12 10 3302 14 13 3303 7 3 3304 13 12 3305 9 7 3306 8 5 3307 14 13 3308 18 16 3309 11 11 3310 17 22 3311 13 12 3312 12 10 3313 18 16 3314 14 13 3315 13 12 3316 19 17 3317 21 19 3318 14 13 3319 20 18 3320 24 21 3321 17 22 3322 23 105 3323 19 17 3324 18 16 3325 24 21 3326 20 18 3327 19 17 3328 25 23 3329 27 25 3330 20 18 3331 26 24 3332 24 21 3333 23 105 3334 29 28 3335 31 29 3336 24 21 3337 30 27 3338 32 30 3339 25 23 3340 31 29 3341 27 25 3342 26 24 3343 32 30 3344 30 27 3345 29 28 3346 35 34 3347 37 35 3348 30 27 3349 36 33 3350 38 36 3351 31 29 3352 37 35 3353 33 31 3354 32 30 3355 38 36 3356 42 39 3357 35 34 3358 41 45 3359 37 35 3360 36 33 3361 42 39 3362 38 36 3363 37 35 3364 43 40 3365 45 42 3366 38 36 3367 44 41 3368 48 44 3369 41 45 3370 47 113 3371 43 40 3372 42 39 3373 48 44 3374 44 41 3375 43 40 3376 49 46 3377 51 48 3378 44 41 3379 50 47 3380 48 44 3381 47 113 3382 53 51 3383 55 52 3384 48 44 3385 54 50 3386 56 53 3387 49 46 3388 55 52 3389 51 48 3390 50 47 3391 56 53 3392 54 50 3393 53 51 3394 59 57 3395 61 58 3396 54 50 3397 60 56 3398 62 59 3399 55 52 3400 61 58 3401 57 54 3402 56 53 3403 62 59 3404 66 62 3405 59 57 3406 65 68 3407 61 58 3408 60 56 3409 66 62 3410 62 59 3411 61 58 3412 67 63 3413 69 65 3414 62 59 3415 68 64 3416 73 67 3417 65 68 3418 72 122 3419 67 63 3420 66 62 3421 73 67 3422 68 64 3423 67 63 3424 74 69 3425 76 71 3426 68 64 3427 75 70 3428 73 67 3429 72 122 3430 78 74 3431 80 75 3432 73 67 3433 79 73 3434 81 76 3435 74 69 3436 80 75 3437 76 71 3438 75 70 3439 81 76 3440 79 73 3441 78 74 3442 84 80 3443 86 81 3444 79 73 3445 85 79 3446 87 82 3447 80 75 3448 86 81 3449 82 77 3450 81 76 3451 87 82 3452 91 85 3453 84 80 3454 90 91 3455 86 81 3456 85 79 3457 91 85 3458 87 82 3459 86 81 3460 92 86 3461 94 88 3462 87 82 3463 93 87 3464 98 90 3465 90 91 3466 97 132 3467 92 86 3468 91 85 3469 98 90 3470 93 87 3471 92 86 3472 99 92 3473 101 94 3474 93 87 3475 100 93 3476 41 45 3477 117 112 3478 118 114 3479 35 34 3480 114 109 3481 115 110 3482 84 80 3483 130 128 3484 131 129 3485 168 134 3486 166 135 3487 167 134 3488 170 136 3489 164 137 3490 165 136 3491 169 135 3492 165 136 3493 166 135 3494 172 138 3495 162 139 3496 163 138 3497 174 140 3498 160 141 3499 161 140 3500 173 139 3501 161 140 3502 162 139 3503 171 137 3504 163 138 3505 164 137 3506 176 142 3507 158 143 3508 159 142 3509 178 144 3510 156 145 3511 157 144 3512 178 144 3513 158 143 3514 177 143 3515 180 146 3516 154 147 3517 155 146 3518 183 148 3519 153 149 3520 182 149 3521 181 147 3522 153 149 3523 154 147 3524 179 145 3525 155 146 3526 156 145 3527 175 141 3528 159 142 3529 160 141 3530 184 150 3531 152 148 3532 183 148 3533 186 151 3534 150 152 3535 185 152 3536 188 153 3537 148 154 3538 187 154 3539 187 154 3540 149 151 3541 186 151 3542 189 155 3543 145 156 3544 146 155 3545 191 157 3546 143 158 3547 144 157 3548 190 156 3549 144 157 3550 145 156 3551 188 153 3552 146 155 3553 147 153 3554 194 160 3555 134 160 3556 142 159 3557 196 162 3558 140 162 3559 141 161 3560 195 161 3561 141 161 3562 134 160 3563 198 164 3564 138 164 3565 139 163 3566 135 166 3567 136 166 3568 137 165 3569 199 165 3570 137 165 3571 138 164 3572 197 163 3573 139 163 3574 140 162 3575 193 159 3576 142 159 3577 143 158 3578 185 152 3579 151 150 3580 184 150 3581 213 178 3582 214 179 3583 215 179 3584 216 181 3585 215 179 3586 214 179 3587 226 184 3588 225 183 3589 224 183 3590 230 185 3591 229 186 3592 228 186 3593 231 185 3594 232 187 3595 233 187 3596 228 186 3597 227 184 3598 226 184 3599 236 188 3600 235 189 3601 234 189 3602 238 190 3603 237 188 3604 236 188 3605 240 192 3606 239 190 3607 238 190 3608 234 189 3609 233 187 3610 232 187 3611 251 199 3612 250 197 3613 249 195 3614 261 204 3615 262 150 3616 271 205 3617 263 209 3618 264 214 3619 270 208 3620 276 216 3621 277 217 3622 278 217 3623 279 219 3624 278 217 3625 277 217 3626 291 222 3627 290 223 3628 289 223 3629 292 222 3630 293 153 3631 294 153 3632 289 223 3633 288 221 3634 287 221 3635 297 224 3636 296 225 3637 295 225 3638 299 227 3639 298 224 3640 297 224 3641 295 225 3642 294 153 3643 293 153 3644 308 229 3645 309 230 3646 310 230 3647 333 247 3648 334 248 3649 335 248 3650 346 252 3651 345 253 3652 344 253 3653 347 252 3654 348 162 3655 349 162 3656 344 253 3657 343 251 3658 342 251 3659 352 254 3660 351 255 3661 350 255 3662 354 257 3663 353 254 3664 352 254 3665 350 255 3666 349 162 3667 348 162 3668 365 264 3669 364 262 3670 363 260 3671 390 282 3672 391 283 3673 392 284 3674 402 290 3675 401 289 3676 400 289 3677 406 291 3678 405 292 3679 404 292 3680 407 291 3681 408 293 3682 409 293 3683 404 292 3684 403 290 3685 402 290 3686 412 294 3687 411 295 3688 410 295 3689 414 296 3690 413 294 3691 412 294 3692 416 298 3693 415 296 3694 414 296 3695 410 295 3696 409 293 3697 408 293 3698 425 300 3699 426 301 3700 427 301 3701 428 303 3702 427 301 3703 426 301 3704 521 315 3705 629 317 3706 630 759 3707 533 316 3708 628 319 3709 629 317 3710 536 321 3711 625 358 3712 626 322 3713 534 318 3714 627 323 3715 628 319 3716 523 325 3717 620 760 3718 621 326 3719 523 325 3720 619 328 3721 620 760 3722 522 324 3723 623 359 3724 624 329 3725 537 327 3726 618 331 3727 619 328 3728 539 332 3729 616 341 3730 617 333 3731 541 335 3732 614 150 3733 615 336 3734 542 337 3735 612 339 3736 613 340 3737 541 335 3738 613 340 3739 614 150 3740 540 334 3741 615 336 3742 616 341 3743 545 343 3744 609 361 3745 610 344 3746 524 345 3747 607 360 3748 608 346 3749 525 347 3750 603 349 3751 604 761 3752 548 351 3753 600 357 3754 601 352 3755 546 348 3756 602 353 3757 603 349 3758 525 347 3759 604 761 3760 605 354 3761 543 338 3762 611 355 3763 612 339 3764 549 356 3765 599 362 3766 600 357 3767 599 362 3768 549 356 3769 550 363 3770 550 363 3771 597 365 3772 598 158 3773 551 364 3774 596 367 3775 597 365 3776 554 369 3777 593 408 3778 594 370 3779 552 366 3780 595 371 3781 596 367 3782 527 373 3783 588 762 3784 589 374 3785 555 375 3786 586 377 3787 587 378 3788 527 373 3789 587 378 3790 588 762 3791 526 372 3792 591 409 3793 592 379 3794 557 380 3795 584 383 3796 585 381 3797 558 382 3798 583 391 3799 584 383 3800 559 384 3801 581 386 3802 582 273 3803 561 387 3804 579 389 3805 580 390 3806 560 385 3807 580 390 3808 581 386 3809 559 384 3810 582 273 3811 583 391 3812 528 393 3813 575 410 3814 576 394 3815 564 397 3816 530 399 3817 571 404 3818 567 401 3819 568 407 3820 569 402 3821 566 400 3822 569 402 3823 570 403 3824 529 395 3825 571 404 3826 572 412 3827 563 392 3828 577 411 3829 578 405 3830 531 406 3831 532 763 3832 568 407 3833 638 314 3834 631 314 3835 637 314 3836 639 314 3837 632 314 3838 638 314 3839 640 314 3840 633 314 3841 639 314 3842 641 314 3843 634 314 3844 640 314 3845 644 314 3846 636 314 3847 643 314 3848 645 314 3849 637 314 3850 644 314 3851 647 314 3852 640 314 3853 646 314 3854 648 314 3855 641 314 3856 647 314 3857 650 314 3858 643 314 3859 649 314 3860 651 314 3861 644 314 3862 650 314 3863 653 314 3864 646 314 3865 652 314 3866 654 314 3867 647 314 3868 653 314 3869 656 314 3870 649 314 3871 655 314 3872 657 314 3873 650 314 3874 656 314 3875 659 314 3876 652 314 3877 658 314 3878 660 314 3879 653 314 3880 659 314 3881 662 314 3882 655 314 3883 661 314 3884 663 314 3885 656 314 3886 662 314 3887 666 314 3888 658 314 3889 665 314 3890 667 314 3891 659 314 3892 666 314 3893 669 314 3894 662 314 3895 668 314 3896 670 314 3897 663 314 3898 669 314 3899 671 314 3900 664 314 3901 670 314 3902 672 314 3903 665 314 3904 671 314 3905 725 444 3906 720 446 3907 724 450 3908 726 447 3909 721 445 3910 725 444 3911 729 449 3912 724 450 3913 728 453 3914 730 451 3915 725 444 3916 729 449 3917 733 452 3918 728 453 3919 732 539 3920 734 454 3921 729 449 3922 733 452 3923 733 452 3924 732 539 3925 736 456 3926 734 454 3927 733 452 3928 737 455 3929 741 458 3930 736 456 3931 740 461 3932 738 457 3933 737 455 3934 741 458 3935 745 460 3936 740 461 3937 744 547 3938 742 459 3939 741 458 3940 745 460 3941 745 460 3942 744 547 3943 748 464 3944 746 462 3945 745 460 3946 749 463 3947 753 466 3948 748 464 3949 752 551 3950 754 467 3951 749 463 3952 753 466 3953 753 466 3954 752 551 3955 756 469 3956 754 467 3957 753 466 3958 757 468 3959 761 471 3960 756 469 3961 760 474 3962 762 472 3963 757 468 3964 761 471 3965 765 473 3966 760 474 3967 764 477 3968 766 475 3969 761 471 3970 765 473 3971 769 476 3972 764 477 3973 768 480 3974 766 475 3975 765 473 3976 769 476 3977 773 479 3978 768 480 3979 772 564 3980 770 478 3981 769 476 3982 773 479 3983 773 479 3984 772 564 3985 776 483 3986 774 481 3987 773 479 3988 777 482 3989 777 482 3990 776 483 3991 780 486 3992 778 484 3993 777 482 3994 781 485 3995 785 488 3996 780 486 3997 784 581 3998 786 489 3999 781 485 4000 785 488 4001 785 488 4002 784 581 4003 788 491 4004 786 489 4005 785 488 4006 789 490 4007 793 493 4008 788 491 4009 792 496 4010 794 494 4011 789 490 4012 793 493 4013 797 495 4014 792 496 4015 796 592 4016 798 497 4017 793 493 4018 797 495 4019 797 495 4020 796 592 4021 800 499 4022 802 500 4023 797 495 4024 801 498 4025 801 498 4026 800 499 4027 804 502 4028 802 500 4029 801 498 4030 805 501 4031 809 504 4032 804 502 4033 808 598 4034 806 503 4035 805 501 4036 809 504 4037 809 504 4038 808 598 4039 812 507 4040 810 505 4041 809 504 4042 813 506 4043 817 509 4044 812 507 4045 816 605 4046 818 510 4047 813 506 4048 817 509 4049 817 509 4050 816 605 4051 820 512 4052 818 510 4053 817 509 4054 821 511 4055 825 514 4056 820 512 4057 824 517 4058 826 515 4059 821 511 4060 825 514 4061 829 516 4062 824 517 4063 828 520 4064 830 518 4065 825 514 4066 829 516 4067 833 519 4068 828 520 4069 832 523 4070 830 518 4071 829 516 4072 833 519 4073 837 522 4074 832 523 4075 836 617 4076 838 524 4077 833 519 4078 837 522 4079 837 522 4080 836 617 4081 840 526 4082 842 527 4083 837 522 4084 841 525 4085 841 525 4086 840 526 4087 844 529 4088 842 527 4089 841 525 4090 845 528 4091 845 528 4092 844 529 4093 849 532 4094 846 530 4095 845 528 4096 850 531 4097 727 570 4098 723 764 4099 722 448 4100 735 571 4101 731 573 4102 730 451 4103 738 457 4104 735 571 4105 734 454 4106 731 573 4107 727 570 4108 726 447 4109 750 465 4110 747 575 4111 746 462 4112 755 576 4113 751 574 4114 750 465 4115 746 462 4116 743 577 4117 742 459 4118 743 577 4119 739 572 4120 738 457 4121 758 470 4122 755 576 4123 754 467 4124 767 579 4125 763 580 4126 762 472 4127 758 470 4128 762 472 4129 763 580 4130 770 478 4131 767 579 4132 766 475 4133 770 478 4134 774 481 4135 775 583 4136 782 487 4137 779 585 4138 778 484 4139 782 487 4140 786 489 4141 787 586 4142 778 484 4143 775 583 4144 774 481 4145 788 491 4146 885 588 4147 886 589 4148 804 502 4149 894 602 4150 895 599 4151 820 512 4152 901 607 4153 902 609 4154 795 624 4155 791 632 4156 790 492 4157 803 625 4158 799 627 4159 798 497 4160 807 626 4161 803 625 4162 802 500 4163 799 627 4164 795 624 4165 794 494 4166 819 628 4167 815 630 4168 814 508 4169 822 513 4170 819 628 4171 818 510 4172 814 508 4173 811 631 4174 810 505 4175 810 505 4176 807 626 4177 806 503 4178 790 492 4179 787 586 4180 786 489 4181 822 513 4182 826 515 4183 827 633 4184 831 634 4185 827 633 4186 826 515 4187 834 521 4188 831 634 4189 830 518 4190 834 521 4191 838 524 4192 839 636 4193 839 636 4194 842 527 4195 843 638 4196 846 530 4197 843 638 4198 842 527 4199 851 533 4200 847 637 4201 846 530 4202 923 640 4203 916 640 4204 917 640 4205 924 640 4206 917 640 4207 918 640 4208 925 640 4209 918 640 4210 919 640 4211 926 640 4212 919 640 4213 920 640 4214 927 640 4215 920 640 4216 921 640 4217 929 640 4218 922 640 4219 923 640 4220 930 640 4221 923 640 4222 924 640 4223 931 640 4224 924 640 4225 925 640 4226 932 640 4227 925 640 4228 926 640 4229 933 640 4230 926 640 4231 927 640 4232 935 640 4233 928 640 4234 929 640 4235 936 640 4236 929 640 4237 930 640 4238 937 640 4239 930 640 4240 931 640 4241 938 640 4242 931 640 4243 932 640 4244 939 640 4245 932 640 4246 933 640 4247 941 640 4248 934 640 4249 935 640 4250 942 640 4251 935 640 4252 936 640 4253 943 640 4254 936 640 4255 937 640 4256 944 640 4257 937 640 4258 938 640 4259 945 640 4260 938 640 4261 939 640 4262 947 640 4263 940 640 4264 941 640 4265 948 640 4266 941 640 4267 942 640 4268 949 640 4269 942 640 4270 943 640 4271 950 640 4272 943 640 4273 944 640 4274 951 640 4275 944 640 4276 945 640 4277 1035 765 4278 1034 765 4279 1037 765 4280 1043 158 4281 1038 158 4282 1042 158 4283 1042 158 4284 1041 158 4285 1043 158 4286 1049 766 4287 1044 766 4288 1048 766 4289 1048 646 4290 1046 646 4291 1049 646 4292 1051 649 4293 1053 649 4294 1055 649 4295 1052 767 4296 1055 767 4297 1053 767 4298 1061 142 4299 1063 142 4300 1057 142 4301</p>
        </polylist>
      </mesh>
    </geometry>
  </library_geometries>
  <library_controllers/>
  <library_visual_scenes>
    <visual_scene id="Scene" name="Scene">
      <node id="a370b624-14ea-4992-894f-5387d21c470e" name="a370b624-14ea-4992-894f-5387d21c470e" type="NODE">
        <matrix sid="transform">0.001 0 0 0 0 0.001 0 0 0 0 0.001 0 0 0 0 1</matrix>
        <instance_geometry url="#mesh-a370b624-14ea-4992-894f-5387d21c470e-mesh" name="a370b624-14ea-4992-894f-5387d21c470e">
          <bind_material>
            <technique_common>
              <instance_material symbol="ad_base-material" target="#ad_base-material"/>
            </technique_common>
          </bind_material>
        </instance_geometry>
      </node>
    </visual_scene>
  </library_visual_scenes>
  <scene>
    <instance_visual_scene url="#Scene"/>
  </scene>
</COLLADA>
